1900,0
32944,0,1909,0
32946,0,1913,0
32948,0,1919,0
32950,0,1929,0
32952,0,1935,0
32954,66521,1933,1
32956,0,1939,0
32958,0,1944,0
32960,0,1948,0
32962,0,1955,0
32964,0,1959,0
32966,0,1963,0
32968,0,1971,0
32970,0,1976,0
32972,0,1979,0
32974,0,1989,0
32976,0,1992,0
32978,0,1996,0
32980,0,2003,0
32982,0,2007,0
32984,0,2011,0
32986,0,2012,0
32988,0,2019,0
32990,0,2025,0
32992,0,2028,0
32994,66542,2025,1
32996,0,2031,0
32998,0,2032,0
33000,0,2037,0
33002,0,2041,0
33004,0,2045,0
33006,0,2055,0
33008,0,2058,0
33010,0,2063,0
33012,0,2069,0
33014,0,2073,0
33016,0,2075,0
33018,0,2079,0
33020,0,2085,0
33022,0,2087,0
33024,0,2091,0
33026,0,2095,0
33028,0,2101,0
33030,0,2108,0
33032,0,2105,0
33034,66543,2101,1
33036,0,2101,0
33038,0,2105,0
33040,0,2109,0
33042,0,2117,0
33044,0,2118,0
33046,0,2122,0
33048,0,2111,0
33050,0,2133,0
33052,0,2133,0
33054,0,2135,0
33056,0,2139,0
33058,0,2141,0
33060,0,2149,0
33062,0,2149,0
33064,0,2152,0
33066,0,2155,0
33068,0,2157,0
33070,0,2167,0
33072,0,2163,0
33074,66550,2155,1
33076,0,2156,0
33078,0,2158,0
33080,0,2165,0
33082,0,2165,0
33084,0,2167,0
33086,0,2171,0
33088,0,2173,0
33090,0,2182,0
33092,0,2185,0
33094,0,2187,0
33096,0,2189,0
33098,0,2191,0
33100,0,2195,0
33102,0,2197,0
33104,0,2200,0
33106,0,2202,0
33108,0,2206,0
33110,0,2211,0
33112,0,2215,0
33114,66531,2199,1
33116,0,2200,0
33118,0,2199,0
33120,0,2203,0
33122,0,2207,0
33124,0,2208,0
33126,0,2211,0
33128,0,2215,0
33130,0,2217,0
33132,0,2219,0
33134,0,2223,0
33136,0,2223,0
33138,0,2228,0
33140,0,2231,0
33142,0,2232,0
33144,0,2237,0
33146,0,2237,0
33148,0,2237,0
33150,0,2240,0
33152,0,2247,0
33154,66511,2228,1
33156,0,2227,0
33158,0,2231,0
33160,0,2232,0
33162,0,2233,0
33164,0,2237,0
33166,0,2237,0
33168,0,2245,0
33170,0,2247,0
33172,0,2249,0
33174,0,2251,0
33176,0,2255,0
33178,0,2257,0
33180,0,2259,0
33182,0,2263,0
33184,0,2262,0
33186,0,2265,0
33188,0,2268,0
33190,0,2269,0
33192,0,2273,0
33194,66487,2251,1
33196,0,2252,0
33198,0,2253,0
33200,0,2259,0
33202,0,2259,0
33204,0,2261,0
33206,0,2263,0
33208,0,2265,0
33210,0,2267,0
33212,0,2267,0
33214,0,2269,0
33216,0,2272,0
33218,0,2275,0
33220,0,2277,0
33222,0,2280,0
33224,0,2283,0
33226,0,2283,0
33228,0,2285,0
33230,0,2291,0
33232,66540,2288,1
33234,0,2285,0
33236,0,2287,0
33238,0,2291,0
33240,0,2291,0
33242,0,2295,0
33244,0,2297,0
33246,0,2297,0
33248,0,2297,0
33250,0,2299,0
33252,0,2301,0
33254,0,2303,0
33256,0,2309,0
33258,0,2311,0
33260,0,2312,0
33262,0,2314,0
33264,0,2315,0
33266,0,2317,0
33268,0,2319,0
33270,0,2321,0
33272,66571,2323,1
33274,0,2322,0
33276,0,2323,0
33278,0,2325,0
33280,0,2327,0
33282,0,2327,0
33284,0,2328,0
33286,0,2329,0
33288,0,2331,0
33290,0,2332,0
33292,0,2333,0
33294,0,2334,0
33296,0,2335,0
33298,0,2340,0
33300,0,2341,0
33302,0,2341,0
33304,0,2341,0
33306,0,2343,0
33308,0,2345,0
33310,0,2347,0
33312,66591,2344,1
33314,0,2342,0
33316,0,2345,0
33318,0,2345,0
33320,0,2347,0
33322,0,2347,0
33324,0,2348,0
33326,0,2349,0
33328,0,2351,0
33330,0,2352,0
33332,0,2355,0
33334,0,2357,0
33336,0,2356,0
33338,0,2359,0
33340,0,2359,0
33342,0,2359,0
33344,0,2361,0
33346,0,2361,0
33348,0,2361,0
33350,0,2362,0
33352,66588,2359,1
33354,0,2359,0
33356,0,2359,0
33358,0,2361,0
33360,0,2361,0
33362,0,2365,0
33364,0,2361,0
33366,0,2363,0
33368,0,2366,0
33370,0,2366,0
33372,0,2367,0
33374,0,2374,0
33376,0,2375,0
33378,0,2374,0
33380,0,2375,0
33382,0,2368,0
33384,0,2377,0
33386,0,2379,0
33388,0,2381,0
33390,0,2381,0
33392,66595,2373,1
33394,0,2367,0
33396,0,2373,0
33398,0,2375,0
33400,0,2375,0
33402,0,2375,0
33404,0,2378,0
33406,0,2377,0
33408,0,2379,0
33410,0,2379,0
33412,0,2381,0
33414,0,2383,0
33416,0,2381,0
33418,0,2382,0
33420,0,2382,0
33422,0,2386,0
33424,0,2389,0
33426,0,2387,0
33428,0,2385,0
33430,0,2387,0
33432,66597,2375,1
33434,0,2367,0
33436,0,2378,0
33438,0,2379,0
33440,0,2379,0
33442,0,2380,0
33444,0,2379,0
33446,0,2379,0
33448,0,2381,0
33450,0,2383,0
33452,0,2386,0
33454,0,2387,0
33456,0,2387,0
33458,0,2387,0
33460,0,2389,0
33462,0,2389,0
33464,0,2390,0
33466,0,2389,0
33468,0,2392,0
33470,0,2392,0
33472,66649,2379,1
33474,0,2379,0
33476,0,2378,0
33478,0,2380,0
33480,0,2379,0
33482,0,2380,0
33484,0,2381,0
33486,0,2383,0
33488,0,2387,0
33490,0,2387,0
33492,0,2387,0
33494,0,2389,0
33496,0,2388,0
33498,0,2389,0
33500,0,2389,0
33502,0,2391,0
33504,0,2390,0
33506,0,2393,0
33508,0,2393,0
33510,0,2397,0
33512,66672,2377,1
33514,0,2377,0
33516,0,2377,0
33518,0,2379,0
33520,0,2380,0
33522,0,2379,0
33524,0,2388,0
33526,0,2382,0
33528,0,2387,0
33530,0,2387,0
33532,0,2387,0
33534,0,2387,0
33536,0,2389,0
33538,0,2389,0
33540,0,2391,0
33542,0,2393,0
33544,0,2389,0
33546,0,2391,0
33548,0,2393,0
33550,0,2395,0
33552,66638,2376,1
33554,0,2374,0
33556,0,2374,0
33558,0,2368,0
33560,0,2376,0
33562,0,2377,0
33564,0,2378,0
33566,0,2379,0
33568,0,2379,0
33570,0,2380,0
33572,0,2380,0
33574,0,2380,0
33576,0,2385,0
33578,0,2387,0
33580,0,2387,0
33582,0,2387,0
33584,0,2387,0
33586,0,2389,0
33588,0,2390,0
33590,0,2389,0
33592,66652,2364,1
33594,0,2363,0
33596,0,2365,0
33598,0,2364,0
33600,0,2366,0
33602,0,2373,0
33604,0,2375,0
33606,0,2375,0
33608,0,2378,0
33610,0,2376,0
33612,0,2377,0
33614,0,2379,0
33616,0,2379,0
33618,0,2379,0
33620,0,2379,0
33622,0,2383,0
33624,0,2383,0
33626,0,2380,0
33628,0,2385,0
33630,66701,2387,1
33632,0,2379,0
33634,0,2381,0
33636,0,2383,0
33638,0,2385,0
33640,0,2387,0
33642,0,2387,0
33644,0,2388,0
33646,0,2392,0
33648,0,2389,0
33650,0,2389,0
33652,0,2392,0
33654,0,2402,0
33656,0,2391,0
33658,0,2393,0
33660,0,2393,0
33662,0,2393,0
33664,0,2395,0
33666,0,2395,0
33668,0,2397,0
33670,66714,2396,1
33672,0,2395,0
33674,0,2397,0
33676,0,2395,0
33678,0,2397,0
33680,0,2397,0
33682,0,2397,0
33684,0,2402,0
33686,0,2399,0
33688,0,2403,0
33690,0,2403,0
33692,0,2403,0
33694,0,2405,0
33696,0,2405,0
33698,0,2407,0
33700,0,2406,0
33702,0,2407,0
33704,0,2407,0
33706,0,2407,0
33708,0,2408,0
33710,66726,2406,1
33712,0,2403,0
33714,0,2405,0
33716,0,2407,0
33718,0,2407,0
33720,0,2407,0
33722,0,2409,0
33724,0,2408,0
33726,0,2409,0
33728,0,2409,0
33730,0,2409,0
33732,0,2411,0
33734,0,2413,0
33736,0,2413,0
33738,0,2412,0
33740,0,2413,0
33742,0,2413,0
33744,0,2413,0
33746,0,2415,0
33748,0,2414,0
33750,66731,2411,1
33752,0,2406,0
33754,0,2411,0
33756,0,2408,0
33758,0,2408,0
33760,0,2411,0
33762,0,2413,0
33764,0,2411,0
33766,0,2413,0
33768,0,2412,0
33770,0,2413,0
33772,0,2414,0
33774,0,2419,0
33776,0,2415,0
33778,0,2413,0
33780,0,2419,0
33782,0,2419,0
33784,0,2419,0
33786,0,2419,0
33788,0,2420,0
33790,66754,2410,1
33792,0,2408,0
33794,0,2407,0
33796,0,2409,0
33798,0,2411,0
33800,0,2412,0
33802,0,2411,0
33804,0,2413,0
33806,0,2412,0
33808,0,2411,0
33810,0,2419,0
33812,0,2413,0
33814,0,2415,0
33816,0,2415,0
33818,0,2419,0
33820,0,2416,0
33822,0,2419,0
33824,0,2419,0
33826,0,2419,0
33828,0,2420,0
33830,66762,2409,1
33832,0,2409,0
33834,0,2407,0
33836,0,2409,0
33838,0,2409,0
33840,0,2409,0
33842,0,2411,0
33844,0,2410,0
33846,0,2411,0
33848,0,2410,0
33850,0,2411,0
33852,0,2412,0
33854,0,2413,0
33856,0,2415,0
33858,0,2414,0
33860,0,2415,0
33862,0,2415,0
33864,0,2419,0
33866,0,2415,0
33868,0,2416,0
33870,66788,2405,1
33872,0,2403,0
33874,0,2403,0
33876,0,2405,0
33878,0,2407,0
33880,0,2405,0
33882,0,2407,0
33884,0,2403,0
33886,0,2402,0
33888,0,2407,0
33890,0,2407,0
33892,0,2410,0
33894,0,2411,0
33896,0,2411,0
33898,0,2411,0
33900,0,2411,0
33902,0,2413,0
33904,0,2423,0
33906,0,2413,0
33908,0,2413,0
33910,66737,2397,1
33912,0,2395,0
33914,0,2397,0
33916,0,2397,0
33918,0,2397,0
33920,0,2399,0
33922,0,2400,0
33924,0,2402,0
33926,0,2409,0
33928,0,2403,0
33930,0,2405,0
33932,0,2399,0
33934,0,2405,0
33936,0,2403,0
33938,0,2408,0
33940,0,2407,0
33942,0,2407,0
33944,0,2409,0
33946,0,2408,0
33948,0,2409,0
33950,66688,2389,1
33952,0,2389,0
33954,0,2392,0
33956,0,2389,0
33958,0,2392,0
33960,0,2392,0
33962,0,2393,0
33964,0,2396,0
33966,0,2395,0
33968,0,2395,0
33970,0,2397,0
33972,0,2397,0
33974,0,2395,0
33976,0,2397,0
33978,0,2403,0
33980,0,2403,0
33982,0,2403,0
33984,0,2400,0
33986,0,2403,0
33988,66824,2404,1
33990,0,2402,0
33992,0,2403,0
33994,0,2403,0
33996,0,2403,0
33998,0,2405,0
34000,0,2405,0
34002,0,2407,0
34004,0,2408,0
34006,0,2407,0
34008,0,2408,0
34010,0,2413,0
34012,0,2410,0
34014,0,2409,0
34016,0,2408,0
34018,0,2411,0
34020,0,2411,0
34022,0,2412,0
34024,0,2412,0
34026,0,2414,0
34028,67054,2413,1
34030,0,2412,0
34032,0,2419,0
34034,0,2415,0
34036,0,2413,0
34038,0,2415,0
34040,0,2419,0
34042,0,2419,0
34044,0,2415,0
34046,0,2419,0
34048,0,2421,0
34050,0,2420,0
34052,0,2420,0
34054,0,2423,0
34056,0,2421,0
34058,0,2422,0
34060,0,2424,0
34062,0,2423,0
34064,0,2423,0
34066,0,2422,0
34068,67179,2424,1
34070,0,2423,0
34072,0,2420,0
34074,0,2424,0
34076,0,2423,0
34078,0,2424,0
34080,0,2423,0
34082,0,2423,0
34084,0,2423,0
34086,0,2424,0
34088,0,2424,0
34090,0,2427,0
34092,0,2425,0
34094,0,2425,0
34096,0,2427,0
34098,0,2429,0
34100,0,2427,0
34102,0,2427,0
34104,0,2427,0
34106,0,2429,0
34108,67288,2425,1
34110,0,2423,0
34112,0,2425,0
34114,0,2425,0
34116,0,2425,0
34118,0,2425,0
34120,0,2427,0
34122,0,2427,0
34124,0,2427,0
34126,0,2427,0
34128,0,2429,0
34130,0,2427,0
34132,0,2429,0
34134,0,2429,0
34136,0,2429,0
34138,0,2431,0
34140,0,2429,0
34142,0,2430,0
34144,0,2429,0
34146,0,2437,0
34148,67079,2427,1
34150,0,2425,0
34152,0,2425,0
34154,0,2425,0
34156,0,2427,0
34158,0,2425,0
34160,0,2427,0
34162,0,2427,0
34164,0,2427,0
34166,0,2429,0
34168,0,2427,0
34170,0,2427,0
34172,0,2429,0
34174,0,2429,0
34176,0,2431,0
34178,0,2430,0
34180,0,2430,0
34182,0,2430,0
34184,0,2431,0
34186,0,2431,0
34188,66684,2425,1
34190,0,2421,0
34192,0,2423,0
34194,0,2423,0
34196,0,2423,0
34198,0,2423,0
34200,0,2424,0
34202,0,2425,0
34204,0,2425,0
34206,0,2425,0
34208,0,2426,0
34210,0,2425,0
34212,0,2427,0
34214,0,2427,0
34216,0,2425,0
34218,0,2428,0
34220,0,2427,0
34222,0,2428,0
34224,0,2429,0
34226,0,2429,0
34228,66422,2416,1
34230,0,2419,0
34232,0,2415,0
34234,0,2419,0
34236,0,2419,0
34238,0,2419,0
34240,0,2421,0
34242,0,2419,0
34244,0,2423,0
34246,0,2421,0
34248,0,2421,0
34250,0,2421,0
34252,0,2423,0
34254,0,2423,0
34256,0,2423,0
34258,0,2423,0
34260,0,2425,0
34262,0,2425,0
34264,0,2425,0
34266,0,2425,0
34268,66239,2411,1
34270,0,2409,0
34272,0,2409,0
34274,0,2409,0
34276,0,2411,0
34278,0,2411,0
34280,0,2412,0
34282,0,2413,0
34284,0,2413,0
34286,0,2415,0
34288,0,2415,0
34290,0,2415,0
34292,0,2419,0
34294,0,2419,0
34296,0,2419,0
34298,0,2419,0
34300,0,2419,0
34302,0,2421,0
34304,0,2419,0
34306,0,2422,0
34308,66112,2403,1
34310,0,2389,0
34312,0,2405,0
34314,0,2403,0
34316,0,2405,0
34318,0,2406,0
34320,0,2406,0
34323,0,2392,0
34325,0,2408,0
34327,0,2409,0
34329,0,2408,0
34331,0,2410,0
34333,0,2411,0
34335,0,2411,0
34337,0,2412,0
34339,0,2412,0
34341,0,2413,0
34343,0,2413,0
34345,0,2413,0
34347,0,2413,0
34349,66042,2393,1
34351,0,2393,0
34353,0,2395,0
34355,0,2395,0
34357,0,2395,0
34359,0,2393,0
34361,0,2399,0
34363,0,2397,0
34365,0,2397,0
34367,0,2397,0
34369,0,2399,0
34371,0,2403,0
34373,0,2403,0
34375,0,2403,0
34377,0,2405,0
34379,0,2405,0
34381,0,2405,0
34383,0,2405,0
34385,0,2407,0
34387,66069,2407,1
34389,0,2403,0
34391,0,2399,0
34393,0,2405,0
34395,0,2406,0
34397,0,2407,0
34399,0,2408,0
34401,0,2408,0
34403,0,2409,0
34405,0,2409,0
34407,0,2411,0
34409,0,2409,0
34411,0,2411,0
34413,0,2413,0
34415,0,2413,0
34417,0,2412,0
34419,0,2413,0
34421,0,2413,0
34423,0,2415,0
34425,0,2413,0
34427,66101,2419,1
34429,0,2415,0
34431,0,2415,0
34433,0,2413,0
34435,0,2415,0
34437,0,2419,0
34439,0,2419,0
34441,0,2419,0
34443,0,2419,0
34445,0,2423,0
34447,0,2422,0
34449,0,2421,0
34451,0,2422,0
34453,0,2423,0
34455,0,2420,0
34457,0,2421,0
34459,0,2425,0
34461,0,2425,0
34463,0,2426,0
34465,0,2425,0
34467,66119,2425,1
34469,0,2423,0
34471,0,2423,0
34473,0,2423,0
34475,0,2423,0
34477,0,2423,0
34479,0,2425,0
34481,0,2425,0
34483,0,2427,0
34485,0,2425,0
34487,0,2427,0
34489,0,2427,0
34491,0,2431,0
34493,0,2427,0
34495,0,2427,0
34497,0,2428,0
34499,0,2429,0
34501,0,2429,0
34503,0,2431,0
34505,0,2429,0
34507,66150,2427,1
34509,0,2425,0
34511,0,2425,0
34513,0,2425,0
34515,0,2427,0
34517,0,2425,0
34519,0,2427,0
34521,0,2427,0
34523,0,2429,0
34525,0,2427,0
34527,0,2429,0
34529,0,2421,0
34531,0,2421,0
34533,0,2431,0
34535,0,2429,0
34537,0,2431,0
34539,0,2430,0
34541,0,2431,0
34543,0,2431,0
34545,0,2437,0
34547,66157,2425,1
34549,0,2424,0
34551,0,2423,0
34553,0,2424,0
34555,0,2425,0
34557,0,2425,0
34559,0,2425,0
34561,0,2427,0
34563,0,2427,0
34565,0,2428,0
34567,0,2429,0
34569,0,2429,0
34571,0,2429,0
34573,0,2429,0
34575,0,2429,0
34577,0,2431,0
34579,0,2431,0
34581,0,2431,0
34583,0,2431,0
34585,0,2431,0
34587,66172,2422,1
34589,0,2421,0
34591,0,2423,0
34593,0,2423,0
34595,0,2423,0
34597,0,2423,0
34599,0,2425,0
34601,0,2425,0
34603,0,2424,0
34605,0,2425,0
34607,0,2425,0
34609,0,2426,0
34611,0,2425,0
34613,0,2425,0
34615,0,2427,0
34617,0,2428,0
34619,0,2427,0
34621,0,2427,0
34623,0,2427,0
34625,0,2427,0
34627,66195,2415,1
34629,0,2415,0
34631,0,2412,0
34633,0,2415,0
34635,0,2419,0
34637,0,2419,0
34639,0,2419,0
34641,0,2419,0
34643,0,2421,0
34645,0,2421,0
34647,0,2420,0
34649,0,2423,0
34651,0,2423,0
34653,0,2420,0
34655,0,2429,0
34657,0,2423,0
34659,0,2425,0
34661,0,2425,0
34663,0,2424,0
34665,0,2425,0
34667,66231,2411,1
34669,0,2413,0
34671,0,2408,0
34673,0,2410,0
34675,0,2409,0
34677,0,2411,0
34679,0,2409,0
34681,0,2412,0
34683,0,2413,0
34685,0,2413,0
34687,0,2415,0
34689,0,2413,0
34691,0,2413,0
34693,0,2415,0
34695,0,2419,0
34697,0,2415,0
34699,0,2419,0
34701,0,2421,0
34703,0,2421,0
34705,0,2421,0
34707,66189,2403,1
34709,0,2402,0
34711,0,2400,0
34713,0,2403,0
34715,0,2403,0
34717,0,2403,0
34719,0,2407,0
34721,0,2407,0
34723,0,2407,0
34725,0,2407,0
34727,0,2408,0
34729,0,2411,0
34731,0,2409,0
34733,0,2409,0
34735,0,2410,0
34737,0,2409,0
34739,0,2410,0
34741,0,2411,0
34743,0,2411,0
34745,0,2412,0
34747,66143,2397,1
34749,0,2392,0
34751,0,2391,0
34753,0,2393,0
34755,0,2393,0
34757,0,2396,0
34759,0,2395,0
34761,0,2395,0
34763,0,2395,0
34765,0,2397,0
34767,0,2396,0
34769,0,2391,0
34771,0,2403,0
34773,0,2403,0
34775,0,2403,0
34777,0,2401,0
34779,0,2405,0
34781,0,2405,0
34783,0,2405,0
34785,66138,2404,1
34787,0,2403,0
34789,0,2404,0
34791,0,2405,0
34793,0,2405,0
34795,0,2405,0
34797,0,2406,0
34799,0,2407,0
34801,0,2408,0
34803,0,2408,0
34805,0,2408,0
34807,0,2409,0
34809,0,2411,0
34811,0,2410,0
34813,0,2411,0
34815,0,2411,0
34817,0,2412,0
34819,0,2412,0
34821,0,2413,0
34823,0,2413,0
34825,66142,2415,1
34827,0,2413,0
34829,0,2413,0
34831,0,2415,0
34833,0,2415,0
34835,0,2419,0
34837,0,2415,0
34839,0,2415,0
34841,0,2419,0
34843,0,2421,0
34845,0,2420,0
34847,0,2419,0
34849,0,2421,0
34851,0,2421,0
34853,0,2422,0
34855,0,2423,0
34857,0,2423,0
34859,0,2423,0
34861,0,2425,0
34863,0,2423,0
34865,66136,2423,1
34867,0,2423,0
34869,0,2421,0
34871,0,2423,0
34873,0,2421,0
34875,0,2423,0
34877,0,2423,0
34879,0,2423,0
34881,0,2426,0
34883,0,2424,0
34885,0,2424,0
34887,0,2425,0
34889,0,2426,0
34891,0,2426,0
34893,0,2438,0
34895,0,2427,0
34897,0,2427,0
34899,0,2427,0
34901,0,2427,0
34903,0,2429,0
34905,66137,2425,1
34907,0,2424,0
34909,0,2423,0
34911,0,2421,0
34913,0,2425,0
34915,0,2424,0
34917,0,2427,0
34919,0,2425,0
34921,0,2425,0
34923,0,2426,0
34925,0,2427,0
34927,0,2425,0
34929,0,2428,0
34931,0,2428,0
34933,0,2429,0
34935,0,2429,0
34937,0,2431,0
34939,0,2431,0
34941,0,2431,0
34943,0,2429,0
34945,66138,2423,1
34947,0,2421,0
34949,0,2423,0
34951,0,2423,0
34953,0,2423,0
34955,0,2423,0
34957,0,2425,0
34959,0,2425,0
34961,0,2425,0
34963,0,2425,0
34965,0,2425,0
34967,0,2427,0
34969,0,2427,0
34971,0,2427,0
34973,0,2429,0
34975,0,2429,0
34977,0,2429,0
34979,0,2427,0
34981,0,2429,0
34983,0,2429,0
34985,66148,2420,1
34987,0,2421,0
34989,0,2431,0
34991,0,2421,0
34993,0,2421,0
34995,0,2421,0
34997,0,2421,0
34999,0,2421,0
35001,0,2423,0
35003,0,2423,0
35005,0,2423,0
35007,0,2422,0
35009,0,2424,0
35011,0,2425,0
35013,0,2425,0
35015,0,2426,0
35017,0,2427,0
35019,0,2429,0
35021,0,2427,0
35023,0,2427,0
35025,66178,2413,1
35027,0,2413,0
35029,0,2413,0
35031,0,2414,0
35033,0,2415,0
35035,0,2415,0
35037,0,2414,0
35039,0,2415,0
35041,0,2416,0
35043,0,2419,0
35045,0,2419,0
35047,0,2419,0
35049,0,2422,0
35051,0,2422,0
35053,0,2422,0
35055,0,2423,0
35057,0,2423,0
35059,0,2423,0
35061,0,2423,0
35063,0,2423,0
35065,66164,2408,1
35067,0,2406,0
35069,0,2406,0
35071,0,2406,0
35073,0,2408,0
35075,0,2409,0
35077,0,2409,0
35079,0,2409,0
35081,0,2411,0
35083,0,2411,0
35085,0,2409,0
35087,0,2413,0
35089,0,2413,0
35091,0,2413,0
35093,0,2415,0
35095,0,2414,0
35097,0,2419,0
35099,0,2415,0
35101,0,2419,0
35103,0,2419,0
35105,66111,2397,1
35107,0,2397,0
35109,0,2403,0
35111,0,2398,0
35113,0,2397,0
35115,0,2399,0
35117,0,2403,0
35119,0,2403,0
35121,0,2403,0
35123,0,2405,0
35125,0,2405,0
35127,0,2405,0
35129,0,2407,0
35131,0,2408,0
35133,0,2411,0
35135,0,2409,0
35137,0,2408,0
35139,0,2409,0
35141,0,2411,0
35143,0,2409,0
35145,66105,2389,1
35147,0,2390,0
35149,0,2390,0
35151,0,2389,0
35153,0,2391,0
35155,0,2393,0
35157,0,2393,0
35159,0,2393,0
35161,0,2394,0
35163,0,2395,0
35165,0,2393,0
35167,0,2397,0
35169,0,2397,0
35171,0,2397,0
35173,0,2397,0
35175,0,2399,0
35177,0,2403,0
35179,0,2403,0
35181,0,2403,0
35183,66136,2405,1
35185,0,2399,0
35187,0,2399,0
35189,0,2399,0
35191,0,2391,0
35193,0,2403,0
35195,0,2403,0
35197,0,2405,0
35199,0,2403,0
35201,0,2403,0
35203,0,2406,0
35205,0,2410,0
35207,0,2409,0
35209,0,2409,0
35211,0,2405,0
35213,0,2409,0
35215,0,2409,0
35217,0,2411,0
35219,0,2411,0
35221,0,2411,0
35223,66152,2409,1
35225,0,2411,0
35227,0,2411,0
35229,0,2413,0
35231,0,2413,0
35233,0,2413,0
35235,0,2413,0
35237,0,2413,0
35239,0,2413,0
35241,0,2415,0
35243,0,2415,0
35245,0,2415,0
35247,0,2419,0
35249,0,2419,0
35251,0,2419,0
35253,0,2420,0
35255,0,2421,0
35257,0,2420,0
35259,0,2423,0
35261,0,2423,0
35263,66161,2419,1
35265,0,2415,0
35267,0,2419,0
35269,0,2416,0
35271,0,2421,0
35273,0,2416,0
35275,0,2419,0
35277,0,2421,0
35279,0,2422,0
35281,0,2421,0
35283,0,2423,0
35285,0,2423,0
35287,0,2423,0
35289,0,2425,0
35291,0,2423,0
35293,0,2424,0
35295,0,2425,0
35297,0,2427,0
35299,0,2425,0
35301,0,2428,0
35303,66157,2420,1
35305,0,2421,0
35307,0,2423,0
35309,0,2421,0
35311,0,2423,0
35313,0,2421,0
35315,0,2438,0
35317,0,2422,0
35319,0,2423,0
35321,0,2424,0
35323,0,2424,0
35325,0,2425,0
35327,0,2425,0
35329,0,2425,0
35331,0,2427,0
35333,0,2427,0
35335,0,2427,0
35337,0,2425,0
35339,0,2428,0
35341,0,2429,0
35343,66160,2419,1
35345,0,2419,0
35347,0,2419,0
35349,0,2424,0
35351,0,2421,0
35353,0,2421,0
35355,0,2423,0
35357,0,2422,0
35359,0,2421,0
35361,0,2423,0
35363,0,2424,0
35365,0,2423,0
35367,0,2425,0
35369,0,2425,0
35371,0,2425,0
35373,0,2427,0
35375,0,2427,0
35377,0,2429,0
35379,0,2427,0
35381,0,2425,0
35383,66167,2419,1
35385,0,2415,0
35387,0,2413,0
35389,0,2419,0
35391,0,2415,0
35393,0,2415,0
35395,0,2419,0
35397,0,2419,0
35399,0,2421,0
35401,0,2419,0
35403,0,2421,0
35405,0,2423,0
35407,0,2423,0
35409,0,2424,0
35411,0,2422,0
35413,0,2422,0
35415,0,2424,0
35417,0,2425,0
35419,0,2425,0
35421,0,2425,0
35423,66200,2411,1
35425,0,2409,0
35427,0,2409,0
35429,0,2411,0
35431,0,2412,0
35433,0,2413,0
35435,0,2413,0
35437,0,2414,0
35439,0,2413,0
35441,0,2415,0
35443,0,2414,0
35445,0,2415,0
35447,0,2419,0
35449,0,2415,0
35451,0,2419,0
35453,0,2419,0
35455,0,2421,0
35457,0,2415,0
35459,0,2421,0
35461,0,2421,0
35463,66177,2402,1
35465,0,2403,0
35467,0,2405,0
35469,0,2405,0
35471,0,2407,0
35473,0,2407,0
35475,0,2407,0
35477,0,2408,0
35479,0,2407,0
35481,0,2409,0
35483,0,2411,0
35485,0,2409,0
35487,0,2411,0
35489,0,2412,0
35491,0,2412,0
35493,0,2411,0
35495,0,2413,0
35497,0,2413,0
35499,0,2415,0
35501,0,2415,0
35503,66146,2393,1
35505,0,2393,0
35507,0,2393,0
35509,0,2397,0
35511,0,2395,0
35513,0,2397,0
35515,0,2399,0
35517,0,2399,0
35519,0,2403,0
35521,0,2403,0
35523,0,2405,0
35525,0,2403,0
35527,0,2405,0
35529,0,2407,0
35531,0,2406,0
35533,0,2405,0
35535,0,2408,0
35537,0,2407,0
35539,0,2409,0
35541,0,2407,0
35543,66156,2387,1
35545,0,2381,0
35547,0,2385,0
35549,0,2387,0
35551,0,2388,0
35553,0,2391,0
35555,0,2392,0
35557,0,2392,0
35559,0,2391,0
35561,0,2393,0
35563,0,2395,0
35565,0,2395,0
35567,0,2395,0
35569,0,2397,0
35571,0,2395,0
35573,0,2397,0
35575,0,2399,0
35577,0,2397,0
35579,0,2396,0
35581,66176,2403,1
35583,0,2403,0
35585,0,2403,0
35587,0,2407,0
35589,0,2404,0
35591,0,2406,0
35593,0,2406,0
35595,0,2408,0
35597,0,2407,0
35599,0,2407,0
35601,0,2408,0
35603,0,2409,0
35605,0,2410,0
35607,0,2411,0
35609,0,2411,0
35611,0,2412,0
35613,0,2413,0
35615,0,2412,0
35617,0,2413,0
35619,0,2413,0
35621,66156,2413,1
35623,0,2412,0
35625,0,2413,0
35627,0,2413,0
35629,0,2415,0
35631,0,2413,0
35633,0,2414,0
35635,0,2414,0
35637,0,2415,0
35639,0,2415,0
35641,0,2419,0
35643,0,2419,0
35645,0,2419,0
35647,0,2419,0
35649,0,2421,0
35651,0,2421,0
35653,0,2422,0
35655,0,2421,0
35657,0,2423,0
35659,0,2423,0
35661,66130,2419,1
35663,0,2419,0
35665,0,2421,0
35667,0,2419,0
35669,0,2419,0
35671,0,2421,0
35673,0,2422,0
35675,0,2421,0
35677,0,2424,0
35679,0,2423,0
35681,0,2423,0
35683,0,2423,0
35685,0,2423,0
35687,0,2427,0
35689,0,2425,0
35691,0,2425,0
35693,0,2427,0
35695,0,2425,0
35697,0,2425,0
35699,0,2425,0
35701,66131,2423,1
35703,0,2419,0
35705,0,2419,0
35707,0,2423,0
35709,0,2421,0
35711,0,2413,0
35713,0,2423,0
35715,0,2423,0
35717,0,2423,0
35719,0,2423,0
35721,0,2424,0
35723,0,2424,0
35725,0,2425,0
35727,0,2425,0
35729,0,2427,0
35731,0,2427,0
35733,0,2425,0
35735,0,2427,0
35737,0,2427,0
35739,0,2428,0
35741,66134,2419,1
35743,0,2419,0
35745,0,2415,0
35747,0,2419,0
35749,0,2419,0
35751,0,2421,0
35753,0,2420,0
35755,0,2420,0
35757,0,2422,0
35759,0,2423,0
35761,0,2423,0
35763,0,2423,0
35765,0,2423,0
35767,0,2424,0
35769,0,2432,0
35771,0,2425,0
35773,0,2424,0
35775,0,2425,0
35777,0,2425,0
35779,0,2427,0
35781,66215,2415,1
35783,0,2411,0
35785,0,2413,0
35787,0,2415,0
35789,0,2413,0
35791,0,2414,0
35793,0,2415,0
35795,0,2415,0
35797,0,2415,0
35799,0,2420,0
35801,0,2415,0
35803,0,2421,0
35805,0,2420,0
35807,0,2421,0
35809,0,2421,0
35811,0,2423,0
35813,0,2423,0
35815,0,2425,0
35817,0,2423,0
35819,0,2425,0
35821,66464,2411,1
35823,0,2409,0
35825,0,2409,0
35827,0,2409,0
35829,0,2410,0
35831,0,2411,0
35833,0,2413,0
35835,0,2412,0
35837,0,2413,0
35839,0,2411,0
35841,0,2413,0
35843,0,2413,0
35845,0,2414,0
35847,0,2415,0
35849,0,2415,0
35851,0,2418,0
35853,0,2421,0
35855,0,2420,0
35857,0,2419,0
35859,0,2419,0
35861,66764,2402,1
35863,0,2399,0
35865,0,2399,0
35867,0,2403,0
35869,0,2403,0
35871,0,2404,0
35873,0,2405,0
35875,0,2405,0
35877,0,2407,0
35879,0,2408,0
35881,0,2408,0
35883,0,2409,0
35885,0,2411,0
35887,0,2409,0
35889,0,2411,0
35891,0,2411,0
35893,0,2411,0
35895,0,2413,0
35897,0,2411,0
35899,0,2413,0
35901,66963,2392,1
35903,0,2393,0
35905,0,2391,0
35907,0,2393,0
35909,0,2395,0
35911,0,2394,0
35913,0,2395,0
35915,0,2397,0
35917,0,2397,0
35919,0,2397,0
35921,0,2399,0
35923,0,2403,0
35925,0,2403,0
35927,0,2405,0
35929,0,2403,0
35931,0,2404,0
35933,0,2406,0
35935,0,2407,0
35937,0,2407,0
35939,67145,2407,1
35941,0,2405,0
35943,0,2406,0
35945,0,2405,0
35947,0,2407,0
35949,0,2405,0
35951,0,2407,0
35953,0,2407,0
35955,0,2409,0
35957,0,2409,0
35959,0,2411,0
35961,0,2411,0
35963,0,2411,0
35965,0,2413,0
35967,0,2413,0
35969,0,2413,0
35971,0,2414,0
35973,0,2415,0
35975,0,2415,0
35977,0,2415,0
35979,67356,2415,1
35981,0,2415,0
35983,0,2419,0
35985,0,2419,0
35987,0,2419,0
35989,0,2419,0
35991,0,2419,0
35993,0,2419,0
35995,0,2421,0
35997,0,2419,0
35999,0,2419,0
36001,0,2421,0
36003,0,2423,0
36005,0,2423,0
36007,0,2424,0
36009,0,2422,0
36011,0,2425,0
36013,0,2429,0
36015,0,2425,0
36017,0,2425,0
36019,67620,2425,1
36021,0,2423,0
36023,0,2423,0
36025,0,2423,0
36027,0,2425,0
36029,0,2425,0
36031,0,2425,0
36033,0,2425,0
36035,0,2425,0
36037,0,2424,0
36039,0,2425,0
36041,0,2427,0
36043,0,2427,0
36045,0,2429,0
36047,0,2427,0
36049,0,2429,0
36051,0,2429,0
36053,0,2429,0
36055,0,2429,0
36057,0,2430,0
36059,67858,2425,1
36061,0,2425,0
36063,0,2424,0
36065,0,2427,0
36067,0,2427,0
36069,0,2427,0
36071,0,2424,0
36073,0,2431,0
36075,0,2429,0
36077,0,2427,0
36079,0,2428,0
36081,0,2428,0
36083,0,2429,0
36085,0,2430,0
36087,0,2429,0
36089,0,2431,0
36091,0,2431,0
36093,0,2430,0
36095,0,2431,0
36097,0,2437,0
36099,68080,2425,1
36101,0,2424,0
36103,0,2424,0
36105,0,2425,0
36107,0,2426,0
36109,0,2425,0
36111,0,2427,0
36113,0,2424,0
36115,0,2427,0
36117,0,2427,0
36119,0,2428,0
36121,0,2428,0
36123,0,2429,0
36125,0,2439,0
36127,0,2428,0
36129,0,2431,0
36131,0,2429,0
36133,0,2430,0
36135,0,2430,0
36137,0,2431,0
36139,68253,2420,1
36141,0,2421,0
36143,0,2423,0
36145,0,2421,0
36147,0,2423,0
36149,0,2422,0
36151,0,2423,0
36153,0,2424,0
36155,0,2425,0
36157,0,2425,0
36159,0,2427,0
36161,0,2425,0
36163,0,2425,0
36165,0,2427,0
36167,0,2427,0
36169,0,2428,0
36171,0,2429,0
36173,0,2429,0
36175,0,2431,0
36177,0,2427,0
36180,68436,2415,1
36182,0,2414,0
36184,0,2415,0
36186,0,2414,0
36188,0,2419,0
36190,0,2419,0
36192,0,2419,0
36194,0,2421,0
36196,0,2421,0
36198,0,2423,0
36200,0,2421,0
36202,0,2421,0
36204,0,2427,0
36206,0,2424,0
36208,0,2424,0
36210,0,2423,0
36212,0,2425,0
36214,0,2427,0
36216,0,2425,0
36218,0,2427,0
36220,68570,2409,1
36222,0,2409,0
36224,0,2410,0
36226,0,2403,0
36228,0,2409,0
36230,0,2411,0
36232,0,2411,0
36234,0,2413,0
36236,0,2413,0
36238,0,2413,0
36240,0,2415,0
36242,0,2415,0
36244,0,2415,0
36246,0,2415,0
36248,0,2419,0
36250,0,2419,0
36252,0,2419,0
36254,0,2421,0
36256,0,2420,0
36258,0,2420,0
36260,68768,2398,1
36262,0,2403,0
36264,0,2403,0
36266,0,2402,0
36268,0,2403,0
36270,0,2404,0
36272,0,2405,0
36274,0,2405,0
36276,0,2407,0
36278,0,2407,0
36280,0,2407,0
36282,0,2407,0
36284,0,2409,0
36286,0,2410,0
36288,0,2411,0
36290,0,2410,0
36292,0,2411,0
36294,0,2411,0
36296,0,2411,0
36298,0,2412,0
36300,68807,2393,1
36302,0,2391,0
36304,0,2392,0
36306,0,2392,0
36308,0,2393,0
36310,0,2392,0
36312,0,2396,0
36314,0,2395,0
36316,0,2397,0
36318,0,2396,0
36320,0,2398,0
36322,0,2399,0
36324,0,2399,0
36326,0,2403,0
36328,0,2403,0
36330,0,2403,0
36332,0,2405,0
36334,0,2403,0
36336,0,2405,0
36338,68726,2405,1
36340,0,2402,0
36342,0,2405,0
36344,0,2405,0
36346,0,2403,0
36348,0,2403,0
36350,0,2408,0
36352,0,2407,0
36354,0,2406,0
36356,0,2406,0
36358,0,2408,0
36360,0,2410,0
36362,0,2409,0
36364,0,2409,0
36366,0,2410,0
36368,0,2409,0
36370,0,2412,0
36372,0,2413,0
36374,0,2413,0
36376,0,2415,0
36378,68634,2413,1
36380,0,2411,0
36382,0,2415,0
36384,0,2415,0
36386,0,2415,0
36388,0,2415,0
36390,0,2419,0
36392,0,2415,0
36394,0,2419,0
36396,0,2420,0
36398,0,2421,0
36400,0,2421,0
36402,0,2421,0
36404,0,2423,0
36406,0,2421,0
36408,0,2423,0
36410,0,2423,0
36412,0,2424,0
36414,0,2423,0
36416,0,2425,0
36418,68493,2420,1
36420,0,2423,0
36422,0,2421,0
36424,0,2421,0
36426,0,2423,0
36428,0,2422,0
36430,0,2421,0
36432,0,2424,0
36434,0,2423,0
36436,0,2425,0
36438,0,2424,0
36440,0,2425,0
36442,0,2424,0
36444,0,2425,0
36446,0,2425,0
36448,0,2427,0
36450,0,2427,0
36452,0,2427,0
36454,0,2429,0
36456,0,2429,0
36458,68281,2423,1
36460,0,2421,0
36462,0,2425,0
36464,0,2421,0
36466,0,2423,0
36468,0,2425,0
36470,0,2424,0
36472,0,2427,0
36474,0,2423,0
36476,0,2425,0
36478,0,2426,0
36480,0,2439,0
36482,0,2429,0
36484,0,2429,0
36486,0,2426,0
36488,0,2427,0
36490,0,2429,0
36492,0,2431,0
36494,0,2429,0
36496,0,2431,0
36498,68081,2423,1
36500,0,2420,0
36502,0,2423,0
36504,0,2423,0
36506,0,2423,0
36508,0,2423,0
36510,0,2423,0
36512,0,2424,0
36514,0,2424,0
36516,0,2425,0
36518,0,2425,0
36520,0,2425,0
36522,0,2427,0
36524,0,2429,0
36526,0,2427,0
36528,0,2428,0
36530,0,2428,0
36532,0,2429,0
36534,0,2429,0
36536,0,2428,0
36538,67892,2419,1
36540,0,2415,0
36542,0,2419,0
36544,0,2419,0
36546,0,2421,0
36548,0,2419,0
36550,0,2420,0
36552,0,2421,0
36554,0,2424,0
36556,0,2423,0
36558,0,2422,0
36560,0,2425,0
36562,0,2424,0
36564,0,2424,0
36566,0,2423,0
36568,0,2427,0
36570,0,2425,0
36572,0,2426,0
36574,0,2424,0
36576,0,2427,0
36578,67763,2411,1
36580,0,2413,0
36582,0,2412,0
36584,0,2411,0
36586,0,2413,0
36588,0,2413,0
36590,0,2415,0
36592,0,2415,0
36594,0,2415,0
36596,0,2415,0
36598,0,2419,0
36600,0,2419,0
36602,0,2415,0
36604,0,2419,0
36606,0,2419,0
36608,0,2423,0
36610,0,2421,0
36612,0,2423,0
36614,0,2423,0
36616,0,2423,0
36618,67630,2408,1
36620,0,2405,0
36622,0,2405,0
36624,0,2407,0
36626,0,2409,0
36628,0,2407,0
36630,0,2408,0
36632,0,2407,0
36634,0,2411,0
36636,0,2409,0
36638,0,2411,0
36640,0,2411,0
36642,0,2412,0
36644,0,2413,0
36646,0,2415,0
36648,0,2415,0
36650,0,2415,0
36652,0,2415,0
36654,0,2415,0
36656,0,2416,0
36658,67500,2397,1
36660,0,2395,0
36662,0,2397,0
36664,0,2397,0
36666,0,2404,0
36668,0,2401,0
36670,0,2399,0
36672,0,2403,0
36674,0,2403,0
36676,0,2403,0
36678,0,2405,0
36680,0,2403,0
36682,0,2405,0
36684,0,2407,0
36686,0,2407,0
36688,0,2407,0
36690,0,2409,0
36692,0,2413,0
36694,0,2410,0
36696,0,2411,0
36698,67410,2388,1
36700,0,2389,0
36702,0,2389,0
36704,0,2391,0
36706,0,2391,0
36708,0,2391,0
36710,0,2392,0
36712,0,2391,0
36714,0,2393,0
36716,0,2395,0
36718,0,2395,0
36720,0,2394,0
36722,0,2396,0
36724,0,2398,0
36726,0,2398,0
36728,0,2399,0
36730,0,2399,0
36732,0,2403,0
36734,0,2403,0
36736,67302,2404,1
36738,0,2405,0
36740,0,2405,0
36742,0,2405,0
36744,0,2405,0
36746,0,2407,0
36748,0,2407,0
36750,0,2407,0
36752,0,2409,0
36754,0,2409,0
36756,0,2409,0
36758,0,2410,0
36760,0,2409,0
36762,0,2411,0
36764,0,2411,0
36766,0,2413,0
36768,0,2411,0
36770,0,2415,0
36772,0,2415,0
36774,0,2419,0
36776,67220,2415,1
36778,0,2413,0
36780,0,2412,0
36782,0,2415,0
36784,0,2415,0
36786,0,2415,0
36788,0,2419,0
36790,0,2415,0
36792,0,2415,0
36794,0,2421,0
36796,0,2419,0
36798,0,2423,0
36800,0,2421,0
36802,0,2423,0
36804,0,2423,0
36806,0,2423,0
36808,0,2421,0
36810,0,2421,0
36812,0,2423,0
36814,0,2425,0
36816,67210,2423,1
36818,0,2420,0
36820,0,2415,0
36822,0,2421,0
36824,0,2421,0
36826,0,2423,0
36828,0,2421,0
36830,0,2423,0
36832,0,2423,0
36834,0,2423,0
36836,0,2424,0
36838,0,2425,0
36840,0,2426,0
36842,0,2426,0
36844,0,2425,0
36846,0,2429,0
36848,0,2425,0
36850,0,2427,0
36852,0,2428,0
36854,0,2427,0
36856,67209,2421,1
36858,0,2423,0
36860,0,2421,0
36862,0,2423,0
36864,0,2423,0
36866,0,2421,0
36868,0,2425,0
36870,0,2424,0
36872,0,2423,0
36874,0,2425,0
36876,0,2427,0
36878,0,2425,0
36880,0,2425,0
36882,0,2427,0
36884,0,2427,0
36886,0,2429,0
36888,0,2427,0
36890,0,2428,0
36892,0,2429,0
36894,0,2429,0
36896,67202,2421,1
36898,0,2420,0
36900,0,2419,0
36902,0,2421,0
36904,0,2423,0
36906,0,2421,0
36908,0,2423,0
36910,0,2423,0
36912,0,2423,0
36914,0,2424,0
36916,0,2423,0
36918,0,2424,0
36920,0,2425,0
36922,0,2425,0
36924,0,2427,0
36926,0,2425,0
36928,0,2427,0
36930,0,2427,0
36932,0,2427,0
36934,0,2429,0
36936,67201,2415,1
36938,0,2415,0
36940,0,2415,0
36942,0,2419,0
36944,0,2415,0
36946,0,2419,0
36948,0,2416,0
36950,0,2420,0
36952,0,2421,0
36954,0,2421,0
36956,0,2421,0
36958,0,2420,0
36960,0,2421,0
36962,0,2424,0
36964,0,2424,0
36966,0,2424,0
36968,0,2427,0
36970,0,2425,0
36972,0,2425,0
36974,0,2427,0
36976,67219,2410,1
36978,0,2409,0
36980,0,2411,0
36982,0,2411,0
36984,0,2412,0
36986,0,2412,0
36988,0,2413,0
36990,0,2415,0
36992,0,2413,0
36994,0,2415,0
36996,0,2415,0
36998,0,2413,0
37000,0,2419,0
37002,0,2420,0
37004,0,2419,0
37006,0,2419,0
37008,0,2419,0
37010,0,2421,0
37012,0,2421,0
37014,0,2421,0
37016,67207,2399,1
37018,0,2399,0
37020,0,2404,0
37022,0,2405,0
37024,0,2405,0
37026,0,2407,0
37028,0,2409,0
37030,0,2408,0
37032,0,2409,0
37034,0,2409,0
37036,0,2411,0
37038,0,2411,0
37040,0,2411,0
37042,0,2410,0
37044,0,2412,0
37046,0,2413,0
37048,0,2413,0
37050,0,2413,0
37052,0,2415,0
37054,0,2419,0
37056,67167,2395,1
37058,0,2393,0
37060,0,2392,0
37062,0,2396,0
37064,0,2397,0
37066,0,2397,0
37068,0,2405,0
37070,0,2399,0
37072,0,2402,0
37074,0,2403,0
37076,0,2401,0
37078,0,2405,0
37080,0,2405,0
37082,0,2408,0
37084,0,2405,0
37086,0,2407,0
37088,0,2408,0
37090,0,2407,0
37092,0,2407,0
37094,67197,2409,1
37096,0,2407,0
37098,0,2408,0
37100,0,2409,0
37102,0,2409,0
37104,0,2409,0
37106,0,2409,0
37108,0,2411,0
37110,0,2411,0
37112,0,2410,0
37114,0,2413,0
37116,0,2413,0
37118,0,2413,0
37120,0,2413,0
37122,0,2413,0
37124,0,2413,0
37126,0,2415,0
37128,0,2419,0
37130,0,2420,0
37132,0,2416,0
37134,67212,2419,1
37136,0,2419,0
37138,0,2419,0
37140,0,2420,0
37142,0,2421,0
37144,0,2420,0
37146,0,2421,0
37148,0,2421,0
37150,0,2423,0
37152,0,2423,0
37154,0,2423,0
37156,0,2423,0
37158,0,2424,0
37160,0,2425,0
37162,0,2425,0
37164,0,2427,0
37166,0,2425,0
37168,0,2425,0
37170,0,2425,0
37172,0,2427,0
37174,67220,2426,1
37176,0,2424,0
37178,0,2423,0
37180,0,2425,0
37182,0,2427,0
37184,0,2427,0
37186,0,2427,0
37188,0,2428,0
37190,0,2427,0
37192,0,2429,0
37194,0,2429,0
37196,0,2428,0
37198,0,2430,0
37200,0,2431,0
37202,0,2429,0
37204,0,2431,0
37206,0,2431,0
37208,0,2431,0
37210,0,2439,0
37212,0,2431,0
37214,67219,2427,1
37216,0,2427,0
37218,0,2429,0
37220,0,2428,0
37222,0,2429,0
37224,0,2427,0
37226,0,2427,0
37228,0,2429,0
37230,0,2429,0
37232,0,2429,0
37234,0,2431,0
37236,0,2431,0
37238,0,2437,0
37240,0,2431,0
37242,0,2431,0
37244,0,2431,0
37246,0,2439,0
37248,0,2439,0
37250,0,2437,0
37252,0,2437,0
37254,67240,2425,1
37256,0,2425,0
37258,0,2421,0
37260,0,2427,0
37262,0,2427,0
37264,0,2427,0
37266,0,2428,0
37268,0,2427,0
37270,0,2429,0
37272,0,2429,0
37274,0,2430,0
37276,0,2431,0
37278,0,2431,0
37280,0,2435,0
37282,0,2431,0
37284,0,2431,0
37286,0,2431,0
37288,0,2431,0
37290,0,2437,0
37292,0,2441,0
37294,67233,2423,1
37296,0,2423,0
37298,0,2423,0
37300,0,2425,0
37302,0,2425,0
37304,0,2425,0
37306,0,2426,0
37308,0,2425,0
37310,0,2425,0
37312,0,2421,0
37314,0,2427,0
37316,0,2427,0
37318,0,2427,0
37320,0,2428,0
37322,0,2427,0
37324,0,2429,0
37326,0,2429,0
37328,0,2431,0
37330,0,2431,0
37332,0,2431,0
37334,67255,2420,1
37336,0,2419,0
37338,0,2418,0
37340,0,2419,0
37342,0,2415,0
37344,0,2420,0
37346,0,2421,0
37348,0,2421,0
37350,0,2421,0
37352,0,2423,0
37354,0,2425,0
37356,0,2425,0
37358,0,2425,0
37360,0,2425,0
37362,0,2427,0
37364,0,2426,0
37366,0,2426,0
37368,0,2427,0
37370,0,2429,0
37372,0,2428,0
37374,67270,2411,1
37376,0,2411,0
37378,0,2414,0
37380,0,2412,0
37382,0,2412,0
37384,0,2421,0
37386,0,2413,0
37388,0,2415,0
37390,0,2415,0
37392,0,2415,0
37394,0,2415,0
37396,0,2415,0
37398,0,2418,0
37400,0,2421,0
37402,0,2420,0
37404,0,2419,0
37406,0,2421,0
37408,0,2423,0
37410,0,2423,0
37412,0,2423,0
37414,67249,2405,1
37416,0,2403,0
37418,0,2405,0
37420,0,2405,0
37422,0,2403,0
37424,0,2404,0
37426,0,2407,0
37428,0,2407,0
37430,0,2409,0
37432,0,2409,0
37434,0,2409,0
37436,0,2412,0
37438,0,2409,0
37440,0,2410,0
37442,0,2413,0
37444,0,2413,0
37446,0,2413,0
37448,0,2415,0
37450,0,2415,0
37452,0,2415,0
37454,67205,2394,1
37456,0,2393,0
37458,0,2393,0
37460,0,2395,0
37462,0,2395,0
37464,0,2395,0
37466,0,2396,0
37468,0,2399,0
37470,0,2403,0
37472,0,2399,0
37474,0,2403,0
37476,0,2402,0
37478,0,2404,0
37480,0,2404,0
37482,0,2405,0
37484,0,2406,0
37486,0,2407,0
37488,0,2407,0
37490,0,2407,0
37492,67184,2410,1
37494,0,2405,0
37496,0,2406,0
37498,0,2408,0
37500,0,2409,0
37502,0,2408,0
37504,0,2408,0
37506,0,2409,0
37508,0,2411,0
37510,0,2411,0
37512,0,2411,0
37514,0,2413,0
37516,0,2413,0
37518,0,2413,0
37520,0,2411,0
37522,0,2413,0
37524,0,2414,0
37526,0,2415,0
37528,0,2415,0
37530,0,2416,0
37532,67184,2419,1
37534,0,2417,0
37536,0,2417,0
37538,0,2419,0
37540,0,2419,0
37542,0,2421,0
37544,0,2421,0
37546,0,2419,0
37548,0,2423,0
37550,0,2421,0
37552,0,2424,0
37554,0,2421,0
37556,0,2424,0
37558,0,2425,0
37560,0,2423,0
37562,0,2424,0
37564,0,2425,0
37566,0,2425,0
37568,0,2424,0
37570,0,2427,0
37572,67181,2424,1
37574,0,2424,0
37576,0,2423,0
37578,0,2425,0
37580,0,2427,0
37582,0,2424,0
37584,0,2425,0
37586,0,2425,0
37588,0,2427,0
37590,0,2427,0
37592,0,2427,0
37594,0,2429,0
37596,0,2428,0
37598,0,2427,0
37600,0,2430,0
37602,0,2429,0
37604,0,2429,0
37606,0,2431,0
37608,0,2431,0
37610,0,2429,0
37612,67187,2427,1
37614,0,2427,0
37616,0,2427,0
37618,0,2426,0
37620,0,2426,0
37622,0,2427,0
37624,0,2428,0
37626,0,2428,0
37628,0,2428,0
37630,0,2429,0
37632,0,2429,0
37634,0,2427,0
37636,0,2431,0
37638,0,2431,0
37640,0,2437,0
37642,0,2437,0
37644,0,2431,0
37646,0,2431,0
37648,0,2431,0
37650,0,2437,0
37652,67212,2425,1
37654,0,2425,0
37656,0,2425,0
37658,0,2425,0
37660,0,2427,0
37662,0,2427,0
37664,0,2428,0
37666,0,2427,0
37668,0,2427,0
37670,0,2427,0
37672,0,2427,0
37674,0,2428,0
37676,0,2429,0
37678,0,2430,0
37680,0,2431,0
37682,0,2431,0
37684,0,2431,0
37686,0,2431,0
37688,0,2431,0
37690,0,2431,0
37692,67254,2424,1
37694,0,2421,0
37696,0,2423,0
37698,0,2425,0
37700,0,2423,0
37702,0,2424,0
37704,0,2423,0
37706,0,2426,0
37708,0,2423,0
37710,0,2426,0
37712,0,2425,0
37714,0,2427,0
37716,0,2425,0
37718,0,2427,0
37720,0,2428,0
37722,0,2427,0
37724,0,2427,0
37726,0,2429,0
37728,0,2429,0
37730,0,2431,0
37732,67287,2409,1
37734,0,2413,0
37736,0,2414,0
37738,0,2419,0
37740,0,2416,0
37742,0,2419,0
37744,0,2407,0
37746,0,2421,0
37748,0,2421,0
37750,0,2420,0
37752,0,2421,0
37754,0,2423,0
37756,0,2423,0
37758,0,2421,0
37760,0,2425,0
37762,0,2425,0
37764,0,2424,0
37766,0,2424,0
37768,0,2425,0
37770,0,2427,0
37772,67365,2408,1
37774,0,2407,0
37776,0,2409,0
37778,0,2409,0
37780,0,2411,0
37782,0,2411,0
37784,0,2411,0
37786,0,2411,0
37788,0,2413,0
37790,0,2415,0
37792,0,2415,0
37794,0,2415,0
37796,0,2415,0
37798,0,2415,0
37800,0,2420,0
37802,0,2419,0
37804,0,2419,0
37806,0,2420,0
37808,0,2419,0
37810,0,2423,0
37812,67514,2403,1
37814,0,2399,0
37816,0,2401,0
37818,0,2403,0
37820,0,2403,0
37822,0,2403,0
37824,0,2405,0
37826,0,2409,0
37828,0,2406,0
37830,0,2407,0
37832,0,2408,0
37834,0,2408,0
37836,0,2409,0
37838,0,2411,0
37840,0,2411,0
37842,0,2409,0
37844,0,2413,0
37846,0,2412,0
37848,0,2413,0
37850,0,2413,0
37852,67683,2393,1
37854,0,2391,0
37856,0,2391,0
37858,0,2393,0
37860,0,2395,0
37862,0,2393,0
37864,0,2395,0
37866,0,2397,0
37868,0,2395,0
37870,0,2397,0
37872,0,2397,0
37874,0,2398,0
37876,0,2403,0
37878,0,2403,0
37880,0,2403,0
37882,0,2405,0
37884,0,2405,0
37886,0,2407,0
37888,0,2406,0
37890,67718,2407,1
37892,0,2404,0
37894,0,2405,0
37896,0,2403,0
37898,0,2405,0
37900,0,2407,0
37902,0,2409,0
37904,0,2407,0
37906,0,2409,0
37908,0,2408,0
37910,0,2409,0
37912,0,2410,0
37914,0,2410,0
37916,0,2411,0
37918,0,2413,0
37920,0,2412,0
37922,0,2413,0
37924,0,2413,0
37926,0,2413,0
37928,0,2413,0
37930,67530,2415,1
37932,0,2413,0
37934,0,2415,0
37936,0,2416,0
37938,0,2415,0
37940,0,2415,0
37942,0,2423,0
37944,0,2419,0
37946,0,2419,0
37948,0,2419,0
37950,0,2420,0
37952,0,2421,0
37954,0,2421,0
37956,0,2423,0
37958,0,2422,0
37960,0,2423,0
37962,0,2423,0
37964,0,2424,0
37966,0,2424,0
37968,0,2427,0
37970,67182,2421,1
37972,0,2419,0
37974,0,2421,0
37976,0,2422,0
37978,0,2421,0
37980,0,2423,0
37982,0,2424,0
37984,0,2424,0
37986,0,2423,0
37988,0,2425,0
37990,0,2424,0
37992,0,2424,0
37994,0,2425,0
37996,0,2427,0
37998,0,2426,0
38000,0,2425,0
38002,0,2426,0
38004,0,2428,0
38006,0,2429,0
38008,0,2429,0
38010,67229,2421,1
38012,0,2421,0
38014,0,2423,0
38016,0,2423,0
38018,0,2423,0
38020,0,2424,0
38022,0,2423,0
38024,0,2424,0
38026,0,2427,0
38028,0,2424,0
38031,0,2426,0
38033,0,2425,0
38035,0,2428,0
38037,0,2427,0
38039,0,2427,0
38041,0,2429,0
38043,0,2429,0
38045,0,2430,0
38047,0,2429,0
38049,0,2429,0
38051,67271,2425,1
38053,0,2419,0
38055,0,2423,0
38057,0,2423,0
38059,0,2423,0
38061,0,2421,0
38063,0,2424,0
38065,0,2424,0
38067,0,2426,0
38069,0,2425,0
38071,0,2425,0
38073,0,2426,0
38075,0,2427,0
38077,0,2429,0
38079,0,2427,0
38081,0,2427,0
38083,0,2429,0
38085,0,2429,0
38087,0,2428,0
38089,0,2428,0
38091,67268,2419,1
38093,0,2419,0
38095,0,2419,0
38097,0,2419,0
38099,0,2420,0
38101,0,2421,0
38103,0,2421,0
38105,0,2421,0
38107,0,2423,0
38109,0,2421,0
38111,0,2423,0
38113,0,2423,0
38115,0,2423,0
38117,0,2423,0
38119,0,2423,0
38121,0,2424,0
38123,0,2425,0
38125,0,2427,0
38127,0,2427,0
38129,0,2425,0
38131,67333,2411,1
38133,0,2411,0
38135,0,2409,0
38137,0,2413,0
38139,0,2412,0
38141,0,2413,0
38143,0,2415,0
38145,0,2415,0
38147,0,2415,0
38149,0,2423,0
38151,0,2413,0
38153,0,2415,0
38155,0,2421,0
38157,0,2419,0
38159,0,2416,0
38161,0,2419,0
38163,0,2421,0
38165,0,2421,0
38167,0,2423,0
38169,0,2423,0
38171,67399,2407,1
38173,0,2403,0
38175,0,2405,0
38177,0,2407,0
38179,0,2407,0
38181,0,2408,0
38183,0,2403,0
38185,0,2409,0
38187,0,2409,0
38189,0,2411,0
38191,0,2411,0
38193,0,2409,0
38195,0,2412,0
38197,0,2413,0
38199,0,2413,0
38201,0,2415,0
38203,0,2413,0
38205,0,2414,0
38207,0,2415,0
38209,0,2415,0
38211,67427,2395,1
38213,0,2395,0
38215,0,2397,0
38217,0,2397,0
38219,0,2397,0
38221,0,2397,0
38223,0,2398,0
38225,0,2403,0
38227,0,2403,0
38229,0,2404,0
38231,0,2403,0
38233,0,2405,0
38235,0,2405,0
38237,0,2405,0
38239,0,2407,0
38241,0,2409,0
38243,0,2407,0
38245,0,2407,0
38247,0,2408,0
38249,67483,2409,1
38251,0,2407,0
38253,0,2408,0
38255,0,2409,0
38257,0,2409,0
38259,0,2411,0
38261,0,2409,0
38263,0,2412,0
38265,0,2412,0
38267,0,2411,0
38269,0,2413,0
38271,0,2414,0
38273,0,2415,0
38275,0,2415,0
38277,0,2415,0
38279,0,2415,0
38281,0,2415,0
38283,0,2419,0
38285,0,2419,0
38287,0,2421,0
38289,67595,2419,1
38291,0,2419,0
38293,0,2421,0
38295,0,2420,0
38297,0,2423,0
38299,0,2423,0
38301,0,2423,0
38303,0,2423,0
38305,0,2423,0
38307,0,2425,0
38309,0,2424,0
38311,0,2423,0
38313,0,2427,0
38315,0,2424,0
38317,0,2427,0
38319,0,2426,0
38321,0,2427,0
38323,0,2427,0
38325,0,2427,0
38327,0,2440,0
38329,67722,2427,1
38331,0,2425,0
38333,0,2425,0
38335,0,2425,0
38337,0,2427,0
38339,0,2425,0
38341,0,2429,0
38343,0,2427,0
38345,0,2429,0
38347,0,2430,0
38349,0,2431,0
38351,0,2431,0
38353,0,2431,0
38355,0,2437,0
38357,0,2431,0
38359,0,2431,0
38361,0,2437,0
38363,0,2431,0
38365,0,2437,0
38367,0,2438,0
38369,67940,2429,1
38371,0,2427,0
38373,0,2419,0
38375,0,2428,0
38377,0,2429,0
38379,0,2430,0
38381,0,2431,0
38383,0,2430,0
38385,0,2432,0
38387,0,2430,0
38389,0,2437,0
38391,0,2439,0
38393,0,2438,0
38395,0,2437,0
38397,0,2439,0
38399,0,2439,0
38401,0,2440,0
38403,0,2439,0
38405,0,2441,0
38407,0,2439,0
38409,68460,2429,1
38411,0,2429,0
38413,0,2429,0
38415,0,2430,0
38417,0,2429,0
38419,0,2427,0
38421,0,2431,0
38423,0,2431,0
38425,0,2430,0
38427,0,2429,0
38429,0,2431,0
38431,0,2439,0
38433,0,2431,0
38435,0,2431,0
38437,0,2439,0
38439,0,2437,0
38441,0,2439,0
38443,0,2439,0
38445,0,2440,0
38447,0,2440,0
38449,68996,2425,1
38451,0,2424,0
38453,0,2423,0
38455,0,2425,0
38457,0,2429,0
38459,0,2425,0
38461,0,2427,0
38463,0,2427,0
38465,0,2427,0
38467,0,2428,0
38469,0,2427,0
38471,0,2429,0
38473,0,2428,0
38475,0,2431,0
38477,0,2430,0
38479,0,2430,0
38481,0,2431,0
38483,0,2431,0
38485,0,2438,0
38487,0,2431,0
38489,69582,2421,1
38491,0,2419,0
38493,0,2421,0
38495,0,2420,0
38497,0,2422,0
38499,0,2423,0
38501,0,2421,0
38503,0,2424,0
38505,0,2425,0
38507,0,2425,0
38509,0,2424,0
38511,0,2425,0
38513,0,2426,0
38515,0,2426,0
38517,0,2425,0
38519,0,2427,0
38521,0,2425,0
38523,0,2427,0
38525,0,2427,0
38527,0,2429,0
38529,69947,2414,1
38531,0,2409,0
38533,0,2415,0
38535,0,2413,0
38537,0,2414,0
38539,0,2415,0
38541,0,2415,0
38543,0,2414,0
38545,0,2418,0
38547,0,2419,0
38549,0,2417,0
38551,0,2421,0
38553,0,2421,0
38555,0,2419,0
38557,0,2421,0
38559,0,2421,0
38561,0,2421,0
38563,0,2423,0
38565,0,2423,0
38567,0,2423,0
38569,69947,2405,1
38571,0,2403,0
38573,0,2405,0
38575,0,2399,0
38577,0,2403,0
38579,0,2407,0
38581,0,2409,0
38583,0,2409,0
38585,0,2407,0
38587,0,2409,0
38589,0,2409,0
38591,0,2410,0
38593,0,2409,0
38595,0,2411,0
38597,0,2412,0
38599,0,2413,0
38601,0,2415,0
38603,0,2414,0
38605,0,2413,0
38607,0,2419,0
38609,69390,2395,1
38611,0,2394,0
38613,0,2393,0
38615,0,2395,0
38617,0,2395,0
38619,0,2396,0
38621,0,2397,0
38623,0,2399,0
38625,0,2399,0
38627,0,2403,0
38629,0,2403,0
38631,0,2404,0
38633,0,2405,0
38635,0,2405,0
38637,0,2405,0
38639,0,2407,0
38641,0,2407,0
38643,0,2407,0
38645,0,2409,0
38647,68640,2411,1
38649,0,2407,0
38651,0,2407,0
38653,0,2407,0
38655,0,2408,0
38657,0,2407,0
38659,0,2409,0
38661,0,2411,0
38663,0,2411,0
38665,0,2411,0
38667,0,2413,0
38669,0,2413,0
38671,0,2413,0
38673,0,2413,0
38675,0,2413,0
38677,0,2415,0
38679,0,2415,0
38681,0,2409,0
38683,0,2415,0
38685,0,2419,0
38687,67913,2419,1
38689,0,2415,0
38691,0,2421,0
38693,0,2421,0
38695,0,2421,0
38697,0,2419,0
38699,0,2421,0
38701,0,2422,0
38703,0,2421,0
38705,0,2421,0
38707,0,2423,0
38709,0,2423,0
38711,0,2423,0
38713,0,2423,0
38715,0,2424,0
38717,0,2424,0
38719,0,2427,0
38721,0,2425,0
38723,0,2427,0
38725,0,2427,0
38727,67278,2424,1
38729,0,2423,0
38731,0,2423,0
38733,0,2425,0
38735,0,2424,0
38737,0,2425,0
38739,0,2425,0
38741,0,2427,0
38743,0,2424,0
38745,0,2427,0
38747,0,2427,0
38749,0,2428,0
38751,0,2429,0
38753,0,2427,0
38755,0,2428,0
38757,0,2429,0
38759,0,2431,0
38761,0,2428,0
38763,0,2431,0
38765,0,2430,0
38767,66849,2427,1
38769,0,2424,0
38771,0,2425,0
38773,0,2425,0
38775,0,2431,0
38777,0,2427,0
38779,0,2427,0
38781,0,2427,0
38783,0,2427,0
38785,0,2427,0
38787,0,2429,0
38789,0,2427,0
38791,0,2431,0
38793,0,2429,0
38795,0,2429,0
38797,0,2431,0
38799,0,2431,0
38801,0,2432,0
38803,0,2431,0
38805,0,2438,0
38807,66562,2425,1
38809,0,2424,0
38811,0,2425,0
38813,0,2427,0
38815,0,2426,0
38817,0,2427,0
38819,0,2427,0
38821,0,2423,0
38823,0,2428,0
38825,0,2429,0
38827,0,2427,0
38829,0,2428,0
38831,0,2428,0
38833,0,2430,0
38835,0,2431,0
38837,0,2430,0
38839,0,2429,0
38841,0,2432,0
38843,0,2431,0
38845,0,2431,0
38847,66388,2421,1
38849,0,2419,0
38851,0,2421,0
38853,0,2424,0
38855,0,2421,0
38857,0,2423,0
38859,0,2423,0
38861,0,2423,0
38863,0,2424,0
38865,0,2421,0
38867,0,2427,0
38869,0,2427,0
38871,0,2426,0
38873,0,2425,0
38875,0,2429,0
38877,0,2427,0
38879,0,2428,0
38881,0,2427,0
38883,0,2431,0
38885,0,2429,0
38887,66309,2413,1
38889,0,2412,0
38891,0,2414,0
38893,0,2413,0
38895,0,2419,0
38897,0,2419,0
38899,0,2419,0
38901,0,2419,0
38903,0,2421,0
38905,0,2419,0
38907,0,2421,0
38909,0,2421,0
38911,0,2420,0
38913,0,2423,0
38915,0,2421,0
38917,0,2425,0
38919,0,2423,0
38921,0,2424,0
38923,0,2425,0
38925,0,2424,0
38927,66298,2409,1
38929,0,2409,0
38931,0,2407,0
38933,0,2408,0
38935,0,2409,0
38937,0,2413,0
38939,0,2409,0
38941,0,2413,0
38943,0,2413,0
38945,0,2413,0
38947,0,2413,0
38949,0,2414,0
38951,0,2415,0
38953,0,2415,0
38955,0,2416,0
38957,0,2415,0
38959,0,2417,0
38961,0,2420,0
38963,0,2421,0
38965,0,2421,0
38967,66382,2397,1
38969,0,2399,0
38971,0,2400,0
38973,0,2402,0
38975,0,2403,0
38977,0,2403,0
38979,0,2403,0
38981,0,2405,0
38983,0,2404,0
38985,0,2408,0
38987,0,2407,0
38989,0,2409,0
38991,0,2407,0
38993,0,2409,0
38995,0,2408,0
38997,0,2411,0
38999,0,2411,0
39001,0,2411,0
39003,0,2413,0
39005,0,2412,0
39007,66598,2392,1
39009,0,2391,0
39011,0,2391,0
39013,0,2391,0
39015,0,2389,0
39017,0,2394,0
39019,0,2395,0
39021,0,2395,0
39023,0,2395,0
39025,0,2397,0
39027,0,2397,0
39029,0,2396,0
39031,0,2398,0
39033,0,2403,0
39035,0,2397,0
39037,0,2403,0
39039,0,2404,0
39041,0,2407,0
39043,0,2407,0
39045,66811,2405,1
39047,0,2399,0
39049,0,2403,0
39051,0,2405,0
39053,0,2403,0
39055,0,2405,0
39057,0,2407,0
39059,0,2407,0
39061,0,2405,0
39063,0,2407,0
39065,0,2408,0
39067,0,2409,0
39069,0,2411,0
39071,0,2409,0
39073,0,2411,0
39075,0,2412,0
39077,0,2397,0
39079,0,2413,0
39081,0,2413,0
39083,0,2412,0
39085,66908,2412,1
39087,0,2411,0
39089,0,2413,0
39091,0,2414,0
39093,0,2413,0
39095,0,2413,0
39097,0,2413,0
39099,0,2419,0
39101,0,2419,0
39103,0,2415,0
39105,0,2419,0
39107,0,2419,0
39109,0,2419,0
39111,0,2420,0
39113,0,2421,0
39115,0,2419,0
39117,0,2421,0
39119,0,2423,0
39121,0,2423,0
39123,0,2425,0
39125,66868,2421,1
39127,0,2419,0
39129,0,2419,0
39131,0,2421,0
39133,0,2421,0
39135,0,2420,0
39137,0,2419,0
39139,0,2423,0
39141,0,2422,0
39143,0,2425,0
39145,0,2425,0
39147,0,2424,0
39149,0,2427,0
39151,0,2424,0
39153,0,2425,0
39155,0,2427,0
39157,0,2425,0
39159,0,2427,0
39161,0,2427,0
39163,0,2428,0
39165,66745,2421,1
39167,0,2419,0
39169,0,2412,0
39171,0,2421,0
39173,0,2423,0
39175,0,2423,0
39177,0,2424,0
39179,0,2425,0
39181,0,2425,0
39183,0,2425,0
39185,0,2425,0
39187,0,2425,0
39189,0,2427,0
39191,0,2425,0
39193,0,2427,0
39195,0,2429,0
39197,0,2427,0
39199,0,2429,0
39201,0,2429,0
39203,0,2429,0
39205,66636,2421,1
39207,0,2420,0
39209,0,2419,0
39211,0,2421,0
39213,0,2421,0
39215,0,2422,0
39217,0,2427,0
39219,0,2421,0
39221,0,2425,0
39223,0,2420,0
39225,0,2425,0
39227,0,2425,0
39229,0,2426,0
39231,0,2424,0
39233,0,2427,0
39235,0,2427,0
39237,0,2427,0
39239,0,2427,0
39241,0,2429,0
39243,0,2428,0
39245,66563,2415,1
39247,0,2415,0
39249,0,2415,0
39251,0,2415,0
39253,0,2415,0
39255,0,2419,0
39257,0,2419,0
39259,0,2420,0
39261,0,2421,0
39263,0,2420,0
39265,0,2423,0
39267,0,2424,0
39269,0,2423,0
39271,0,2424,0
39273,0,2424,0
39275,0,2423,0
39277,0,2423,0
39279,0,2425,0
39281,0,2425,0
39283,0,2427,0
39285,66524,2409,1
39287,0,2409,0
39289,0,2409,0
39291,0,2411,0
39293,0,2412,0
39295,0,2413,0
39297,0,2412,0
39299,0,2415,0
39301,0,2413,0
39303,0,2415,0
39305,0,2415,0
39307,0,2415,0
39309,0,2419,0
39311,0,2415,0
39313,0,2420,0
39315,0,2420,0
39317,0,2421,0
39319,0,2423,0
39321,0,2421,0
39323,0,2423,0
39325,66462,2405,1
39327,0,2403,0
39329,0,2405,0
39331,0,2405,0
39333,0,2407,0
39335,0,2407,0
39337,0,2407,0
39339,0,2407,0
39341,0,2409,0
39343,0,2409,0
39345,0,2409,0
39347,0,2411,0
39349,0,2411,0
39351,0,2411,0
39353,0,2413,0
39355,0,2411,0
39357,0,2413,0
39359,0,2413,0
39361,0,2414,0
39363,0,2415,0
39365,66425,2395,1
39367,0,2393,0
39369,0,2395,0
39371,0,2397,0
39373,0,2397,0
39375,0,2397,0
39377,0,2399,0
39379,0,2402,0
39381,0,2398,0
39383,0,2399,0
39385,0,2403,0
39387,0,2403,0
39389,0,2407,0
39391,0,2405,0
39393,0,2407,0
39395,0,2407,0
39397,0,2407,0
39399,0,2408,0
39401,0,2407,0
39403,66437,2407,1
39405,0,2407,0
39407,0,2407,0
39409,0,2409,0
39411,0,2409,0
39413,0,2409,0
39415,0,2409,0
39417,0,2415,0
39419,0,2409,0
39421,0,2411,0
39423,0,2411,0
39425,0,2413,0
39427,0,2413,0
39429,0,2411,0
39431,0,2420,0
39433,0,2415,0
39435,0,2415,0
39437,0,2419,0
39439,0,2419,0
39441,0,2419,0
39443,66453,2419,1
39445,0,2415,0
39447,0,2419,0
39449,0,2419,0
39451,0,2411,0
39453,0,2420,0
39455,0,2421,0
39457,0,2423,0
39459,0,2425,0
39461,0,2422,0
39463,0,2424,0
39465,0,2425,0
39467,0,2425,0
39469,0,2424,0
39471,0,2425,0
39473,0,2427,0
39475,0,2426,0
39477,0,2427,0
39479,0,2429,0
39481,0,2427,0
39483,66450,2427,1
39485,0,2424,0
39487,0,2425,0
39489,0,2425,0
39491,0,2429,0
39493,0,2427,0
39495,0,2427,0
39497,0,2429,0
39499,0,2427,0
39501,0,2427,0
39503,0,2427,0
39505,0,2428,0
39507,0,2431,0
39509,0,2431,0
39511,0,2430,0
39513,0,2431,0
39515,0,2431,0
39517,0,2431,0
39519,0,2431,0
39521,0,2431,0
39523,66443,2427,1
39525,0,2427,0
39527,0,2429,0
39529,0,2427,0
39531,0,2429,0
39533,0,2429,0
39535,0,2431,0
39537,0,2429,0
39539,0,2431,0
39541,0,2429,0
39543,0,2430,0
39545,0,2431,0
39547,0,2431,0
39549,0,2431,0
39551,0,2431,0
39553,0,2437,0
39555,0,2439,0
39557,0,2437,0
39559,0,2439,0
39561,0,2440,0
39563,66451,2428,1
39565,0,2427,0
39567,0,2427,0
39569,0,2427,0
39571,0,2427,0
39573,0,2428,0
39575,0,2429,0
39577,0,2428,0
39579,0,2429,0
39581,0,2428,0
39583,0,2429,0
39585,0,2431,0
39587,0,2431,0
39589,0,2431,0
39591,0,2431,0
39593,0,2432,0
39595,0,2437,0
39597,0,2437,0
39599,0,2439,0
39601,0,2439,0
39603,66442,2423,1
39605,0,2423,0
39607,0,2425,0
39609,0,2425,0
39611,0,2425,0
39613,0,2425,0
39615,0,2427,0
39617,0,2426,0
39619,0,2427,0
39621,0,2427,0
39623,0,2427,0
39625,0,2427,0
39627,0,2429,0
39629,0,2428,0
39631,0,2429,0
39633,0,2429,0
39635,0,2429,0
39637,0,2431,0
39639,0,2431,0
39641,0,2431,0
39643,66472,2419,1
39645,0,2419,0
39647,0,2421,0
39649,0,2419,0
39651,0,2421,0
39653,0,2421,0
39655,0,2421,0
39657,0,2421,0
39659,0,2423,0
39661,0,2424,0
39663,0,2423,0
39665,0,2425,0
39667,0,2427,0
39669,0,2425,0
39671,0,2427,0
39673,0,2427,0
39675,0,2427,0
39677,0,2427,0
39679,0,2428,0
39681,0,2429,0
39683,66473,2411,1
39685,0,2411,0
39687,0,2411,0
39689,0,2412,0
39691,0,2412,0
39693,0,2413,0
39695,0,2413,0
39697,0,2413,0
39699,0,2415,0
39701,0,2415,0
39703,0,2418,0
39705,0,2419,0
39707,0,2419,0
39709,0,2421,0
39711,0,2421,0
39713,0,2421,0
39715,0,2421,0
39717,0,2422,0
39719,0,2421,0
39721,0,2423,0
39723,66433,2405,1
39725,0,2403,0
39727,0,2405,0
39729,0,2404,0
39731,0,2405,0
39733,0,2407,0
39735,0,2407,0
39737,0,2411,0
39739,0,2407,0
39741,0,2408,0
39743,0,2409,0
39745,0,2408,0
39747,0,2410,0
39749,0,2411,0
39751,0,2411,0
39753,0,2413,0
39755,0,2413,0
39757,0,2414,0
39759,0,2411,0
39761,0,2415,0
39763,66433,2392,1
39765,0,2393,0
39767,0,2395,0
39769,0,2395,0
39771,0,2399,0
39773,0,2395,0
39775,0,2395,0
39777,0,2397,0
39779,0,2397,0
39781,0,2399,0
39783,0,2399,0
39785,0,2403,0
39787,0,2404,0
39789,0,2403,0
39791,0,2405,0
39793,0,2405,0
39795,0,2407,0
39797,0,2407,0
39799,0,2408,0
39801,66460,2409,1
39803,0,2405,0
39805,0,2406,0
39807,0,2407,0
39809,0,2407,0
39811,0,2407,0
39813,0,2407,0
39815,0,2409,0
39817,0,2409,0
39819,0,2408,0
39821,0,2411,0
39823,0,2411,0
39825,0,2413,0
39827,0,2413,0
39829,0,2412,0
39831,0,2413,0
39833,0,2415,0
39835,0,2413,0
39837,0,2415,0
39839,0,2415,0
39841,66476,2415,1
39843,0,2415,0
39845,0,2413,0
39847,0,2415,0
39849,0,2415,0
39851,0,2415,0
39853,0,2420,0
39855,0,2421,0
39857,0,2420,0
39859,0,2423,0
39861,0,2422,0
39863,0,2421,0
39866,0,2423,0
39868,0,2423,0
39870,0,2422,0
39872,0,2423,0
39874,0,2425,0
39876,0,2425,0
39878,0,2426,0
39880,0,2427,0
39882,66481,2425,1
39884,0,2423,0
39886,0,2423,0
39888,0,2423,0
39890,0,2423,0
39892,0,2424,0
39894,0,2423,0
39896,0,2425,0
39898,0,2424,0
39900,0,2424,0
39902,0,2427,0
39904,0,2425,0
39906,0,2426,0
39908,0,2429,0
39910,0,2427,0
39912,0,2428,0
39914,0,2428,0
39916,0,2431,0
39918,0,2429,0
39920,0,2431,0
39922,66490,2425,1
39924,0,2423,0
39926,0,2423,0
39928,0,2424,0
39930,0,2424,0
39932,0,2425,0
39934,0,2425,0
39936,0,2429,0
39938,0,2427,0
39940,0,2427,0
39942,0,2427,0
39944,0,2429,0
39946,0,2429,0
39948,0,2430,0
39950,0,2427,0
39952,0,2429,0
39954,0,2431,0
39956,0,2431,0
39958,0,2431,0
39960,0,2439,0
39962,66500,2426,1
39964,0,2423,0
39966,0,2423,0
39968,0,2424,0
39970,0,2423,0
39972,0,2425,0
39974,0,2424,0
39976,0,2425,0
39978,0,2427,0
39980,0,2427,0
39982,0,2427,0
39984,0,2427,0
39986,0,2428,0
39988,0,2429,0
39990,0,2429,0
39992,0,2427,0
39994,0,2428,0
39996,0,2431,0
39998,0,2429,0
40000,0,2431,0
40002,66518,2423,1
40004,0,2419,0
40006,0,2419,0
40008,0,2419,0
40010,0,2420,0
40012,0,2421,0
40014,0,2422,0
40016,0,2422,0
40018,0,2421,0
40020,0,2423,0
40022,0,2425,0
40024,0,2424,0
40026,0,2425,0
40028,0,2425,0
40030,0,2427,0
40032,0,2425,0
40034,0,2425,0
40036,0,2426,0
40038,0,2427,0
40040,0,2427,0
40042,66556,2413,1
40044,0,2413,0
40046,0,2413,0
40048,0,2413,0
40050,0,2413,0
40052,0,2413,0
40054,0,2413,0
40056,0,2415,0
40058,0,2411,0
40060,0,2419,0
40062,0,2420,0
40064,0,2419,0
40066,0,2422,0
40068,0,2421,0
40070,0,2422,0
40072,0,2421,0
40074,0,2423,0
40076,0,2424,0
40078,0,2422,0
40080,0,2425,0
40082,66544,2408,1
40084,0,2405,0
40086,0,2405,0
40088,0,2407,0
40090,0,2409,0
40092,0,2409,0
40094,0,2409,0
40096,0,2409,0
40098,0,2411,0
40100,0,2411,0
40102,0,2411,0
40104,0,2412,0
40106,0,2413,0
40108,0,2413,0
40110,0,2415,0
40112,0,2415,0
40114,0,2415,0
40116,0,2415,0
40118,0,2419,0
40120,0,2419,0
40122,66505,2397,1
40124,0,2397,0
40126,0,2398,0
40128,0,2397,0
40130,0,2397,0
40132,0,2399,0
40134,0,2399,0
40136,0,2403,0
40138,0,2401,0
40140,0,2405,0
40142,0,2404,0
40144,0,2406,0
40146,0,2407,0
40148,0,2408,0
40150,0,2409,0
40152,0,2409,0
40154,0,2409,0
40156,0,2410,0
40158,0,2411,0
40160,66520,2412,1
40162,0,2409,0
40164,0,2409,0
40166,0,2409,0
40168,0,2411,0
40170,0,2409,0
40172,0,2411,0
40174,0,2413,0
40176,0,2413,0
40178,0,2415,0
40180,0,2415,0
40182,0,2415,0
40184,0,2415,0
40186,0,2415,0
40188,0,2415,0
40190,0,2415,0
40192,0,2419,0
40194,0,2421,0
40196,0,2419,0
40198,0,2421,0
40200,66542,2422,1
40202,0,2420,0
40204,0,2423,0
40206,0,2420,0
40208,0,2423,0
40210,0,2423,0
40212,0,2423,0
40214,0,2423,0
40216,0,2424,0
40218,0,2425,0
40220,0,2424,0
40222,0,2424,0
40224,0,2427,0
40226,0,2425,0
40228,0,2427,0
40230,0,2428,0
40232,0,2428,0
40234,0,2427,0
40236,0,2429,0
40238,0,2429,0
40240,66550,2429,1
40242,0,2425,0
40244,0,2427,0
40246,0,2427,0
40248,0,2429,0
40250,0,2428,0
40252,0,2429,0
40254,0,2428,0
40256,0,2429,0
40258,0,2429,0
40260,0,2429,0
40262,0,2431,0
40264,0,2431,0
40266,0,2431,0
40268,0,2437,0
40270,0,2437,0
40272,0,2439,0
40274,0,2438,0
40276,0,2431,0
40278,0,2439,0
40280,66558,2431,1
40282,0,2430,0
40284,0,2429,0
40286,0,2439,0
40288,0,2431,0
40290,0,2431,0
40292,0,2437,0
40294,0,2439,0
40296,0,2431,0
40298,0,2431,0
40300,0,2439,0
40302,0,2439,0
40304,0,2437,0
40306,0,2438,0
40308,0,2439,0
40310,0,2439,0
40312,0,2439,0
40314,0,2439,0
40316,0,2441,0
40318,0,2441,0
40320,66562,2429,1
40322,0,2438,0
40324,0,2429,0
40326,0,2431,0
40328,0,2431,0
40330,0,2427,0
40332,0,2431,0
40334,0,2431,0
40336,0,2429,0
40338,0,2431,0
40340,0,2431,0
40342,0,2437,0
40344,0,2431,0
40346,0,2439,0
40348,0,2439,0
40350,0,2439,0
40352,0,2440,0
40354,0,2429,0
40356,0,2439,0
40358,0,2439,0
40360,66584,2424,1
40362,0,2427,0
40364,0,2424,0
40366,0,2426,0
40368,0,2427,0
40370,0,2427,0
40372,0,2427,0
40374,0,2428,0
40376,0,2429,0
40378,0,2429,0
40380,0,2427,0
40382,0,2429,0
40384,0,2429,0
40386,0,2436,0
40388,0,2429,0
40390,0,2439,0
40392,0,2439,0
40394,0,2431,0
40396,0,2437,0
40398,0,2439,0
40400,66603,2421,1
40402,0,2421,0
40404,0,2423,0
40406,0,2421,0
40408,0,2421,0
40410,0,2423,0
40412,0,2423,0
40414,0,2421,0
40416,0,2423,0
40418,0,2425,0
40420,0,2426,0
40422,0,2427,0
40424,0,2426,0
40426,0,2428,0
40428,0,2438,0
40430,0,2427,0
40432,0,2429,0
40434,0,2427,0
40436,0,2427,0
40438,0,2429,0
40440,66627,2413,1
40442,0,2413,0
40444,0,2413,0
40446,0,2415,0
40448,0,2414,0
40450,0,2415,0
40452,0,2415,0
40454,0,2419,0
40456,0,2418,0
40458,0,2418,0
40460,0,2422,0
40462,0,2421,0
40464,0,2420,0
40466,0,2421,0
40468,0,2422,0
40470,0,2423,0
40472,0,2423,0
40474,0,2425,0
40476,0,2424,0
40478,0,2427,0
40480,66612,2405,1
40482,0,2403,0
40484,0,2407,0
40486,0,2406,0
40488,0,2407,0
40490,0,2408,0
40492,0,2407,0
40494,0,2409,0
40496,0,2410,0
40498,0,2411,0
40500,0,2411,0
40502,0,2413,0
40504,0,2412,0
40506,0,2415,0
40508,0,2414,0
40510,0,2413,0
40512,0,2415,0
40514,0,2416,0
40516,0,2419,0
40518,0,2421,0
40520,66592,2397,1
40522,0,2397,0
40524,0,2395,0
40526,0,2399,0
40528,0,2398,0
40530,0,2398,0
40532,0,2405,0
40534,0,2402,0
40536,0,2404,0
40538,0,2403,0
40540,0,2383,0
40542,0,2405,0
40544,0,2407,0
40546,0,2407,0
40548,0,2407,0
40550,0,2407,0
40552,0,2408,0
40554,0,2409,0
40556,0,2409,0
40558,66633,2411,1
40560,0,2407,0
40562,0,2408,0
40564,0,2408,0
40566,0,2411,0
40568,0,2409,0
40570,0,2421,0
40572,0,2411,0
40574,0,2411,0
40576,0,2413,0
40578,0,2413,0
40580,0,2414,0
40582,0,2411,0
40584,0,2413,0
40586,0,2415,0
40588,0,2415,0
40590,0,2419,0
40592,0,2420,0
40594,0,2415,0
40596,0,2415,0
40598,66645,2420,1
40600,0,2419,0
40602,0,2419,0
40604,0,2421,0
40606,0,2420,0
40608,0,2421,0
40610,0,2422,0
40612,0,2421,0
40614,0,2421,0
40616,0,2422,0
40618,0,2423,0
40620,0,2427,0
40622,0,2425,0
40624,0,2425,0
40626,0,2425,0
40628,0,2424,0
40630,0,2425,0
40632,0,2427,0
40634,0,2429,0
40636,0,2428,0
40638,66659,2427,1
40640,0,2424,0
40642,0,2425,0
40644,0,2423,0
40646,0,2427,0
40648,0,2425,0
40650,0,2427,0
40652,0,2427,0
40654,0,2427,0
40656,0,2429,0
40658,0,2429,0
40660,0,2430,0
40662,0,2430,0
40664,0,2431,0
40666,0,2429,0
40668,0,2439,0
40670,0,2429,0
40672,0,2431,0
40674,0,2437,0
40676,0,2438,0
40678,66665,2427,1
40680,0,2426,0
40682,0,2431,0
40684,0,2429,0
40686,0,2429,0
40688,0,2429,0
40690,0,2427,0
40692,0,2429,0
40694,0,2431,0
40696,0,2430,0
40698,0,2431,0
40700,0,2430,0
40702,0,2428,0
40704,0,2432,0
40706,0,2431,0
40708,0,2437,0
40710,0,2431,0
40712,0,2439,0
40714,0,2439,0
40716,0,2432,0
40718,66673,2427,1
40720,0,2425,0
40722,0,2425,0
40724,0,2425,0
40726,0,2428,0
40728,0,2425,0
40730,0,2427,0
40732,0,2427,0
40734,0,2427,0
40736,0,2430,0
40738,0,2429,0
40740,0,2429,0
40742,0,2429,0
40744,0,2431,0
40746,0,2431,0
40748,0,2431,0
40750,0,2431,0
40752,0,2439,0
40754,0,2439,0
40756,0,2439,0
40758,66678,2425,1
40760,0,2422,0
40762,0,2424,0
40764,0,2424,0
40766,0,2423,0
40768,0,2425,0
40770,0,2425,0
40772,0,2424,0
40774,0,2427,0
40776,0,2425,0
40778,0,2427,0
40780,0,2425,0
40782,0,2427,0
40784,0,2427,0
40786,0,2427,0
40788,0,2429,0
40790,0,2429,0
40792,0,2429,0
40794,0,2429,0
40796,0,2431,0
40798,66699,2419,1
40800,0,2415,0
40802,0,2415,0
40804,0,2415,0
40806,0,2421,0
40808,0,2419,0
40810,0,2422,0
40812,0,2422,0
40814,0,2423,0
40816,0,2421,0
40818,0,2423,0
40820,0,2423,0
40822,0,2424,0
40824,0,2423,0
40826,0,2425,0
40828,0,2425,0
40830,0,2427,0
40832,0,2426,0
40834,0,2441,0
40836,0,2427,0
40838,66724,2412,1
40840,0,2409,0
40842,0,2409,0
40844,0,2410,0
40846,0,2411,0
40848,0,2411,0
40850,0,2414,0
40852,0,2413,0
40854,0,2415,0
40856,0,2415,0
40858,0,2415,0
40860,0,2419,0
40862,0,2419,0
40864,0,2419,0
40866,0,2410,0
40868,0,2423,0
40870,0,2419,0
40872,0,2421,0
40874,0,2421,0
40876,0,2421,0
40878,66693,2399,1
40880,0,2403,0
40882,0,2403,0
40884,0,2404,0
40886,0,2408,0
40888,0,2405,0
40890,0,2406,0
40892,0,2407,0
40894,0,2407,0
40896,0,2409,0
40898,0,2410,0
40900,0,2408,0
40902,0,2409,0
40904,0,2409,0
40906,0,2411,0
40908,0,2411,0
40910,0,2412,0
40912,0,2412,0
40914,0,2413,0
40916,0,2415,0
40918,66722,2391,1
40920,0,2393,0
40922,0,2393,0
40924,0,2393,0
40926,0,2393,0
40928,0,2395,0
40930,0,2396,0
40932,0,2396,0
40934,0,2397,0
40936,0,2397,0
40938,0,2403,0
40940,0,2403,0
40942,0,2403,0
40944,0,2403,0
40946,0,2405,0
40948,0,2404,0
40950,0,2406,0
40952,0,2405,0
40954,0,2406,0
40956,66790,2408,1
40958,0,2403,0
40960,0,2404,0
40962,0,2405,0
40964,0,2407,0
40966,0,2405,0
40968,0,2407,0
40970,0,2407,0
40972,0,2409,0
40974,0,2409,0
40976,0,2409,0
40978,0,2409,0
40980,0,2411,0
40982,0,2412,0
40984,0,2411,0
40986,0,2415,0
40988,0,2414,0
40990,0,2413,0
40992,0,2413,0
40994,0,2415,0
40996,66829,2415,1
40998,0,2413,0
41000,0,2415,0
41002,0,2415,0
41004,0,2415,0
41006,0,2415,0
41008,0,2419,0
41010,0,2419,0
41012,0,2415,0
41014,0,2421,0
41016,0,2421,0
41018,0,2421,0
41020,0,2422,0
41022,0,2423,0
41024,0,2421,0
41026,0,2425,0
41028,0,2425,0
41030,0,2425,0
41032,0,2425,0
41034,0,2425,0
41036,66892,2421,1
41038,0,2420,0
41040,0,2423,0
41042,0,2423,0
41044,0,2423,0
41046,0,2424,0
41048,0,2425,0
41050,0,2425,0
41052,0,2425,0
41054,0,2425,0
41056,0,2425,0
41058,0,2427,0
41060,0,2425,0
41062,0,2428,0
41064,0,2427,0
41066,0,2427,0
41068,0,2429,0
41070,0,2429,0
41072,0,2431,0
41074,0,2430,0
41076,66964,2425,1
41078,0,2423,0
41080,0,2425,0
41082,0,2424,0
41084,0,2425,0
41086,0,2424,0
41088,0,2425,0
41090,0,2427,0
41092,0,2427,0
41094,0,2427,0
41096,0,2428,0
41098,0,2427,0
41100,0,2428,0
41102,0,2428,0
41104,0,2429,0
41106,0,2429,0
41108,0,2429,0
41110,0,2431,0
41112,0,2430,0
41114,0,2437,0
41116,67021,2424,1
41118,0,2423,0
41120,0,2424,0
41122,0,2425,0
41124,0,2425,0
41126,0,2425,0
41128,0,2425,0
41130,0,2427,0
41132,0,2428,0
41134,0,2427,0
41136,0,2427,0
41138,0,2430,0
41140,0,2430,0
41142,0,2428,0
41144,0,2429,0
41146,0,2429,0
41148,0,2429,0
41150,0,2439,0
41152,0,2431,0
41154,0,2430,0
41156,67098,2421,1
41158,0,2419,0
41160,0,2421,0
41162,0,2421,0
41164,0,2422,0
41166,0,2423,0
41168,0,2423,0
41170,0,2423,0
41172,0,2423,0
41174,0,2423,0
41176,0,2413,0
41178,0,2425,0
41180,0,2425,0
41182,0,2425,0
41184,0,2427,0
41186,0,2427,0
41188,0,2427,0
41190,0,2427,0
41192,0,2428,0
41194,0,2429,0
41196,67217,2413,1
41198,0,2413,0
41200,0,2415,0
41202,0,2413,0
41204,0,2417,0
41206,0,2419,0
41208,0,2415,0
41210,0,2416,0
41212,0,2419,0
41214,0,2421,0
41216,0,2419,0
41218,0,2423,0
41220,0,2421,0
41222,0,2427,0
41224,0,2423,0
41226,0,2423,0
41228,0,2425,0
41230,0,2428,0
41232,0,2424,0
41234,0,2425,0
41236,67285,2408,1
41238,0,2405,0
41240,0,2408,0
41242,0,2413,0
41244,0,2408,0
41246,0,2411,0
41248,0,2411,0
41250,0,2411,0
41252,0,2413,0
41254,0,2414,0
41256,0,2413,0
41258,0,2413,0
41260,0,2412,0
41262,0,2414,0
41264,0,2415,0
41266,0,2415,0
41268,0,2419,0
41270,0,2419,0
41272,0,2419,0
41274,0,2419,0
41276,67317,2397,1
41278,0,2399,0
41280,0,2399,0
41282,0,2397,0
41284,0,2403,0
41286,0,2405,0
41288,0,2395,0
41290,0,2403,0
41292,0,2407,0
41294,0,2411,0
41296,0,2405,0
41298,0,2407,0
41300,0,2407,0
41302,0,2409,0
41304,0,2408,0
41306,0,2406,0
41308,0,2410,0
41310,0,2410,0
41312,0,2411,0
41314,0,2412,0
41316,67339,2390,1
41318,0,2389,0
41320,0,2390,0
41322,0,2391,0
41324,0,2392,0
41326,0,2393,0
41328,0,2393,0
41330,0,2395,0
41332,0,2394,0
41334,0,2397,0
41336,0,2397,0
41338,0,2397,0
41340,0,2398,0
41342,0,2403,0
41344,0,2403,0
41346,0,2403,0
41348,0,2403,0
41350,0,2403,0
41352,0,2407,0
41354,67404,2405,1
41356,0,2407,0
41358,0,2407,0
41360,0,2408,0
41362,0,2411,0
41364,0,2409,0
41366,0,2409,0
41368,0,2409,0
41370,0,2411,0
41372,0,2411,0
41374,0,2411,0
41376,0,2413,0
41378,0,2411,0
41380,0,2414,0
41382,0,2404,0
41384,0,2413,0
41386,0,2419,0
41388,0,2415,0
41390,0,2415,0
41392,0,2416,0
41394,67442,2421,1
41396,0,2415,0
41398,0,2415,0
41400,0,2419,0
41402,0,2419,0
41404,0,2419,0
41406,0,2419,0
41408,0,2420,0
41410,0,2422,0
41412,0,2421,0
41414,0,2421,0
41416,0,2421,0
41418,0,2421,0
41420,0,2424,0
41422,0,2423,0
41424,0,2424,0
41426,0,2424,0
41428,0,2425,0
41430,0,2425,0
41432,0,2425,0
41434,67488,2425,1
41436,0,2424,0
41438,0,2421,0
41440,0,2423,0
41442,0,2424,0
41444,0,2423,0
41446,0,2425,0
41448,0,2425,0
41450,0,2425,0
41452,0,2426,0
41454,0,2425,0
41456,0,2427,0
41458,0,2426,0
41460,0,2427,0
41462,0,2427,0
41464,0,2427,0
41466,0,2430,0
41468,0,2428,0
41470,0,2431,0
41472,0,2431,0
41474,67521,2425,1
41476,0,2423,0
41478,0,2425,0
41480,0,2428,0
41482,0,2425,0
41484,0,2425,0
41486,0,2425,0
41488,0,2427,0
41490,0,2427,0
41492,0,2427,0
41494,0,2427,0
41496,0,2428,0
41498,0,2428,0
41500,0,2427,0
41502,0,2429,0
41504,0,2431,0
41506,0,2429,0
41508,0,2431,0
41510,0,2431,0
41512,0,2430,0
41514,67534,2422,1
41516,0,2423,0
41518,0,2421,0
41520,0,2421,0
41522,0,2422,0
41524,0,2423,0
41526,0,2427,0
41528,0,2425,0
41530,0,2425,0
41532,0,2427,0
41534,0,2427,0
41536,0,2427,0
41538,0,2427,0
41540,0,2427,0
41542,0,2430,0
41544,0,2429,0
41546,0,2429,0
41548,0,2427,0
41550,0,2428,0
41552,0,2435,0
41554,67562,2418,1
41556,0,2416,0
41558,0,2421,0
41560,0,2419,0
41562,0,2419,0
41564,0,2427,0
41566,0,2421,0
41568,0,2423,0
41570,0,2423,0
41572,0,2422,0
41574,0,2424,0
41576,0,2425,0
41578,0,2424,0
41580,0,2425,0
41582,0,2425,0
41584,0,2426,0
41586,0,2426,0
41588,0,2427,0
41590,0,2427,0
41592,0,2427,0
41594,67589,2413,1
41596,0,2411,0
41598,0,2413,0
41600,0,2411,0
41602,0,2412,0
41604,0,2413,0
41606,0,2414,0
41608,0,2418,0
41610,0,2414,0
41612,0,2415,0
41614,0,2419,0
41616,0,2415,0
41618,0,2419,0
41620,0,2420,0
41622,0,2419,0
41624,0,2420,0
41626,0,2423,0
41628,0,2422,0
41630,0,2425,0
41632,0,2422,0
41634,67588,2405,1
41636,0,2405,0
41638,0,2407,0
41640,0,2407,0
41642,0,2407,0
41644,0,2408,0
41646,0,2408,0
41648,0,2409,0
41650,0,2411,0
41652,0,2411,0
41654,0,2411,0
41656,0,2411,0
41658,0,2412,0
41660,0,2412,0
41662,0,2413,0
41664,0,2415,0
41666,0,2419,0
41668,0,2415,0
41670,0,2415,0
41672,0,2416,0
41674,67542,2396,1
41676,0,2395,0
41678,0,2395,0
41680,0,2397,0
41682,0,2397,0
41684,0,2397,0
41686,0,2397,0
41688,0,2403,0
41690,0,2401,0
41692,0,2403,0
41694,0,2403,0
41696,0,2401,0
41698,0,2407,0
41700,0,2407,0
41702,0,2407,0
41704,0,2406,0
41706,0,2407,0
41708,0,2409,0
41710,0,2409,0
41712,67537,2412,1
41715,0,2407,0
41717,0,2407,0
41719,0,2407,0
41721,0,2408,0
41723,0,2410,0
41725,0,2411,0
41727,0,2411,0
41729,0,2409,0
41731,0,2413,0
41733,0,2413,0
41735,0,2413,0
41737,0,2414,0
41739,0,2415,0
41741,0,2412,0
41743,0,2415,0
41745,0,2418,0
41747,0,2419,0
41749,0,2415,0
41751,0,2419,0
41753,67549,2421,1
41755,0,2419,0
41757,0,2421,0
41759,0,2421,0
41761,0,2422,0
41763,0,2421,0
41765,0,2423,0
41767,0,2423,0
41769,0,2424,0
41771,0,2423,0
41773,0,2422,0
41775,0,2425,0
41777,0,2424,0
41779,0,2415,0
41781,0,2425,0
41783,0,2425,0
41785,0,2427,0
41787,0,2427,0
41789,0,2429,0
41791,0,2428,0
41793,67556,2427,1
41795,0,2425,0
41797,0,2425,0
41799,0,2425,0
41801,0,2427,0
41803,0,2427,0
41805,0,2427,0
41807,0,2431,0
41809,0,2429,0
41811,0,2428,0
41813,0,2431,0
41815,0,2429,0
41817,0,2431,0
41819,0,2430,0
41821,0,2431,0
41823,0,2431,0
41825,0,2431,0
41827,0,2430,0
41829,0,2437,0
41831,0,2438,0
41833,67561,2429,1
41835,0,2427,0
41837,0,2429,0
41839,0,2425,0
41841,0,2431,0
41843,0,2431,0
41845,0,2429,0
41847,0,2431,0
41849,0,2431,0
41851,0,2429,0
41853,0,2431,0
41855,0,2431,0
41857,0,2432,0
41859,0,2431,0
41861,0,2431,0
41863,0,2437,0
41865,0,2439,0
41867,0,2439,0
41869,0,2439,0
41871,0,2440,0
41873,67547,2427,1
41875,0,2426,0
41877,0,2429,0
41879,0,2429,0
41881,0,2429,0
41883,0,2429,0
41885,0,2429,0
41887,0,2429,0
41889,0,2431,0
41891,0,2430,0
41893,0,2431,0
41895,0,2431,0
41897,0,2431,0
41899,0,2430,0
41901,0,2438,0
41903,0,2440,0
41905,0,2431,0
41907,0,2440,0
41909,0,2439,0
41911,0,2437,0
41913,67477,2425,1
41915,0,2424,0
41917,0,2425,0
41919,0,2424,0
41921,0,2426,0
41923,0,2425,0
41925,0,2426,0
41927,0,2427,0
41929,0,2427,0
41931,0,2427,0
41933,0,2431,0
41935,0,2428,0
41937,0,2429,0
41939,0,2429,0
41941,0,2439,0
41943,0,2431,0
41945,0,2428,0
41947,0,2430,0
41949,0,2430,0
41951,0,2431,0
41953,67432,2421,1
41955,0,2419,0
41957,0,2419,0
41959,0,2421,0
41961,0,2419,0
41963,0,2423,0
41965,0,2423,0
41967,0,2421,0
41969,0,2426,0
41971,0,2424,0
41973,0,2423,0
41975,0,2424,0
41977,0,2423,0
41979,0,2426,0
41981,0,2425,0
41983,0,2425,0
41985,0,2428,0
41987,0,2427,0
41989,0,2427,0
41991,0,2429,0
41993,67422,2410,1
41995,0,2414,0
41997,0,2413,0
41999,0,2412,0
42001,0,2413,0
42003,0,2413,0
42005,0,2413,0
42007,0,2415,0
42009,0,2415,0
42011,0,2419,0
42013,0,2415,0
42015,0,2418,0
42017,0,2425,0
42019,0,2420,0
42021,0,2419,0
42023,0,2421,0
42025,0,2421,0
42027,0,2421,0
42029,0,2421,0
42031,0,2423,0
42033,67377,2405,1
42035,0,2405,0
42037,0,2403,0
42039,0,2400,0
42041,0,2407,0
42043,0,2407,0
42045,0,2408,0
42047,0,2408,0
42049,0,2409,0
42051,0,2409,0
42053,0,2411,0
42055,0,2409,0
42057,0,2411,0
42059,0,2412,0
42061,0,2413,0
42063,0,2411,0
42065,0,2414,0
42067,0,2415,0
42069,0,2415,0
42071,0,2417,0
42073,67369,2395,1
42075,0,2395,0
42077,0,2393,0
42079,0,2395,0
42081,0,2397,0
42083,0,2396,0
42085,0,2397,0
42087,0,2397,0
42089,0,2401,0
42091,0,2403,0
42093,0,2400,0
42095,0,2403,0
42097,0,2404,0
42099,0,2405,0
42101,0,2407,0
42103,0,2407,0
42105,0,2406,0
42107,0,2407,0
42109,0,2409,0
42111,67399,2407,1
42113,0,2406,0
42115,0,2406,0
42117,0,2407,0
42119,0,2407,0
42121,0,2409,0
42123,0,2409,0
42125,0,2408,0
42127,0,2410,0
42129,0,2409,0
42131,0,2411,0
42133,0,2412,0
42135,0,2413,0
42137,0,2409,0
42139,0,2412,0
42141,0,2415,0
42143,0,2414,0
42145,0,2414,0
42147,0,2415,0
42149,0,2418,0
42151,67406,2419,1
42153,0,2415,0
42155,0,2419,0
42157,0,2419,0
42159,0,2419,0
42161,0,2420,0
42163,0,2419,0
42165,0,2422,0
42167,0,2421,0
42169,0,2423,0
42171,0,2423,0
42173,0,2423,0
42175,0,2424,0
42177,0,2423,0
42179,0,2423,0
42181,0,2424,0
42183,0,2427,0
42185,0,2427,0
42187,0,2425,0
42189,0,2427,0
42191,67406,2425,1
42193,0,2424,0
42195,0,2423,0
42197,0,2425,0
42199,0,2437,0
42201,0,2425,0
42203,0,2425,0
42205,0,2427,0
42207,0,2425,0
42209,0,2428,0
42211,0,2427,0
42213,0,2427,0
42215,0,2429,0
42217,0,2431,0
42219,0,2427,0
42221,0,2429,0
42223,0,2429,0
42225,0,2431,0
42227,0,2429,0
42229,0,2431,0
42231,67401,2425,1
42233,0,2425,0
42235,0,2427,0
42237,0,2427,0
42239,0,2425,0
42241,0,2432,0
42243,0,2428,0
42245,0,2428,0
42247,0,2428,0
42249,0,2429,0
42251,0,2429,0
42253,0,2429,0
42255,0,2429,0
42257,0,2430,0
42259,0,2431,0
42261,0,2430,0
42263,0,2431,0
42265,0,2431,0
42267,0,2437,0
42269,0,2431,0
42271,67397,2425,1
42273,0,2424,0
42275,0,2423,0
42277,0,2425,0
42279,0,2426,0
42281,0,2426,0
42283,0,2427,0
42285,0,2427,0
42287,0,2428,0
42289,0,2427,0
42291,0,2427,0
42293,0,2429,0
42295,0,2430,0
42297,0,2431,0
42299,0,2430,0
42301,0,2431,0
42303,0,2431,0
42305,0,2431,0
42307,0,2437,0
42309,0,2439,0
42311,67389,2423,1
42313,0,2421,0
42315,0,2421,0
42317,0,2422,0
42319,0,2423,0
42321,0,2423,0
42323,0,2423,0
42325,0,2427,0
42327,0,2423,0
42329,0,2426,0
42331,0,2425,0
42333,0,2427,0
42335,0,2428,0
42337,0,2430,0
42339,0,2427,0
42341,0,2429,0
42343,0,2429,0
42345,0,2427,0
42347,0,2431,0
42349,0,2429,0
42351,67417,2415,1
42353,0,2414,0
42355,0,2415,0
42357,0,2415,0
42359,0,2415,0
42361,0,2420,0
42363,0,2415,0
42365,0,2416,0
42367,0,2424,0
42369,0,2419,0
42371,0,2422,0
42373,0,2423,0
42375,0,2422,0
42377,0,2423,0
42379,0,2428,0
42381,0,2423,0
42383,0,2423,0
42385,0,2426,0
42387,0,2428,0
42389,0,2425,0
42391,67422,2409,1
42393,0,2407,0
42395,0,2409,0
42397,0,2409,0
42399,0,2411,0
42401,0,2411,0
42403,0,2417,0
42405,0,2413,0
42407,0,2413,0
42409,0,2413,0
42411,0,2415,0
42413,0,2414,0
42415,0,2415,0
42417,0,2419,0
42419,0,2419,0
42421,0,2418,0
42423,0,2419,0
42425,0,2421,0
42427,0,2421,0
42429,0,2421,0
42431,67381,2403,1
42433,0,2399,0
42435,0,2403,0
42437,0,2403,0
42439,0,2403,0
42441,0,2403,0
42443,0,2403,0
42445,0,2405,0
42447,0,2406,0
42449,0,2407,0
42451,0,2407,0
42453,0,2409,0
42455,0,2407,0
42457,0,2409,0
42459,0,2409,0
42461,0,2411,0
42463,0,2411,0
42465,0,2411,0
42467,0,2412,0
42469,0,2413,0
42471,67392,2391,1
42473,0,2389,0
42475,0,2395,0
42477,0,2393,0
42479,0,2393,0
42481,0,2395,0
42483,0,2394,0
42485,0,2395,0
42487,0,2397,0
42489,0,2399,0
42491,0,2398,0
42493,0,2399,0
42495,0,2399,0
42497,0,2401,0
42499,0,2403,0
42501,0,2403,0
42503,0,2406,0
42505,0,2407,0
42507,0,2407,0
42509,67420,2408,1
42511,0,2403,0
42513,0,2398,0
42515,0,2405,0
42517,0,2405,0
42519,0,2404,0
42521,0,2405,0
42523,0,2407,0
42525,0,2407,0
42527,0,2408,0
42529,0,2409,0
42531,0,2409,0
42533,0,2409,0
42535,0,2411,0
42537,0,2411,0
42539,0,2411,0
42541,0,2413,0
42543,0,2413,0
42545,0,2413,0
42547,0,2413,0
42549,67435,2415,1
42551,0,2411,0
42553,0,2413,0
42555,0,2414,0
42557,0,2412,0
42559,0,2414,0
42561,0,2419,0
42563,0,2415,0
42565,0,2416,0
42567,0,2419,0
42569,0,2419,0
42571,0,2421,0
42573,0,2416,0
42575,0,2421,0
42577,0,2422,0
42579,0,2423,0
42581,0,2421,0
42583,0,2423,0
42585,0,2423,0
42587,0,2424,0
42589,67439,2423,1
42591,0,2421,0
42593,0,2421,0
42595,0,2420,0
42597,0,2422,0
42599,0,2422,0
42601,0,2423,0
42603,0,2423,0
42605,0,2427,0
42607,0,2424,0
42609,0,2425,0
42611,0,2425,0
42613,0,2425,0
42615,0,2425,0
42617,0,2427,0
42619,0,2427,0
42621,0,2427,0
42623,0,2427,0
42625,0,2428,0
42627,0,2429,0
42629,67447,2423,1
42631,0,2422,0
42633,0,2419,0
42635,0,2423,0
42637,0,2423,0
42639,0,2423,0
42641,0,2423,0
42643,0,2424,0
42645,0,2424,0
42647,0,2425,0
42649,0,2427,0
42651,0,2426,0
42653,0,2427,0
42655,0,2426,0
42657,0,2429,0
42659,0,2429,0
42661,0,2427,0
42663,0,2430,0
42665,0,2427,0
42667,0,2429,0
42669,67455,2421,1
42671,0,2421,0
42673,0,2421,0
42675,0,2423,0
42677,0,2421,0
42679,0,2423,0
42681,0,2424,0
42683,0,2423,0
42685,0,2425,0
42687,0,2424,0
42689,0,2425,0
42691,0,2426,0
42693,0,2427,0
42695,0,2427,0
42697,0,2428,0
42699,0,2427,0
42701,0,2429,0
42703,0,2429,0
42705,0,2429,0
42707,0,2428,0
42709,67468,2416,1
42711,0,2414,0
42713,0,2416,0
42715,0,2419,0
42717,0,2419,0
42719,0,2421,0
42721,0,2419,0
42723,0,2421,0
42725,0,2423,0
42727,0,2423,0
42729,0,2423,0
42731,0,2423,0
42733,0,2425,0
42735,0,2424,0
42737,0,2423,0
42739,0,2425,0
42741,0,2426,0
42743,0,2427,0
42745,0,2427,0
42747,0,2425,0
42749,67506,2413,1
42751,0,2411,0
42753,0,2410,0
42755,0,2411,0
42757,0,2412,0
42759,0,2412,0
42761,0,2412,0
42763,0,2409,0
42765,0,2415,0
42767,0,2415,0
42769,0,2419,0
42771,0,2420,0
42773,0,2420,0
42775,0,2420,0
42777,0,2415,0
42779,0,2416,0
42781,0,2421,0
42783,0,2421,0
42785,0,2423,0
42787,0,2423,0
42789,67495,2404,1
42791,0,2404,0
42793,0,2405,0
42795,0,2405,0
42797,0,2392,0
42799,0,2403,0
42801,0,2407,0
42803,0,2408,0
42805,0,2409,0
42807,0,2409,0
42809,0,2409,0
42811,0,2409,0
42813,0,2411,0
42815,0,2412,0
42817,0,2412,0
42819,0,2414,0
42821,0,2413,0
42823,0,2415,0
42825,0,2415,0
42827,0,2415,0
42829,67459,2396,1
42831,0,2395,0
42833,0,2396,0
42835,0,2395,0
42837,0,2401,0
42839,0,2397,0
42841,0,2399,0
42843,0,2399,0
42845,0,2399,0
42847,0,2403,0
42849,0,2407,0
42851,0,2405,0
42853,0,2405,0
42855,0,2407,0
42857,0,2407,0
42859,0,2407,0
42861,0,2409,0
42863,0,2409,0
42865,0,2409,0
42867,67476,2409,1
42869,0,2407,0
42871,0,2407,0
42873,0,2409,0
42875,0,2409,0
42877,0,2411,0
42879,0,2411,0
42881,0,2411,0
42883,0,2413,0
42885,0,2412,0
42887,0,2413,0
42889,0,2415,0
42891,0,2415,0
42893,0,2413,0
42895,0,2415,0
42897,0,2415,0
42899,0,2414,0
42901,0,2421,0
42903,0,2415,0
42905,0,2419,0
42907,67463,2421,1
42909,0,2419,0
42911,0,2419,0
42913,0,2421,0
42915,0,2421,0
42917,0,2423,0
42919,0,2425,0
42921,0,2423,0
42923,0,2423,0
42925,0,2424,0
42927,0,2425,0
42929,0,2426,0
42931,0,2426,0
42933,0,2425,0
42935,0,2425,0
42937,0,2426,0
42939,0,2427,0
42941,0,2427,0
42943,0,2427,0
42945,0,2429,0
42947,67444,2427,1
42949,0,2425,0
42951,0,2425,0
42953,0,2427,0
42955,0,2431,0
42957,0,2427,0
42959,0,2427,0
42961,0,2429,0
42963,0,2427,0
42965,0,2428,0
42967,0,2431,0
42969,0,2430,0
42971,0,2431,0
42973,0,2431,0
42975,0,2437,0
42977,0,2431,0
42979,0,2437,0
42981,0,2426,0
42983,0,2432,0
42985,0,2439,0
42987,67432,2429,1
42989,0,2427,0
42991,0,2427,0
42993,0,2430,0
42995,0,2429,0
42997,0,2429,0
42999,0,2429,0
43001,0,2432,0
43003,0,2431,0
43005,0,2439,0
43007,0,2429,0
43009,0,2430,0
43011,0,2431,0
43013,0,2439,0
43015,0,2438,0
43017,0,2439,0
43019,0,2439,0
43021,0,2441,0
43023,0,2441,0
43025,0,2441,0
43027,67423,2428,1
43029,0,2427,0
43031,0,2427,0
43033,0,2427,0
43035,0,2431,0
43037,0,2429,0
43039,0,2431,0
43041,0,2431,0
43043,0,2431,0
43045,0,2429,0
43047,0,2437,0
43049,0,2431,0
43051,0,2438,0
43053,0,2439,0
43055,0,2439,0
43057,0,2439,0
43059,0,2439,0
43061,0,2439,0
43063,0,2440,0
43065,0,2440,0
43067,67437,2425,1
43069,0,2424,0
43071,0,2427,0
43073,0,2425,0
43075,0,2425,0
43077,0,2427,0
43079,0,2427,0
43081,0,2427,0
43083,0,2423,0
43085,0,2429,0
43087,0,2428,0
43089,0,2429,0
43091,0,2429,0
43093,0,2429,0
43095,0,2430,0
43097,0,2430,0
43099,0,2431,0
43101,0,2429,0
43103,0,2437,0
43105,0,2431,0
43107,67469,2421,1
43109,0,2421,0
43111,0,2421,0
43113,0,2421,0
43115,0,2421,0
43117,0,2421,0
43119,0,2422,0
43121,0,2423,0
43123,0,2424,0
43125,0,2423,0
43127,0,2424,0
43129,0,2425,0
43131,0,2426,0
43133,0,2425,0
43135,0,2427,0
43137,0,2427,0
43139,0,2427,0
43141,0,2429,0
43143,0,2427,0
43145,0,2428,0
43147,67474,2413,1
43149,0,2411,0
43151,0,2412,0
43153,0,2413,0
43155,0,2413,0
43157,0,2413,0
43159,0,2414,0
43161,0,2418,0
43163,0,2419,0
43165,0,2419,0
43167,0,2419,0
43169,0,2421,0
43171,0,2421,0
43173,0,2421,0
43175,0,2423,0
43177,0,2421,0
43179,0,2424,0
43181,0,2424,0
43183,0,2423,0
43185,0,2424,0
43187,67444,2404,1
43189,0,2407,0
43191,0,2407,0
43193,0,2406,0
43195,0,2407,0
43197,0,2407,0
43199,0,2409,0
43201,0,2409,0
43203,0,2410,0
43205,0,2408,0
43207,0,2410,0
43209,0,2411,0
43211,0,2419,0
43213,0,2412,0
43215,0,2413,0
43217,0,2415,0
43219,0,2415,0
43221,0,2415,0
43223,0,2415,0
43225,0,2415,0
43227,67428,2395,1
43229,0,2393,0
43231,0,2393,0
43233,0,2393,0
43235,0,2395,0
43237,0,2399,0
43239,0,2397,0
43241,0,2399,0
43243,0,2402,0
43245,0,2402,0
43247,0,2403,0
43249,0,2405,0
43251,0,2405,0
43253,0,2407,0
43255,0,2407,0
43257,0,2406,0
43259,0,2409,0
43261,0,2407,0
43263,0,2408,0
43265,67467,2409,1
43267,0,2406,0
43269,0,2405,0
43271,0,2407,0
43273,0,2405,0
43275,0,2409,0
43277,0,2409,0
43279,0,2407,0
43281,0,2411,0
43283,0,2412,0
43285,0,2411,0
43287,0,2413,0
43289,0,2415,0
43291,0,2413,0
43293,0,2414,0
43295,0,2413,0
43297,0,2415,0
43299,0,2415,0
43301,0,2419,0
43303,0,2419,0
43305,67486,2419,1
43307,0,2415,0
43309,0,2415,0
43311,0,2424,0
43313,0,2415,0
43315,0,2419,0
43317,0,2419,0
43319,0,2421,0
43321,0,2422,0
43323,0,2423,0
43325,0,2423,0
43327,0,2424,0
43329,0,2424,0
43331,0,2423,0
43333,0,2422,0
43335,0,2425,0
43337,0,2425,0
43339,0,2425,0
43341,0,2427,0
43343,0,2425,0
43345,67493,2425,1
43347,0,2423,0
43349,0,2423,0
43351,0,2424,0
43353,0,2424,0
43355,0,2426,0
43357,0,2425,0
43359,0,2427,0
43361,0,2429,0
43363,0,2427,0
43365,0,2426,0
43367,0,2427,0
43369,0,2429,0
43371,0,2428,0
43373,0,2429,0
43375,0,2429,0
43377,0,2429,0
43379,0,2430,0
43381,0,2431,0
43383,0,2438,0
43385,67506,2425,1
43387,0,2424,0
43389,0,2427,0
43391,0,2425,0
43393,0,2427,0
43395,0,2427,0
43397,0,2427,0
43399,0,2427,0
43401,0,2429,0
43403,0,2427,0
43405,0,2429,0
43407,0,2430,0
43409,0,2431,0
43411,0,2431,0
43413,0,2431,0
43415,0,2431,0
43417,0,2431,0
43419,0,2437,0
43421,0,2438,0
43423,0,2431,0
43425,67520,2427,1
43427,0,2425,0
43429,0,2423,0
43431,0,2425,0
43433,0,2424,0
43435,0,2425,0
43437,0,2427,0
43439,0,2426,0
43441,0,2429,0
43443,0,2428,0
43445,0,2428,0
43447,0,2428,0
43449,0,2445,0
43451,0,2431,0
43453,0,2431,0
43455,0,2429,0
43457,0,2432,0
43459,0,2431,0
43461,0,2431,0
43463,0,2431,0
43465,67538,2423,1
43467,0,2421,0
43469,0,2423,0
43471,0,2421,0
43473,0,2423,0
43475,0,2423,0
43477,0,2423,0
43479,0,2415,0
43481,0,2425,0
43483,0,2424,0
43485,0,2425,0
43487,0,2426,0
43489,0,2427,0
43491,0,2427,0
43493,0,2425,0
43495,0,2427,0
43497,0,2428,0
43499,0,2428,0
43501,0,2429,0
43503,0,2429,0
43505,67577,2409,1
43507,0,2413,0
43509,0,2415,0
43511,0,2415,0
43513,0,2415,0
43515,0,2415,0
43517,0,2417,0
43519,0,2419,0
43521,0,2419,0
43523,0,2419,0
43525,0,2421,0
43527,0,2422,0
43529,0,2421,0
43531,0,2424,0
43533,0,2421,0
43535,0,2424,0
43537,0,2423,0
43539,0,2424,0
43541,0,2425,0
43543,0,2425,0
43546,67603,2407,1
43548,0,2409,0
43550,0,2409,0
43552,0,2408,0
43554,0,2409,0
43556,0,2411,0
43558,0,2412,0
43560,0,2411,0
43562,0,2411,0
43564,0,2413,0
43566,0,2415,0
43568,0,2415,0
43570,0,2415,0
43572,0,2415,0
43574,0,2419,0
43576,0,2416,0
43578,0,2415,0
43580,0,2421,0
43582,0,2415,0
43584,0,2416,0
43586,67576,2399,1
43588,0,2397,0
43590,0,2399,0
43592,0,2402,0
43594,0,2401,0
43596,0,2401,0
43598,0,2404,0
43600,0,2403,0
43602,0,2407,0
43604,0,2407,0
43606,0,2405,0
43608,0,2407,0
43610,0,2406,0
43612,0,2408,0
43614,0,2411,0
43616,0,2409,0
43618,0,2411,0
43620,0,2411,0
43622,0,2412,0
43624,0,2413,0
43626,67593,2390,1
43628,0,2389,0
43630,0,2392,0
43632,0,2390,0
43634,0,2391,0
43636,0,2392,0
43638,0,2395,0
43640,0,2394,0
43642,0,2394,0
43644,0,2396,0
43646,0,2396,0
43648,0,2399,0
43650,0,2401,0
43652,0,2403,0
43654,0,2403,0
43656,0,2405,0
43658,0,2404,0
43660,0,2405,0
43662,0,2405,0
43664,67635,2407,1
43666,0,2407,0
43668,0,2407,0
43670,0,2408,0
43672,0,2409,0
43674,0,2409,0
43676,0,2409,0
43678,0,2411,0
43680,0,2413,0
43682,0,2411,0
43684,0,2411,0
43686,0,2414,0
43688,0,2414,0
43690,0,2414,0
43692,0,2414,0
43694,0,2415,0
43696,0,2415,0
43698,0,2415,0
43700,0,2420,0
43702,0,2420,0
43704,67671,2419,1
43706,0,2415,0
43708,0,2415,0
43710,0,2419,0
43712,0,2419,0
43714,0,2413,0
43716,0,2421,0
43718,0,2420,0
43720,0,2420,0
43722,0,2423,0
43724,0,2422,0
43726,0,2423,0
43728,0,2422,0
43730,0,2423,0
43732,0,2423,0
43734,0,2422,0
43736,0,2427,0
43738,0,2425,0
43740,0,2425,0
43742,0,2427,0
43744,67686,2424,1
43746,0,2421,0
43748,0,2423,0
43750,0,2423,0
43752,0,2423,0
43754,0,2423,0
43756,0,2424,0
43758,0,2424,0
43760,0,2424,0
43762,0,2425,0
43764,0,2425,0
43766,0,2427,0
43768,0,2426,0
43770,0,2427,0
43772,0,2426,0
43774,0,2427,0
43776,0,2429,0
43778,0,2429,0
43780,0,2429,0
43782,0,2429,0
43784,67716,2423,1
43786,0,2423,0
43788,0,2423,0
43790,0,2424,0
43792,0,2425,0
43794,0,2425,0
43796,0,2427,0
43798,0,2425,0
43800,0,2425,0
43802,0,2427,0
43804,0,2427,0
43806,0,2429,0
43808,0,2427,0
43810,0,2427,0
43812,0,2429,0
43814,0,2429,0
43816,0,2430,0
43818,0,2431,0
43820,0,2429,0
43822,0,2431,0
43824,67742,2423,1
43826,0,2421,0
43828,0,2422,0
43830,0,2423,0
43832,0,2423,0
43834,0,2423,0
43836,0,2425,0
43838,0,2425,0
43840,0,2426,0
43842,0,2426,0
43844,0,2427,0
43846,0,2425,0
43848,0,2427,0
43850,0,2427,0
43852,0,2428,0
43854,0,2429,0
43856,0,2428,0
43858,0,2429,0
43860,0,2429,0
43862,0,2429,0
43864,67763,2419,1
43866,0,2419,0
43868,0,2416,0
43870,0,2419,0
43872,0,2421,0
43874,0,2421,0
43876,0,2421,0
43878,0,2424,0
43880,0,2421,0
43882,0,2421,0
43884,0,2425,0
43886,0,2423,0
43888,0,2424,0
43890,0,2424,0
43892,0,2427,0
43894,0,2425,0
43896,0,2427,0
43898,0,2425,0
43900,0,2425,0
43902,0,2427,0
43904,67787,2413,1
43906,0,2412,0
43908,0,2409,0
43910,0,2413,0
43912,0,2413,0
43914,0,2413,0
43916,0,2414,0
43918,0,2415,0
43920,0,2417,0
43922,0,2413,0
43924,0,2419,0
43926,0,2419,0
43928,0,2415,0
43930,0,2419,0
43932,0,2422,0
43934,0,2423,0
43936,0,2423,0
43938,0,2422,0
43940,0,2423,0
43942,0,2423,0
43944,67735,2405,1
43946,0,2405,0
43948,0,2404,0
43950,0,2406,0
43952,0,2407,0
43954,0,2409,0
43956,0,2407,0
43958,0,2409,0
43960,0,2409,0
43962,0,2409,0
43964,0,2411,0
43966,0,2412,0
43968,0,2411,0
43970,0,2411,0
43972,0,2415,0
43974,0,2413,0
43976,0,2415,0
43978,0,2415,0
43980,0,2415,0
43982,0,2415,0
43984,67702,2393,1
43986,0,2393,0
43988,0,2395,0
43990,0,2396,0
43992,0,2397,0
43994,0,2398,0
43996,0,2397,0
43998,0,2397,0
44000,0,2403,0
44002,0,2403,0
44004,0,2403,0
44006,0,2403,0
44008,0,2403,0
44010,0,2405,0
44012,0,2405,0
44014,0,2405,0
44016,0,2407,0
44018,0,2407,0
44020,0,2409,0
44022,67720,2408,1
44024,0,2406,0
44026,0,2407,0
44028,0,2408,0
44030,0,2409,0
44032,0,2410,0
44034,0,2411,0
44036,0,2409,0
44038,0,2411,0
44040,0,2411,0
44042,0,2413,0
44044,0,2414,0
44046,0,2415,0
44048,0,2413,0
44050,0,2413,0
44052,0,2417,0
44054,0,2414,0
44056,0,2419,0
44058,0,2419,0
44060,0,2419,0
44062,67742,2421,1
44064,0,2419,0
44066,0,2420,0
44068,0,2419,0
44070,0,2421,0
44072,0,2421,0
44074,0,2422,0
44076,0,2423,0
44078,0,2423,0
44080,0,2423,0
44082,0,2423,0
44084,0,2425,0
44086,0,2425,0
44088,0,2423,0
44090,0,2427,0
44092,0,2427,0
44094,0,2425,0
44096,0,2427,0
44098,0,2429,0
44100,0,2427,0
44102,67769,2426,1
44104,0,2425,0
44106,0,2427,0
44108,0,2424,0
44110,0,2427,0
44112,0,2427,0
44114,0,2428,0
44116,0,2428,0
44118,0,2427,0
44120,0,2423,0
44122,0,2429,0
44124,0,2429,0
44126,0,2431,0
44128,0,2429,0
44130,0,2428,0
44132,0,2431,0
44134,0,2437,0
44136,0,2440,0
44138,0,2437,0
44140,0,2438,0
44142,67779,2428,1
44144,0,2427,0
44146,0,2427,0
44148,0,2432,0
44150,0,2429,0
44152,0,2428,0
44154,0,2429,0
44156,0,2430,0
44158,0,2429,0
44160,0,2429,0
44162,0,2431,0
44164,0,2431,0
44166,0,2431,0
44168,0,2430,0
44170,0,2438,0
44172,0,2431,0
44174,0,2441,0
44176,0,2440,0
44178,0,2439,0
44180,0,2439,0
44182,67789,2425,1
44184,0,2425,0
44186,0,2427,0
44188,0,2426,0
44190,0,2427,0
44192,0,2428,0
44194,0,2431,0
44196,0,2429,0
44198,0,2430,0
44200,0,2429,0
44202,0,2429,0
44204,0,2431,0
44206,0,2430,0
44208,0,2431,0
44210,0,2437,0
44212,0,2439,0
44214,0,2425,0
44216,0,2439,0
44218,0,2439,0
44220,0,2432,0
44222,67803,2425,1
44224,0,2423,0
44226,0,2424,0
44228,0,2425,0
44230,0,2427,0
44232,0,2426,0
44234,0,2426,0
44236,0,2427,0
44238,0,2426,0
44240,0,2427,0
44242,0,2430,0
44244,0,2429,0
44246,0,2427,0
44248,0,2428,0
44250,0,2429,0
44252,0,2429,0
44254,0,2429,0
44256,0,2431,0
44258,0,2431,0
44260,0,2431,0
44262,67834,2419,1
44264,0,2415,0
44266,0,2419,0
44268,0,2420,0
44270,0,2421,0
44272,0,2420,0
44274,0,2422,0
44276,0,2424,0
44278,0,2423,0
44280,0,2423,0
44282,0,2423,0
44284,0,2425,0
44286,0,2425,0
44288,0,2423,0
44290,0,2425,0
44292,0,2425,0
44294,0,2425,0
44296,0,2427,0
44298,0,2425,0
44300,0,2428,0
44302,67847,2411,1
44304,0,2411,0
44306,0,2411,0
44308,0,2411,0
44310,0,2412,0
44312,0,2413,0
44314,0,2413,0
44316,0,2415,0
44318,0,2415,0
44320,0,2415,0
44322,0,2415,0
44324,0,2415,0
44326,0,2419,0
44328,0,2421,0
44330,0,2419,0
44332,0,2421,0
44334,0,2421,0
44336,0,2421,0
44338,0,2423,0
44340,0,2423,0
44342,67823,2405,1
44344,0,2403,0
44346,0,2405,0
44348,0,2405,0
44350,0,2407,0
44352,0,2407,0
44354,0,2405,0
44356,0,2408,0
44358,0,2409,0
44360,0,2407,0
44362,0,2410,0
44364,0,2409,0
44366,0,2409,0
44368,0,2412,0
44370,0,2412,0
44372,0,2413,0
44374,0,2413,0
44376,0,2414,0
44378,0,2415,0
44380,0,2413,0
44382,67823,2393,1
44384,0,2393,0
44386,0,2395,0
44388,0,2395,0
44390,0,2395,0
44392,0,2396,0
44394,0,2397,0
44396,0,2397,0
44398,0,2398,0
44400,0,2399,0
44402,0,2399,0
44404,0,2403,0
44406,0,2404,0
44408,0,2403,0
44410,0,2403,0
44412,0,2405,0
44414,0,2407,0
44416,0,2406,0
44418,0,2409,0
44420,67852,2409,1
44422,0,2405,0
44424,0,2407,0
44426,0,2407,0
44428,0,2407,0
44430,0,2406,0
44432,0,2409,0
44434,0,2410,0
44436,0,2410,0
44438,0,2410,0
44440,0,2409,0
44442,0,2410,0
44444,0,2413,0
44446,0,2413,0
44448,0,2416,0
44450,0,2415,0
44452,0,2415,0
44454,0,2415,0
44456,0,2415,0
44458,0,2415,0
44460,67876,2418,1
44462,0,2415,0
44464,0,2415,0
44466,0,2419,0
44468,0,2419,0
44470,0,2419,0
44472,0,2419,0
44474,0,2421,0
44476,0,2422,0
44478,0,2421,0
44480,0,2421,0
44482,0,2424,0
44484,0,2423,0
44486,0,2424,0
44488,0,2424,0
44490,0,2427,0
44492,0,2425,0
44494,0,2424,0
44496,0,2426,0
44498,0,2427,0
44500,67884,2421,1
44502,0,2421,0
44504,0,2423,0
44506,0,2423,0
44508,0,2424,0
44510,0,2425,0
44512,0,2427,0
44514,0,2425,0
44516,0,2425,0
44518,0,2425,0
44520,0,2428,0
44522,0,2427,0
44524,0,2428,0
44526,0,2429,0
44528,0,2427,0
44530,0,2429,0
44532,0,2431,0
44534,0,2429,0
44536,0,2429,0
44538,0,2431,0
44540,67892,2425,1
44542,0,2425,0
44544,0,2423,0
44546,0,2425,0
44548,0,2425,0
44550,0,2425,0
44552,0,2425,0
44554,0,2428,0
44556,0,2427,0
44558,0,2429,0
44560,0,2427,0
44562,0,2429,0
44564,0,2429,0
44566,0,2439,0
44568,0,2428,0
44570,0,2431,0
44572,0,2430,0
44574,0,2431,0
44576,0,2438,0
44578,0,2438,0
44580,67886,2425,1
44582,0,2423,0
44584,0,2423,0
44586,0,2423,0
44588,0,2425,0
44590,0,2425,0
44592,0,2425,0
44594,0,2425,0
44596,0,2427,0
44598,0,2425,0
44600,0,2425,0
44602,0,2427,0
44604,0,2429,0
44606,0,2429,0
44608,0,2427,0
44610,0,2428,0
44612,0,2430,0
44614,0,2428,0
44616,0,2430,0
44618,0,2437,0
44620,67878,2420,1
44622,0,2419,0
44624,0,2419,0
44626,0,2421,0
44628,0,2422,0
44630,0,2423,0
44632,0,2423,0
44634,0,2423,0
44636,0,2423,0
44638,0,2425,0
44640,0,2425,0
44642,0,2425,0
44644,0,2425,0
44646,0,2424,0
44648,0,2427,0
44650,0,2427,0
44652,0,2429,0
44654,0,2427,0
44656,0,2429,0
44658,0,2427,0
44660,67915,2414,1
44662,0,2413,0
44664,0,2415,0
44666,0,2415,0
44668,0,2415,0
44670,0,2416,0
44672,0,2419,0
44674,0,2415,0
44676,0,2419,0
44678,0,2419,0
44680,0,2421,0
44682,0,2420,0
44684,0,2422,0
44686,0,2423,0
44688,0,2420,0
44690,0,2421,0
44692,0,2422,0
44694,0,2423,0
44696,0,2425,0
44698,0,2425,0
44700,67904,2407,1
44702,0,2407,0
44704,0,2407,0
44706,0,2406,0
44708,0,2408,0
44710,0,2407,0
44712,0,2409,0
44714,0,2408,0
44716,0,2411,0
44718,0,2411,0
44720,0,2413,0
44722,0,2413,0
44724,0,2413,0
44726,0,2413,0
44728,0,2413,0
44730,0,2414,0
44732,0,2415,0
44734,0,2415,0
44736,0,2419,0
44738,0,2421,0
44740,67847,2397,1
44742,0,2397,0
44744,0,2401,0
44746,0,2399,0
44748,0,2401,0
44750,0,2405,0
44752,0,2403,0
44754,0,2404,0
44756,0,2409,0
44758,0,2406,0
44760,0,2405,0
44762,0,2407,0
44764,0,2407,0
44766,0,2409,0
44768,0,2407,0
44770,0,2410,0
44772,0,2411,0
44774,0,2408,0
44776,0,2409,0
44778,0,2409,0
44780,67845,2389,1
44782,0,2387,0
44784,0,2389,0
44786,0,2391,0
44788,0,2391,0
44790,0,2393,0
44792,0,2392,0
44794,0,2393,0
44796,0,2395,0
44798,0,2395,0
44800,0,2399,0
44802,0,2397,0
44804,0,2396,0
44806,0,2399,0
44808,0,2395,0
44810,0,2405,0
44812,0,2402,0
44814,0,2403,0
44816,0,2405,0
44818,67858,2405,1
44820,0,2407,0
44822,0,2407,0
44824,0,2407,0
44826,0,2409,0
44828,0,2409,0
44830,0,2408,0
44832,0,2409,0
44834,0,2411,0
44836,0,2411,0
44838,0,2411,0
44840,0,2411,0
44842,0,2412,0
44844,0,2412,0
44846,0,2413,0
44848,0,2413,0
44850,0,2415,0
44852,0,2415,0
44854,0,2419,0
44856,0,2421,0
44858,67818,2415,1
44860,0,2413,0
44862,0,2415,0
44864,0,2415,0
44866,0,2419,0
44868,0,2420,0
44870,0,2419,0
44872,0,2421,0
44874,0,2421,0
44876,0,2421,0
44878,0,2421,0
44880,0,2420,0
44882,0,2421,0
44884,0,2423,0
44886,0,2423,0
44888,0,2423,0
44890,0,2425,0
44892,0,2425,0
44894,0,2425,0
44896,0,2425,0
44898,67775,2423,1
44900,0,2417,0
44902,0,2422,0
44904,0,2423,0
44906,0,2422,0
44908,0,2423,0
44910,0,2423,0
44912,0,2426,0
44914,0,2425,0
44916,0,2425,0
44918,0,2424,0
44920,0,2427,0
44922,0,2427,0
44924,0,2427,0
44926,0,2425,0
44928,0,2427,0
44930,0,2427,0
44932,0,2431,0
44934,0,2428,0
44936,0,2431,0
44938,67750,2425,1
44940,0,2423,0
44942,0,2423,0
44944,0,2425,0
44946,0,2426,0
44948,0,2426,0
44950,0,2425,0
44952,0,2422,0
44954,0,2425,0
44956,0,2429,0
44958,0,2427,0
44960,0,2427,0
44962,0,2428,0
44964,0,2428,0
44966,0,2428,0
44968,0,2427,0
44970,0,2429,0
44972,0,2429,0
44974,0,2431,0
44976,0,2431,0
44978,67728,2421,1
44980,0,2421,0
44982,0,2423,0
44984,0,2423,0
44986,0,2423,0
44988,0,2424,0
44990,0,2425,0
44992,0,2425,0
44994,0,2424,0
44996,0,2425,0
44998,0,2426,0
45000,0,2427,0
45002,0,2425,0
45004,0,2427,0
45006,0,2427,0
45008,0,2431,0
45010,0,2428,0
45012,0,2429,0
45014,0,2431,0
45016,0,2428,0
45018,67734,2420,1
45020,0,2415,0
45022,0,2416,0
45024,0,2419,0
45026,0,2421,0
45028,0,2421,0
45030,0,2421,0
45032,0,2421,0
45034,0,2421,0
45036,0,2423,0
45038,0,2423,0
45040,0,2423,0
45042,0,2424,0
45044,0,2423,0
45046,0,2425,0
45048,0,2424,0
45050,0,2427,0
45052,0,2427,0
45054,0,2427,0
45056,0,2429,0
45058,67759,2412,1
45060,0,2411,0
45062,0,2411,0
45064,0,2413,0
45066,0,2413,0
45068,0,2415,0
45070,0,2413,0
45072,0,2413,0
45074,0,2415,0
45076,0,2415,0
45078,0,2419,0
45080,0,2415,0
45082,0,2419,0
45084,0,2421,0
45086,0,2415,0
45088,0,2419,0
45090,0,2422,0
45092,0,2422,0
45094,0,2424,0
45096,0,2423,0
45098,67726,2405,1
45100,0,2405,0
45102,0,2405,0
45104,0,2407,0
45106,0,2407,0
45108,0,2407,0
45110,0,2407,0
45112,0,2407,0
45114,0,2409,0
45116,0,2411,0
45118,0,2411,0
45120,0,2411,0
45122,0,2411,0
45124,0,2411,0
45126,0,2412,0
45128,0,2413,0
45130,0,2415,0
45132,0,2415,0
45134,0,2415,0
45136,0,2419,0
45138,67681,2395,1
45140,0,2395,0
45142,0,2396,0
45144,0,2395,0
45146,0,2397,0
45148,0,2397,0
45150,0,2397,0
45152,0,2403,0
45154,0,2399,0
45156,0,2404,0
45158,0,2405,0
45160,0,2405,0
45162,0,2405,0
45164,0,2407,0
45166,0,2407,0
45168,0,2407,0
45170,0,2410,0
45172,0,2409,0
45174,0,2409,0
45176,67691,2409,1
45178,0,2405,0
45180,0,2408,0
45182,0,2409,0
45184,0,2409,0
45186,0,2409,0
45188,0,2411,0
45190,0,2411,0
45192,0,2411,0
45194,0,2413,0
45196,0,2413,0
45198,0,2412,0
45200,0,2413,0
45202,0,2415,0
45204,0,2415,0
45206,0,2415,0
45208,0,2413,0
45210,0,2409,0
45212,0,2416,0
45214,0,2419,0
45216,67711,2421,1
45218,0,2419,0
45220,0,2421,0
45222,0,2423,0
45224,0,2421,0
45226,0,2421,0
45228,0,2423,0
45230,0,2422,0
45232,0,2424,0
45234,0,2423,0
45236,0,2425,0
45238,0,2425,0
45240,0,2427,0
45242,0,2427,0
45244,0,2427,0
45246,0,2425,0
45248,0,2429,0
45250,0,2429,0
45252,0,2429,0
45254,0,2429,0
45256,67696,2429,1
45258,0,2426,0
45260,0,2427,0
45262,0,2427,0
45264,0,2428,0
45266,0,2428,0
45268,0,2429,0
45270,0,2429,0
45272,0,2429,0
45274,0,2428,0
45276,0,2430,0
45278,0,2429,0
45280,0,2429,0
45282,0,2431,0
45284,0,2431,0
45286,0,2431,0
45288,0,2430,0
45290,0,2432,0
45292,0,2439,0
45294,0,2439,0
45296,67693,2429,1
45298,0,2427,0
45300,0,2427,0
45302,0,2429,0
45304,0,2429,0
45306,0,2429,0
45308,0,2431,0
45310,0,2429,0
45312,0,2438,0
45314,0,2431,0
45316,0,2431,0
45318,0,2431,0
45320,0,2432,0
45322,0,2437,0
45324,0,2431,0
45326,0,2437,0
45328,0,2439,0
45330,0,2438,0
45332,0,2441,0
45334,0,2439,0
45336,67697,2428,1
45338,0,2428,0
45340,0,2426,0
45342,0,2427,0
45344,0,2427,0
45346,0,2429,0
45348,0,2428,0
45350,0,2429,0
45352,0,2430,0
45354,0,2429,0
45356,0,2431,0
45358,0,2429,0
45360,0,2438,0
45362,0,2431,0
45364,0,2440,0
45366,0,2437,0
45368,0,2439,0
45371,0,2439,0
45373,0,2439,0
45375,0,2439,0
45377,67694,2425,1
45379,0,2425,0
45381,0,2425,0
45383,0,2427,0
45385,0,2421,0
45387,0,2427,0
45389,0,2426,0
45391,0,2425,0
45393,0,2428,0
45395,0,2428,0
45397,0,2427,0
45399,0,2429,0
45401,0,2429,0
45403,0,2429,0
45405,0,2429,0
45407,0,2431,0
45409,0,2428,0
45411,0,2431,0
45413,0,2429,0
45415,0,2431,0
45417,67712,2416,1
45419,0,2419,0
45421,0,2420,0
45423,0,2421,0
45425,0,2421,0
45427,0,2423,0
45429,0,2421,0
45431,0,2421,0
45433,0,2421,0
45435,0,2423,0
45437,0,2424,0
45439,0,2424,0
45441,0,2425,0
45443,0,2425,0
45445,0,2427,0
45447,0,2425,0
45449,0,2426,0
45451,0,2427,0
45453,0,2427,0
45455,0,2429,0
45457,67728,2411,1
45459,0,2411,0
45461,0,2412,0
45463,0,2405,0
45465,0,2415,0
45467,0,2413,0
45469,0,2415,0
45471,0,2415,0
45473,0,2415,0
45475,0,2419,0
45477,0,2419,0
45479,0,2420,0
45481,0,2421,0
45483,0,2419,0
45485,0,2423,0
45487,0,2421,0
45489,0,2423,0
45491,0,2423,0
45493,0,2423,0
45495,0,2423,0
45497,67686,2404,1
45499,0,2405,0
45501,0,2404,0
45503,0,2407,0
45505,0,2407,0
45507,0,2407,0
45509,0,2406,0
45511,0,2407,0
45513,0,2407,0
45515,0,2409,0
45517,0,2409,0
45519,0,2411,0
45521,0,2412,0
45523,0,2411,0
45525,0,2412,0
45527,0,2411,0
45529,0,2413,0
45531,0,2413,0
45533,0,2413,0
45535,0,2415,0
45537,67678,2392,1
45539,0,2393,0
45541,0,2394,0
45543,0,2395,0
45545,0,2395,0
45547,0,2395,0
45549,0,2395,0
45551,0,2403,0
45553,0,2399,0
45555,0,2403,0
45557,0,2403,0
45559,0,2405,0
45561,0,2403,0
45563,0,2405,0
45565,0,2405,0
45567,0,2406,0
45569,0,2407,0
45571,0,2407,0
45573,0,2407,0
45575,67698,2408,1
45577,0,2405,0
45579,0,2407,0
45581,0,2407,0
45583,0,2407,0
45585,0,2408,0
45587,0,2405,0
45589,0,2408,0
45591,0,2409,0
45593,0,2411,0
45595,0,2411,0
45597,0,2412,0
45599,0,2413,0
45601,0,2411,0
45603,0,2407,0
45605,0,2415,0
45607,0,2415,0
45609,0,2415,0
45611,0,2415,0
45613,0,2415,0
45615,67721,2419,1
45617,0,2413,0
45619,0,2419,0
45621,0,2414,0
45623,0,2421,0
45625,0,2415,0
45627,0,2420,0
45629,0,2419,0
45631,0,2420,0
45633,0,2423,0
45635,0,2423,0
45637,0,2423,0
45639,0,2421,0
45641,0,2424,0
45643,0,2425,0
45645,0,2423,0
45647,0,2424,0
45649,0,2425,0
45651,0,2425,0
45653,0,2424,0
45655,67729,2423,1
45657,0,2422,0
45659,0,2439,0
45661,0,2423,0
45663,0,2423,0
45665,0,2425,0
45667,0,2425,0
45669,0,2425,0
45671,0,2425,0
45673,0,2427,0
45675,0,2427,0
45677,0,2431,0
45679,0,2428,0
45681,0,2427,0
45683,0,2427,0
45685,0,2428,0
45687,0,2427,0
45689,0,2431,0
45691,0,2431,0
45693,0,2431,0
45695,67717,2427,1
45697,0,2425,0
45699,0,2424,0
45701,0,2426,0
45703,0,2427,0
45705,0,2425,0
45707,0,2427,0
45709,0,2427,0
45711,0,2427,0
45713,0,2427,0
45715,0,2419,0
45717,0,2429,0
45719,0,2429,0
45721,0,2431,0
45723,0,2429,0
45725,0,2430,0
45727,0,2431,0
45729,0,2431,0
45731,0,2431,0
45733,0,2431,0
45735,67691,2424,1
45737,0,2423,0
45739,0,2428,0
45741,0,2425,0
45743,0,2424,0
45745,0,2427,0
45747,0,2424,0
45749,0,2428,0
45751,0,2427,0
45753,0,2427,0
45755,0,2428,0
45757,0,2427,0
45759,0,2429,0
45761,0,2427,0
45763,0,2427,0
45765,0,2429,0
45767,0,2430,0
45769,0,2435,0
45771,0,2431,0
45773,0,2431,0
45775,67663,2421,1
45777,0,2420,0
45779,0,2421,0
45781,0,2422,0
45783,0,2423,0
45785,0,2423,0
45787,0,2423,0
45789,0,2423,0
45791,0,2425,0
45793,0,2427,0
45795,0,2425,0
45797,0,2425,0
45799,0,2426,0
45801,0,2427,0
45803,0,2425,0
45805,0,2427,0
45807,0,2428,0
45809,0,2426,0
45811,0,2428,0
45813,0,2429,0
45815,67674,2415,1
45817,0,2413,0
45819,0,2415,0
45821,0,2413,0
45823,0,2415,0
45825,0,2419,0
45827,0,2415,0
45829,0,2418,0
45831,0,2421,0
45833,0,2421,0
45835,0,2421,0
45837,0,2422,0
45839,0,2422,0
45841,0,2421,0
45843,0,2423,0
45845,0,2423,0
45847,0,2424,0
45849,0,2424,0
45851,0,2424,0
45853,0,2424,0
45855,67670,2409,1
45857,0,2407,0
45859,0,2408,0
45861,0,2408,0
45863,0,2409,0
45865,0,2411,0
45867,0,2410,0
45869,0,2412,0
45871,0,2412,0
45873,0,2413,0
45875,0,2413,0
45877,0,2413,0
45879,0,2415,0
45881,0,2414,0
45883,0,2414,0
45885,0,2419,0
45887,0,2419,0
45889,0,2419,0
45891,0,2419,0
45893,0,2421,0
45895,67627,2397,1
45897,0,2397,0
45899,0,2399,0
45901,0,2401,0
45903,0,2403,0
45905,0,2401,0
45907,0,2403,0
45909,0,2405,0
45911,0,2405,0
45913,0,2407,0
45915,0,2407,0
45917,0,2409,0
45919,0,2408,0
45921,0,2409,0
45923,0,2409,0
45925,0,2411,0
45927,0,2411,0
45929,0,2411,0
45931,0,2413,0
45933,0,2411,0
45935,67636,2391,1
45937,0,2389,0
45939,0,2395,0
45941,0,2392,0
45943,0,2393,0
45945,0,2394,0
45947,0,2395,0
45949,0,2395,0
45951,0,2395,0
45953,0,2397,0
45955,0,2397,0
45957,0,2397,0
45959,0,2398,0
45961,0,2399,0
45963,0,2398,0
45965,0,2403,0
45967,0,2405,0
45969,0,2405,0
45971,0,2406,0
45973,67664,2406,1
45975,0,2405,0
45977,0,2405,0
45979,0,2409,0
45981,0,2409,0
45983,0,2409,0
45985,0,2411,0
45987,0,2412,0
45989,0,2411,0
45991,0,2413,0
45993,0,2411,0
45995,0,2413,0
45997,0,2413,0
45999,0,2415,0
46001,0,2415,0
46003,0,2419,0
46005,0,2415,0
46007,0,2419,0
46009,0,2419,0
46011,0,2420,0
46013,67657,2421,1
46015,0,2415,0
46017,0,2419,0
46019,0,2418,0
46021,0,2416,0
46023,0,2421,0
46025,0,2421,0
46027,0,2421,0
46029,0,2423,0
46031,0,2422,0
46033,0,2423,0
46035,0,2423,0
46037,0,2425,0
46039,0,2423,0
46041,0,2425,0
46043,0,2423,0
46045,0,2425,0
46047,0,2425,0
46049,0,2427,0
46051,0,2427,0
46053,67657,2424,1
46055,0,2423,0
46057,0,2423,0
46059,0,2424,0
46061,0,2424,0
46063,0,2423,0
46065,0,2424,0
46067,0,2425,0
46069,0,2425,0
46071,0,2427,0
46073,0,2425,0
46075,0,2426,0
46077,0,2427,0
46079,0,2427,0
46081,0,2429,0
46083,0,2427,0
46085,0,2429,0
46087,0,2428,0
46089,0,2429,0
46091,0,2429,0
46093,67660,2425,1
46095,0,2424,0
46097,0,2423,0
46099,0,2425,0
46101,0,2425,0
46103,0,2425,0
46105,0,2425,0
46107,0,2425,0
46109,0,2427,0
46111,0,2425,0
46113,0,2428,0
46115,0,2427,0
46117,0,2429,0
46119,0,2429,0
46121,0,2429,0
46123,0,2429,0
46125,0,2429,0
46127,0,2429,0
46129,0,2431,0
46131,0,2432,0
46133,67673,2423,1
46135,0,2421,0
46137,0,2421,0
46139,0,2424,0
46141,0,2421,0
46143,0,2427,0
46145,0,2424,0
46147,0,2425,0
46149,0,2425,0
46151,0,2427,0
46153,0,2425,0
46155,0,2427,0
46157,0,2428,0
46159,0,2427,0
46161,0,2429,0
46163,0,2429,0
46165,0,2428,0
46167,0,2429,0
46169,0,2431,0
46171,0,2436,0
46173,67682,2415,1
46175,0,2415,0
46177,0,2419,0
46179,0,2419,0
46181,0,2420,0
46183,0,2420,0
46185,0,2421,0
46187,0,2423,0
46189,0,2423,0
46191,0,2424,0
46193,0,2423,0
46195,0,2421,0
46197,0,2425,0
46199,0,2425,0
46201,0,2427,0
46203,0,2427,0
46205,0,2425,0
46207,0,2427,0
46209,0,2427,0
46211,0,2429,0
46213,67702,2413,1
46215,0,2424,0
46217,0,2412,0
46219,0,2413,0
46221,0,2414,0
46223,0,2413,0
46225,0,2415,0
46227,0,2413,0
46229,0,2417,0
46231,0,2418,0
46233,0,2419,0
46235,0,2419,0
46237,0,2419,0
46239,0,2419,0
46241,0,2419,0
46243,0,2423,0
46245,0,2421,0
46247,0,2422,0
46249,0,2423,0
46251,0,2423,0
46253,67680,2407,1
46255,0,2407,0
46257,0,2405,0
46259,0,2406,0
46261,0,2406,0
46263,0,2407,0
46265,0,2409,0
46267,0,2409,0
46269,0,2411,0
46271,0,2411,0
46273,0,2411,0
46275,0,2412,0
46277,0,2413,0
46279,0,2413,0
46281,0,2413,0
46283,0,2415,0
46285,0,2415,0
46287,0,2415,0
46289,0,2415,0
46291,0,2415,0
46293,67659,2396,1
46295,0,2395,0
46297,0,2396,0
46299,0,2397,0
46301,0,2399,0
46303,0,2397,0
46305,0,2402,0
46307,0,2399,0
46309,0,2403,0
46311,0,2405,0
46313,0,2405,0
46315,0,2405,0
46317,0,2405,0
46319,0,2407,0
46321,0,2409,0
46323,0,2407,0
46325,0,2408,0
46327,0,2408,0
46329,0,2409,0
46331,67672,2411,1
46333,0,2407,0
46335,0,2409,0
46337,0,2409,0
46339,0,2409,0
46341,0,2411,0
46343,0,2411,0
46345,0,2412,0
46347,0,2415,0
46349,0,2413,0
46351,0,2413,0
46353,0,2414,0
46355,0,2415,0
46357,0,2419,0
46359,0,2417,0
46361,0,2419,0
46363,0,2420,0
46365,0,2419,0
46367,0,2452,0
46369,0,2421,0
46371,67690,2421,1
46373,0,2422,0
46375,0,2419,0
46377,0,2424,0
46379,0,2413,0
46381,0,2423,0
46383,0,2423,0
46385,0,2424,0
46387,0,2423,0
46389,0,2425,0
46391,0,2426,0
46393,0,2426,0
46395,0,2427,0
46397,0,2427,0
46399,0,2425,0
46401,0,2427,0
46403,0,2428,0
46405,0,2426,0
46407,0,2428,0
46409,0,2429,0
46411,67703,2429,1
46413,0,2427,0
46415,0,2427,0
46417,0,2425,0
46419,0,2427,0
46421,0,2429,0
46423,0,2430,0
46425,0,2429,0
46427,0,2429,0
46429,0,2429,0
46431,0,2431,0
46433,0,2431,0
46435,0,2431,0
46437,0,2431,0
46439,0,2431,0
46441,0,2436,0
46443,0,2432,0
46445,0,2431,0
46447,0,2439,0
46449,0,2441,0
46451,67699,2429,1
46453,0,2429,0
46455,0,2429,0
46457,0,2431,0
46459,0,2430,0
46461,0,2431,0
46463,0,2429,0
46465,0,2423,0
46467,0,2430,0
46469,0,2439,0
46471,0,2437,0
46473,0,2445,0
46475,0,2432,0
46477,0,2439,0
46479,0,2439,0
46481,0,2438,0
46483,0,2441,0
46485,0,2440,0
46487,0,2441,0
46489,0,2440,0
46491,67712,2429,1
46493,0,2427,0
46495,0,2428,0
46497,0,2429,0
46499,0,2429,0
46501,0,2429,0
46503,0,2429,0
46505,0,2430,0
46507,0,2431,0
46509,0,2431,0
46511,0,2431,0
46513,0,2431,0
46515,0,2431,0
46517,0,2425,0
46519,0,2439,0
46521,0,2439,0
46523,0,2439,0
46525,0,2439,0
46527,0,2439,0
46529,0,2440,0
46531,67712,2425,1
46533,0,2425,0
46535,0,2425,0
46537,0,2427,0
46539,0,2425,0
46541,0,2428,0
46543,0,2429,0
46545,0,2429,0
46547,0,2431,0
46549,0,2425,0
46551,0,2428,0
46553,0,2431,0
46555,0,2429,0
46557,0,2432,0
46559,0,2431,0
46561,0,2438,0
46563,0,2437,0
46565,0,2431,0
46567,0,2439,0
46569,0,2438,0
46571,67746,2421,1
46573,0,2421,0
46575,0,2425,0
46577,0,2419,0
46579,0,2421,0
46581,0,2423,0
46583,0,2424,0
46585,0,2423,0
46587,0,2424,0
46589,0,2424,0
46591,0,2425,0
46593,0,2425,0
46595,0,2426,0
46597,0,2427,0
46599,0,2425,0
46601,0,2427,0
46603,0,2427,0
46605,0,2425,0
46607,0,2429,0
46609,0,2429,0
46611,67750,2412,1
46613,0,2413,0
46615,0,2413,0
46617,0,2414,0
46619,0,2415,0
46621,0,2415,0
46623,0,2415,0
46625,0,2419,0
46627,0,2415,0
46629,0,2416,0
46631,0,2419,0
46633,0,2421,0
46635,0,2420,0
46637,0,2421,0
46639,0,2423,0
46641,0,2422,0
46643,0,2422,0
46645,0,2425,0
46647,0,2423,0
46649,0,2425,0
46651,67676,2405,1
46653,0,2405,0
46655,0,2407,0
46657,0,2407,0
46659,0,2407,0
46661,0,2409,0
46663,0,2409,0
46665,0,2407,0
46667,0,2410,0
46669,0,2410,0
46671,0,2409,0
46673,0,2413,0
46675,0,2412,0
46677,0,2411,0
46679,0,2411,0
46681,0,2415,0
46683,0,2413,0
46685,0,2413,0
46687,0,2420,0
46689,0,2419,0
46691,67655,2395,1
46693,0,2395,0
46695,0,2396,0
46697,0,2397,0
46699,0,2399,0
46701,0,2397,0
46703,0,2397,0
46705,0,2399,0
46707,0,2403,0
46709,0,2403,0
46711,0,2405,0
46713,0,2404,0
46715,0,2405,0
46717,0,2405,0
46719,0,2405,0
46721,0,2407,0
46723,0,2405,0
46725,0,2409,0
46727,0,2409,0
46729,67683,2409,1
46731,0,2406,0
46733,0,2409,0
46735,0,2407,0
46737,0,2409,0
46739,0,2410,0
46741,0,2409,0
46743,0,2411,0
46745,0,2410,0
46747,0,2411,0
46749,0,2411,0
46751,0,2413,0
46753,0,2413,0
46755,0,2413,0
46757,0,2414,0
46759,0,2417,0
46761,0,2415,0
46763,0,2415,0
46765,0,2419,0
46767,0,2420,0
46769,67709,2419,1
46771,0,2420,0
46773,0,2419,0
46775,0,2419,0
46777,0,2421,0
46779,0,2419,0
46781,0,2421,0
46783,0,2421,0
46785,0,2421,0
46787,0,2425,0
46789,0,2421,0
46791,0,2424,0
46793,0,2425,0
46795,0,2425,0
46797,0,2426,0
46799,0,2426,0
46801,0,2427,0
46803,0,2427,0
46805,0,2429,0
46807,0,2428,0
46809,67724,2425,1
46811,0,2425,0
46813,0,2425,0
46815,0,2424,0
46817,0,2425,0
46819,0,2425,0
46821,0,2427,0
46823,0,2426,0
46825,0,2429,0
46827,0,2428,0
46829,0,2427,0
46831,0,2427,0
46833,0,2428,0
46835,0,2429,0
46837,0,2428,0
46839,0,2430,0
46841,0,2429,0
46843,0,2432,0
46845,0,2437,0
46847,0,2431,0
46849,67746,2429,1
46851,0,2427,0
46853,0,2425,0
46855,0,2427,0
46857,0,2427,0
46859,0,2428,0
46861,0,2428,0
46863,0,2431,0
46865,0,2429,0
46867,0,2429,0
46869,0,2429,0
46871,0,2429,0
46873,0,2429,0
46875,0,2430,0
46877,0,2431,0
46879,0,2437,0
46881,0,2439,0
46883,0,2431,0
46885,0,2431,0
46887,0,2439,0
46889,67763,2427,1
46891,0,2425,0
46893,0,2425,0
46895,0,2425,0
46897,0,2424,0
46899,0,2428,0
46901,0,2427,0
46903,0,2429,0
46905,0,2429,0
46907,0,2428,0
46909,0,2430,0
46911,0,2431,0
46913,0,2431,0
46915,0,2431,0
46917,0,2431,0
46919,0,2431,0
46921,0,2439,0
46923,0,2431,0
46925,0,2439,0
46927,0,2439,0
46929,67778,2423,1
46931,0,2423,0
46933,0,2421,0
46935,0,2421,0
46937,0,2425,0
46939,0,2424,0
46941,0,2425,0
46943,0,2426,0
46945,0,2425,0
46947,0,2426,0
46949,0,2427,0
46951,0,2429,0
46953,0,2428,0
46955,0,2428,0
46957,0,2429,0
46959,0,2429,0
46961,0,2429,0
46963,0,2429,0
46965,0,2426,0
46967,0,2431,0
46969,67812,2415,1
46971,0,2414,0
46973,0,2415,0
46975,0,2415,0
46977,0,2416,0
46979,0,2421,0
46981,0,2416,0
46983,0,2421,0
46985,0,2420,0
46987,0,2420,0
46989,0,2422,0
46991,0,2423,0
46993,0,2423,0
46995,0,2422,0
46997,0,2425,0
46999,0,2423,0
47001,0,2424,0
47003,0,2425,0
47005,0,2427,0
47007,0,2427,0
47009,67819,2410,1
47011,0,2409,0
47013,0,2409,0
47015,0,2410,0
47017,0,2411,0
47019,0,2411,0
47021,0,2413,0
47023,0,2413,0
47025,0,2413,0
47027,0,2413,0
47029,0,2415,0
47031,0,2415,0
47033,0,2419,0
47035,0,2419,0
47037,0,2416,0
47039,0,2419,0
47041,0,2421,0
47043,0,2421,0
47045,0,2423,0
47047,0,2425,0
47049,67797,2403,1
47051,0,2399,0
47053,0,2399,0
47055,0,2403,0
47057,0,2403,0
47059,0,2405,0
47061,0,2405,0
47063,0,2407,0
47065,0,2407,0
47067,0,2406,0
47069,0,2408,0
47071,0,2409,0
47073,0,2409,0
47075,0,2409,0
47077,0,2409,0
47079,0,2413,0
47081,0,2411,0
47083,0,2413,0
47085,0,2413,0
47087,0,2413,0
47089,67814,2392,1
47091,0,2392,0
47093,0,2391,0
47095,0,2391,0
47097,0,2394,0
47099,0,2405,0
47101,0,2396,0
47103,0,2395,0
47105,0,2396,0
47107,0,2397,0
47109,0,2399,0
47111,0,2399,0
47113,0,2403,0
47115,0,2403,0
47117,0,2403,0
47119,0,2404,0
47121,0,2404,0
47123,0,2406,0
47125,0,2407,0
47127,67852,2407,1
47129,0,2407,0
47131,0,2408,0
47133,0,2404,0
47135,0,2409,0
47137,0,2410,0
47139,0,2411,0
47141,0,2411,0
47143,0,2413,0
47145,0,2412,0
47147,0,2413,0
47149,0,2412,0
47151,0,2412,0
47153,0,2414,0
47155,0,2413,0
47157,0,2416,0
47159,0,2415,0
47161,0,2419,0
47163,0,2421,0
47165,0,2419,0
47167,67865,2419,1
47169,0,2415,0
47171,0,2419,0
47173,0,2419,0
47175,0,2415,0
47177,0,2422,0
47179,0,2420,0
47181,0,2421,0
47183,0,2421,0
47185,0,2423,0
47187,0,2423,0
47189,0,2423,0
47191,0,2425,0
47193,0,2423,0
47195,0,2425,0
47197,0,2425,0
47199,0,2424,0
47201,0,2428,0
47203,0,2429,0
47205,0,2429,0
47208,67894,2424,1
47210,0,2423,0
47212,0,2423,0
47214,0,2421,0
47216,0,2427,0
47218,0,2424,0
47220,0,2425,0
47222,0,2425,0
47224,0,2425,0
47226,0,2425,0
47228,0,2429,0
47230,0,2428,0
47232,0,2427,0
47234,0,2427,0
47236,0,2429,0
47238,0,2429,0
47240,0,2429,0
47242,0,2429,0
47244,0,2431,0
47246,0,2429,0
47248,67908,2426,1
47250,0,2424,0
47252,0,2423,0
47254,0,2425,0
47256,0,2427,0
47258,0,2431,0
47260,0,2424,0
47262,0,2427,0
47264,0,2427,0
47266,0,2428,0
47268,0,2427,0
47270,0,2427,0
47272,0,2427,0
47274,0,2429,0
47276,0,2431,0
47278,0,2429,0
47280,0,2431,0
47282,0,2431,0
47284,0,2431,0
47286,0,2431,0
47288,67924,2424,1
47290,0,2423,0
47292,0,2423,0
47294,0,2423,0
47296,0,2425,0
47298,0,2424,0
47300,0,2425,0
47302,0,2425,0
47304,0,2424,0
47306,0,2425,0
47308,0,2427,0
47310,0,2427,0
47312,0,2429,0
47314,0,2427,0
47316,0,2427,0
47318,0,2431,0
47320,0,2429,0
47322,0,2429,0
47324,0,2431,0
47326,0,2431,0
47328,67948,2419,1
47330,0,2415,0
47332,0,2419,0
47334,0,2421,0
47336,0,2421,0
47338,0,2420,0
47340,0,2423,0
47342,0,2421,0
47344,0,2423,0
47346,0,2422,0
47348,0,2424,0
47350,0,2425,0
47352,0,2424,0
47354,0,2425,0
47356,0,2425,0
47358,0,2427,0
47360,0,2423,0
47362,0,2427,0
47364,0,2427,0
47366,0,2427,0
47368,67966,2412,1
47370,0,2412,0
47372,0,2413,0
47374,0,2413,0
47376,0,2413,0
47378,0,2415,0
47380,0,2413,0
47382,0,2415,0
47384,0,2415,0
47386,0,2419,0
47388,0,2419,0
47390,0,2418,0
47392,0,2419,0
47394,0,2420,0
47396,0,2420,0
47398,0,2423,0
47400,0,2421,0
47402,0,2422,0
47404,0,2424,0
47406,0,2422,0
47408,67964,2405,1
47410,0,2404,0
47412,0,2405,0
47414,0,2407,0
47416,0,2407,0
47418,0,2407,0
47420,0,2408,0
47422,0,2409,0
47424,0,2409,0
47426,0,2409,0
47428,0,2411,0
47430,0,2411,0
47432,0,2413,0
47434,0,2413,0
47436,0,2415,0
47438,0,2415,0
47440,0,2415,0
47442,0,2419,0
47444,0,2415,0
47446,0,2415,0
47448,67951,2397,1
47450,0,2395,0
47452,0,2397,0
47454,0,2397,0
47456,0,2397,0
47458,0,2403,0
47460,0,2397,0
47462,0,2402,0
47464,0,2402,0
47466,0,2403,0
47468,0,2404,0
47470,0,2405,0
47472,0,2405,0
47474,0,2407,0
47476,0,2407,0
47478,0,2408,0
47480,0,2409,0
47482,0,2409,0
47484,0,2409,0
47486,67986,2409,1
47488,0,2407,0
47490,0,2408,0
47492,0,2409,0
47494,0,2410,0
47496,0,2408,0
47498,0,2412,0
47500,0,2411,0
47502,0,2413,0
47504,0,2413,0
47506,0,2411,0
47508,0,2415,0
47510,0,2419,0
47512,0,2415,0
47514,0,2415,0
47516,0,2415,0
47518,0,2416,0
47520,0,2420,0
47522,0,2419,0
47524,0,2421,0
47526,67981,2420,1
47528,0,2421,0
47530,0,2420,0
47532,0,2421,0
47534,0,2411,0
47536,0,2421,0
47538,0,2424,0
47540,0,2425,0
47542,0,2424,0
47544,0,2424,0
47546,0,2424,0
47548,0,2425,0
47550,0,2425,0
47552,0,2426,0
47554,0,2425,0
47556,0,2425,0
47558,0,2427,0
47560,0,2427,0
47562,0,2429,0
47564,0,2428,0
47566,67952,2427,1
47568,0,2425,0
47570,0,2427,0
47572,0,2426,0
47574,0,2427,0
47576,0,2429,0
47578,0,2428,0
47580,0,2429,0
47582,0,2429,0
47584,0,2429,0
47586,0,2429,0
47588,0,2431,0
47590,0,2431,0
47592,0,2430,0
47594,0,2431,0
47596,0,2438,0
47598,0,2431,0
47600,0,2437,0
47602,0,2439,0
47604,0,2440,0
47606,67944,2429,1
47608,0,2427,0
47610,0,2428,0
47612,0,2429,0
47614,0,2428,0
47616,0,2430,0
47618,0,2431,0
47620,0,2430,0
47622,0,2431,0
47624,0,2431,0
47626,0,2438,0
47628,0,2437,0
47630,0,2437,0
47632,0,2437,0
47634,0,2438,0
47636,0,2439,0
47638,0,2439,0
47640,0,2439,0
47642,0,2439,0
47644,0,2441,0
47646,67943,2429,1
47648,0,2427,0
47650,0,2427,0
47652,0,2427,0
47654,0,2427,0
47656,0,2429,0
47658,0,2429,0
47660,0,2429,0
47662,0,2430,0
47664,0,2431,0
47666,0,2430,0
47668,0,2430,0
47670,0,2431,0
47672,0,2431,0
47674,0,2431,0
47676,0,2439,0
47678,0,2438,0
47680,0,2439,0
47682,0,2439,0
47684,0,2439,0
47686,67952,2425,1
47688,0,2425,0
47690,0,2426,0
47692,0,2426,0
47694,0,2425,0
47696,0,2426,0
47698,0,2427,0
47700,0,2427,0
47702,0,2427,0
47704,0,2428,0
47706,0,2429,0
47708,0,2429,0
47710,0,2430,0
47712,0,2431,0
47714,0,2431,0
47716,0,2431,0
47718,0,2431,0
47720,0,2439,0
47722,0,2437,0
47724,0,2439,0
47726,67983,2421,1
47728,0,2419,0
47730,0,2421,0
47732,0,2420,0
47734,0,2421,0
47736,0,2422,0
47738,0,2421,0
47740,0,2422,0
47742,0,2424,0
47744,0,2423,0
47746,0,2426,0
47748,0,2425,0
47750,0,2425,0
47752,0,2425,0
47754,0,2429,0
47756,0,2427,0
47758,0,2425,0
47760,0,2427,0
47762,0,2429,0
47764,0,2429,0
47766,68005,2411,1
47768,0,2411,0
47770,0,2411,0
47772,0,2411,0
47774,0,2413,0
47776,0,2411,0
47778,0,2413,0
47780,0,2419,0
47782,0,2416,0
47784,0,2419,0
47786,0,2413,0
47788,0,2419,0
47790,0,2420,0
47792,0,2421,0
47794,0,2419,0
47796,0,2423,0
47798,0,2423,0
47800,0,2423,0
47802,0,2423,0
47804,0,2425,0
47806,67965,2405,1
47808,0,2404,0
47810,0,2405,0
47812,0,2405,0
47814,0,2407,0
47816,0,2405,0
47818,0,2407,0
47820,0,2407,0
47822,0,2409,0
47824,0,2411,0
47826,0,2411,0
47828,0,2412,0
47830,0,2412,0
47832,0,2412,0
47834,0,2413,0
47836,0,2413,0
47838,0,2415,0
47840,0,2413,0
47842,0,2415,0
47844,0,2415,0
47846,67933,2395,1
47848,0,2392,0
47850,0,2393,0
47852,0,2395,0
47854,0,2395,0
47856,0,2396,0
47858,0,2397,0
47860,0,2399,0
47862,0,2403,0
47864,0,2403,0
47866,0,2403,0
47868,0,2404,0
47870,0,2405,0
47872,0,2405,0
47874,0,2405,0
47876,0,2407,0
47878,0,2408,0
47880,0,2407,0
47882,0,2409,0
47884,67947,2409,1
47886,0,2405,0
47888,0,2407,0
47890,0,2407,0
47892,0,2407,0
47894,0,2411,0
47896,0,2412,0
47898,0,2411,0
47900,0,2409,0
47902,0,2411,0
47904,0,2411,0
47906,0,2415,0
47908,0,2411,0
47910,0,2413,0
47912,0,2413,0
47914,0,2413,0
47916,0,2411,0
47918,0,2415,0
47920,0,2415,0
47922,0,2415,0
47924,67941,2420,1
47926,0,2415,0
47928,0,2415,0
47930,0,2415,0
47932,0,2419,0
47934,0,2421,0
47936,0,2423,0
47938,0,2421,0
47940,0,2421,0
47942,0,2421,0
47944,0,2423,0
47946,0,2422,0
47948,0,2424,0
47950,0,2425,0
47952,0,2424,0
47954,0,2413,0
47956,0,2425,0
47958,0,2427,0
47960,0,2427,0
47962,0,2425,0
47964,67932,2424,1
47966,0,2423,0
47968,0,2421,0
47970,0,2424,0
47972,0,2424,0
47974,0,2425,0
47976,0,2425,0
47978,0,2425,0
47980,0,2423,0
47982,0,2427,0
47984,0,2427,0
47986,0,2427,0
47988,0,2429,0
47990,0,2429,0
47992,0,2429,0
47994,0,2428,0
47996,0,2431,0
47998,0,2431,0
48000,0,2431,0
48002,0,2430,0
48004,67928,2425,1
48006,0,2424,0
48008,0,2428,0
48010,0,2424,0
48012,0,2425,0
48014,0,2427,0
48016,0,2427,0
48018,0,2427,0
48020,0,2428,0
48022,0,2427,0
48024,0,2427,0
48026,0,2429,0
48028,0,2431,0
48030,0,2430,0
48032,0,2429,0
48034,0,2431,0
48036,0,2441,0
48038,0,2431,0
48040,0,2439,0
48042,0,2432,0
48044,67929,2423,1
48046,0,2422,0
48048,0,2424,0
48050,0,2424,0
48052,0,2425,0
48054,0,2423,0
48056,0,2427,0
48058,0,2427,0
48060,0,2427,0
48062,0,2426,0
48064,0,2426,0
48066,0,2429,0
48068,0,2429,0
48070,0,2428,0
48072,0,2428,0
48074,0,2427,0
48076,0,2430,0
48078,0,2431,0
48080,0,2431,0
48082,0,2429,0
48084,67914,2421,1
48086,0,2419,0
48088,0,2421,0
48090,0,2421,0
48092,0,2423,0
48094,0,2425,0
48096,0,2425,0
48098,0,2424,0
48100,0,2423,0
48102,0,2427,0
48104,0,2425,0
48106,0,2427,0
48108,0,2427,0
48110,0,2427,0
48112,0,2427,0
48114,0,2427,0
48116,0,2427,0
48118,0,2429,0
48120,0,2428,0
48122,0,2427,0
48124,67932,2415,1
48126,0,2413,0
48128,0,2413,0
48130,0,2413,0
48132,0,2414,0
48134,0,2415,0
48136,0,2415,0
48138,0,2419,0
48140,0,2419,0
48142,0,2420,0
48144,0,2420,0
48146,0,2421,0
48148,0,2420,0
48150,0,2423,0
48152,0,2423,0
48154,0,2423,0
48156,0,2423,0
48158,0,2423,0
48160,0,2424,0
48162,0,2425,0
48164,67907,2408,1
48166,0,2411,0
48168,0,2407,0
48170,0,2407,0
48172,0,2409,0
48174,0,2410,0
48176,0,2411,0
48178,0,2397,0
48180,0,2411,0
48182,0,2413,0
48184,0,2413,0
48186,0,2413,0
48188,0,2415,0
48190,0,2414,0
48192,0,2415,0
48194,0,2415,0
48196,0,2419,0
48198,0,2421,0
48200,0,2422,0
48202,0,2421,0
48204,67845,2399,1
48206,0,2395,0
48208,0,2403,0
48210,0,2401,0
48212,0,2400,0
48214,0,2403,0
48216,0,2404,0
48218,0,2400,0
48220,0,2405,0
48222,0,2407,0
48224,0,2405,0
48226,0,2407,0
48228,0,2407,0
48230,0,2411,0
48232,0,2409,0
48234,0,2410,0
48236,0,2411,0
48238,0,2411,0
48240,0,2411,0
48242,0,2415,0
48244,67846,2391,1
48246,0,2389,0
48248,0,2392,0
48250,0,2392,0
48252,0,2391,0
48254,0,2393,0
48256,0,2393,0
48258,0,2393,0
48260,0,2396,0
48262,0,2396,0
48264,0,2399,0
48266,0,2395,0
48268,0,2399,0
48270,0,2403,0
48272,0,2404,0
48274,0,2403,0
48276,0,2403,0
48278,0,2405,0
48280,0,2405,0
48282,67867,2407,1
48284,0,2405,0
48286,0,2407,0
48288,0,2407,0
48290,0,2408,0
48292,0,2408,0
48294,0,2409,0
48296,0,2410,0
48298,0,2411,0
48300,0,2411,0
48302,0,2413,0
48304,0,2413,0
48306,0,2413,0
48308,0,2415,0
48310,0,2413,0
48312,0,2415,0
48314,0,2415,0
48316,0,2415,0
48318,0,2415,0
48320,0,2419,0
48322,67861,2419,1
48324,0,2415,0
48326,0,2413,0
48328,0,2419,0
48330,0,2419,0
48332,0,2419,0
48334,0,2419,0
48336,0,2420,0
48338,0,2421,0
48340,0,2421,0
48342,0,2424,0
48344,0,2422,0
48346,0,2423,0
48348,0,2423,0
48350,0,2423,0
48352,0,2425,0
48354,0,2425,0
48356,0,2427,0
48358,0,2427,0
48360,0,2427,0
48362,67837,2423,1
48364,0,2423,0
48366,0,2423,0
48368,0,2421,0
48370,0,2424,0
48372,0,2424,0
48374,0,2425,0
48376,0,2426,0
48378,0,2420,0
48380,0,2424,0
48382,0,2425,0
48384,0,2426,0
48386,0,2429,0
48388,0,2429,0
48390,0,2427,0
48392,0,2428,0
48394,0,2429,0
48396,0,2429,0
48398,0,2429,0
48400,0,2431,0
48402,67803,2424,1
48404,0,2425,0
48406,0,2423,0
48408,0,2425,0
48410,0,2424,0
48412,0,2424,0
48414,0,2426,0
48416,0,2425,0
48418,0,2425,0
48420,0,2425,0
48422,0,2429,0
48424,0,2427,0
48426,0,2428,0
48428,0,2429,0
48430,0,2431,0
48432,0,2431,0
48434,0,2429,0
48436,0,2431,0
48438,0,2431,0
48440,0,2429,0
48442,67776,2423,1
48444,0,2423,0
48446,0,2421,0
48448,0,2423,0
48450,0,2423,0
48452,0,2424,0
48454,0,2424,0
48456,0,2423,0
48458,0,2425,0
48460,0,2425,0
48462,0,2425,0
48464,0,2427,0
48466,0,2427,0
48468,0,2428,0
48470,0,2429,0
48472,0,2429,0
48474,0,2430,0
48476,0,2429,0
48478,0,2429,0
48480,0,2429,0
48482,67791,2416,1
48484,0,2415,0
48486,0,2419,0
48488,0,2421,0
48490,0,2419,0
48492,0,2421,0
48494,0,2420,0
48496,0,2421,0
48498,0,2421,0
48500,0,2423,0
48502,0,2423,0
48504,0,2422,0
48506,0,2423,0
48508,0,2424,0
48510,0,2425,0
48512,0,2425,0
48514,0,2427,0
48516,0,2427,0
48518,0,2427,0
48520,0,2427,0
48522,67803,2413,1
48524,0,2411,0
48526,0,2411,0
48528,0,2412,0
48530,0,2411,0
48532,0,2414,0
48534,0,2413,0
48536,0,2415,0
48538,0,2415,0
48540,0,2415,0
48542,0,2415,0
48544,0,2419,0
48546,0,2411,0
48548,0,2419,0
48550,0,2419,0
48552,0,2423,0
48554,0,2420,0
48556,0,2423,0
48558,0,2423,0
48560,0,2422,0
48562,67767,2404,1
48564,0,2406,0
48566,0,2405,0
48568,0,2407,0
48570,0,2407,0
48572,0,2406,0
48574,0,2409,0
48576,0,2409,0
48578,0,2410,0
48580,0,2411,0
48582,0,2411,0
48584,0,2413,0
48586,0,2409,0
48588,0,2413,0
48590,0,2413,0
48592,0,2415,0
48594,0,2415,0
48596,0,2413,0
48598,0,2419,0
48600,0,2419,0
48602,67742,2395,1
48604,0,2395,0
48606,0,2394,0
48608,0,2403,0
48610,0,2397,0
48612,0,2397,0
48614,0,2399,0
48616,0,2403,0
48618,0,2399,0
48620,0,2405,0
48622,0,2405,0
48624,0,2405,0
48626,0,2405,0
48628,0,2405,0
48630,0,2409,0
48632,0,2399,0
48634,0,2408,0
48636,0,2409,0
48638,0,2408,0
48640,67753,2409,1
48642,0,2407,0
48644,0,2407,0
48646,0,2409,0
48648,0,2411,0
48650,0,2411,0
48652,0,2411,0
48654,0,2410,0
48656,0,2412,0
48658,0,2414,0
48660,0,2413,0
48662,0,2413,0
48664,0,2413,0
48666,0,2415,0
48668,0,2416,0
48670,0,2415,0
48672,0,2419,0
48674,0,2419,0
48676,0,2420,0
48678,0,2420,0
48680,67767,2420,1
48682,0,2421,0
48684,0,2421,0
48686,0,2421,0
48688,0,2423,0
48690,0,2421,0
48692,0,2424,0
48694,0,2425,0
48696,0,2425,0
48698,0,2424,0
48700,0,2425,0
48702,0,2425,0
48704,0,2425,0
48706,0,2426,0
48708,0,2427,0
48710,0,2427,0
48712,0,2427,0
48714,0,2427,0
48716,0,2429,0
48718,0,2429,0
48720,67767,2427,1
48722,0,2426,0
48724,0,2427,0
48726,0,2427,0
48728,0,2428,0
48730,0,2429,0
48732,0,2428,0
48734,0,2428,0
48736,0,2429,0
48738,0,2430,0
48740,0,2429,0
48742,0,2430,0
48744,0,2431,0
48746,0,2431,0
48748,0,2431,0
48750,0,2437,0
48752,0,2431,0
48754,0,2431,0
48756,0,2439,0
48758,0,2439,0
48760,67761,2431,1
48762,0,2427,0
48764,0,2429,0
48766,0,2429,0
48768,0,2429,0
48770,0,2429,0
48772,0,2431,0
48774,0,2430,0
48776,0,2437,0
48778,0,2437,0
48780,0,2438,0
48782,0,2438,0
48784,0,2439,0
48786,0,2440,0
48788,0,2439,0
48790,0,2437,0
48792,0,2439,0
48794,0,2441,0
48796,0,2441,0
48798,0,2441,0
48800,67767,2428,1
48802,0,2427,0
48804,0,2429,0
48806,0,2429,0
48808,0,2429,0
48810,0,2431,0
48812,0,2429,0
48814,0,2429,0
48816,0,2430,0
48818,0,2430,0
48820,0,2432,0
48822,0,2437,0
48824,0,2431,0
48826,0,2441,0
48828,0,2439,0
48830,0,2439,0
48832,0,2440,0
48834,0,2439,0
48836,0,2440,0
48838,0,2439,0
48840,67772,2427,1
48842,0,2425,0
48844,0,2424,0
48846,0,2423,0
48848,0,2425,0
48850,0,2426,0
48852,0,2427,0
48854,0,2428,0
48856,0,2428,0
48858,0,2428,0
48860,0,2429,0
48862,0,2427,0
48864,0,2430,0
48866,0,2429,0
48868,0,2430,0
48870,0,2429,0
48872,0,2431,0
48874,0,2431,0
48876,0,2431,0
48878,0,2430,0
48880,67801,2421,1
48882,0,2419,0
48884,0,2419,0
48886,0,2419,0
48888,0,2421,0
48890,0,2423,0
48892,0,2421,0
48894,0,2424,0
48896,0,2423,0
48898,0,2425,0
48900,0,2423,0
48902,0,2425,0
48904,0,2427,0
48906,0,2427,0
48908,0,2427,0
48910,0,2426,0
48912,0,2425,0
48914,0,2427,0
48916,0,2427,0
48918,0,2429,0
48920,67805,2412,1
48922,0,2411,0
48924,0,2411,0
48926,0,2409,0
48928,0,2419,0
48930,0,2415,0
48932,0,2415,0
48934,0,2413,0
48936,0,2415,0
48938,0,2415,0
48940,0,2415,0
48942,0,2416,0
48944,0,2419,0
48946,0,2419,0
48948,0,2420,0
48950,0,2423,0
48952,0,2425,0
48954,0,2421,0
48956,0,2423,0
48958,0,2425,0
48960,67768,2403,1
48962,0,2403,0
48964,0,2403,0
48966,0,2407,0
48968,0,2407,0
48970,0,2407,0
48972,0,2408,0
48974,0,2408,0
48976,0,2407,0
48978,0,2411,0
48980,0,2409,0
48982,0,2411,0
48984,0,2411,0
48986,0,2411,0
48988,0,2413,0
48990,0,2413,0
48992,0,2412,0
48994,0,2413,0
48996,0,2415,0
48998,0,2418,0
49000,67751,2395,1
49002,0,2395,0
49004,0,2395,0
49006,0,2394,0
49008,0,2396,0
49010,0,2395,0
49012,0,2397,0
49015,0,2397,0
49017,0,2395,0
49019,0,2399,0
49021,0,2399,0
49023,0,2404,0
49025,0,2403,0
49027,0,2406,0
49029,0,2407,0
49031,0,2407,0
49033,0,2407,0
49035,0,2411,0
49037,0,2409,0
49039,67780,2409,1
49041,0,2406,0
49043,0,2404,0
49045,0,2406,0
49047,0,2407,0
49049,0,2407,0
49051,0,2405,0
49053,0,2409,0
49055,0,2409,0
49057,0,2411,0
49059,0,2412,0
49061,0,2412,0
49063,0,2409,0
49065,0,2413,0
49067,0,2413,0
49069,0,2415,0
49071,0,2416,0
49073,0,2416,0
49075,0,2415,0
49077,0,2419,0
49079,67791,2419,1
49081,0,2416,0
49083,0,2419,0
49085,0,2419,0
49087,0,2419,0
49089,0,2423,0
49091,0,2421,0
49093,0,2420,0
49095,0,2420,0
49097,0,2421,0
49099,0,2423,0
49101,0,2424,0
49103,0,2423,0
49105,0,2424,0
49107,0,2425,0
49109,0,2423,0
49111,0,2425,0
49113,0,2427,0
49115,0,2429,0
49117,0,2427,0
49119,67792,2424,1
49121,0,2423,0
49123,0,2423,0
49125,0,2425,0
49127,0,2424,0
49129,0,2425,0
49131,0,2424,0
49133,0,2424,0
49135,0,2427,0
49137,0,2427,0
49139,0,2427,0
49141,0,2427,0
49143,0,2427,0
49145,0,2429,0
49147,0,2431,0
49149,0,2429,0
49151,0,2429,0
49153,0,2430,0
49155,0,2431,0
49157,0,2437,0
49159,67800,2425,1
49161,0,2425,0
49163,0,2425,0
49165,0,2424,0
49167,0,2426,0
49169,0,2427,0
49171,0,2425,0
49173,0,2427,0
49175,0,2427,0
49177,0,2427,0
49179,0,2429,0
49181,0,2430,0
49183,0,2429,0
49185,0,2430,0
49187,0,2431,0
49189,0,2432,0
49191,0,2431,0
49193,0,2431,0
49195,0,2432,0
49197,0,2431,0
49199,67799,2425,1
49201,0,2421,0
49203,0,2423,0
49205,0,2425,0
49207,0,2427,0
49209,0,2425,0
49211,0,2425,0
49213,0,2425,0
49215,0,2426,0
49217,0,2426,0
49219,0,2427,0
49221,0,2429,0
49223,0,2431,0
49225,0,2428,0
49227,0,2429,0
49229,0,2429,0
49231,0,2429,0
49233,0,2431,0
49235,0,2429,0
49237,0,2437,0
49239,67786,2423,1
49241,0,2419,0
49243,0,2420,0
49245,0,2420,0
49247,0,2422,0
49249,0,2423,0
49251,0,2423,0
49253,0,2423,0
49255,0,2423,0
49257,0,2425,0
49259,0,2427,0
49261,0,2425,0
49263,0,2427,0
49265,0,2425,0
49267,0,2430,0
49269,0,2428,0
49271,0,2427,0
49273,0,2429,0
49275,0,2428,0
49277,0,2427,0
49279,67793,2415,1
49281,0,2413,0
49283,0,2413,0
49285,0,2417,0
49287,0,2412,0
49289,0,2419,0
49291,0,2415,0
49293,0,2420,0
49295,0,2419,0
49297,0,2421,0
49299,0,2421,0
49301,0,2420,0
49303,0,2423,0
49305,0,2421,0
49307,0,2424,0
49309,0,2422,0
49311,0,2423,0
49313,0,2423,0
49315,0,2423,0
49317,0,2427,0
49319,67755,2409,1
49321,0,2407,0
49323,0,2407,0
49325,0,2410,0
49327,0,2409,0
49329,0,2411,0
49331,0,2409,0
49333,0,2411,0
49335,0,2413,0
49337,0,2413,0
49339,0,2413,0
49341,0,2413,0
49343,0,2413,0
49345,0,2415,0
49347,0,2415,0
49349,0,2416,0
49351,0,2418,0
49353,0,2418,0
49355,0,2419,0
49357,0,2420,0
49359,67702,2399,1
49361,0,2397,0
49363,0,2397,0
49365,0,2399,0
49367,0,2403,0
49369,0,2403,0
49371,0,2403,0
49373,0,2406,0
49375,0,2406,0
49377,0,2407,0
49379,0,2407,0
49381,0,2407,0
49383,0,2408,0
49385,0,2407,0
49387,0,2408,0
49389,0,2409,0
49391,0,2411,0
49393,0,2411,0
49395,0,2411,0
49397,0,2411,0
49399,67708,2391,1
49401,0,2389,0
49403,0,2392,0
49405,0,2391,0
49407,0,2391,0
49409,0,2393,0
49411,0,2393,0
49413,0,2395,0
49415,0,2395,0
49417,0,2396,0
49419,0,2397,0
49421,0,2399,0
49423,0,2399,0
49425,0,2398,0
49427,0,2399,0
49429,0,2403,0
49431,0,2403,0
49433,0,2403,0
49435,0,2403,0
49437,67735,2405,1
49439,0,2405,0
49441,0,2409,0
49443,0,2407,0
49445,0,2409,0
49447,0,2409,0
49449,0,2408,0
49451,0,2409,0
49453,0,2411,0
49455,0,2411,0
49457,0,2411,0
49459,0,2413,0
49461,0,2412,0
49463,0,2415,0
49465,0,2415,0
49467,0,2415,0
49469,0,2415,0
49471,0,2415,0
49473,0,2418,0
49475,0,2415,0
49477,67745,2414,1
49479,0,2415,0
49481,0,2419,0
49483,0,2419,0
49485,0,2415,0
49487,0,2416,0
49489,0,2419,0
49491,0,2420,0
49493,0,2421,0
49495,0,2422,0
49497,0,2423,0
49499,0,2425,0
49501,0,2423,0
49503,0,2423,0
49505,0,2425,0
49507,0,2423,0
49509,0,2427,0
49511,0,2429,0
49513,0,2427,0
49515,0,2427,0
49517,67754,2423,1
49519,0,2421,0
49521,0,2423,0
49523,0,2423,0
49525,0,2423,0
49527,0,2423,0
49529,0,2425,0
49531,0,2420,0
49533,0,2424,0
49535,0,2425,0
49537,0,2426,0
49539,0,2428,0
49541,0,2429,0
49543,0,2425,0
49545,0,2427,0
49547,0,2428,0
49549,0,2429,0
49551,0,2427,0
49553,0,2431,0
49555,0,2429,0
49557,67743,2423,1
49559,0,2423,0
49561,0,2423,0
49563,0,2425,0
49565,0,2423,0
49567,0,2423,0
49569,0,2425,0
49571,0,2425,0
49573,0,2427,0
49575,0,2425,0
49577,0,2425,0
49579,0,2425,0
49581,0,2427,0
49583,0,2429,0
49585,0,2428,0
49587,0,2429,0
49589,0,2429,0
49591,0,2429,0
49593,0,2429,0
49595,0,2430,0
49597,67737,2421,1
49599,0,2422,0
49601,0,2427,0
49603,0,2421,0
49605,0,2421,0
49607,0,2423,0
49609,0,2423,0
49611,0,2424,0
49613,0,2425,0
49615,0,2427,0
49617,0,2425,0
49619,0,2427,0
49621,0,2425,0
49623,0,2429,0
49625,0,2426,0
49627,0,2427,0
49629,0,2427,0
49631,0,2428,0
49633,0,2429,0
49635,0,2431,0
49637,67749,2419,1
49639,0,2415,0
49641,0,2415,0
49643,0,2415,0
49645,0,2419,0
49647,0,2421,0
49649,0,2419,0
49651,0,2421,0
49653,0,2421,0
49655,0,2422,0
49657,0,2421,0
49659,0,2423,0
49661,0,2423,0
49663,0,2423,0
49665,0,2424,0
49667,0,2425,0
49669,0,2425,0
49671,0,2425,0
49673,0,2427,0
49675,0,2426,0
49677,67766,2411,1
49679,0,2409,0
49681,0,2409,0
49683,0,2411,0
49685,0,2404,0
49687,0,2411,0
49689,0,2413,0
49691,0,2413,0
49693,0,2413,0
49695,0,2413,0
49697,0,2419,0
49699,0,2415,0
49701,0,2419,0
49703,0,2415,0
49705,0,2415,0
49707,0,2420,0
49709,0,2421,0
49711,0,2421,0
49713,0,2421,0
49715,0,2423,0
49717,67755,2405,1
49719,0,2405,0
49721,0,2403,0
49723,0,2404,0
49725,0,2407,0
49727,0,2406,0
49729,0,2407,0
49731,0,2408,0
49733,0,2409,0
49735,0,2409,0
49737,0,2411,0
49739,0,2410,0
49741,0,2411,0
49743,0,2411,0
49745,0,2413,0
49747,0,2413,0
49749,0,2413,0
49751,0,2415,0
49753,0,2419,0
49755,0,2415,0
49757,67735,2395,1
49759,0,2393,0
49761,0,2395,0
49763,0,2396,0
49765,0,2397,0
49767,0,2397,0
49769,0,2397,0
49771,0,2393,0
49773,0,2401,0
49775,0,2399,0
49777,0,2402,0
49779,0,2403,0
49781,0,2401,0
49783,0,2405,0
49785,0,2405,0
49787,0,2407,0
49789,0,2408,0
49791,0,2407,0
49793,0,2408,0
49795,67778,2409,1
49797,0,2407,0
49799,0,2405,0
49801,0,2406,0
49803,0,2407,0
49805,0,2407,0
49807,0,2410,0
49809,0,2410,0
49811,0,2411,0
49813,0,2411,0
49815,0,2411,0
49817,0,2414,0
49819,0,2413,0
49821,0,2413,0
49823,0,2413,0
49825,0,2414,0
49827,0,2415,0
49829,0,2415,0
49831,0,2415,0
49833,0,2421,0
49835,67806,2419,1
49837,0,2416,0
49839,0,2418,0
49841,0,2421,0
49843,0,2421,0
49845,0,2422,0
49847,0,2421,0
49849,0,2423,0
49851,0,2423,0
49853,0,2423,0
49855,0,2424,0
49857,0,2423,0
49859,0,2425,0
49861,0,2425,0
49863,0,2428,0
49865,0,2425,0
49867,0,2425,0
49869,0,2428,0
49871,0,2427,0
49873,0,2427,0
49875,67821,2427,1
49877,0,2425,0
49879,0,2425,0
49881,0,2425,0
49883,0,2427,0
49885,0,2427,0
49887,0,2427,0
49889,0,2427,0
49891,0,2429,0
49893,0,2427,0
49895,0,2429,0
49897,0,2429,0
49899,0,2429,0
49901,0,2431,0
49903,0,2430,0
49905,0,2430,0
49907,0,2431,0
49909,0,2437,0
49911,0,2438,0
49913,0,2431,0
49915,67840,2429,1
49917,0,2431,0
49919,0,2427,0
49921,0,2428,0
49923,0,2429,0
49925,0,2428,0
49927,0,2427,0
49929,0,2431,0
49931,0,2431,0
49933,0,2431,0
49935,0,2430,0
49937,0,2431,0
49939,0,2431,0
49941,0,2431,0
49943,0,2431,0
49945,0,2439,0
49947,0,2439,0
49949,0,2431,0
49951,0,2439,0
49953,0,2439,0
49955,67851,2429,1
49957,0,2425,0
49959,0,2425,0
49961,0,2427,0
49963,0,2427,0
49965,0,2428,0
49967,0,2429,0
49969,0,2429,0
49971,0,2428,0
49973,0,2429,0
49975,0,2429,0
49977,0,2437,0
49979,0,2441,0
49981,0,2431,0
49983,0,2431,0
49985,0,2431,0
49987,0,2431,0
49989,0,2431,0
49991,0,2439,0
49993,0,2439,0
49995,67872,2424,1
49997,0,2423,0
49999,0,2424,0
50001,0,2423,0
50003,0,2424,0
50005,0,2425,0
50007,0,2423,0
50009,0,2427,0
50011,0,2426,0
50013,0,2425,0
50015,0,2428,0
50017,0,2425,0
50019,0,2427,0
50021,0,2429,0
50023,0,2430,0
50025,0,2430,0
50027,0,2429,0
50029,0,2431,0
50031,0,2435,0
50033,0,2431,0
50035,67918,2419,1
50037,0,2415,0
50039,0,2419,0
50041,0,2419,0
50043,0,2419,0
50045,0,2421,0
50047,0,2420,0
50049,0,2421,0
50051,0,2421,0
50053,0,2423,0
50055,0,2422,0
50057,0,2424,0
50059,0,2424,0
50061,0,2423,0
50063,0,2425,0
50065,0,2425,0
50067,0,2425,0
50069,0,2425,0
50071,0,2427,0
50073,0,2427,0
50075,67939,2411,1
50077,0,2409,0
50079,0,2409,0
50081,0,2412,0
50083,0,2412,0
50085,0,2413,0
50087,0,2412,0
50089,0,2413,0
50091,0,2413,0
50093,0,2415,0
50095,0,2415,0
50097,0,2413,0
50099,0,2419,0
50101,0,2415,0
50103,0,2419,0
50105,0,2420,0
50107,0,2419,0
50109,0,2420,0
50111,0,2421,0
50113,0,2423,0
50115,67913,2403,1
50117,0,2403,0
50119,0,2403,0
50121,0,2403,0
50123,0,2406,0
50125,0,2405,0
50127,0,2397,0
50129,0,2407,0
50131,0,2409,0
50133,0,2409,0
50135,0,2408,0
50137,0,2411,0
50139,0,2409,0
50141,0,2411,0
50143,0,2411,0
50145,0,2411,0
50147,0,2411,0
50149,0,2414,0
50151,0,2413,0
50153,0,2413,0
50155,67903,2393,1
50157,0,2391,0
50159,0,2395,0
50161,0,2396,0
50163,0,2395,0
50165,0,2396,0
50167,0,2395,0
50169,0,2397,0
50171,0,2399,0
50173,0,2399,0
50175,0,2399,0
50177,0,2399,0
50179,0,2403,0
50181,0,2405,0
50183,0,2407,0
50185,0,2404,0
50187,0,2405,0
50189,0,2407,0
50191,0,2407,0
50193,67908,2407,1
50195,0,2405,0
50197,0,2403,0
50199,0,2407,0
50201,0,2407,0
50203,0,2408,0
50205,0,2407,0
50207,0,2407,0
50209,0,2409,0
50211,0,2409,0
50213,0,2409,0
50215,0,2411,0
50217,0,2412,0
50219,0,2412,0
50221,0,2412,0
50223,0,2413,0
50225,0,2415,0
50227,0,2415,0
50229,0,2415,0
50231,0,2419,0
50233,67904,2415,1
50235,0,2415,0
50237,0,2413,0
50239,0,2415,0
50241,0,2415,0
50243,0,2407,0
50245,0,2421,0
50247,0,2420,0
50249,0,2420,0
50251,0,2420,0
50253,0,2421,0
50255,0,2423,0
50257,0,2423,0
50259,0,2423,0
50261,0,2421,0
50263,0,2424,0
50265,0,2425,0
50267,0,2424,0
50269,0,2424,0
50271,0,2428,0
50273,67916,2425,1
50275,0,2421,0
50277,0,2423,0
50279,0,2423,0
50281,0,2421,0
50283,0,2425,0
50285,0,2423,0
50287,0,2425,0
50289,0,2425,0
50291,0,2427,0
50293,0,2427,0
50295,0,2427,0
50297,0,2427,0
50299,0,2428,0
50301,0,2427,0
50303,0,2428,0
50305,0,2429,0
50307,0,2427,0
50309,0,2431,0
50311,0,2437,0
50313,67925,2425,1
50315,0,2423,0
50317,0,2424,0
50319,0,2424,0
50321,0,2425,0
50323,0,2427,0
50325,0,2425,0
50327,0,2427,0
50329,0,2427,0
50331,0,2427,0
50333,0,2428,0
50335,0,2427,0
50337,0,2429,0
50339,0,2431,0
50341,0,2431,0
50343,0,2430,0
50345,0,2431,0
50347,0,2429,0
50349,0,2431,0
50351,0,2439,0
50353,67935,2423,1
50355,0,2422,0
50357,0,2423,0
50359,0,2425,0
50361,0,2425,0
50363,0,2425,0
50365,0,2426,0
50367,0,2427,0
50369,0,2443,0
50371,0,2425,0
50373,0,2427,0
50375,0,2427,0
50377,0,2427,0
50379,0,2430,0
50381,0,2429,0
50383,0,2431,0
50385,0,2429,0
50387,0,2429,0
50389,0,2429,0
50391,0,2431,0
50393,67956,2422,1
50395,0,2419,0
50397,0,2420,0
50399,0,2419,0
50401,0,2421,0
50403,0,2421,0
50405,0,2421,0
50407,0,2423,0
50409,0,2429,0
50411,0,2423,0
50413,0,2425,0
50415,0,2425,0
50417,0,2425,0
50419,0,2426,0
50421,0,2427,0
50423,0,2427,0
50425,0,2425,0
50427,0,2429,0
50429,0,2428,0
50431,0,2428,0
50433,68001,2415,1
50435,0,2412,0
50437,0,2414,0
50439,0,2415,0
50441,0,2415,0
50443,0,2415,0
50445,0,2419,0
50447,0,2418,0
50449,0,2419,0
50451,0,2419,0
50453,0,2421,0
50455,0,2421,0
50457,0,2421,0
50459,0,2421,0
50461,0,2423,0
50463,0,2423,0
50465,0,2423,0
50467,0,2423,0
50469,0,2425,0
50471,0,2425,0
50473,67995,2407,1
50475,0,2407,0
50477,0,2409,0
50479,0,2411,0
50481,0,2408,0
50483,0,2409,0
50485,0,2411,0
50487,0,2410,0
50489,0,2411,0
50491,0,2411,0
50493,0,2413,0
50495,0,2413,0
50497,0,2413,0
50499,0,2413,0
50501,0,2419,0
50503,0,2414,0
50505,0,2419,0
50507,0,2416,0
50509,0,2419,0
50511,0,2419,0
50513,67959,2397,1
50515,0,2395,0
50517,0,2397,0
50519,0,2396,0
50521,0,2402,0
50523,0,2397,0
50525,0,2402,0
50527,0,2403,0
50529,0,2405,0
50531,0,2405,0
50533,0,2405,0
50535,0,2407,0
50537,0,2407,0
50539,0,2409,0
50541,0,2409,0
50543,0,2408,0
50545,0,2409,0
50547,0,2409,0
50549,0,2413,0
50551,0,2413,0
50553,67976,2389,1
50555,0,2389,0
50557,0,2389,0
50559,0,2391,0
50561,0,2391,0
50563,0,2393,0
50565,0,2392,0
50567,0,2393,0
50569,0,2395,0
50571,0,2395,0
50573,0,2396,0
50575,0,2395,0
50577,0,2397,0
50579,0,2399,0
50581,0,2403,0
50583,0,2402,0
50585,0,2403,0
50587,0,2394,0
50589,0,2405,0
50591,68014,2405,1
50593,0,2405,0
50595,0,2407,0
50597,0,2407,0
50599,0,2409,0
50601,0,2408,0
50603,0,2409,0
50605,0,2408,0
50607,0,2409,0
50609,0,2411,0
50611,0,2411,0
50613,0,2413,0
50615,0,2413,0
50617,0,2416,0
50619,0,2415,0
50621,0,2415,0
50623,0,2415,0
50625,0,2414,0
50627,0,2415,0
50629,0,2419,0
50631,68026,2416,1
50633,0,2413,0
50635,0,2415,0
50637,0,2414,0
50639,0,2419,0
50641,0,2415,0
50643,0,2419,0
50645,0,2419,0
50647,0,2423,0
50649,0,2421,0
50651,0,2422,0
50653,0,2423,0
50655,0,2421,0
50657,0,2424,0
50659,0,2423,0
50661,0,2425,0
50663,0,2425,0
50665,0,2425,0
50667,0,2425,0
50669,0,2425,0
50671,68042,2422,1
50673,0,2423,0
50675,0,2421,0
50677,0,2422,0
50679,0,2423,0
50681,0,2419,0
50683,0,2422,0
50685,0,2425,0
50687,0,2425,0
50689,0,2425,0
50691,0,2426,0
50693,0,2425,0
50695,0,2427,0
50697,0,2427,0
50699,0,2427,0
50701,0,2430,0
50703,0,2427,0
50705,0,2428,0
50707,0,2431,0
50709,0,2428,0
50711,68061,2424,1
50713,0,2423,0
50715,0,2422,0
50717,0,2423,0
50719,0,2424,0
50721,0,2424,0
50723,0,2425,0
50725,0,2427,0
50727,0,2425,0
50729,0,2425,0
50731,0,2427,0
50733,0,2430,0
50735,0,2429,0
50737,0,2428,0
50739,0,2429,0
50741,0,2431,0
50743,0,2428,0
50745,0,2431,0
50747,0,2430,0
50749,0,2431,0
50751,68079,2423,1
50753,0,2421,0
50755,0,2421,0
50757,0,2422,0
50759,0,2423,0
50761,0,2424,0
50763,0,2424,0
50765,0,2425,0
50767,0,2425,0
50769,0,2427,0
50771,0,2425,0
50773,0,2425,0
50775,0,2429,0
50777,0,2426,0
50779,0,2426,0
50781,0,2427,0
50783,0,2427,0
50785,0,2429,0
50787,0,2428,0
50789,0,2429,0
50791,68108,2419,1
50793,0,2415,0
50795,0,2415,0
50797,0,2419,0
50799,0,2419,0
50801,0,2419,0
50803,0,2419,0
50805,0,2415,0
50807,0,2421,0
50809,0,2420,0
50811,0,2421,0
50813,0,2423,0
50815,0,2423,0
50817,0,2423,0
50819,0,2423,0
50821,0,2424,0
50823,0,2425,0
50825,0,2427,0
50827,0,2431,0
50829,0,2426,0
50831,68132,2411,1
50833,0,2409,0
50835,0,2411,0
50837,0,2411,0
50839,0,2411,0
50841,0,2413,0
50843,0,2413,0
50846,0,2415,0
50848,0,2412,0
50850,0,2415,0
50852,0,2415,0
50854,0,2415,0
50856,0,2419,0
50858,0,2419,0
50860,0,2423,0
50862,0,2421,0
50864,0,2421,0
50866,0,2421,0
50868,0,2419,0
50870,0,2423,0
50872,68118,2403,1
50874,0,2403,0
50876,0,2405,0
50878,0,2406,0
50880,0,2403,0
50882,0,2407,0
50884,0,2407,0
50886,0,2409,0
50888,0,2407,0
50890,0,2407,0
50892,0,2411,0
50894,0,2411,0
50896,0,2409,0
50898,0,2411,0
50900,0,2412,0
50902,0,2413,0
50904,0,2413,0
50906,0,2413,0
50908,0,2415,0
50910,0,2415,0
50912,68101,2393,1
50914,0,2393,0
50916,0,2394,0
50918,0,2395,0
50920,0,2397,0
50922,0,2395,0
50924,0,2397,0
50926,0,2399,0
50928,0,2403,0
50930,0,2402,0
50932,0,2403,0
50934,0,2399,0
50936,0,2405,0
50938,0,2405,0
50940,0,2406,0
50942,0,2408,0
50944,0,2406,0
50946,0,2411,0
50948,0,2409,0
50950,68129,2409,1
50952,0,2407,0
50954,0,2407,0
50956,0,2407,0
50958,0,2407,0
50960,0,2409,0
50962,0,2411,0
50964,0,2409,0
50966,0,2410,0
50968,0,2410,0
50970,0,2413,0
50972,0,2413,0
50974,0,2411,0
50976,0,2413,0
50978,0,2417,0
50980,0,2413,0
50982,0,2414,0
50984,0,2415,0
50986,0,2419,0
50988,0,2419,0
50990,68143,2415,1
50992,0,2419,0
50994,0,2415,0
50996,0,2419,0
50998,0,2419,0
51000,0,2421,0
51002,0,2421,0
51004,0,2421,0
51006,0,2423,0
51008,0,2425,0
51010,0,2424,0
51012,0,2425,0
51014,0,2425,0
51016,0,2426,0
51018,0,2427,0
51020,0,2429,0
51022,0,2427,0
51024,0,2427,0
51026,0,2427,0
51028,0,2429,0
51030,68122,2426,1
51032,0,2426,0
51034,0,2426,0
51036,0,2425,0
51038,0,2429,0
51040,0,2426,0
51042,0,2427,0
51044,0,2426,0
51046,0,2427,0
51048,0,2427,0
51050,0,2429,0
51052,0,2429,0
51054,0,2429,0
51056,0,2431,0
51058,0,2431,0
51060,0,2431,0
51062,0,2430,0
51064,0,2431,0
51066,0,2437,0
51068,0,2437,0
51070,68074,2429,1
51072,0,2425,0
51074,0,2429,0
51076,0,2427,0
51078,0,2427,0
51080,0,2429,0
51082,0,2428,0
51084,0,2429,0
51086,0,2429,0
51088,0,2431,0
51090,0,2431,0
51092,0,2431,0
51094,0,2429,0
51096,0,2432,0
51098,0,2439,0
51100,0,2437,0
51102,0,2438,0
51104,0,2431,0
51106,0,2439,0
51108,0,2431,0
51110,68038,2426,1
51112,0,2424,0
51114,0,2425,0
51116,0,2427,0
51118,0,2426,0
51120,0,2427,0
51122,0,2429,0
51124,0,2428,0
51126,0,2429,0
51128,0,2427,0
51130,0,2429,0
51132,0,2429,0
51134,0,2431,0
51136,0,2431,0
51138,0,2425,0
51140,0,2431,0
51142,0,2431,0
51144,0,2432,0
51146,0,2432,0
51148,0,2432,0
51150,68026,2425,1
51152,0,2421,0
51154,0,2424,0
51156,0,2422,0
51158,0,2425,0
51160,0,2424,0
51162,0,2427,0
51164,0,2427,0
51166,0,2425,0
51168,0,2427,0
51170,0,2425,0
51172,0,2429,0
51174,0,2428,0
51176,0,2429,0
51178,0,2428,0
51180,0,2429,0
51182,0,2429,0
51184,0,2429,0
51186,0,2430,0
51188,0,2429,0
51190,68038,2419,1
51192,0,2415,0
51194,0,2419,0
51196,0,2419,0
51198,0,2420,0
51200,0,2421,0
51202,0,2419,0
51204,0,2423,0
51206,0,2423,0
51208,0,2424,0
51210,0,2424,0
51212,0,2423,0
51214,0,2423,0
51216,0,2425,0
51218,0,2423,0
51220,0,2426,0
51222,0,2427,0
51224,0,2427,0
51226,0,2425,0
51228,0,2427,0
51230,68022,2411,1
51232,0,2410,0
51234,0,2409,0
51236,0,2409,0
51238,0,2412,0
51240,0,2413,0
51242,0,2413,0
51244,0,2414,0
51246,0,2415,0
51248,0,2413,0
51250,0,2415,0
51252,0,2419,0
51254,0,2421,0
51256,0,2419,0
51258,0,2421,0
51260,0,2420,0
51262,0,2421,0
51264,0,2429,0
51266,0,2421,0
51268,0,2423,0
51270,67961,2404,1
51272,0,2399,0
51274,0,2398,0
51276,0,2402,0
51278,0,2405,0
51280,0,2407,0
51282,0,2407,0
51284,0,2407,0
51286,0,2407,0
51288,0,2409,0
51290,0,2409,0
51292,0,2410,0
51294,0,2407,0
51296,0,2411,0
51298,0,2411,0
51300,0,2411,0
51302,0,2413,0
51304,0,2412,0
51306,0,2413,0
51308,0,2413,0
51310,67943,2393,1
51312,0,2393,0
51314,0,2393,0
51316,0,2393,0
51318,0,2393,0
51320,0,2395,0
51322,0,2396,0
51324,0,2397,0
51326,0,2398,0
51328,0,2396,0
51330,0,2403,0
51332,0,2399,0
51334,0,2399,0
51336,0,2403,0
51338,0,2409,0
51340,0,2406,0
51342,0,2405,0
51344,0,2407,0
51346,0,2407,0
51348,67956,2409,1
51350,0,2402,0
51352,0,2403,0
51354,0,2406,0
51356,0,2405,0
51358,0,2407,0
51360,0,2407,0
51362,0,2408,0
51364,0,2409,0
51366,0,2409,0
51368,0,2410,0
51370,0,2410,0
51372,0,2411,0
51374,0,2410,0
51376,0,2413,0
51378,0,2412,0
51380,0,2417,0
51382,0,2414,0
51384,0,2413,0
51386,0,2415,0
51388,67932,2415,1
51390,0,2413,0
51392,0,2415,0
51394,0,2416,0
51396,0,2419,0
51398,0,2418,0
51400,0,2419,0
51402,0,2421,0
51404,0,2420,0
51406,0,2419,0
51408,0,2421,0
51410,0,2420,0
51412,0,2423,0
51414,0,2423,0
51416,0,2424,0
51418,0,2425,0
51420,0,2423,0
51422,0,2427,0
51424,0,2425,0
51426,0,2425,0
51428,67925,2423,1
51430,0,2421,0
51432,0,2423,0
51434,0,2425,0
51436,0,2423,0
51438,0,2423,0
51440,0,2423,0
51442,0,2425,0
51444,0,2425,0
51446,0,2425,0
51448,0,2427,0
51450,0,2427,0
51452,0,2427,0
51454,0,2428,0
51456,0,2427,0
51458,0,2429,0
51460,0,2430,0
51462,0,2427,0
51464,0,2429,0
51466,0,2429,0
51468,67910,2425,1
51470,0,2423,0
51472,0,2425,0
51474,0,2424,0
51476,0,2427,0
51478,0,2427,0
51480,0,2425,0
51482,0,2427,0
51484,0,2425,0
51486,0,2429,0
51488,0,2428,0
51490,0,2427,0
51492,0,2429,0
51494,0,2427,0
51496,0,2431,0
51498,0,2431,0
51500,0,2437,0
51502,0,2430,0
51504,0,2437,0
51506,0,2428,0
51508,67895,2425,1
51510,0,2421,0
51512,0,2423,0
51514,0,2426,0
51516,0,2424,0
51518,0,2424,0
51520,0,2424,0
51522,0,2424,0
51524,0,2427,0
51526,0,2427,0
51528,0,2427,0
51530,0,2427,0
51532,0,2429,0
51534,0,2429,0
51536,0,2427,0
51538,0,2429,0
51540,0,2431,0
51542,0,2429,0
51544,0,2431,0
51546,0,2440,0
51548,67899,2421,1
51550,0,2419,0
51552,0,2419,0
51554,0,2421,0
51556,0,2420,0
51558,0,2421,0
51560,0,2423,0
51562,0,2424,0
51564,0,2423,0
51566,0,2423,0
51568,0,2425,0
51570,0,2424,0
51572,0,2425,0
51574,0,2425,0
51576,0,2427,0
51578,0,2427,0
51580,0,2427,0
51582,0,2429,0
51584,0,2428,0
51586,0,2429,0
51588,67921,2413,1
51590,0,2413,0
51592,0,2412,0
51594,0,2413,0
51596,0,2413,0
51598,0,2415,0
51600,0,2415,0
51602,0,2419,0
51604,0,2415,0
51606,0,2420,0
51608,0,2421,0
51610,0,2421,0
51612,0,2420,0
51614,0,2421,0
51616,0,2423,0
51618,0,2421,0
51620,0,2422,0
51622,0,2423,0
51624,0,2424,0
51626,0,2425,0
51628,67903,2407,1
51630,0,2406,0
51632,0,2406,0
51634,0,2405,0
51636,0,2408,0
51638,0,2409,0
51640,0,2408,0
51642,0,2409,0
51644,0,2410,0
51646,0,2411,0
51648,0,2413,0
51650,0,2412,0
51652,0,2413,0
51654,0,2413,0
51656,0,2415,0
51658,0,2415,0
51660,0,2416,0
51662,0,2419,0
51664,0,2415,0
51666,0,2419,0
51668,67849,2397,1
51670,0,2398,0
51672,0,2397,0
51674,0,2398,0
51676,0,2398,0
51678,0,2403,0
51680,0,2403,0
51682,0,2401,0
51684,0,2405,0
51686,0,2403,0
51688,0,2405,0
51690,0,2405,0
51692,0,2407,0
51694,0,2405,0
51696,0,2409,0
51698,0,2409,0
51700,0,2409,0
51702,0,2410,0
51704,0,2411,0
51706,67857,2411,1
51708,0,2409,0
51710,0,2409,0
51712,0,2409,0
51714,0,2413,0
51716,0,2411,0
51718,0,2413,0
51720,0,2420,0
51722,0,2415,0
51724,0,2413,0
51726,0,2415,0
51728,0,2415,0
51730,0,2419,0
51732,0,2420,0
51734,0,2419,0
51736,0,2421,0
51738,0,2419,0
51740,0,2419,0
51742,0,2421,0
51744,0,2421,0
51746,67875,2423,1
51748,0,2423,0
51750,0,2423,0
51752,0,2423,0
51754,0,2423,0
51756,0,2425,0
51758,0,2424,0
51760,0,2424,0
51762,0,2425,0
51764,0,2425,0
51766,0,2425,0
51768,0,2427,0
51770,0,2427,0
51772,0,2428,0
51774,0,2430,0
51776,0,2428,0
51778,0,2429,0
51780,0,2430,0
51782,0,2430,0
51784,0,2430,0
51786,67873,2427,1
51788,0,2427,0
51790,0,2429,0
51792,0,2439,0
51794,0,2428,0
51796,0,2430,0
51798,0,2429,0
51800,0,2430,0
51802,0,2431,0
51804,0,2437,0
51806,0,2431,0
51808,0,2439,0
51810,0,2437,0
51812,0,2440,0
51814,0,2431,0
51816,0,2439,0
51818,0,2440,0
51820,0,2439,0
51822,0,2439,0
51824,0,2441,0
51826,67877,2431,1
51828,0,2429,0
51830,0,2430,0
51832,0,2429,0
51834,0,2438,0
51836,0,2431,0
51838,0,2438,0
51840,0,2437,0
51842,0,2438,0
51844,0,2440,0
51846,0,2439,0
51848,0,2439,0
51850,0,2439,0
51852,0,2440,0
51854,0,2439,0
51856,0,2440,0
51858,0,2439,0
51860,0,2441,0
51862,0,2440,0
51864,0,2443,0
51866,67881,2431,1
51868,0,2429,0
51870,0,2431,0
51872,0,2431,0
51874,0,2431,0
51876,0,2431,0
51878,0,2430,0
51880,0,2431,0
51882,0,2441,0
51884,0,2439,0
51886,0,2439,0
51888,0,2439,0
51890,0,2436,0
51892,0,2439,0
51894,0,2440,0
51896,0,2441,0
51898,0,2441,0
51900,0,2439,0
51902,0,2441,0
51904,0,2441,0
51906,67875,2427,1
51908,0,2427,0
51910,0,2427,0
51912,0,2427,0
51914,0,2425,0
51916,0,2427,0
51918,0,2428,0
51920,0,2429,0
51922,0,2428,0
51924,0,2431,0
51926,0,2428,0
51928,0,2431,0
51930,0,2429,0
51932,0,2432,0
51934,0,2437,0
51936,0,2439,0
51938,0,2437,0
51940,0,2437,0
51942,0,2439,0
51944,0,2441,0
51946,67853,2421,1
51948,0,2420,0
51950,0,2423,0
51952,0,2423,0
51954,0,2421,0
51956,0,2425,0
51958,0,2425,0
51960,0,2425,0
51962,0,2427,0
51964,0,2427,0
51966,0,2427,0
51968,0,2426,0
51970,0,2425,0
51972,0,2427,0
51974,0,2427,0
51976,0,2427,0
51978,0,2429,0
51980,0,2429,0
51982,0,2431,0
51984,0,2431,0
51986,67838,2413,1
51988,0,2413,0
51990,0,2414,0
51992,0,2411,0
51994,0,2413,0
51996,0,2415,0
51998,0,2415,0
52000,0,2415,0
52002,0,2419,0
52004,0,2421,0
52006,0,2420,0
52008,0,2421,0
52010,0,2421,0
52012,0,2423,0
52014,0,2422,0
52016,0,2423,0
52018,0,2423,0
52020,0,2425,0
52022,0,2425,0
52024,0,2424,0
52026,67797,2407,1
52028,0,2406,0
52030,0,2407,0
52032,0,2408,0
52034,0,2409,0
52036,0,2407,0
52038,0,2408,0
52040,0,2411,0
52042,0,2411,0
52044,0,2413,0
52046,0,2412,0
52048,0,2411,0
52050,0,2413,0
52052,0,2413,0
52054,0,2415,0
52056,0,2415,0
52058,0,2415,0
52060,0,2415,0
52062,0,2415,0
52064,0,2419,0
52066,67764,2395,1
52068,0,2397,0
52070,0,2388,0
52072,0,2402,0
52074,0,2397,0
52076,0,2398,0
52078,0,2403,0
52080,0,2402,0
52082,0,2403,0
52084,0,2408,0
52086,0,2403,0
52088,0,2405,0
52090,0,2406,0
52092,0,2407,0
52094,0,2407,0
52096,0,2410,0
52098,0,2409,0
52100,0,2411,0
52102,0,2410,0
52104,67794,2411,1
52106,0,2407,0
52108,0,2409,0
52110,0,2409,0
52112,0,2411,0
52114,0,2409,0
52116,0,2409,0
52118,0,2412,0
52120,0,2413,0
52122,0,2413,0
52124,0,2414,0
52126,0,2413,0
52128,0,2415,0
52130,0,2415,0
52132,0,2415,0
52134,0,2418,0
52136,0,2418,0
52138,0,2419,0
52140,0,2421,0
52142,0,2419,0
52144,67800,2421,1
52146,0,2421,0
52148,0,2415,0
52150,0,2421,0
52152,0,2421,0
52154,0,2423,0
52156,0,2422,0
52158,0,2423,0
52160,0,2424,0
52162,0,2424,0
52164,0,2425,0
52166,0,2429,0
52168,0,2425,0
52170,0,2425,0
52172,0,2427,0
52174,0,2427,0
52176,0,2429,0
52178,0,2422,0
52180,0,2428,0
52182,0,2429,0
52184,67801,2425,1
52186,0,2425,0
52188,0,2425,0
52190,0,2425,0
52192,0,2427,0
52194,0,2425,0
52196,0,2427,0
52198,0,2425,0
52200,0,2429,0
52202,0,2427,0
52204,0,2429,0
52206,0,2431,0
52208,0,2430,0
52210,0,2431,0
52212,0,2436,0
52214,0,2437,0
52216,0,2429,0
52218,0,2432,0
52220,0,2437,0
52222,0,2439,0
52224,67807,2431,1
52226,0,2427,0
52228,0,2427,0
52230,0,2429,0
52232,0,2428,0
52234,0,2429,0
52236,0,2429,0
52238,0,2427,0
52240,0,2429,0
52242,0,2430,0
52244,0,2430,0
52246,0,2431,0
52248,0,2431,0
52250,0,2439,0
52252,0,2435,0
52254,0,2437,0
52256,0,2439,0
52258,0,2439,0
52260,0,2439,0
52262,0,2441,0
52264,67799,2427,1
52266,0,2424,0
52268,0,2426,0
52270,0,2426,0
52272,0,2427,0
52274,0,2429,0
52276,0,2427,0
52278,0,2429,0
52280,0,2429,0
52282,0,2429,0
52284,0,2430,0
52286,0,2431,0
52288,0,2431,0
52290,0,2439,0
52292,0,2431,0
52294,0,2431,0
52296,0,2439,0
52298,0,2439,0
52300,0,2439,0
52302,0,2440,0
52304,67795,2425,1
52306,0,2423,0
52308,0,2423,0
52310,0,2425,0
52312,0,2425,0
52314,0,2425,0
52316,0,2425,0
52318,0,2427,0
52320,0,2425,0
52322,0,2428,0
52324,0,2427,0
52326,0,2429,0
52328,0,2427,0
52330,0,2427,0
52332,0,2429,0
52334,0,2428,0
52336,0,2429,0
52338,0,2429,0
52340,0,2431,0
52342,0,2431,0
52344,67829,2419,1
52346,0,2416,0
52348,0,2419,0
52350,0,2419,0
52352,0,2419,0
52354,0,2419,0
52356,0,2421,0
52358,0,2421,0
52360,0,2421,0
52362,0,2422,0
52364,0,2423,0
52366,0,2423,0
52368,0,2425,0
52370,0,2424,0
52372,0,2425,0
52374,0,2426,0
52376,0,2427,0
52378,0,2427,0
52380,0,2427,0
52382,0,2425,0
52384,67831,2411,1
52386,0,2409,0
52388,0,2409,0
52390,0,2412,0
52392,0,2413,0
52394,0,2411,0
52396,0,2413,0
52398,0,2415,0
52400,0,2415,0
52402,0,2419,0
52404,0,2418,0
52406,0,2415,0
52408,0,2415,0
52410,0,2419,0
52412,0,2420,0
52414,0,2419,0
52416,0,2419,0
52418,0,2421,0
52420,0,2423,0
52422,0,2421,0
52424,67782,2389,1
52426,0,2399,0
52428,0,2405,0
52430,0,2407,0
52432,0,2393,0
52434,0,2405,0
52436,0,2405,0
52438,0,2406,0
52440,0,2408,0
52442,0,2409,0
52444,0,2407,0
52446,0,2411,0
52448,0,2409,0
52450,0,2411,0
52452,0,2411,0
52454,0,2411,0
52456,0,2413,0
52458,0,2413,0
52460,0,2413,0
52462,0,2415,0
52464,67788,2393,1
52466,0,2393,0
52468,0,2393,0
52470,0,2391,0
52472,0,2395,0
52474,0,2395,0
52476,0,2395,0
52478,0,2397,0
52480,0,2399,0
52482,0,2399,0
52484,0,2402,0
52486,0,2403,0
52488,0,2403,0
52490,0,2403,0
52492,0,2404,0
52494,0,2405,0
52496,0,2407,0
52498,0,2407,0
52500,0,2407,0
52502,67815,2407,1
52504,0,2403,0
52506,0,2404,0
52508,0,2405,0
52510,0,2407,0
52512,0,2411,0
52514,0,2407,0
52516,0,2405,0
52518,0,2409,0
52520,0,2407,0
52522,0,2409,0
52524,0,2408,0
52526,0,2411,0
52528,0,2413,0
52530,0,2411,0
52532,0,2413,0
52534,0,2415,0
52536,0,2413,0
52538,0,2414,0
52540,0,2415,0
52542,67817,2415,1
52544,0,2413,0
52546,0,2414,0
52548,0,2419,0
52550,0,2415,0
52552,0,2416,0
52554,0,2418,0
52556,0,2420,0
52558,0,2419,0
52560,0,2420,0
52562,0,2420,0
52564,0,2419,0
52566,0,2421,0
52568,0,2421,0
52570,0,2423,0
52572,0,2423,0
52574,0,2424,0
52576,0,2424,0
52578,0,2424,0
52580,0,2427,0
52582,67819,2423,1
52584,0,2421,0
52586,0,2423,0
52588,0,2422,0
52590,0,2421,0
52592,0,2423,0
52594,0,2423,0
52596,0,2423,0
52598,0,2426,0
52600,0,2425,0
52602,0,2427,0
52604,0,2426,0
52606,0,2427,0
52608,0,2427,0
52610,0,2427,0
52612,0,2429,0
52614,0,2427,0
52616,0,2427,0
52618,0,2429,0
52620,0,2429,0
52622,67819,2425,1
52624,0,2426,0
52626,0,2424,0
52628,0,2423,0
52630,0,2424,0
52632,0,2424,0
52634,0,2424,0
52636,0,2427,0
52638,0,2425,0
52640,0,2425,0
52642,0,2427,0
52644,0,2427,0
52646,0,2427,0
52648,0,2429,0
52650,0,2429,0
52652,0,2430,0
52654,0,2431,0
52656,0,2431,0
52658,0,2431,0
52660,0,2431,0
52662,67829,2423,1
52664,0,2422,0
52666,0,2421,0
52668,0,2425,0
52670,0,2423,0
52672,0,2425,0
52674,0,2425,0
52676,0,2426,0
52679,0,2427,0
52681,0,2424,0
52683,0,2427,0
52685,0,2427,0
52687,0,2427,0
52689,0,2427,0
52691,0,2428,0
52693,0,2427,0
52695,0,2429,0
52697,0,2429,0
52699,0,2430,0
52701,0,2430,0
52703,67841,2419,1
52705,0,2419,0
52707,0,2419,0
52709,0,2420,0
52711,0,2420,0
52713,0,2421,0
52715,0,2421,0
52717,0,2422,0
52719,0,2423,0
52721,0,2425,0
52723,0,2424,0
52725,0,2424,0
52727,0,2425,0
52729,0,2425,0
52731,0,2425,0
52733,0,2427,0
52735,0,2426,0
52737,0,2427,0
52739,0,2427,0
52741,0,2427,0
52743,67862,2413,1
52745,0,2411,0
52747,0,2411,0
52749,0,2413,0
52751,0,2412,0
52753,0,2415,0
52755,0,2415,0
52757,0,2415,0
52759,0,2415,0
52761,0,2419,0
52763,0,2419,0
52765,0,2421,0
52767,0,2420,0
52769,0,2415,0
52771,0,2416,0
52773,0,2423,0
52775,0,2421,0
52777,0,2423,0
52779,0,2423,0
52781,0,2424,0
52783,67840,2406,1
52785,0,2405,0
52787,0,2405,0
52789,0,2405,0
52791,0,2407,0
52793,0,2407,0
52795,0,2407,0
52797,0,2409,0
52799,0,2410,0
52801,0,2410,0
52803,0,2412,0
52805,0,2412,0
52807,0,2409,0
52809,0,2413,0
52811,0,2413,0
52813,0,2415,0
52815,0,2414,0
52817,0,2419,0
52819,0,2419,0
52821,0,2419,0
52823,67813,2397,1
52825,0,2397,0
52827,0,2395,0
52829,0,2396,0
52831,0,2398,0
52833,0,2402,0
52835,0,2399,0
52837,0,2403,0
52839,0,2403,0
52841,0,2403,0
52843,0,2403,0
52845,0,2405,0
52847,0,2407,0
52849,0,2411,0
52851,0,2407,0
52853,0,2407,0
52855,0,2408,0
52857,0,2409,0
52859,0,2411,0
52861,67801,2411,1
52863,0,2408,0
52865,0,2409,0
52867,0,2411,0
52869,0,2411,0
52871,0,2412,0
52873,0,2411,0
52875,0,2411,0
52877,0,2413,0
52879,0,2413,0
52881,0,2415,0
52883,0,2415,0
52885,0,2415,0
52887,0,2415,0
52889,0,2414,0
52891,0,2419,0
52893,0,2420,0
52895,0,2420,0
52897,0,2421,0
52899,0,2421,0
52901,67788,2421,1
52903,0,2423,0
52905,0,2421,0
52907,0,2421,0
52909,0,2424,0
52911,0,2423,0
52913,0,2424,0
52915,0,2424,0
52917,0,2425,0
52919,0,2423,0
52921,0,2425,0
52923,0,2427,0
52925,0,2427,0
52927,0,2427,0
52929,0,2427,0
52931,0,2427,0
52933,0,2431,0
52935,0,2431,0
52937,0,2431,0
52939,0,2431,0
52941,67788,2427,1
52943,0,2427,0
52945,0,2428,0
52947,0,2428,0
52949,0,2427,0
52951,0,2430,0
52953,0,2429,0
52955,0,2430,0
52957,0,2431,0
52959,0,2429,0
52961,0,2431,0
52963,0,2439,0
52965,0,2432,0
52967,0,2431,0
52969,0,2436,0
52971,0,2438,0
52973,0,2440,0
52975,0,2439,0
52977,0,2439,0
52979,0,2439,0
52981,67793,2431,1
52983,0,2431,0
52985,0,2431,0
52987,0,2439,0
52989,0,2431,0
52991,0,2437,0
52993,0,2439,0
52995,0,2438,0
52997,0,2439,0
52999,0,2439,0
53001,0,2437,0
53003,0,2441,0
53005,0,2439,0
53007,0,2441,0
53009,0,2440,0
53011,0,2441,0
53013,0,2441,0
53015,0,2440,0
53017,0,2443,0
53019,0,2441,0
53021,67804,2431,1
53023,0,2429,0
53025,0,2431,0
53027,0,2429,0
53029,0,2431,0
53031,0,2431,0
53033,0,2438,0
53035,0,2431,0
53037,0,2437,0
53039,0,2432,0
53041,0,2439,0
53043,0,2431,0
53045,0,2439,0
53047,0,2427,0
53049,0,2431,0
53051,0,2439,0
53053,0,2441,0
53055,0,2440,0
53057,0,2441,0
53059,0,2441,0
53061,67814,2426,1
53063,0,2425,0
53065,0,2425,0
53067,0,2427,0
53069,0,2425,0
53071,0,2429,0
53073,0,2429,0
53075,0,2429,0
53077,0,2428,0
53079,0,2429,0
53081,0,2431,0
53083,0,2429,0
53085,0,2431,0
53087,0,2439,0
53089,0,2432,0
53091,0,2437,0
53093,0,2431,0
53095,0,2437,0
53097,0,2439,0
53099,0,2437,0
53101,67848,2423,1
53103,0,2421,0
53105,0,2421,0
53107,0,2422,0
53109,0,2421,0
53111,0,2423,0
53113,0,2423,0
53115,0,2423,0
53117,0,2425,0
53119,0,2425,0
53121,0,2425,0
53123,0,2427,0
53125,0,2427,0
53127,0,2427,0
53129,0,2427,0
53131,0,2427,0
53133,0,2429,0
53135,0,2430,0
53137,0,2429,0
53139,0,2438,0
53141,67877,2413,1
53143,0,2411,0
53145,0,2415,0
53147,0,2415,0
53149,0,2412,0
53151,0,2415,0
53153,0,2416,0
53155,0,2418,0
53157,0,2420,0
53159,0,2419,0
53161,0,2419,0
53163,0,2421,0
53165,0,2421,0
53167,0,2421,0
53169,0,2421,0
53171,0,2420,0
53173,0,2423,0
53175,0,2423,0
53177,0,2425,0
53179,0,2423,0
53181,67848,2408,1
53183,0,2407,0
53185,0,2407,0
53187,0,2407,0
53189,0,2408,0
53191,0,2409,0
53193,0,2409,0
53195,0,2409,0
53197,0,2410,0
53199,0,2410,0
53201,0,2411,0
53203,0,2411,0
53205,0,2412,0
53207,0,2413,0
53209,0,2413,0
53211,0,2413,0
53213,0,2414,0
53215,0,2415,0
53217,0,2415,0
53219,0,2419,0
53221,67856,2395,1
53223,0,2397,0
53225,0,2395,0
53227,0,2396,0
53229,0,2398,0
53231,0,2399,0
53233,0,2398,0
53235,0,2403,0
53237,0,2399,0
53239,0,2403,0
53241,0,2402,0
53243,0,2405,0
53245,0,2407,0
53247,0,2405,0
53249,0,2407,0
53251,0,2407,0
53253,0,2409,0
53255,0,2410,0
53257,0,2409,0
53259,67882,2411,1
53261,0,2407,0
53263,0,2409,0
53265,0,2408,0
53267,0,2409,0
53269,0,2411,0
53271,0,2411,0
53273,0,2411,0
53275,0,2411,0
53277,0,2413,0
53279,0,2413,0
53281,0,2415,0
53283,0,2412,0
53285,0,2415,0
53287,0,2415,0
53289,0,2415,0
53291,0,2415,0
53293,0,2419,0
53295,0,2419,0
53297,0,2421,0
53299,67911,2421,1
53301,0,2419,0
53303,0,2419,0
53305,0,2421,0
53307,0,2421,0
53309,0,2422,0
53311,0,2423,0
53313,0,2422,0
53315,0,2429,0
53317,0,2423,0
53319,0,2423,0
53321,0,2423,0
53323,0,2427,0
53325,0,2425,0
53327,0,2427,0
53329,0,2425,0
53331,0,2427,0
53333,0,2427,0
53335,0,2427,0
53337,0,2428,0
53339,67930,2427,1
53341,0,2425,0
53343,0,2425,0
53345,0,2425,0
53347,0,2424,0
53349,0,2427,0
53351,0,2427,0
53353,0,2430,0
53355,0,2429,0
53357,0,2429,0
53359,0,2429,0
53361,0,2429,0
53363,0,2431,0
53365,0,2431,0
53367,0,2431,0
53369,0,2437,0
53371,0,2431,0
53373,0,2437,0
53375,0,2432,0
53377,0,2438,0
53379,67956,2429,1
53381,0,2427,0
53383,0,2427,0
53385,0,2427,0
53387,0,2427,0
53389,0,2429,0
53391,0,2429,0
53393,0,2428,0
53395,0,2431,0
53397,0,2430,0
53399,0,2431,0
53401,0,2431,0
53403,0,2431,0
53405,0,2431,0
53407,0,2431,0
53409,0,2431,0
53411,0,2439,0
53413,0,2439,0
53415,0,2438,0
53417,0,2439,0
53419,67978,2427,1
53421,0,2426,0
53423,0,2427,0
53425,0,2427,0
53427,0,2428,0
53429,0,2429,0
53431,0,2429,0
53433,0,2427,0
53435,0,2429,0
53437,0,2431,0
53439,0,2429,0
53441,0,2431,0
53443,0,2431,0
53445,0,2431,0
53447,0,2431,0
53449,0,2431,0
53451,0,2438,0
53453,0,2439,0
53455,0,2428,0
53457,0,2438,0
53459,67981,2423,1
53461,0,2421,0
53463,0,2413,0
53465,0,2423,0
53467,0,2423,0
53469,0,2425,0
53471,0,2425,0
53473,0,2439,0
53475,0,2423,0
53477,0,2427,0
53479,0,2427,0
53481,0,2427,0
53483,0,2427,0
53485,0,2427,0
53487,0,2428,0
53489,0,2429,0
53491,0,2431,0
53493,0,2431,0
53495,0,2431,0
53497,0,2431,0
53499,68017,2415,1
53501,0,2415,0
53503,0,2419,0
53505,0,2415,0
53507,0,2421,0
53509,0,2419,0
53511,0,2420,0
53513,0,2421,0
53515,0,2423,0
53517,0,2421,0
53519,0,2423,0
53521,0,2423,0
53523,0,2423,0
53525,0,2424,0
53527,0,2424,0
53529,0,2425,0
53531,0,2427,0
53533,0,2427,0
53535,0,2425,0
53537,0,2425,0
53539,68030,2411,1
53541,0,2409,0
53543,0,2407,0
53545,0,2409,0
53547,0,2411,0
53549,0,2411,0
53551,0,2412,0
53553,0,2413,0
53555,0,2415,0
53557,0,2413,0
53559,0,2415,0
53561,0,2415,0
53563,0,2415,0
53565,0,2419,0
53567,0,2421,0
53569,0,2421,0
53571,0,2421,0
53573,0,2422,0
53575,0,2423,0
53577,0,2421,0
53579,67986,2403,1
53581,0,2403,0
53583,0,2401,0
53585,0,2403,0
53587,0,2404,0
53589,0,2409,0
53591,0,2406,0
53593,0,2406,0
53595,0,2405,0
53597,0,2406,0
53599,0,2407,0
53601,0,2409,0
53603,0,2411,0
53605,0,2410,0
53607,0,2413,0
53609,0,2409,0
53611,0,2411,0
53613,0,2413,0
53615,0,2414,0
53617,0,2414,0
53619,68007,2391,1
53621,0,2391,0
53623,0,2393,0
53625,0,2393,0
53627,0,2395,0
53629,0,2395,0
53631,0,2397,0
53633,0,2396,0
53635,0,2399,0
53637,0,2398,0
53639,0,2403,0
53641,0,2403,0
53643,0,2412,0
53645,0,2403,0
53647,0,2403,0
53649,0,2405,0
53651,0,2405,0
53653,0,2407,0
53655,0,2407,0
53657,68057,2406,1
53659,0,2403,0
53661,0,2403,0
53663,0,2405,0
53665,0,2407,0
53667,0,2407,0
53669,0,2407,0
53671,0,2409,0
53673,0,2409,0
53675,0,2409,0
53677,0,2408,0
53679,0,2409,0
53681,0,2413,0
53683,0,2413,0
53685,0,2411,0
53687,0,2412,0
53689,0,2413,0
53691,0,2413,0
53693,0,2413,0
53695,0,2415,0
53697,68072,2415,1
53699,0,2415,0
53701,0,2415,0
53703,0,2414,0
53705,0,2415,0
53707,0,2419,0
53709,0,2414,0
53711,0,2419,0
53713,0,2420,0
53715,0,2420,0
53717,0,2421,0
53719,0,2421,0
53721,0,2421,0
53723,0,2423,0
53725,0,2423,0
53727,0,2424,0
53729,0,2424,0
53731,0,2424,0
53733,0,2425,0
53735,0,2423,0
53737,68087,2423,1
53739,0,2421,0
53741,0,2421,0
53743,0,2423,0
53745,0,2423,0
53747,0,2423,0
53749,0,2423,0
53751,0,2423,0
53753,0,2425,0
53755,0,2425,0
53757,0,2427,0
53759,0,2425,0
53761,0,2427,0
53763,0,2427,0
53765,0,2426,0
53767,0,2429,0
53769,0,2429,0
53771,0,2427,0
53773,0,2431,0
53775,0,2431,0
53777,68089,2424,1
53779,0,2423,0
53781,0,2424,0
53783,0,2425,0
53785,0,2425,0
53787,0,2425,0
53789,0,2425,0
53791,0,2426,0
53793,0,2425,0
53795,0,2427,0
53797,0,2427,0
53799,0,2427,0
53801,0,2427,0
53803,0,2429,0
53805,0,2429,0
53807,0,2430,0
53809,0,2431,0
53811,0,2429,0
53813,0,2431,0
53815,0,2431,0
53817,68065,2421,1
53819,0,2423,0
53821,0,2423,0
53823,0,2423,0
53825,0,2423,0
53827,0,2425,0
53829,0,2408,0
53831,0,2425,0
53833,0,2426,0
53835,0,2427,0
53837,0,2427,0
53839,0,2425,0
53841,0,2427,0
53843,0,2427,0
53845,0,2427,0
53847,0,2429,0
53849,0,2428,0
53851,0,2431,0
53853,0,2429,0
53855,0,2431,0
53857,68055,2420,1
53859,0,2415,0
53861,0,2419,0
53863,0,2419,0
53865,0,2419,0
53867,0,2421,0
53869,0,2421,0
53871,0,2422,0
53873,0,2424,0
53875,0,2422,0
53877,0,2426,0
53879,0,2422,0
53881,0,2423,0
53883,0,2425,0
53885,0,2424,0
53887,0,2427,0
53889,0,2426,0
53891,0,2427,0
53893,0,2427,0
53895,0,2428,0
53897,68083,2414,1
53899,0,2411,0
53901,0,2411,0
53903,0,2413,0
53905,0,2413,0
53907,0,2413,0
53909,0,2415,0
53911,0,2415,0
53913,0,2419,0
53915,0,2419,0
53917,0,2421,0
53919,0,2421,0
53921,0,2416,0
53923,0,2420,0
53925,0,2421,0
53927,0,2423,0
53929,0,2423,0
53931,0,2423,0
53933,0,2425,0
53935,0,2421,0
53937,68059,2405,1
53939,0,2403,0
53941,0,2407,0
53943,0,2407,0
53945,0,2407,0
53947,0,2409,0
53949,0,2409,0
53951,0,2409,0
53953,0,2409,0
53955,0,2410,0
53957,0,2411,0
53959,0,2411,0
53961,0,2412,0
53963,0,2414,0
53965,0,2413,0
53967,0,2419,0
53969,0,2415,0
53971,0,2415,0
53973,0,2414,0
53975,0,2416,0
53977,68035,2397,1
53979,0,2393,0
53981,0,2397,0
53983,0,2397,0
53985,0,2399,0
53987,0,2399,0
53989,0,2403,0
53991,0,2404,0
53993,0,2403,0
53995,0,2405,0
53997,0,2405,0
53999,0,2407,0
54001,0,2407,0
54003,0,2407,0
54005,0,2407,0
54007,0,2409,0
54009,0,2409,0
54011,0,2411,0
54013,0,2409,0
54015,68069,2411,1
54017,0,2408,0
54019,0,2409,0
54021,0,2409,0
54023,0,2411,0
54025,0,2412,0
54027,0,2410,0
54029,0,2413,0
54031,0,2413,0
54033,0,2413,0
54035,0,2415,0
54037,0,2415,0
54039,0,2415,0
54041,0,2415,0
54043,0,2419,0
54045,0,2420,0
54047,0,2423,0
54049,0,2421,0
54051,0,2421,0
54053,0,2422,0
54055,68099,2424,1
54057,0,2423,0
54059,0,2423,0
54061,0,2423,0
54063,0,2423,0
54065,0,2424,0
54067,0,2424,0
54069,0,2425,0
54071,0,2425,0
54073,0,2425,0
54075,0,2425,0
54077,0,2427,0
54079,0,2429,0
54081,0,2427,0
54083,0,2429,0
54085,0,2429,0
54087,0,2427,0
54089,0,2429,0
54091,0,2429,0
54093,0,2430,0
54095,68092,2429,1
54097,0,2427,0
54099,0,2427,0
54101,0,2427,0
54103,0,2429,0
54105,0,2428,0
54107,0,2429,0
54109,0,2429,0
54111,0,2440,0
54113,0,2431,0
54115,0,2431,0
54117,0,2438,0
54119,0,2439,0
54121,0,2431,0
54123,0,2439,0
54125,0,2437,0
54127,0,2439,0
54129,0,2440,0
54131,0,2439,0
54133,0,2440,0
54135,68081,2431,1
54137,0,2428,0
54139,0,2430,0
54141,0,2430,0
54143,0,2428,0
54145,0,2432,0
54147,0,2423,0
54149,0,2431,0
54151,0,2431,0
54153,0,2439,0
54155,0,2437,0
54157,0,2439,0
54159,0,2439,0
54161,0,2441,0
54163,0,2441,0
54165,0,2440,0
54167,0,2441,0
54169,0,2442,0
54171,0,2442,0
54173,0,2443,0
54175,68054,2431,1
54177,0,2429,0
54179,0,2431,0
54181,0,2431,0
54183,0,2430,0
54185,0,2456,0
54187,0,2437,0
54189,0,2432,0
54191,0,2431,0
54193,0,2439,0
54195,0,2439,0
54197,0,2439,0
54199,0,2439,0
54201,0,2438,0
54203,0,2440,0
54205,0,2441,0
54207,0,2440,0
54209,0,2440,0
54211,0,2441,0
54213,0,2441,0
54215,68050,2427,1
54217,0,2427,0
54219,0,2426,0
54221,0,2428,0
54223,0,2428,0
54225,0,2427,0
54227,0,2428,0
54229,0,2427,0
54231,0,2431,0
54233,0,2429,0
54235,0,2431,0
54237,0,2432,0
54239,0,2431,0
54241,0,2431,0
54243,0,2431,0
54245,0,2437,0
54247,0,2437,0
54249,0,2439,0
54251,0,2439,0
54253,0,2439,0
54255,68057,2423,1
54257,0,2421,0
54259,0,2421,0
54261,0,2423,0
54263,0,2423,0
54265,0,2423,0
54267,0,2424,0
54269,0,2424,0
54271,0,2423,0
54273,0,2423,0
54275,0,2425,0
54277,0,2427,0
54279,0,2425,0
54281,0,2428,0
54283,0,2429,0
54285,0,2428,0
54287,0,2429,0
54289,0,2428,0
54291,0,2429,0
54293,0,2430,0
54295,68060,2413,1
54297,0,2411,0
54299,0,2411,0
54301,0,2413,0
54303,0,2415,0
54305,0,2415,0
54307,0,2415,0
54309,0,2415,0
54311,0,2419,0
54313,0,2419,0
54315,0,2421,0
54317,0,2420,0
54319,0,2421,0
54321,0,2422,0
54323,0,2421,0
54325,0,2424,0
54327,0,2425,0
54329,0,2424,0
54331,0,2424,0
54333,0,2423,0
54335,68017,2407,1
54337,0,2404,0
54339,0,2405,0
54341,0,2407,0
54343,0,2409,0
54345,0,2408,0
54347,0,2409,0
54349,0,2409,0
54351,0,2411,0
54353,0,2413,0
54355,0,2411,0
54357,0,2413,0
54359,0,2413,0
54361,0,2413,0
54363,0,2415,0
54365,0,2415,0
54367,0,2415,0
54369,0,2419,0
54371,0,2415,0
54373,0,2421,0
54375,67991,2397,1
54377,0,2395,0
54379,0,2397,0
54381,0,2398,0
54383,0,2399,0
54385,0,2399,0
54387,0,2401,0
54389,0,2399,0
54391,0,2404,0
54393,0,2404,0
54395,0,2404,0
54397,0,2404,0
54399,0,2405,0
54401,0,2407,0
54403,0,2407,0
54405,0,2407,0
54407,0,2408,0
54409,0,2409,0
54411,0,2409,0
54413,68006,2409,1
54415,0,2407,0
54417,0,2407,0
54419,0,2408,0
54421,0,2409,0
54423,0,2409,0
54425,0,2411,0
54427,0,2411,0
54429,0,2413,0
54431,0,2411,0
54433,0,2413,0
54435,0,2413,0
54437,0,2415,0
54439,0,2415,0
54441,0,2415,0
54443,0,2424,0
54445,0,2419,0
54447,0,2419,0
54449,0,2419,0
54451,0,2419,0
54453,68003,2421,1
54455,0,2419,0
54457,0,2421,0
54459,0,2421,0
54461,0,2422,0
54463,0,2421,0
54465,0,2423,0
54467,0,2421,0
54469,0,2424,0
54471,0,2423,0
54473,0,2427,0
54475,0,2425,0
54477,0,2425,0
54479,0,2426,0
54481,0,2425,0
54483,0,2443,0
54485,0,2427,0
54487,0,2428,0
54489,0,2426,0
54491,0,2427,0
54493,68001,2425,1
54495,0,2425,0
54497,0,2424,0
54499,0,2427,0
54501,0,2427,0
54504,0,2427,0
54506,0,2425,0
54508,0,2427,0
54510,0,2429,0
54512,0,2429,0
54514,0,2431,0
54516,0,2427,0
54518,0,2429,0
54520,0,2431,0
54522,0,2429,0
54524,0,2430,0
54526,0,2431,0
54528,0,2431,0
54530,0,2432,0
54532,0,2437,0
54534,67996,2428,1
54536,0,2427,0
54538,0,2429,0
54540,0,2428,0
54542,0,2431,0
54544,0,2429,0
54546,0,2429,0
54548,0,2429,0
54550,0,2429,0
54552,0,2429,0
54554,0,2431,0
54556,0,2431,0
54558,0,2431,0
54560,0,2439,0
54562,0,2431,0
54564,0,2431,0
54566,0,2439,0
54568,0,2437,0
54570,0,2439,0
54572,0,2439,0
54574,67992,2427,1
54576,0,2425,0
54578,0,2427,0
54580,0,2427,0
54582,0,2429,0
54584,0,2427,0
54586,0,2427,0
54588,0,2429,0
54590,0,2429,0
54592,0,2429,0
54594,0,2429,0
54596,0,2429,0
54598,0,2431,0
54600,0,2431,0
54602,0,2430,0
54604,0,2431,0
54606,0,2431,0
54608,0,2437,0
54610,0,2439,0
54612,0,2439,0
54614,68004,2424,1
54616,0,2423,0
54618,0,2423,0
54620,0,2424,0
54622,0,2425,0
54624,0,2423,0
54626,0,2425,0
54628,0,2425,0
54630,0,2425,0
54632,0,2427,0
54634,0,2428,0
54636,0,2427,0
54638,0,2427,0
54640,0,2430,0
54642,0,2428,0
54644,0,2427,0
54646,0,2431,0
54648,0,2429,0
54650,0,2428,0
54652,0,2429,0
54654,68020,2419,1
54656,0,2415,0
54658,0,2416,0
54660,0,2415,0
54662,0,2419,0
54664,0,2420,0
54666,0,2421,0
54668,0,2423,0
54670,0,2422,0
54672,0,2421,0
54674,0,2421,0
54676,0,2423,0
54678,0,2419,0
54680,0,2424,0
54682,0,2422,0
54684,0,2423,0
54686,0,2425,0
54688,0,2425,0
54690,0,2427,0
54692,0,2427,0
54694,67984,2408,1
54696,0,2409,0
54698,0,2409,0
54700,0,2410,0
54702,0,2411,0
54704,0,2416,0
54706,0,2412,0
54708,0,2413,0
54710,0,2412,0
54712,0,2412,0
54714,0,2415,0
54716,0,2415,0
54718,0,2415,0
54720,0,2415,0
54722,0,2419,0
54724,0,2418,0
54726,0,2419,0
54728,0,2419,0
54730,0,2422,0
54732,0,2421,0
54734,67904,2401,1
54736,0,2399,0
54738,0,2399,0
54740,0,2403,0
54742,0,2403,0
54744,0,2405,0
54746,0,2405,0
54748,0,2406,0
54750,0,2409,0
54752,0,2407,0
54754,0,2407,0
54756,0,2409,0
54758,0,2407,0
54760,0,2409,0
54762,0,2410,0
54764,0,2411,0
54766,0,2411,0
54768,0,2413,0
54770,0,2411,0
54772,0,2414,0
54774,67880,2392,1
54776,0,2391,0
54778,0,2392,0
54780,0,2393,0
54782,0,2393,0
54784,0,2395,0
54786,0,2395,0
54788,0,2395,0
54790,0,2396,0
54792,0,2396,0
54794,0,2397,0
54796,0,2403,0
54798,0,2398,0
54800,0,2403,0
54802,0,2403,0
54804,0,2405,0
54806,0,2404,0
54808,0,2405,0
54810,0,2407,0
54812,67906,2408,1
54814,0,2409,0
54816,0,2407,0
54818,0,2407,0
54820,0,2411,0
54822,0,2409,0
54824,0,2408,0
54826,0,2411,0
54828,0,2411,0
54830,0,2413,0
54832,0,2413,0
54834,0,2415,0
54836,0,2415,0
54838,0,2415,0
54840,0,2415,0
54842,0,2418,0
54844,0,2418,0
54846,0,2419,0
54848,0,2420,0
54850,0,2421,0
54852,67906,2419,1
54854,0,2419,0
54856,0,2419,0
54858,0,2419,0
54860,0,2422,0
54862,0,2421,0
54864,0,2423,0
54866,0,2423,0
54868,0,2423,0
54870,0,2424,0
54872,0,2423,0
54874,0,2423,0
54876,0,2425,0
54878,0,2427,0
54880,0,2424,0
54882,0,2425,0
54884,0,2425,0
54886,0,2426,0
54888,0,2427,0
54890,0,2428,0
54892,67910,2424,1
54894,0,2422,0
54896,0,2423,0
54898,0,2422,0
54900,0,2423,0
54902,0,2427,0
54904,0,2427,0
54906,0,2427,0
54908,0,2425,0
54910,0,2425,0
54912,0,2425,0
54914,0,2440,0
54916,0,2429,0
54918,0,2427,0
54920,0,2429,0
54922,0,2428,0
54924,0,2430,0
54926,0,2429,0
54928,0,2431,0
54930,0,2431,0
54932,67906,2425,1
54934,0,2423,0
54936,0,2425,0
54938,0,2425,0
54940,0,2425,0
54942,0,2427,0
54944,0,2426,0
54946,0,2426,0
54948,0,2428,0
54950,0,2427,0
54952,0,2429,0
54954,0,2429,0
54956,0,2430,0
54958,0,2431,0
54960,0,2431,0
54962,0,2430,0
54964,0,2429,0
54966,0,2439,0
54968,0,2438,0
54970,0,2432,0
54972,67903,2425,1
54974,0,2423,0
54976,0,2422,0
54978,0,2423,0
54980,0,2425,0
54982,0,2425,0
54984,0,2426,0
54986,0,2426,0
54988,0,2428,0
54990,0,2427,0
54992,0,2427,0
54994,0,2429,0
54996,0,2428,0
54998,0,2428,0
55000,0,2422,0
55002,0,2431,0
55004,0,2429,0
55006,0,2431,0
55008,0,2437,0
55010,0,2431,0
55012,67907,2421,1
55014,0,2421,0
55016,0,2420,0
55018,0,2421,0
55020,0,2421,0
55022,0,2422,0
55024,0,2421,0
55026,0,2423,0
55028,0,2423,0
55030,0,2423,0
55032,0,2425,0
55034,0,2425,0
55036,0,2425,0
55038,0,2426,0
55040,0,2427,0
55042,0,2429,0
55044,0,2427,0
55046,0,2429,0
55048,0,2427,0
55050,0,2429,0
55052,67918,2414,1
55054,0,2412,0
55056,0,2413,0
55058,0,2414,0
55060,0,2414,0
55062,0,2413,0
55064,0,2415,0
55066,0,2415,0
55068,0,2415,0
55070,0,2415,0
55072,0,2419,0
55074,0,2421,0
55076,0,2421,0
55078,0,2423,0
55080,0,2423,0
55082,0,2424,0
55084,0,2422,0
55086,0,2423,0
55088,0,2425,0
55090,0,2425,0
55092,67897,2407,1
55094,0,2404,0
55096,0,2407,0
55098,0,2406,0
55100,0,2408,0
55102,0,2410,0
55104,0,2408,0
55106,0,2409,0
55108,0,2411,0
55110,0,2412,0
55112,0,2412,0
55114,0,2412,0
55116,0,2413,0
55118,0,2415,0
55120,0,2415,0
55122,0,2415,0
55124,0,2419,0
55126,0,2418,0
55128,0,2419,0
55130,0,2419,0
55132,67871,2397,1
55134,0,2397,0
55136,0,2395,0
55138,0,2396,0
55140,0,2402,0
55142,0,2401,0
55144,0,2402,0
55146,0,2402,0
55148,0,2406,0
55150,0,2405,0
55152,0,2406,0
55154,0,2407,0
55156,0,2407,0
55158,0,2407,0
55160,0,2408,0
55162,0,2409,0
55164,0,2409,0
55166,0,2409,0
55168,0,2411,0
55170,67896,2411,1
55172,0,2408,0
55174,0,2411,0
55176,0,2411,0
55178,0,2412,0
55180,0,2411,0
55182,0,2413,0
55184,0,2413,0
55186,0,2413,0
55188,0,2415,0
55190,0,2415,0
55192,0,2418,0
55194,0,2419,0
55196,0,2415,0
55198,0,2419,0
55200,0,2419,0
55202,0,2419,0
55204,0,2421,0
55206,0,2422,0
55208,0,2423,0
55210,67907,2425,1
55212,0,2420,0
55214,0,2423,0
55216,0,2423,0
55218,0,2424,0
55220,0,2424,0
55222,0,2424,0
55224,0,2424,0
55226,0,2427,0
55228,0,2427,0
55230,0,2425,0
55232,0,2427,0
55234,0,2429,0
55236,0,2427,0
55238,0,2427,0
55240,0,2428,0
55242,0,2429,0
55244,0,2430,0
55246,0,2431,0
55248,0,2431,0
55250,67912,2429,1
55252,0,2429,0
55254,0,2427,0
55256,0,2439,0
55258,0,2428,0
55260,0,2431,0
55262,0,2428,0
55264,0,2428,0
55266,0,2431,0
55268,0,2430,0
55270,0,2431,0
55272,0,2431,0
55274,0,2431,0
55276,0,2427,0
55278,0,2431,0
55280,0,2439,0
55282,0,2437,0
55284,0,2439,0
55286,0,2439,0
55288,0,2440,0
55290,67907,2431,1
55292,0,2431,0
55294,0,2429,0
55296,0,2431,0
55298,0,2431,0
55300,0,2437,0
55302,0,2437,0
55304,0,2437,0
55306,0,2430,0
55308,0,2432,0
55310,0,2439,0
55312,0,2439,0
55314,0,2440,0
55316,0,2439,0
55318,0,2440,0
55320,0,2441,0
55322,0,2441,0
55324,0,2441,0
55326,0,2442,0
55328,0,2439,0
55330,67909,2429,1
55332,0,2429,0
55334,0,2429,0
55336,0,2429,0
55338,0,2432,0
55340,0,2431,0
55342,0,2430,0
55344,0,2448,0
55346,0,2437,0
55348,0,2439,0
55350,0,2431,0
55352,0,2432,0
55354,0,2439,0
55356,0,2440,0
55358,0,2439,0
55360,0,2439,0
55362,0,2439,0
55364,0,2440,0
55366,0,2441,0
55368,0,2440,0
55370,67916,2427,1
55372,0,2425,0
55374,0,2427,0
55376,0,2425,0
55378,0,2428,0
55380,0,2427,0
55382,0,2427,0
55384,0,2429,0
55386,0,2429,0
55388,0,2429,0
55390,0,2431,0
55392,0,2431,0
55394,0,2430,0
55396,0,2431,0
55398,0,2427,0
55400,0,2439,0
55402,0,2431,0
55404,0,2439,0
55406,0,2431,0
55408,0,2439,0
55410,67934,2423,1
55412,0,2420,0
55414,0,2421,0
55416,0,2423,0
55418,0,2423,0
55420,0,2423,0
55422,0,2425,0
55424,0,2426,0
55426,0,2427,0
55428,0,2424,0
55430,0,2425,0
55432,0,2425,0
55434,0,2427,0
55436,0,2427,0
55438,0,2427,0
55440,0,2429,0
55442,0,2429,0
55444,0,2429,0
55446,0,2431,0
55448,0,2429,0
55450,67947,2415,1
55452,0,2413,0
55454,0,2415,0
55456,0,2413,0
55458,0,2414,0
55460,0,2415,0
55462,0,2416,0
55464,0,2419,0
55466,0,2419,0
55468,0,2418,0
55470,0,2419,0
55472,0,2421,0
55474,0,2421,0
55476,0,2423,0
55478,0,2424,0
55480,0,2422,0
55482,0,2423,0
55484,0,2423,0
55486,0,2423,0
55488,0,2425,0
55490,67906,2405,1
55492,0,2405,0
55494,0,2406,0
55496,0,2407,0
55498,0,2407,0
55500,0,2407,0
55502,0,2409,0
55504,0,2410,0
55506,0,2411,0
55508,0,2411,0
55510,0,2409,0
55512,0,2411,0
55514,0,2412,0
55516,0,2417,0
55518,0,2413,0
55520,0,2415,0
55522,0,2414,0
55524,0,2418,0
55526,0,2419,0
55528,0,2419,0
55530,67906,2395,1
55532,0,2395,0
55534,0,2395,0
55536,0,2396,0
55538,0,2397,0
55540,0,2404,0
55542,0,2399,0
55544,0,2399,0
55546,0,2403,0
55548,0,2401,0
55550,0,2405,0
55552,0,2405,0
55554,0,2407,0
55556,0,2407,0
55558,0,2407,0
55560,0,2414,0
55562,0,2408,0
55564,0,2409,0
55566,0,2410,0
55568,67923,2411,1
55570,0,2407,0
55572,0,2407,0
55574,0,2408,0
55576,0,2409,0
55578,0,2410,0
55580,0,2408,0
55582,0,2412,0
55584,0,2411,0
55586,0,2412,0
55588,0,2412,0
55590,0,2414,0
55592,0,2414,0
55594,0,2415,0
55596,0,2415,0
55598,0,2420,0
55600,0,2416,0
55602,0,2419,0
55604,0,2419,0
55606,0,2416,0
55608,67913,2416,1
55610,0,2415,0
55612,0,2420,0
55614,0,2421,0
55616,0,2421,0
55618,0,2421,0
55620,0,2423,0
55622,0,2422,0
55624,0,2424,0
55626,0,2423,0
55628,0,2423,0
55630,0,2425,0
55632,0,2425,0
55634,0,2425,0
55636,0,2427,0
55638,0,2427,0
55640,0,2428,0
55642,0,2429,0
55644,0,2427,0
55646,0,2429,0
55648,67890,2425,1
55650,0,2425,0
55652,0,2425,0
55654,0,2425,0
55656,0,2428,0
55658,0,2427,0
55660,0,2427,0
55662,0,2428,0
55664,0,2430,0
55666,0,2429,0
55668,0,2431,0
55670,0,2429,0
55672,0,2430,0
55674,0,2431,0
55676,0,2431,0
55678,0,2431,0
55680,0,2431,0
55682,0,2439,0
55684,0,2431,0
55686,0,2437,0
55688,67878,2429,1
55690,0,2427,0
55692,0,2427,0
55694,0,2427,0
55696,0,2429,0
55698,0,2429,0
55700,0,2427,0
55702,0,2428,0
55704,0,2428,0
55706,0,2431,0
55708,0,2429,0
55710,0,2431,0
55712,0,2431,0
55714,0,2431,0
55716,0,2439,0
55718,0,2431,0
55720,0,2438,0
55722,0,2432,0
55724,0,2439,0
55726,0,2439,0
55728,67881,2426,1
55730,0,2421,0
55732,0,2425,0
55734,0,2425,0
55736,0,2427,0
55738,0,2429,0
55740,0,2427,0
55742,0,2429,0
55744,0,2429,0
55746,0,2429,0
55748,0,2431,0
55750,0,2429,0
55752,0,2429,0
55754,0,2437,0
55756,0,2431,0
55758,0,2431,0
55760,0,2431,0
55762,0,2437,0
55764,0,2431,0
55766,0,2439,0
55768,67879,2424,1
55770,0,2422,0
55772,0,2425,0
55774,0,2420,0
55776,0,2425,0
55778,0,2425,0
55780,0,2425,0
55782,0,2427,0
55784,0,2425,0
55786,0,2425,0
55788,0,2425,0
55790,0,2427,0
55792,0,2428,0
55794,0,2429,0
55796,0,2427,0
55798,0,2427,0
55800,0,2429,0
55802,0,2431,0
55804,0,2431,0
55806,0,2430,0
55808,67918,2416,1
55810,0,2415,0
55812,0,2419,0
55814,0,2413,0
55816,0,2414,0
55818,0,2419,0
55820,0,2423,0
55822,0,2420,0
55824,0,2421,0
55826,0,2421,0
55828,0,2420,0
55830,0,2423,0
55832,0,2423,0
55834,0,2424,0
55836,0,2424,0
55838,0,2425,0
55840,0,2415,0
55842,0,2427,0
55844,0,2424,0
55846,0,2427,0
55848,67910,2409,1
55850,0,2409,0
55852,0,2409,0
55854,0,2408,0
55856,0,2411,0
55858,0,2407,0
55860,0,2411,0
55862,0,2411,0
55864,0,2413,0
55866,0,2415,0
55868,0,2414,0
55870,0,2415,0
55872,0,2419,0
55874,0,2415,0
55876,0,2419,0
55878,0,2420,0
55880,0,2421,0
55882,0,2419,0
55884,0,2421,0
55886,0,2421,0
55888,67860,2402,1
55890,0,2400,0
55892,0,2398,0
55894,0,2403,0
55896,0,2405,0
55898,0,2407,0
55900,0,2405,0
55902,0,2407,0
55904,0,2406,0
55906,0,2405,0
55908,0,2407,0
55910,0,2405,0
55912,0,2410,0
55914,0,2411,0
55916,0,2411,0
55918,0,2411,0
55920,0,2411,0
55922,0,2412,0
55924,0,2413,0
55926,0,2414,0
55928,67866,2391,1
55930,0,2392,0
55932,0,2393,0
55934,0,2393,0
55936,0,2393,0
55938,0,2393,0
55940,0,2395,0
55942,0,2396,0
55944,0,2397,0
55946,0,2399,0
55948,0,2398,0
55950,0,2399,0
55952,0,2401,0
55954,0,2403,0
55956,0,2405,0
55958,0,2405,0
55960,0,2405,0
55962,0,2408,0
55964,0,2405,0
55966,67886,2407,1
55968,0,2407,0
55970,0,2407,0
55972,0,2409,0
55974,0,2409,0
55976,0,2409,0
55978,0,2411,0
55980,0,2413,0
55982,0,2413,0
55984,0,2413,0
55986,0,2413,0
55988,0,2415,0
55990,0,2415,0
55992,0,2419,0
55994,0,2415,0
55996,0,2416,0
55998,0,2419,0
56000,0,2421,0
56002,0,2420,0
56004,0,2421,0
56006,67897,2421,1
56008,0,2419,0
56010,0,2419,0
56012,0,2423,0
56014,0,2419,0
56016,0,2420,0
56018,0,2421,0
56020,0,2423,0
56022,0,2421,0
56024,0,2423,0
56026,0,2424,0
56028,0,2424,0
56030,0,2424,0
56032,0,2425,0
56034,0,2425,0
56036,0,2427,0
56038,0,2427,0
56040,0,2427,0
56042,0,2427,0
56044,0,2427,0
56046,67908,2424,1
56048,0,2421,0
56050,0,2423,0
56052,0,2425,0
56054,0,2424,0
56056,0,2425,0
56058,0,2425,0
56060,0,2425,0
56062,0,2427,0
56064,0,2427,0
56066,0,2427,0
56068,0,2429,0
56070,0,2429,0
56072,0,2430,0
56074,0,2429,0
56076,0,2429,0
56078,0,2430,0
56080,0,2431,0
56082,0,2430,0
56084,0,2432,0
56086,67924,2426,1
56088,0,2425,0
56090,0,2425,0
56092,0,2425,0
56094,0,2425,0
56096,0,2427,0
56098,0,2427,0
56100,0,2427,0
56102,0,2429,0
56104,0,2429,0
56106,0,2429,0
56108,0,2438,0
56110,0,2421,0
56112,0,2429,0
56114,0,2431,0
56116,0,2431,0
56118,0,2429,0
56120,0,2431,0
56122,0,2443,0
56124,0,2432,0
56126,67939,2424,1
56128,0,2421,0
56130,0,2423,0
56132,0,2425,0
56134,0,2424,0
56136,0,2424,0
56138,0,2425,0
56140,0,2425,0
56142,0,2425,0
56144,0,2427,0
56146,0,2427,0
56148,0,2427,0
56150,0,2429,0
56152,0,2428,0
56154,0,2429,0
56156,0,2429,0
56158,0,2429,0
56160,0,2436,0
56162,0,2429,0
56164,0,2431,0
56166,67973,2421,1
56168,0,2419,0
56170,0,2421,0
56172,0,2419,0
56174,0,2421,0
56176,0,2421,0
56178,0,2423,0
56180,0,2421,0
56182,0,2424,0
56184,0,2423,0
56186,0,2424,0
56188,0,2423,0
56190,0,2425,0
56192,0,2425,0
56194,0,2425,0
56196,0,2427,0
56198,0,2427,0
56200,0,2431,0
56202,0,2428,0
56204,0,2429,0
56206,67997,2415,1
56208,0,2411,0
56210,0,2413,0
56212,0,2415,0
56214,0,2413,0
56216,0,2415,0
56218,0,2415,0
56220,0,2415,0
56222,0,2415,0
56224,0,2415,0
56226,0,2420,0
56228,0,2421,0
56230,0,2421,0
56232,0,2421,0
56234,0,2421,0
56236,0,2421,0
56238,0,2423,0
56240,0,2424,0
56242,0,2424,0
56244,0,2428,0
56246,67951,2407,1
56248,0,2405,0
56250,0,2407,0
56252,0,2407,0
56254,0,2405,0
56256,0,2407,0
56258,0,2408,0
56260,0,2409,0
56262,0,2411,0
56264,0,2412,0
56266,0,2412,0
56268,0,2413,0
56270,0,2413,0
56272,0,2414,0
56274,0,2413,0
56276,0,2415,0
56278,0,2413,0
56280,0,2419,0
56282,0,2419,0
56284,0,2418,0
56286,67940,2397,1
56288,0,2397,0
56290,0,2397,0
56292,0,2397,0
56294,0,2397,0
56296,0,2399,0
56298,0,2401,0
56300,0,2403,0
56302,0,2403,0
56304,0,2403,0
56306,0,2405,0
56308,0,2406,0
56310,0,2407,0
56312,0,2407,0
56314,0,2408,0
56316,0,2410,0
56318,0,2409,0
56320,0,2409,0
56322,0,2411,0
56324,67987,2411,1
56327,0,2407,0
56329,0,2407,0
56331,0,2409,0
56333,0,2411,0
56335,0,2410,0
56337,0,2412,0
56339,0,2413,0
56341,0,2419,0
56343,0,2414,0
56345,0,2415,0
56347,0,2414,0
56349,0,2417,0
56351,0,2415,0
56353,0,2415,0
56355,0,2414,0
56357,0,2419,0
56359,0,2419,0
56361,0,2420,0
56363,0,2421,0
56365,68018,2420,1
56367,0,2420,0
56369,0,2421,0
56371,0,2421,0
56373,0,2438,0
56375,0,2423,0
56377,0,2423,0
56379,0,2424,0
56381,0,2425,0
56383,0,2425,0
56385,0,2425,0
56387,0,2426,0
56389,0,2426,0
56391,0,2427,0
56393,0,2427,0
56395,0,2428,0
56397,0,2427,0
56399,0,2428,0
56401,0,2427,0
56403,0,2430,0
56405,68041,2427,1
56407,0,2425,0
56409,0,2429,0
56411,0,2427,0
56413,0,2429,0
56415,0,2429,0
56417,0,2429,0
56419,0,2428,0
56421,0,2431,0
56423,0,2429,0
56425,0,2429,0
56427,0,2431,0
56429,0,2430,0
56431,0,2431,0
56433,0,2431,0
56435,0,2431,0
56437,0,2437,0
56439,0,2439,0
56441,0,2439,0
56443,0,2432,0
56445,68081,2431,1
56447,0,2428,0
56449,0,2422,0
56451,0,2429,0
56453,0,2429,0
56455,0,2429,0
56457,0,2439,0
56459,0,2431,0
56461,0,2431,0
56463,0,2432,0
56465,0,2431,0
56467,0,2430,0
56469,0,2431,0
56471,0,2439,0
56473,0,2441,0
56475,0,2439,0
56477,0,2439,0
56479,0,2440,0
56481,0,2439,0
56483,0,2439,0
56485,68089,2427,1
56487,0,2427,0
56489,0,2427,0
56491,0,2429,0
56493,0,2429,0
56495,0,2428,0
56497,0,2430,0
56499,0,2431,0
56501,0,2429,0
56503,0,2431,0
56505,0,2431,0
56507,0,2430,0
56509,0,2438,0
56511,0,2437,0
56513,0,2440,0
56515,0,2438,0
56517,0,2439,0
56519,0,2439,0
56521,0,2439,0
56523,0,2439,0
56525,68067,2424,1
56527,0,2423,0
56529,0,2423,0
56531,0,2425,0
56533,0,2427,0
56535,0,2426,0
56537,0,2428,0
56539,0,2427,0
56541,0,2429,0
56543,0,2427,0
56545,0,2427,0
56547,0,2428,0
56549,0,2429,0
56551,0,2429,0
56553,0,2431,0
56555,0,2429,0
56557,0,2430,0
56559,0,2431,0
56561,0,2431,0
56563,0,2431,0
56565,68083,2419,1
56567,0,2419,0
56569,0,2419,0
56571,0,2421,0
56573,0,2421,0
56575,0,2424,0
56577,0,2422,0
56579,0,2422,0
56581,0,2425,0
56583,0,2424,0
56585,0,2423,0
56587,0,2423,0
56589,0,2425,0
56591,0,2424,0
56593,0,2425,0
56595,0,2427,0
56597,0,2427,0
56599,0,2427,0
56601,0,2428,0
56603,0,2428,0
56605,68094,2411,1
56607,0,2411,0
56609,0,2410,0
56611,0,2413,0
56613,0,2413,0
56615,0,2413,0
56617,0,2415,0
56619,0,2413,0
56621,0,2415,0
56623,0,2415,0
56625,0,2422,0
56627,0,2419,0
56629,0,2419,0
56631,0,2420,0
56633,0,2421,0
56635,0,2421,0
56637,0,2423,0
56639,0,2424,0
56641,0,2423,0
56643,0,2423,0
56645,68051,2405,1
56647,0,2403,0
56649,0,2404,0
56651,0,2406,0
56653,0,2407,0
56655,0,2407,0
56657,0,2408,0
56659,0,2409,0
56661,0,2408,0
56663,0,2411,0
56665,0,2409,0
56667,0,2411,0
56669,0,2408,0
56671,0,2414,0
56673,0,2412,0
56675,0,2413,0
56677,0,2414,0
56679,0,2413,0
56681,0,2415,0
56683,0,2415,0
56685,68049,2392,1
56687,0,2393,0
56689,0,2394,0
56691,0,2395,0
56693,0,2395,0
56695,0,2395,0
56697,0,2397,0
56699,0,2396,0
56701,0,2399,0
56703,0,2397,0
56705,0,2404,0
56707,0,2403,0
56709,0,2405,0
56711,0,2404,0
56713,0,2407,0
56715,0,2413,0
56717,0,2407,0
56719,0,2406,0
56721,0,2406,0
56723,68085,2411,1
56725,0,2405,0
56727,0,2406,0
56729,0,2407,0
56731,0,2407,0
56733,0,2407,0
56735,0,2409,0
56737,0,2405,0
56739,0,2409,0
56741,0,2411,0
56743,0,2411,0
56745,0,2411,0
56747,0,2413,0
56749,0,2414,0
56751,0,2415,0
56753,0,2413,0
56755,0,2415,0
56757,0,2415,0
56759,0,2415,0
56761,0,2415,0
56763,68113,2419,1
56765,0,2411,0
56767,0,2419,0
56769,0,2419,0
56771,0,2421,0
56773,0,2420,0
56775,0,2423,0
56777,0,2423,0
56779,0,2421,0
56781,0,2423,0
56783,0,2427,0
56785,0,2423,0
56787,0,2425,0
56789,0,2424,0
56791,0,2426,0
56793,0,2425,0
56795,0,2426,0
56797,0,2427,0
56799,0,2427,0
56801,0,2429,0
56803,68111,2423,1
56805,0,2424,0
56807,0,2423,0
56809,0,2424,0
56811,0,2425,0
56813,0,2425,0
56815,0,2424,0
56817,0,2427,0
56819,0,2427,0
56821,0,2427,0
56823,0,2428,0
56825,0,2427,0
56827,0,2430,0
56829,0,2429,0
56831,0,2429,0
56833,0,2428,0
56835,0,2423,0
56837,0,2431,0
56839,0,2429,0
56841,0,2431,0
56843,68126,2426,1
56845,0,2430,0
56847,0,2425,0
56849,0,2425,0
56851,0,2425,0
56853,0,2429,0
56855,0,2427,0
56857,0,2427,0
56859,0,2428,0
56861,0,2427,0
56863,0,2429,0
56865,0,2429,0
56867,0,2431,0
56869,0,2429,0
56871,0,2431,0
56873,0,2437,0
56875,0,2431,0
56877,0,2437,0
56879,0,2431,0
56881,0,2439,0
56883,68120,2425,1
56885,0,2423,0
56887,0,2425,0
56889,0,2425,0
56891,0,2425,0
56893,0,2425,0
56895,0,2427,0
56897,0,2427,0
56899,0,2429,0
56901,0,2426,0
56903,0,2428,0
56905,0,2429,0
56907,0,2429,0
56909,0,2429,0
56911,0,2431,0
56913,0,2431,0
56915,0,2431,0
56917,0,2431,0
56919,0,2437,0
56921,0,2438,0
56923,68133,2422,1
56925,0,2423,0
56927,0,2420,0
56929,0,2423,0
56931,0,2423,0
56933,0,2423,0
56935,0,2423,0
56937,0,2423,0
56939,0,2425,0
56941,0,2424,0
56943,0,2426,0
56945,0,2427,0
56947,0,2425,0
56949,0,2427,0
56951,0,2427,0
56953,0,2427,0
56955,0,2427,0
56957,0,2429,0
56959,0,2429,0
56961,0,2429,0
56963,68162,2415,1
56965,0,2414,0
56967,0,2415,0
56969,0,2415,0
56971,0,2419,0
56973,0,2419,0
56975,0,2419,0
56977,0,2419,0
56979,0,2421,0
56981,0,2422,0
56983,0,2415,0
56985,0,2421,0
56987,0,2421,0
56989,0,2422,0
56991,0,2423,0
56993,0,2424,0
56995,0,2424,0
56997,0,2426,0
56999,0,2425,0
57001,0,2426,0
57003,68168,2408,1
57005,0,2409,0
57007,0,2407,0
57009,0,2409,0
57011,0,2411,0
57013,0,2411,0
57015,0,2408,0
57017,0,2411,0
57019,0,2413,0
57021,0,2415,0
57023,0,2414,0
57025,0,2414,0
57027,0,2415,0
57029,0,2415,0
57031,0,2419,0
57033,0,2420,0
57035,0,2420,0
57037,0,2419,0
57039,0,2421,0
57041,0,2421,0
57043,68139,2397,1
57045,0,2397,0
57047,0,2402,0
57049,0,2403,0
57051,0,2403,0
57053,0,2403,0
57055,0,2404,0
57057,0,2405,0
57059,0,2415,0
57061,0,2407,0
57063,0,2409,0
57065,0,2408,0
57067,0,2409,0
57069,0,2411,0
57071,0,2409,0
57073,0,2409,0
57075,0,2411,0
57077,0,2411,0
57079,0,2412,0
57081,0,2412,0
57083,68155,2389,1
57085,0,2389,0
57087,0,2390,0
57089,0,2393,0
57091,0,2392,0
57093,0,2393,0
57095,0,2393,0
57097,0,2396,0
57099,0,2397,0
57101,0,2397,0
57103,0,2397,0
57105,0,2401,0
57107,0,2403,0
57109,0,2403,0
57111,0,2403,0
57113,0,2404,0
57115,0,2405,0
57117,0,2405,0
57119,0,2405,0
57121,68181,2408,1
57123,0,2408,0
57125,0,2408,0
57127,0,2408,0
57129,0,2409,0
57131,0,2409,0
57133,0,2411,0
57135,0,2411,0
57137,0,2411,0
57139,0,2413,0
57141,0,2413,0
57143,0,2415,0
57145,0,2413,0
57147,0,2415,0
57149,0,2415,0
57151,0,2423,0
57153,0,2415,0
57155,0,2419,0
57157,0,2420,0
57159,0,2419,0
57161,68187,2420,1
57163,0,2415,0
57165,0,2415,0
57167,0,2419,0
57169,0,2420,0
57171,0,2422,0
57173,0,2420,0
57175,0,2423,0
57177,0,2421,0
57179,0,2423,0
57181,0,2423,0
57183,0,2422,0
57185,0,2424,0
57187,0,2424,0
57189,0,2423,0
57191,0,2426,0
57193,0,2427,0
57195,0,2425,0
57197,0,2427,0
57199,0,2427,0
57201,68179,2423,1
57203,0,2421,0
57205,0,2423,0
57207,0,2424,0
57209,0,2425,0
57211,0,2425,0
57213,0,2424,0
57215,0,2431,0
57217,0,2427,0
57219,0,2427,0
57221,0,2426,0
57223,0,2427,0
57225,0,2427,0
57227,0,2429,0
57229,0,2428,0
57231,0,2430,0
57233,0,2429,0
57235,0,2430,0
57237,0,2431,0
57239,0,2431,0
57241,68161,2442,1
57243,0,2423,0
57245,0,2425,0
57247,0,2423,0
57249,0,2425,0
57251,0,2427,0
57253,0,2427,0
57255,0,2428,0
57257,0,2429,0
57259,0,2429,0
57261,0,2429,0
57263,0,2429,0
57265,0,2431,0
57267,0,2419,0
57269,0,2429,0
57271,0,2429,0
57273,0,2437,0
57275,0,2431,0
57277,0,2437,0
57279,0,2432,0
57281,68152,2423,1
57283,0,2422,0
57285,0,2423,0
57287,0,2423,0
57289,0,2422,0
57291,0,2425,0
57293,0,2425,0
57295,0,2424,0
57297,0,2425,0
57299,0,2427,0
57301,0,2427,0
57303,0,2427,0
57305,0,2429,0
57307,0,2431,0
57309,0,2429,0
57311,0,2430,0
57313,0,2429,0
57315,0,2431,0
57317,0,2431,0
57319,0,2431,0
57321,68162,2419,1
57323,0,2419,0
57325,0,2421,0
57327,0,2419,0
57329,0,2421,0
57331,0,2421,0
57333,0,2421,0
57335,0,2421,0
57337,0,2423,0
57339,0,2422,0
57341,0,2424,0
57343,0,2425,0
57345,0,2425,0
57347,0,2427,0
57349,0,2425,0
57351,0,2426,0
57353,0,2427,0
57355,0,2427,0
57357,0,2427,0
57359,0,2427,0
57361,68161,2412,1
57363,0,2411,0
57365,0,2411,0
57367,0,2413,0
57369,0,2413,0
57371,0,2413,0
57373,0,2415,0
57375,0,2416,0
57377,0,2419,0
57379,0,2415,0
57381,0,2421,0
57383,0,2421,0
57385,0,2421,0
57387,0,2420,0
57389,0,2421,0
57391,0,2422,0
57393,0,2429,0
57395,0,2425,0
57397,0,2423,0
57399,0,2426,0
57401,68078,2405,1
57403,0,2405,0
57405,0,2407,0
57407,0,2407,0
57409,0,2407,0
57411,0,2408,0
57413,0,2407,0
57415,0,2411,0
57417,0,2409,0
57419,0,2411,0
57421,0,2412,0
57423,0,2411,0
57425,0,2413,0
57427,0,2413,0
57429,0,2413,0
57431,0,2413,0
57433,0,2413,0
57435,0,2419,0
57437,0,2415,0
57439,0,2419,0
57441,68015,2396,1
57443,0,2395,0
57445,0,2397,0
57447,0,2397,0
57449,0,2397,0
57451,0,2397,0
57453,0,2403,0
57455,0,2403,0
57457,0,2403,0
57459,0,2405,0
57461,0,2404,0
57463,0,2405,0
57465,0,2407,0
57467,0,2407,0
57469,0,2407,0
57471,0,2409,0
57473,0,2409,0
57475,0,2411,0
57477,0,2411,0
57479,68002,2420,1
57481,0,2409,0
57483,0,2409,0
57485,0,2409,0
57487,0,2420,0
57489,0,2411,0
57491,0,2411,0
57493,0,2413,0
57495,0,2413,0
57497,0,2421,0
57499,0,2415,0
57501,0,2415,0
57503,0,2415,0
57505,0,2419,0
57507,0,2421,0
57509,0,2419,0
57511,0,2420,0
57513,0,2421,0
57515,0,2419,0
57517,0,2420,0
57519,68002,2422,1
57521,0,2421,0
57523,0,2423,0
57525,0,2423,0
57527,0,2423,0
57529,0,2423,0
57531,0,2424,0
57533,0,2425,0
57535,0,2425,0
57537,0,2426,0
57539,0,2425,0
57541,0,2427,0
57543,0,2427,0
57545,0,2427,0
57547,0,2428,0
57549,0,2430,0
57551,0,2429,0
57553,0,2430,0
57555,0,2431,0
57557,0,2431,0
57559,67995,2429,1
57561,0,2427,0
57563,0,2427,0
57565,0,2429,0
57567,0,2427,0
57569,0,2427,0
57571,0,2429,0
57573,0,2430,0
57575,0,2436,0
57577,0,2431,0
57579,0,2437,0
57581,0,2431,0
57583,0,2431,0
57585,0,2440,0
57587,0,2437,0
57589,0,2438,0
57591,0,2439,0
57593,0,2429,0
57595,0,2439,0
57597,0,2440,0
57599,67989,2430,1
57601,0,2430,0
57603,0,2430,0
57605,0,2431,0
57607,0,2431,0
57609,0,2437,0
57611,0,2431,0
57613,0,2431,0
57615,0,2438,0
57617,0,2438,0
57619,0,2437,0
57621,0,2439,0
57623,0,2439,0
57625,0,2441,0
57627,0,2438,0
57629,0,2440,0
57631,0,2441,0
57633,0,2441,0
57635,0,2441,0
57637,0,2441,0
57639,67997,2431,1
57641,0,2429,0
57643,0,2429,0
57645,0,2429,0
57647,0,2429,0
57649,0,2431,0
57651,0,2429,0
57653,0,2431,0
57655,0,2438,0
57657,0,2439,0
57659,0,2431,0
57661,0,2439,0
57663,0,2439,0
57665,0,2439,0
57667,0,2439,0
57669,0,2439,0
57671,0,2439,0
57673,0,2441,0
57675,0,2441,0
57677,0,2441,0
57679,67983,2427,1
57681,0,2425,0
57683,0,2427,0
57685,0,2427,0
57687,0,2427,0
57689,0,2429,0
57691,0,2429,0
57693,0,2429,0
57695,0,2429,0
57697,0,2431,0
57699,0,2430,0
57701,0,2429,0
57703,0,2431,0
57705,0,2431,0
57707,0,2437,0
57709,0,2431,0
57711,0,2438,0
57713,0,2437,0
57715,0,2437,0
57717,0,2439,0
57719,68000,2420,1
57721,0,2420,0
57723,0,2423,0
57725,0,2422,0
57727,0,2423,0
57729,0,2421,0
57731,0,2423,0
57733,0,2423,0
57735,0,2425,0
57737,0,2425,0
57739,0,2428,0
57741,0,2427,0
57743,0,2427,0
57745,0,2425,0
57747,0,2427,0
57749,0,2427,0
57751,0,2428,0
57753,0,2429,0
57755,0,2429,0
57757,0,2428,0
57759,67990,2413,1
57761,0,2413,0
57763,0,2411,0
57765,0,2413,0
57767,0,2415,0
57769,0,2415,0
57771,0,2416,0
57773,0,2419,0
57775,0,2419,0
57777,0,2419,0
57779,0,2419,0
57781,0,2421,0
57783,0,2421,0
57785,0,2423,0
57787,0,2421,0
57789,0,2425,0
57791,0,2423,0
57793,0,2425,0
57795,0,2423,0
57797,0,2425,0
57799,67933,2407,1
57801,0,2404,0
57803,0,2405,0
57805,0,2407,0
57807,0,2409,0
57809,0,2399,0
57811,0,2409,0
57813,0,2409,0
57815,0,2410,0
57817,0,2411,0
57819,0,2411,0
57821,0,2411,0
57823,0,2412,0
57825,0,2415,0
57827,0,2415,0
57829,0,2414,0
57831,0,2413,0
57833,0,2415,0
57835,0,2419,0
57837,0,2415,0
57839,67925,2396,1
57841,0,2397,0
57843,0,2395,0
57845,0,2396,0
57847,0,2397,0
57849,0,2399,0
57851,0,2399,0
57853,0,2403,0
57855,0,2403,0
57857,0,2404,0
57859,0,2403,0
57861,0,2407,0
57863,0,2407,0
57865,0,2408,0
57867,0,2407,0
57869,0,2408,0
57871,0,2408,0
57873,0,2409,0
57875,0,2409,0
57877,67953,2409,1
57879,0,2407,0
57881,0,2407,0
57883,0,2409,0
57885,0,2411,0
57887,0,2409,0
57889,0,2411,0
57891,0,2413,0
57893,0,2409,0
57895,0,2413,0
57897,0,2411,0
57899,0,2413,0
57901,0,2413,0
57903,0,2415,0
57905,0,2415,0
57907,0,2414,0
57909,0,2419,0
57911,0,2419,0
57913,0,2419,0
57915,0,2420,0
57917,67970,2420,1
57919,0,2415,0
57921,0,2419,0
57923,0,2421,0
57925,0,2421,0
57927,0,2421,0
57929,0,2421,0
57931,0,2423,0
57933,0,2423,0
57935,0,2424,0
57937,0,2425,0
57939,0,2423,0
57941,0,2425,0
57943,0,2425,0
57945,0,2427,0
57947,0,2426,0
57949,0,2427,0
57951,0,2429,0
57953,0,2427,0
57955,0,2429,0
57957,67967,2426,1
57959,0,2425,0
57961,0,2423,0
57963,0,2424,0
57965,0,2425,0
57967,0,2427,0
57969,0,2427,0
57971,0,2427,0
57973,0,2427,0
57975,0,2431,0
57977,0,2429,0
57979,0,2428,0
57981,0,2431,0
57983,0,2429,0
57985,0,2431,0
57987,0,2431,0
57989,0,2431,0
57991,0,2436,0
57993,0,2431,0
57995,0,2444,0
57997,67966,2425,1
57999,0,2427,0
58001,0,2427,0
58003,0,2427,0
58005,0,2427,0
58007,0,2428,0
58009,0,2429,0
58011,0,2429,0
58013,0,2429,0
58015,0,2429,0
58017,0,2431,0
58019,0,2431,0
58021,0,2427,0
58023,0,2431,0
58025,0,2431,0
58027,0,2437,0
58029,0,2437,0
58031,0,2439,0
58033,0,2439,0
58035,0,2441,0
58037,67965,2427,1
58039,0,2425,0
58041,0,2425,0
58043,0,2427,0
58045,0,2427,0
58047,0,2427,0
58049,0,2427,0
58051,0,2428,0
58053,0,2428,0
58055,0,2430,0
58057,0,2431,0
58059,0,2429,0
58061,0,2429,0
58063,0,2429,0
58065,0,2431,0
58067,0,2439,0
58069,0,2431,0
58071,0,2437,0
58073,0,2439,0
58075,0,2439,0
58077,67967,2423,1
58079,0,2423,0
58081,0,2423,0
58083,0,2424,0
58085,0,2425,0
58087,0,2424,0
58089,0,2425,0
58091,0,2427,0
58093,0,2427,0
58095,0,2427,0
58097,0,2427,0
58099,0,2428,0
58101,0,2427,0
58103,0,2429,0
58105,0,2429,0
58107,0,2429,0
58109,0,2432,0
58111,0,2429,0
58113,0,2431,0
58115,0,2432,0
58117,67992,2419,1
58119,0,2418,0
58121,0,2415,0
58123,0,2419,0
58125,0,2415,0
58127,0,2422,0
58129,0,2421,0
58131,0,2421,0
58133,0,2422,0
58135,0,2424,0
58137,0,2423,0
58139,0,2425,0
58141,0,2424,0
58143,0,2425,0
58145,0,2425,0
58147,0,2424,0
58149,0,2425,0
58151,0,2427,0
58153,0,2426,0
58155,0,2427,0
58157,67988,2410,1
58159,0,2410,0
58161,0,2411,0
58163,0,2411,0
58165,0,2410,0
58167,0,2411,0
58169,0,2413,0
58171,0,2413,0
58174,0,2415,0
58176,0,2415,0
58178,0,2413,0
58180,0,2415,0
58182,0,2415,0
58184,0,2419,0
58186,0,2423,0
58188,0,2419,0
58190,0,2421,0
58192,0,2419,0
58194,0,2421,0
58196,0,2423,0
58198,67941,2397,1
58200,0,2401,0
58202,0,2403,0
58204,0,2403,0
58206,0,2403,0
58208,0,2405,0
58210,0,2407,0
58212,0,2405,0
58214,0,2406,0
58216,0,2407,0
58218,0,2406,0
58220,0,2408,0
58222,0,2410,0
58224,0,2408,0
58226,0,2411,0
58228,0,2412,0
58230,0,2413,0
58232,0,2413,0
58234,0,2412,0
58236,0,2413,0
58238,67936,2393,1
58240,0,2391,0
58242,0,2391,0
58244,0,2393,0
58246,0,2397,0
58248,0,2395,0
58250,0,2397,0
58252,0,2396,0
58254,0,2395,0
58256,0,2397,0
58258,0,2399,0
58260,0,2399,0
58262,0,2403,0
58264,0,2404,0
58266,0,2403,0
58268,0,2405,0
58270,0,2405,0
58272,0,2405,0
58274,0,2405,0
58276,67919,2409,1
58278,0,2408,0
58280,0,2407,0
58282,0,2408,0
58284,0,2411,0
58286,0,2395,0
58288,0,2411,0
58290,0,2411,0
58292,0,2413,0
58294,0,2413,0
58296,0,2413,0
58298,0,2415,0
58300,0,2419,0
58302,0,2417,0
58304,0,2415,0
58306,0,2415,0
58308,0,2417,0
58310,0,2415,0
58312,0,2421,0
58314,0,2419,0
58316,67901,2419,1
58318,0,2421,0
58320,0,2419,0
58322,0,2419,0
58324,0,2420,0
58326,0,2419,0
58328,0,2422,0
58330,0,2423,0
58332,0,2421,0
58334,0,2422,0
58336,0,2423,0
58338,0,2424,0
58340,0,2425,0
58342,0,2423,0
58344,0,2427,0
58346,0,2427,0
58348,0,2426,0
58350,0,2429,0
58352,0,2427,0
58354,0,2427,0
58356,67903,2423,1
58358,0,2423,0
58360,0,2423,0
58362,0,2424,0
58364,0,2425,0
58366,0,2424,0
58368,0,2425,0
58370,0,2425,0
58372,0,2427,0
58374,0,2427,0
58376,0,2425,0
58378,0,2429,0
58380,0,2428,0
58382,0,2429,0
58384,0,2428,0
58386,0,2431,0
58388,0,2429,0
58390,0,2431,0
58392,0,2437,0
58394,0,2431,0
58396,67895,2425,1
58398,0,2425,0
58400,0,2425,0
58402,0,2425,0
58404,0,2425,0
58406,0,2426,0
58408,0,2431,0
58410,0,2427,0
58412,0,2427,0
58414,0,2428,0
58416,0,2429,0
58418,0,2429,0
58420,0,2431,0
58422,0,2431,0
58424,0,2431,0
58426,0,2431,0
58428,0,2431,0
58430,0,2441,0
58432,0,2437,0
58434,0,2431,0
58436,67905,2425,1
58438,0,2422,0
58440,0,2423,0
58442,0,2425,0
58444,0,2424,0
58446,0,2425,0
58448,0,2424,0
58450,0,2425,0
58452,0,2427,0
58454,0,2427,0
58456,0,2427,0
58458,0,2431,0
58460,0,2428,0
58462,0,2427,0
58464,0,2429,0
58466,0,2429,0
58468,0,2430,0
58470,0,2431,0
58472,0,2431,0
58474,0,2431,0
58476,67925,2420,1
58478,0,2423,0
58480,0,2420,0
58482,0,2420,0
58484,0,2423,0
58486,0,2421,0
58488,0,2423,0
58490,0,2423,0
58492,0,2425,0
58494,0,2424,0
58496,0,2424,0
58498,0,2424,0
58500,0,2424,0
58502,0,2427,0
58504,0,2427,0
58506,0,2429,0
58508,0,2424,0
58510,0,2427,0
58512,0,2427,0
58514,0,2427,0
58516,67943,2413,1
58518,0,2411,0
58520,0,2412,0
58522,0,2413,0
58524,0,2415,0
58526,0,2414,0
58528,0,2415,0
58530,0,2416,0
58532,0,2416,0
58534,0,2419,0
58536,0,2419,0
58538,0,2420,0
58540,0,2420,0
58542,0,2421,0
58544,0,2421,0
58546,0,2423,0
58548,0,2421,0
58550,0,2425,0
58552,0,2425,0
58554,0,2424,0
58556,67911,2407,1
58558,0,2405,0
58560,0,2407,0
58562,0,2403,0
58564,0,2395,0
58566,0,2408,0
58568,0,2410,0
58570,0,2409,0
58572,0,2411,0
58574,0,2409,0
58576,0,2411,0
58578,0,2413,0
58580,0,2412,0
58582,0,2413,0
58584,0,2421,0
58586,0,2408,0
58588,0,2419,0
58590,0,2415,0
58592,0,2415,0
58594,0,2419,0
58596,67881,2395,1
58598,0,2397,0
58600,0,2397,0
58602,0,2396,0
58604,0,2397,0
58606,0,2399,0
58608,0,2403,0
58610,0,2403,0
58612,0,2403,0
58614,0,2404,0
58616,0,2405,0
58618,0,2407,0
58620,0,2407,0
58622,0,2407,0
58624,0,2408,0
58626,0,2409,0
58628,0,2409,0
58630,0,2409,0
58632,0,2409,0
58634,67903,2404,1
58636,0,2408,0
58638,0,2411,0
58640,0,2409,0
58642,0,2411,0
58644,0,2411,0
58646,0,2412,0
58648,0,2412,0
58650,0,2413,0
58652,0,2413,0
58654,0,2413,0
58656,0,2415,0
58658,0,2415,0
58660,0,2415,0
58662,0,2419,0
58664,0,2419,0
58666,0,2419,0
58668,0,2420,0
58670,0,2421,0
58672,0,2423,0
58674,67925,2421,1
58676,0,2422,0
58678,0,2420,0
58680,0,2423,0
58682,0,2423,0
58684,0,2423,0
58686,0,2423,0
58688,0,2423,0
58690,0,2422,0
58692,0,2425,0
58694,0,2425,0
58696,0,2425,0
58698,0,2427,0
58700,0,2428,0
58702,0,2426,0
58704,0,2429,0
58706,0,2427,0
58708,0,2429,0
58710,0,2431,0
58712,0,2427,0
58714,67928,2427,1
58716,0,2425,0
58718,0,2427,0
58720,0,2428,0
58722,0,2429,0
58724,0,2428,0
58726,0,2429,0
58728,0,2421,0
58730,0,2430,0
58732,0,2431,0
58734,0,2431,0
58736,0,2430,0
58738,0,2431,0
58740,0,2440,0
58742,0,2437,0
58744,0,2439,0
58746,0,2439,0
58748,0,2441,0
58750,0,2439,0
58752,0,2439,0
58754,67928,2429,1
58756,0,2429,0
58758,0,2433,0
58760,0,2431,0
58762,0,2431,0
58764,0,2431,0
58766,0,2431,0
58768,0,2431,0
58770,0,2437,0
58772,0,2439,0
58774,0,2431,0
58776,0,2439,0
58778,0,2439,0
58780,0,2439,0
58782,0,2431,0
58784,0,2441,0
58786,0,2439,0
58788,0,2441,0
58790,0,2441,0
58792,0,2441,0
58794,67933,2429,1
58796,0,2427,0
58798,0,2429,0
58800,0,2429,0
58802,0,2428,0
58804,0,2429,0
58806,0,2431,0
58808,0,2431,0
58810,0,2431,0
58812,0,2431,0
58814,0,2431,0
58816,0,2437,0
58818,0,2431,0
58820,0,2439,0
58822,0,2447,0
58824,0,2439,0
58826,0,2440,0
58828,0,2438,0
58830,0,2441,0
58832,0,2441,0
58834,67934,2428,1
58836,0,2424,0
58838,0,2425,0
58840,0,2425,0
58842,0,2442,0
58844,0,2425,0
58846,0,2426,0
58848,0,2430,0
58850,0,2428,0
58852,0,2429,0
58854,0,2429,0
58856,0,2429,0
58858,0,2429,0
58860,0,2431,0
58862,0,2431,0
58864,0,2429,0
58866,0,2439,0
58868,0,2437,0
58870,0,2437,0
58872,0,2437,0
58874,67963,2421,1
58876,0,2423,0
58878,0,2427,0
58880,0,2419,0
58882,0,2423,0
58884,0,2423,0
58886,0,2423,0
58888,0,2423,0
58890,0,2425,0
58892,0,2424,0
58894,0,2425,0
58896,0,2425,0
58898,0,2425,0
58900,0,2427,0
58902,0,2425,0
58904,0,2428,0
58906,0,2427,0
58908,0,2429,0
58910,0,2429,0
58912,0,2428,0
58914,67975,2413,1
58916,0,2410,0
58918,0,2410,0
58920,0,2413,0
58922,0,2413,0
58924,0,2415,0
58926,0,2415,0
58928,0,2415,0
58930,0,2409,0
58932,0,2419,0
58934,0,2419,0
58936,0,2419,0
58938,0,2418,0
58940,0,2423,0
58942,0,2421,0
58944,0,2421,0
58946,0,2421,0
58948,0,2425,0
58950,0,2424,0
58952,0,2423,0
58954,67921,2406,1
58956,0,2403,0
58958,0,2405,0
58960,0,2406,0
58962,0,2407,0
58964,0,2407,0
58966,0,2409,0
58968,0,2408,0
58970,0,2410,0
58972,0,2410,0
58974,0,2412,0
58976,0,2411,0
58978,0,2411,0
58980,0,2409,0
58982,0,2411,0
58984,0,2415,0
58986,0,2415,0
58988,0,2415,0
58990,0,2419,0
58992,0,2419,0
58994,67917,2393,1
58996,0,2393,0
58998,0,2397,0
59000,0,2397,0
59002,0,2395,0
59004,0,2397,0
59006,0,2397,0
59008,0,2402,0
59010,0,2399,0
59012,0,2405,0
59014,0,2403,0
59016,0,2403,0
59018,0,2405,0
59020,0,2405,0
59022,0,2407,0
59024,0,2407,0
59026,0,2407,0
59028,0,2409,0
59030,0,2411,0
59032,67944,2410,1
59034,0,2406,0
59036,0,2407,0
59038,0,2408,0
59040,0,2408,0
59042,0,2409,0
59044,0,2410,0
59046,0,2410,0
59048,0,2409,0
59050,0,2412,0
59052,0,2413,0
59054,0,2412,0
59056,0,2415,0
59058,0,2413,0
59060,0,2416,0
59062,0,2415,0
59064,0,2415,0
59066,0,2419,0
59068,0,2420,0
59070,0,2419,0
59072,67933,2421,1
59074,0,2420,0
59076,0,2421,0
59078,0,2423,0
59080,0,2420,0
59082,0,2421,0
59084,0,2424,0
59086,0,2421,0
59088,0,2423,0
59090,0,2424,0
59092,0,2424,0
59094,0,2424,0
59096,0,2425,0
59098,0,2425,0
59100,0,2424,0
59102,0,2425,0
59104,0,2425,0
59106,0,2427,0
59108,0,2427,0
59110,0,2428,0
59112,67910,2425,1
59114,0,2424,0
59116,0,2427,0
59118,0,2425,0
59120,0,2426,0
59122,0,2427,0
59124,0,2427,0
59126,0,2426,0
59128,0,2429,0
59130,0,2427,0
59132,0,2429,0
59134,0,2429,0
59136,0,2429,0
59138,0,2431,0
59140,0,2431,0
59142,0,2431,0
59144,0,2430,0
59146,0,2439,0
59148,0,2438,0
59150,0,2431,0
59152,67891,2428,1
59154,0,2425,0
59156,0,2426,0
59158,0,2427,0
59160,0,2427,0
59162,0,2426,0
59164,0,2428,0
59166,0,2427,0
59168,0,2425,0
59170,0,2430,0
59172,0,2431,0
59174,0,2431,0
59176,0,2429,0
59178,0,2431,0
59180,0,2437,0
59182,0,2439,0
59184,0,2438,0
59186,0,2439,0
59188,0,2437,0
59190,0,2445,0
59192,67889,2426,1
59194,0,2425,0
59196,0,2425,0
59198,0,2425,0
59200,0,2425,0
59202,0,2427,0
59204,0,2427,0
59206,0,2427,0
59208,0,2427,0
59210,0,2429,0
59212,0,2428,0
59214,0,2429,0
59216,0,2430,0
59218,0,2431,0
59220,0,2438,0
59222,0,2431,0
59224,0,2438,0
59226,0,2431,0
59228,0,2431,0
59230,0,2437,0
59232,67893,2422,1
59234,0,2421,0
59236,0,2421,0
59238,0,2423,0
59240,0,2423,0
59242,0,2423,0
59244,0,2424,0
59246,0,2425,0
59248,0,2425,0
59250,0,2426,0
59252,0,2427,0
59254,0,2427,0
59256,0,2427,0
59258,0,2427,0
59260,0,2428,0
59262,0,2429,0
59264,0,2429,0
59266,0,2430,0
59268,0,2430,0
59270,0,2431,0
59272,67918,2420,1
59274,0,2415,0
59276,0,2415,0
59278,0,2420,0
59280,0,2419,0
59282,0,2419,0
59284,0,2419,0
59286,0,2420,0
59288,0,2421,0
59290,0,2421,0
59292,0,2421,0
59294,0,2423,0
59296,0,2423,0
59298,0,2423,0
59300,0,2425,0
59302,0,2424,0
59304,0,2425,0
59306,0,2425,0
59308,0,2427,0
59310,0,2425,0
59312,67909,2409,1
59314,0,2409,0
59316,0,2408,0
59318,0,2411,0
59320,0,2411,0
59322,0,2410,0
59324,0,2410,0
59326,0,2413,0
59328,0,2412,0
59330,0,2413,0
59332,0,2413,0
59334,0,2415,0
59336,0,2415,0
59338,0,2415,0
59340,0,2419,0
59342,0,2415,0
59344,0,2419,0
59346,0,2420,0
59348,0,2420,0
59350,0,2422,0
59352,67870,2399,1
59354,0,2398,0
59356,0,2402,0
59358,0,2402,0
59360,0,2403,0
59362,0,2405,0
59364,0,2405,0
59366,0,2405,0
59368,0,2406,0
59370,0,2407,0
59372,0,2407,0
59374,0,2408,0
59376,0,2409,0
59378,0,2409,0
59380,0,2412,0
59382,0,2411,0
59384,0,2412,0
59386,0,2413,0
59388,0,2414,0
59390,67891,2413,1
59392,0,2411,0
59394,0,2412,0
59396,0,2413,0
59398,0,2413,0
59400,0,2415,0
59402,0,2415,0
59404,0,2419,0
59406,0,2419,0
59408,0,2418,0
59410,0,2419,0
59412,0,2419,0
59414,0,2419,0
59416,0,2421,0
59418,0,2421,0
59420,0,2421,0
59422,0,2422,0
59424,0,2423,0
59426,0,2423,0
59428,0,2423,0
59430,67924,2424,1
59432,0,2425,0
59434,0,2425,0
59436,0,2427,0
59438,0,2425,0
59440,0,2426,0
59442,0,2427,0
59444,0,2427,0
59446,0,2427,0
59448,0,2427,0
59450,0,2429,0
59452,0,2430,0
59454,0,2428,0
59456,0,2429,0
59458,0,2431,0
59460,0,2430,0
59462,0,2437,0
59464,0,2431,0
59466,0,2431,0
59468,0,2437,0
59470,67944,2438,1
59472,0,2430,0
59474,0,2439,0
59476,0,2431,0
59478,0,2431,0
59480,0,2431,0
59482,0,2431,0
59484,0,2431,0
59486,0,2437,0
59488,0,2439,0
59490,0,2440,0
59492,0,2439,0
59494,0,2441,0
59496,0,2441,0
59498,0,2441,0
59500,0,2443,0
59502,0,2442,0
59504,0,2441,0
59506,0,2442,0
59508,0,2445,0
59510,67960,2439,1
59512,0,2439,0
59514,0,2440,0
59516,0,2440,0
59518,0,2440,0
59520,0,2441,0
59522,0,2441,0
59524,0,2441,0
59526,0,2441,0
59528,0,2441,0
59530,0,2443,0
59532,0,2441,0
59534,0,2442,0
59536,0,2443,0
59538,0,2443,0
59540,0,2443,0
59542,0,2443,0
59544,0,2443,0
59546,0,2444,0
59548,0,2443,0
59550,67974,2439,1
59552,0,2439,0
59554,0,2429,0
59556,0,2430,0
59558,0,2431,0
59560,0,2438,0
59562,0,2440,0
59564,0,2441,0
59566,0,2439,0
59568,0,2441,0
59570,0,2441,0
59572,0,2441,0
59574,0,2441,0
59576,0,2443,0
59578,0,2442,0
59580,0,2443,0
59582,0,2443,0
59584,0,2443,0
59586,0,2443,0
59588,0,2445,0
59590,67981,2431,1
59592,0,2429,0
59594,0,2431,0
59596,0,2435,0
59598,0,2429,0
59600,0,2431,0
59602,0,2431,0
59604,0,2430,0
59606,0,2431,0
59608,0,2427,0
59610,0,2439,0
59612,0,2438,0
59614,0,2431,0
59616,0,2438,0
59618,0,2439,0
59620,0,2439,0
59622,0,2439,0
59624,0,2442,0
59626,0,2441,0
59628,0,2441,0
59630,68020,2426,1
59632,0,2425,0
59634,0,2419,0
59636,0,2425,0
59638,0,2425,0
59640,0,2425,0
59642,0,2427,0
59644,0,2427,0
59646,0,2426,0
59648,0,2429,0
59650,0,2429,0
59652,0,2429,0
59654,0,2439,0
59656,0,2429,0
59658,0,2430,0
59660,0,2431,0
59662,0,2437,0
59664,0,2431,0
59666,0,2431,0
59668,0,2437,0
59670,68042,2419,1
59672,0,2415,0
59674,0,2419,0
59676,0,2419,0
59678,0,2418,0
59680,0,2421,0
59682,0,2421,0
59684,0,2421,0
59686,0,2421,0
59688,0,2422,0
59690,0,2423,0
59692,0,2423,0
59694,0,2423,0
59696,0,2425,0
59698,0,2426,0
59700,0,2427,0
59702,0,2423,0
59704,0,2427,0
59706,0,2427,0
59708,0,2427,0
59710,68018,2409,1
59712,0,2409,0
59714,0,2410,0
59716,0,2409,0
59718,0,2411,0
59720,0,2411,0
59722,0,2411,0
59724,0,2412,0
59726,0,2413,0
59728,0,2413,0
59730,0,2413,0
59732,0,2418,0
59734,0,2414,0
59736,0,2415,0
59738,0,2419,0
59740,0,2419,0
59742,0,2419,0
59744,0,2429,0
59746,0,2421,0
59748,0,2421,0
59750,68002,2399,1
59752,0,2397,0
59754,0,2399,0
59756,0,2402,0
59758,0,2404,0
59760,0,2405,0
59762,0,2405,0
59764,0,2405,0
59766,0,2405,0
59768,0,2407,0
59770,0,2407,0
59772,0,2408,0
59774,0,2407,0
59776,0,2409,0
59778,0,2411,0
59780,0,2412,0
59782,0,2413,0
59784,0,2411,0
59786,0,2417,0
59788,68035,2414,1
59790,0,2409,0
59792,0,2411,0
59794,0,2412,0
59796,0,2413,0
59798,0,2413,0
59800,0,2415,0
59802,0,2415,0
59804,0,2415,0
59806,0,2419,0
59808,0,2419,0
59810,0,2418,0
59812,0,2419,0
59814,0,2419,0
59816,0,2421,0
59818,0,2423,0
59820,0,2423,0
59822,0,2423,0
59824,0,2423,0
59826,0,2423,0
59828,68063,2424,1
59830,0,2423,0
59832,0,2423,0
59834,0,2425,0
59836,0,2425,0
59838,0,2425,0
59840,0,2425,0
59842,0,2425,0
59844,0,2429,0
59846,0,2427,0
59848,0,2427,0
59850,0,2427,0
59852,0,2427,0
59854,0,2429,0
59856,0,2429,0
59858,0,2429,0
59860,0,2431,0
59862,0,2431,0
59864,0,2429,0
59866,0,2432,0
59868,68092,2429,1
59870,0,2427,0
59872,0,2429,0
59874,0,2429,0
59876,0,2429,0
59878,0,2429,0
59880,0,2430,0
59882,0,2429,0
59884,0,2439,0
59886,0,2432,0
59888,0,2437,0
59890,0,2431,0
59892,0,2437,0
59894,0,2439,0
59896,0,2431,0
59898,0,2439,0
59900,0,2440,0
59902,0,2439,0
59904,0,2441,0
59906,0,2441,0
59908,68120,2431,1
59910,0,2430,0
59912,0,2431,0
59914,0,2431,0
59916,0,2431,0
59918,0,2437,0
59920,0,2431,0
59922,0,2431,0
59924,0,2437,0
59926,0,2439,0
59928,0,2440,0
59930,0,2440,0
59932,0,2441,0
59934,0,2439,0
59936,0,2440,0
59938,0,2440,0
59940,0,2442,0
59942,0,2441,0
59944,0,2443,0
59946,0,2443,0
59948,68120,2431,1
59950,0,2429,0
59952,0,2429,0
59954,0,2431,0
59956,0,2431,0
59958,0,2429,0
59960,0,2429,0
59962,0,2431,0
59964,0,2431,0
59966,0,2437,0
59968,0,2437,0
59970,0,2439,0
59972,0,2431,0
59974,0,2439,0
59976,0,2437,0
59978,0,2439,0
59980,0,2439,0
59982,0,2441,0
59984,0,2441,0
59986,0,2443,0
59988,68085,2427,1
59990,0,2425,0
59992,0,2427,0
59994,0,2425,0
59996,0,2427,0
59999,0,2428,0
60001,0,2429,0
60003,0,2427,0
60005,0,2429,0
60007,0,2430,0
60009,0,2431,0
60011,0,2431,0
60013,0,2431,0
60015,0,2437,0
60017,0,2436,0
60019,0,2431,0
60021,0,2437,0
60023,0,2438,0
60025,0,2439,0
60027,0,2439,0
60029,68100,2423,1
60031,0,2421,0
60033,0,2421,0
60035,0,2423,0
60037,0,2422,0
60039,0,2423,0
60041,0,2425,0
60043,0,2423,0
60045,0,2425,0
60047,0,2425,0
60049,0,2425,0
60051,0,2427,0
60053,0,2427,0
60055,0,2427,0
60057,0,2429,0
60059,0,2429,0
60061,0,2427,0
60063,0,2429,0
60065,0,2431,0
60067,0,2431,0
60069,68109,2412,1
60071,0,2412,0
60073,0,2417,0
60075,0,2413,0
60077,0,2415,0
60079,0,2413,0
60081,0,2415,0
60083,0,2413,0
60085,0,2419,0
60087,0,2419,0
60089,0,2421,0
60091,0,2419,0
60093,0,2421,0
60095,0,2421,0
60097,0,2421,0
60099,0,2423,0
60101,0,2424,0
60103,0,2423,0
60105,0,2424,0
60107,0,2425,0
60109,68074,2407,1
60111,0,2405,0
60113,0,2407,0
60115,0,2407,0
60117,0,2407,0
60119,0,2407,0
60121,0,2408,0
60123,0,2410,0
60125,0,2411,0
60127,0,2411,0
60129,0,2412,0
60131,0,2410,0
60133,0,2413,0
60135,0,2412,0
60137,0,2414,0
60139,0,2414,0
60141,0,2403,0
60143,0,2416,0
60145,0,2415,0
60147,0,2419,0
60149,68086,2395,1
60151,0,2395,0
60153,0,2396,0
60155,0,2397,0
60157,0,2397,0
60159,0,2403,0
60161,0,2396,0
60163,0,2402,0
60165,0,2401,0
60167,0,2403,0
60169,0,2405,0
60171,0,2405,0
60173,0,2407,0
60175,0,2406,0
60177,0,2407,0
60179,0,2407,0
60181,0,2407,0
60183,0,2409,0
60185,0,2409,0
60187,68126,2409,1
60189,0,2405,0
60191,0,2407,0
60193,0,2413,0
60195,0,2409,0
60197,0,2407,0
60199,0,2409,0
60201,0,2411,0
60203,0,2411,0
60205,0,2413,0
60207,0,2411,0
60209,0,2413,0
60211,0,2413,0
60213,0,2413,0
60215,0,2413,0
60217,0,2419,0
60219,0,2415,0
60221,0,2419,0
60223,0,2419,0
60225,0,2419,0
60227,68138,2419,1
60229,0,2419,0
60231,0,2419,0
60233,0,2420,0
60235,0,2419,0
60237,0,2421,0
60239,0,2419,0
60241,0,2421,0
60243,0,2423,0
60245,0,2423,0
60247,0,2431,0
60249,0,2425,0
60251,0,2426,0
60253,0,2425,0
60255,0,2424,0
60257,0,2424,0
60259,0,2427,0
60261,0,2425,0
60263,0,2427,0
60265,0,2429,0
60267,68148,2423,1
60269,0,2439,0
60271,0,2424,0
60273,0,2424,0
60275,0,2424,0
60277,0,2428,0
60279,0,2426,0
60281,0,2427,0
60283,0,2427,0
60285,0,2427,0
60287,0,2429,0
60289,0,2429,0
60291,0,2429,0
60293,0,2431,0
60295,0,2429,0
60297,0,2430,0
60299,0,2431,0
60301,0,2431,0
60303,0,2431,0
60305,0,2438,0
60307,68162,2427,1
60309,0,2425,0
60311,0,2425,0
60313,0,2426,0
60315,0,2427,0
60317,0,2428,0
60319,0,2428,0
60321,0,2429,0
60323,0,2428,0
60325,0,2429,0
60327,0,2429,0
60329,0,2431,0
60331,0,2438,0
60333,0,2431,0
60335,0,2431,0
60337,0,2437,0
60339,0,2437,0
60341,0,2439,0
60343,0,2437,0
60345,0,2439,0
60347,68181,2427,1
60349,0,2425,0
60351,0,2425,0
60353,0,2424,0
60355,0,2425,0
60357,0,2427,0
60359,0,2427,0
60361,0,2427,0
60363,0,2427,0
60365,0,2428,0
60367,0,2429,0
60369,0,2428,0
60371,0,2431,0
60373,0,2429,0
60375,0,2431,0
60377,0,2431,0
60379,0,2431,0
60381,0,2437,0
60383,0,2431,0
60385,0,2437,0
60387,68206,2415,1
60389,0,2421,0
60391,0,2422,0
60393,0,2423,0
60395,0,2423,0
60397,0,2425,0
60399,0,2423,0
60401,0,2424,0
60403,0,2423,0
60405,0,2425,0
60407,0,2427,0
60409,0,2426,0
60411,0,2427,0
60413,0,2429,0
60415,0,2427,0
60417,0,2429,0
60419,0,2428,0
60421,0,2429,0
60423,0,2429,0
60425,0,2431,0
60427,68249,2415,1
60429,0,2413,0
60431,0,2415,0
60433,0,2415,0
60435,0,2415,0
60437,0,2419,0
60439,0,2419,0
60441,0,2421,0
60443,0,2421,0
60445,0,2422,0
60447,0,2421,0
60449,0,2423,0
60451,0,2423,0
60453,0,2423,0
60455,0,2423,0
60457,0,2423,0
60459,0,2424,0
60461,0,2426,0
60463,0,2427,0
60465,0,2427,0
60467,68242,2409,1
60469,0,2409,0
60471,0,2409,0
60473,0,2409,0
60475,0,2409,0
60477,0,2410,0
60479,0,2409,0
60481,0,2413,0
60483,0,2413,0
60485,0,2412,0
60487,0,2415,0
60489,0,2416,0
60491,0,2415,0
60493,0,2415,0
60495,0,2419,0
60497,0,2419,0
60499,0,2419,0
60501,0,2420,0
60503,0,2421,0
60505,0,2421,0
60507,68213,2397,1
60509,0,2399,0
60511,0,2399,0
60513,0,2402,0
60515,0,2397,0
60517,0,2403,0
60519,0,2405,0
60521,0,2405,0
60523,0,2407,0
60525,0,2407,0
60527,0,2407,0
60529,0,2409,0
60531,0,2409,0
60533,0,2409,0
60535,0,2411,0
60537,0,2411,0
60539,0,2412,0
60541,0,2413,0
60543,0,2413,0
60545,68219,2413,1
60547,0,2411,0
60549,0,2411,0
60551,0,2411,0
60553,0,2413,0
60555,0,2413,0
60557,0,2413,0
60559,0,2415,0
60561,0,2415,0
60563,0,2420,0
60565,0,2419,0
60567,0,2419,0
60569,0,2419,0
60571,0,2421,0
60573,0,2421,0
60575,0,2421,0
60577,0,2423,0
60579,0,2424,0
60581,0,2423,0
60583,0,2424,0
60585,68231,2425,1
60587,0,2423,0
60589,0,2425,0
60591,0,2427,0
60593,0,2426,0
60595,0,2425,0
60597,0,2424,0
60599,0,2427,0
60601,0,2427,0
60603,0,2429,0
60605,0,2429,0
60607,0,2430,0
60609,0,2429,0
60611,0,2430,0
60613,0,2430,0
60615,0,2429,0
60617,0,2437,0
60619,0,2431,0
60621,0,2431,0
60623,0,2439,0
60625,68215,2438,1
60627,0,2431,0
60629,0,2430,0
60631,0,2431,0
60633,0,2431,0
60635,0,2437,0
60637,0,2438,0
60639,0,2439,0
60641,0,2438,0
60643,0,2432,0
60645,0,2439,0
60647,0,2439,0
60649,0,2439,0
60651,0,2439,0
60653,0,2442,0
60655,0,2441,0
60657,0,2441,0
60659,0,2440,0
60661,0,2441,0
60663,0,2443,0
60665,68207,2437,1
60667,0,2431,0
60669,0,2439,0
60671,0,2439,0
60673,0,2439,0
60675,0,2439,0
60677,0,2441,0
60679,0,2439,0
60681,0,2438,0
60683,0,2440,0
60685,0,2438,0
60687,0,2441,0
60689,0,2441,0
60691,0,2441,0
60693,0,2443,0
60695,0,2441,0
60697,0,2443,0
60699,0,2443,0
60701,0,2443,0
60703,0,2444,0
60705,68207,2439,1
60707,0,2431,0
60709,0,2431,0
60711,0,2437,0
60713,0,2438,0
60715,0,2439,0
60717,0,2439,0
60719,0,2439,0
60721,0,2439,0
60723,0,2439,0
60725,0,2439,0
60727,0,2440,0
60729,0,2441,0
60731,0,2441,0
60733,0,2441,0
60735,0,2444,0
60737,0,2441,0
60739,0,2441,0
60741,0,2443,0
60743,0,2442,0
60745,68198,2425,1
60747,0,2429,0
60749,0,2427,0
60751,0,2429,0
60753,0,2429,0
60755,0,2430,0
60757,0,2429,0
60759,0,2431,0
60761,0,2431,0
60763,0,2439,0
60765,0,2431,0
60767,0,2447,0
60769,0,2439,0
60771,0,2439,0
60773,0,2439,0
60775,0,2439,0
60777,0,2439,0
60779,0,2439,0
60781,0,2440,0
60783,0,2440,0
60785,68180,2424,1
60787,0,2423,0
60789,0,2424,0
60791,0,2425,0
60793,0,2423,0
60795,0,2424,0
60797,0,2424,0
60799,0,2427,0
60801,0,2427,0
60803,0,2427,0
60805,0,2427,0
60807,0,2429,0
60809,0,2429,0
60811,0,2429,0
60813,0,2431,0
60815,0,2429,0
60817,0,2430,0
60819,0,2431,0
60821,0,2431,0
60823,0,2437,0
60825,68132,2419,1
60827,0,2414,0
60829,0,2415,0
60831,0,2415,0
60833,0,2421,0
60835,0,2419,0
60837,0,2422,0
60839,0,2421,0
60841,0,2419,0
60843,0,2422,0
60845,0,2421,0
60847,0,2423,0
60849,0,2425,0
60851,0,2424,0
60853,0,2425,0
60855,0,2425,0
60857,0,2425,0
60859,0,2427,0
60861,0,2425,0
60863,0,2425,0
60865,68078,2408,1
60867,0,2409,0
60869,0,2408,0
60871,0,2409,0
60873,0,2413,0
60875,0,2410,0
60877,0,2411,0
60879,0,2410,0
60881,0,2412,0
60883,0,2412,0
60885,0,2413,0
60887,0,2415,0
60889,0,2415,0
60891,0,2415,0
60893,0,2419,0
60895,0,2415,0
60897,0,2420,0
60899,0,2415,0
60901,0,2420,0
60903,0,2423,0
60905,68041,2399,1
60907,0,2398,0
60909,0,2398,0
60911,0,2397,0
60913,0,2403,0
60915,0,2404,0
60917,0,2405,0
60919,0,2405,0
60921,0,2406,0
60923,0,2407,0
60925,0,2407,0
60927,0,2408,0
60929,0,2407,0
60931,0,2409,0
60933,0,2408,0
60935,0,2409,0
60937,0,2410,0
60939,0,2411,0
60941,0,2411,0
60943,68052,2413,1
60945,0,2407,0
60947,0,2411,0
60949,0,2409,0
60951,0,2411,0
60953,0,2409,0
60955,0,2414,0
60957,0,2413,0
60959,0,2415,0
60961,0,2415,0
60963,0,2418,0
60965,0,2419,0
60967,0,2415,0
60969,0,2415,0
60971,0,2416,0
60973,0,2421,0
60975,0,2420,0
60977,0,2423,0
60979,0,2423,0
60981,0,2423,0
60983,68063,2423,1
60985,0,2421,0
60987,0,2424,0
60989,0,2425,0
60991,0,2423,0
60993,0,2429,0
60995,0,2425,0
60997,0,2425,0
60999,0,2425,0
61001,0,2426,0
61003,0,2427,0
61005,0,2427,0
61007,0,2427,0
61009,0,2427,0
61011,0,2427,0
61013,0,2430,0
61015,0,2430,0
61017,0,2427,0
61019,0,2430,0
61021,0,2431,0
61023,68052,2429,1
61025,0,2427,0
61027,0,2427,0
61029,0,2429,0
61031,0,2429,0
61033,0,2431,0
61035,0,2431,0
61037,0,2429,0
61039,0,2430,0
61041,0,2431,0
61043,0,2431,0
61045,0,2439,0
61047,0,2437,0
61049,0,2439,0
61051,0,2439,0
61053,0,2439,0
61055,0,2439,0
61057,0,2440,0
61059,0,2440,0
61061,0,2441,0
61063,68049,2431,1
61065,0,2429,0
61067,0,2431,0
61069,0,2437,0
61071,0,2431,0
61073,0,2431,0
61075,0,2439,0
61077,0,2437,0
61079,0,2438,0
61081,0,2439,0
61083,0,2439,0
61085,0,2439,0
61087,0,2439,0
61089,0,2439,0
61091,0,2439,0
61093,0,2440,0
61095,0,2441,0
61097,0,2440,0
61099,0,2441,0
61101,0,2443,0
61103,68027,2431,1
61105,0,2429,0
61107,0,2430,0
61109,0,2431,0
61111,0,2431,0
61113,0,2430,0
61115,0,2431,0
61117,0,2431,0
61119,0,2437,0
61121,0,2438,0
61123,0,2437,0
61125,0,2431,0
61127,0,2439,0
61129,0,2439,0
61131,0,2441,0
61133,0,2441,0
61135,0,2441,0
61137,0,2439,0
61139,0,2441,0
61141,0,2440,0
61143,68010,2426,1
61145,0,2426,0
61147,0,2427,0
61149,0,2427,0
61151,0,2429,0
61153,0,2427,0
61155,0,2429,0
61157,0,2429,0
61159,0,2429,0
61161,0,2431,0
61163,0,2431,0
61165,0,2431,0
61167,0,2431,0
61169,0,2431,0
61171,0,2437,0
61173,0,2439,0
61175,0,2437,0
61177,0,2438,0
61179,0,2439,0
61181,0,2441,0
61183,68023,2423,1
61185,0,2423,0
61187,0,2421,0
61189,0,2423,0
61191,0,2425,0
61193,0,2424,0
61195,0,2423,0
61197,0,2425,0
61199,0,2425,0
61201,0,2426,0
61203,0,2425,0
61205,0,2427,0
61207,0,2427,0
61209,0,2429,0
61211,0,2439,0
61213,0,2427,0
61215,0,2429,0
61217,0,2428,0
61219,0,2429,0
61221,0,2431,0
61223,68025,2413,1
61225,0,2413,0
61227,0,2413,0
61229,0,2415,0
61231,0,2415,0
61233,0,2415,0
61235,0,2415,0
61237,0,2415,0
61239,0,2421,0
61241,0,2419,0
61243,0,2429,0
61245,0,2421,0
61247,0,2421,0
61249,0,2421,0
61251,0,2422,0
61253,0,2423,0
61255,0,2425,0
61257,0,2425,0
61259,0,2425,0
61261,0,2424,0
61263,67964,2404,1
61265,0,2405,0
61267,0,2407,0
61269,0,2407,0
61271,0,2405,0
61273,0,2411,0
61275,0,2409,0
61277,0,2410,0
61279,0,2411,0
61281,0,2411,0
61283,0,2410,0
61285,0,2412,0
61287,0,2419,0
61289,0,2413,0
61291,0,2415,0
61293,0,2415,0
61295,0,2413,0
61297,0,2415,0
61299,0,2419,0
61301,0,2419,0
61303,67956,2395,1
61305,0,2395,0
61307,0,2395,0
61309,0,2397,0
61311,0,2397,0
61313,0,2401,0
61315,0,2403,0
61317,0,2403,0
61319,0,2405,0
61321,0,2404,0
61323,0,2405,0
61325,0,2405,0
61327,0,2405,0
61329,0,2407,0
61331,0,2408,0
61333,0,2408,0
61335,0,2409,0
61337,0,2409,0
61339,0,2411,0
61341,67974,2411,1
61343,0,2407,0
61345,0,2409,0
61347,0,2409,0
61349,0,2409,0
61351,0,2408,0
61353,0,2409,0
61355,0,2413,0
61357,0,2411,0
61359,0,2413,0
61361,0,2413,0
61363,0,2415,0
61365,0,2414,0
61367,0,2419,0
61369,0,2419,0
61371,0,2419,0
61373,0,2418,0
61375,0,2420,0
61377,0,2421,0
61379,0,2420,0
61381,67983,2422,1
61383,0,2419,0
61385,0,2421,0
61387,0,2421,0
61389,0,2422,0
61391,0,2421,0
61393,0,2423,0
61395,0,2423,0
61397,0,2422,0
61399,0,2423,0
61401,0,2424,0
61403,0,2425,0
61405,0,2427,0
61407,0,2427,0
61409,0,2428,0
61411,0,2427,0
61413,0,2425,0
61415,0,2427,0
61417,0,2429,0
61419,0,2431,0
61421,67975,2427,1
61423,0,2425,0
61425,0,2425,0
61427,0,2426,0
61429,0,2427,0
61431,0,2427,0
61433,0,2427,0
61435,0,2428,0
61437,0,2429,0
61439,0,2431,0
61441,0,2431,0
61443,0,2431,0
61445,0,2431,0
61447,0,2431,0
61449,0,2431,0
61451,0,2438,0
61453,0,2431,0
61455,0,2439,0
61457,0,2431,0
61459,0,2438,0
61461,67971,2427,1
61463,0,2428,0
61465,0,2427,0
61467,0,2427,0
61469,0,2428,0
61471,0,2429,0
61473,0,2427,0
61475,0,2431,0
61477,0,2431,0
61479,0,2430,0
61481,0,2437,0
61483,0,2439,0
61485,0,2432,0
61487,0,2437,0
61489,0,2439,0
61491,0,2440,0
61493,0,2441,0
61495,0,2439,0
61497,0,2439,0
61499,0,2441,0
61501,67969,2429,1
61503,0,2425,0
61505,0,2426,0
61507,0,2429,0
61509,0,2429,0
61511,0,2429,0
61513,0,2429,0
61515,0,2429,0
61517,0,2431,0
61519,0,2425,0
61521,0,2429,0
61523,0,2438,0
61525,0,2439,0
61527,0,2431,0
61529,0,2437,0
61531,0,2439,0
61533,0,2438,0
61535,0,2439,0
61537,0,2441,0
61539,0,2439,0
61541,67965,2423,1
61543,0,2424,0
61545,0,2424,0
61547,0,2423,0
61549,0,2425,0
61551,0,2424,0
61553,0,2425,0
61555,0,2427,0
61557,0,2427,0
61559,0,2429,0
61561,0,2427,0
61563,0,2427,0
61565,0,2428,0
61567,0,2428,0
61569,0,2428,0
61571,0,2430,0
61573,0,2431,0
61575,0,2431,0
61577,0,2431,0
61579,0,2431,0
61581,67999,2420,1
61583,0,2418,0
61585,0,2415,0
61587,0,2421,0
61589,0,2420,0
61591,0,2421,0
61593,0,2419,0
61595,0,2419,0
61597,0,2422,0
61599,0,2424,0
61601,0,2423,0
61603,0,2423,0
61605,0,2425,0
61607,0,2425,0
61609,0,2425,0
61611,0,2426,0
61613,0,2425,0
61615,0,2427,0
61617,0,2427,0
61619,0,2427,0
61621,67989,2411,1
61623,0,2409,0
61625,0,2409,0
61627,0,2411,0
61629,0,2412,0
61631,0,2412,0
61633,0,2413,0
61635,0,2408,0
61637,0,2413,0
61639,0,2415,0
61641,0,2415,0
61643,0,2416,0
61645,0,2418,0
61647,0,2419,0
61649,0,2420,0
61651,0,2420,0
61653,0,2421,0
61655,0,2419,0
61657,0,2421,0
61659,0,2424,0
61661,67923,2404,1
61663,0,2402,0
61665,0,2399,0
61667,0,2403,0
61669,0,2405,0
61671,0,2405,0
61673,0,2407,0
61675,0,2407,0
61677,0,2407,0
61679,0,2409,0
61681,0,2407,0
61683,0,2409,0
61685,0,2409,0
61687,0,2411,0
61689,0,2411,0
61691,0,2412,0
61693,0,2413,0
61695,0,2413,0
61697,0,2414,0
61699,0,2415,0
61701,67896,2393,1
61703,0,2392,0
61705,0,2395,0
61707,0,2394,0
61709,0,2395,0
61711,0,2406,0
61713,0,2397,0
61715,0,2397,0
61717,0,2399,0
61719,0,2397,0
61721,0,2403,0
61723,0,2403,0
61725,0,2403,0
61727,0,2404,0
61729,0,2403,0
61731,0,2404,0
61733,0,2405,0
61735,0,2407,0
61737,0,2407,0
61739,67900,2407,1
61741,0,2409,0
61743,0,2408,0
61745,0,2409,0
61747,0,2411,0
61749,0,2412,0
61751,0,2410,0
61753,0,2413,0
61755,0,2415,0
61757,0,2414,0
61759,0,2415,0
61761,0,2413,0
61763,0,2415,0
61765,0,2421,0
61767,0,2419,0
61769,0,2421,0
61771,0,2421,0
61773,0,2421,0
61775,0,2421,0
61777,0,2423,0
61779,67891,2422,1
61781,0,2421,0
61783,0,2420,0
61785,0,2421,0
61787,0,2421,0
61789,0,2423,0
61791,0,2423,0
61793,0,2425,0
61795,0,2427,0
61797,0,2424,0
61799,0,2425,0
61801,0,2426,0
61803,0,2427,0
61805,0,2427,0
61807,0,2425,0
61809,0,2427,0
61811,0,2427,0
61813,0,2431,0
61815,0,2428,0
61817,0,2427,0
61819,67888,2425,1
61821,0,2425,0
61823,0,2425,0
61825,0,2425,0
61827,0,2427,0
61829,0,2427,0
61831,0,2429,0
61833,0,2426,0
61835,0,2428,0
61837,0,2427,0
61839,0,2429,0
61841,0,2429,0
61843,0,2429,0
61845,0,2431,0
61847,0,2431,0
61849,0,2431,0
61851,0,2431,0
61853,0,2431,0
61855,0,2431,0
61857,0,2439,0
61859,67890,2427,1
61862,0,2426,0
61864,0,2427,0
61866,0,2428,0
61868,0,2428,0
61870,0,2428,0
61872,0,2427,0
61874,0,2429,0
61876,0,2431,0
61878,0,2427,0
61880,0,2431,0
61882,0,2431,0
61884,0,2431,0
61886,0,2430,0
61888,0,2431,0
61890,0,2437,0
61892,0,2437,0
61894,0,2437,0
61896,0,2439,0
61898,0,2439,0
61900,67892,2425,1
61902,0,2425,0
61904,0,2426,0
61906,0,2425,0
61908,0,2425,0
61910,0,2427,0
61912,0,2429,0
61914,0,2429,0
61916,0,2427,0
61918,0,2429,0
61920,0,2429,0
61922,0,2429,0
61924,0,2441,0
61926,0,2429,0
61928,0,2431,0
61930,0,2429,0
61932,0,2429,0
61934,0,2437,0
61936,0,2437,0
61938,0,2437,0
61940,67906,2421,1
61942,0,2421,0
61944,0,2421,0
61946,0,2421,0
61948,0,2422,0
61950,0,2425,0
61952,0,2425,0
61954,0,2424,0
61956,0,2424,0
61958,0,2426,0
61960,0,2427,0
61962,0,2427,0
61964,0,2427,0
61966,0,2427,0
61968,0,2429,0
61970,0,2429,0
61972,0,2429,0
61974,0,2430,0
61976,0,2430,0
61978,0,2431,0
61980,67921,2414,1
61982,0,2414,0
61984,0,2413,0
61986,0,2415,0
61988,0,2415,0
61990,0,2415,0
61992,0,2419,0
61994,0,2416,0
61996,0,2421,0
61998,0,2421,0
62000,0,2421,0
62002,0,2423,0
62004,0,2423,0
62006,0,2423,0
62008,0,2424,0
62010,0,2423,0
62012,0,2424,0
62014,0,2425,0
62016,0,2425,0
62018,0,2425,0
62020,67901,2409,1
62022,0,2407,0
62024,0,2407,0
62026,0,2408,0
62028,0,2409,0
62030,0,2409,0
62032,0,2411,0
62034,0,2411,0
62036,0,2411,0
62038,0,2413,0
62040,0,2413,0
62042,0,2413,0
62044,0,2413,0
62046,0,2415,0
62048,0,2415,0
62050,0,2420,0
62052,0,2419,0
62054,0,2421,0
62056,0,2419,0
62058,0,2419,0
62060,67863,2399,1
62062,0,2397,0
62064,0,2398,0
62066,0,2399,0
62068,0,2403,0
62070,0,2403,0
62072,0,2405,0
62074,0,2405,0
62076,0,2404,0
62078,0,2405,0
62080,0,2407,0
62082,0,2409,0
62084,0,2409,0
62086,0,2409,0
62088,0,2409,0
62090,0,2409,0
62092,0,2411,0
62094,0,2412,0
62096,0,2413,0
62098,67880,2413,1
62100,0,2410,0
62102,0,2413,0
62104,0,2412,0
62106,0,2413,0
62108,0,2415,0
62110,0,2413,0
62112,0,2414,0
62114,0,2415,0
62116,0,2415,0
62118,0,2417,0
62120,0,2415,0
62122,0,2418,0
62124,0,2421,0
62126,0,2421,0
62128,0,2421,0
62130,0,2421,0
62132,0,2423,0
62134,0,2423,0
62136,0,2423,0
62138,67897,2423,1
62140,0,2423,0
62142,0,2425,0
62144,0,2425,0
62146,0,2424,0
62148,0,2426,0
62150,0,2427,0
62152,0,2427,0
62154,0,2427,0
62156,0,2427,0
62158,0,2428,0
62160,0,2428,0
62162,0,2427,0
62164,0,2429,0
62166,0,2429,0
62168,0,2428,0
62170,0,2431,0
62172,0,2431,0
62174,0,2437,0
62176,0,2430,0
62178,67902,2429,1
62180,0,2429,0
62182,0,2431,0
62184,0,2431,0
62186,0,2431,0
62188,0,2436,0
62190,0,2437,0
62192,0,2432,0
62194,0,2437,0
62196,0,2437,0
62198,0,2439,0
62200,0,2439,0
62202,0,2439,0
62204,0,2439,0
62206,0,2440,0
62208,0,2440,0
62210,0,2441,0
62212,0,2439,0
62214,0,2439,0
62216,0,2442,0
62218,67914,2432,1
62220,0,2431,0
62222,0,2437,0
62224,0,2439,0
62226,0,2439,0
62228,0,2438,0
62230,0,2432,0
62232,0,2439,0
62234,0,2439,0
62236,0,2439,0
62238,0,2441,0
62240,0,2441,0
62242,0,2440,0
62244,0,2440,0
62246,0,2441,0
62248,0,2443,0
62250,0,2443,0
62252,0,2443,0
62254,0,2442,0
62256,0,2443,0
62258,67909,2435,1
62260,0,2431,0
62262,0,2429,0
62264,0,2431,0
62266,0,2431,0
62268,0,2437,0
62270,0,2437,0
62272,0,2439,0
62274,0,2432,0
62276,0,2439,0
62278,0,2437,0
62280,0,2440,0
62282,0,2439,0
62284,0,2441,0
62286,0,2441,0
62288,0,2441,0
62290,0,2444,0
62292,0,2441,0
62294,0,2443,0
62296,0,2443,0
62298,67902,2427,1
62300,0,2427,0
62302,0,2431,0
62304,0,2427,0
62306,0,2429,0
62308,0,2429,0
62310,0,2429,0
62312,0,2431,0
62314,0,2429,0
62316,0,2438,0
62318,0,2430,0
62320,0,2431,0
62322,0,2431,0
62324,0,2431,0
62326,0,2439,0
62328,0,2439,0
62330,0,2432,0
62332,0,2441,0
62334,0,2432,0
62336,0,2440,0
62338,67919,2423,1
62340,0,2421,0
62342,0,2423,0
62344,0,2423,0
62346,0,2424,0
62348,0,2425,0
62350,0,2425,0
62352,0,2425,0
62354,0,2425,0
62356,0,2427,0
62358,0,2427,0
62360,0,2426,0
62362,0,2429,0
62364,0,2428,0
62366,0,2429,0
62368,0,2429,0
62370,0,2429,0
62372,0,2429,0
62374,0,2431,0
62376,0,2431,0
62378,67941,2409,1
62380,0,2414,0
62382,0,2415,0
62384,0,2415,0
62386,0,2411,0
62388,0,2413,0
62390,0,2415,0
62392,0,2419,0
62394,0,2416,0
62396,0,2421,0
62398,0,2421,0
62400,0,2423,0
62402,0,2421,0
62404,0,2423,0
62406,0,2423,0
62408,0,2424,0
62410,0,2425,0
62412,0,2424,0
62414,0,2425,0
62416,0,2425,0
62418,67906,2410,1
62420,0,2407,0
62422,0,2408,0
62424,0,2408,0
62426,0,2409,0
62428,0,2409,0
62430,0,2411,0
62432,0,2413,0
62434,0,2411,0
62436,0,2413,0
62438,0,2413,0
62440,0,2415,0
62442,0,2415,0
62444,0,2415,0
62446,0,2412,0
62448,0,2420,0
62450,0,2415,0
62452,0,2415,0
62454,0,2419,0
62456,0,2421,0
62458,67888,2397,1
62460,0,2396,0
62462,0,2399,0
62464,0,2398,0
62466,0,2402,0
62468,0,2399,0
62470,0,2403,0
62472,0,2404,0
62474,0,2403,0
62476,0,2405,0
62478,0,2407,0
62480,0,2407,0
62482,0,2409,0
62484,0,2409,0
62486,0,2408,0
62488,0,2409,0
62490,0,2411,0
62492,0,2411,0
62494,0,2411,0
62496,67916,2419,1
62498,0,2409,0
62500,0,2409,0
62502,0,2409,0
62504,0,2411,0
62506,0,2411,0
62508,0,2413,0
62510,0,2414,0
62512,0,2414,0
62514,0,2415,0
62516,0,2415,0
62518,0,2416,0
62520,0,2415,0
62522,0,2419,0
62524,0,2419,0
62526,0,2419,0
62528,0,2420,0
62530,0,2428,0
62532,0,2422,0
62534,0,2423,0
62536,67934,2424,1
62538,0,2421,0
62540,0,2423,0
62542,0,2423,0
62544,0,2424,0
62546,0,2423,0
62548,0,2425,0
62550,0,2429,0
62552,0,2425,0
62554,0,2425,0
62556,0,2425,0
62558,0,2426,0
62560,0,2425,0
62562,0,2427,0
62564,0,2429,0
62566,0,2427,0
62568,0,2427,0
62570,0,2428,0
62572,0,2430,0
62574,0,2430,0
62576,67919,2427,1
62578,0,2427,0
62580,0,2427,0
62582,0,2427,0
62584,0,2427,0
62586,0,2427,0
62588,0,2428,0
62590,0,2429,0
62592,0,2430,0
62594,0,2431,0
62596,0,2431,0
62598,0,2431,0
62600,0,2431,0
62602,0,2437,0
62604,0,2431,0
62606,0,2437,0
62608,0,2439,0
62610,0,2439,0
62612,0,2441,0
62614,0,2439,0
62616,67892,2429,1
62618,0,2427,0
62620,0,2429,0
62622,0,2427,0
62624,0,2429,0
62626,0,2431,0
62628,0,2431,0
62630,0,2431,0
62632,0,2431,0
62634,0,2431,0
62636,0,2437,0
62638,0,2431,0
62640,0,2438,0
62642,0,2431,0
62644,0,2439,0
62646,0,2439,0
62648,0,2441,0
62650,0,2440,0
62652,0,2440,0
62654,0,2441,0
62656,67884,2429,1
62658,0,2428,0
62660,0,2427,0
62662,0,2429,0
62664,0,2429,0
62666,0,2429,0
62668,0,2429,0
62670,0,2428,0
62672,0,2430,0
62674,0,2431,0
62676,0,2431,0
62678,0,2439,0
62680,0,2439,0
62682,0,2439,0
62684,0,2440,0
62686,0,2439,0
62688,0,2439,0
62690,0,2439,0
62692,0,2440,0
62694,0,2440,0
62696,67881,2424,1
62698,0,2425,0
62700,0,2425,0
62702,0,2427,0
62704,0,2425,0
62706,0,2425,0
62708,0,2427,0
62710,0,2428,0
62712,0,2427,0
62714,0,2427,0
62716,0,2429,0
62718,0,2429,0
62720,0,2429,0
62722,0,2429,0
62724,0,2430,0
62726,0,2431,0
62728,0,2431,0
62730,0,2431,0
62732,0,2431,0
62734,0,2437,0
62736,67915,2420,1
62738,0,2420,0
62740,0,2421,0
62742,0,2421,0
62744,0,2420,0
62746,0,2423,0
62748,0,2423,0
62750,0,2423,0
62752,0,2423,0
62754,0,2425,0
62756,0,2425,0
62758,0,2425,0
62760,0,2427,0
62762,0,2426,0
62764,0,2425,0
62766,0,2425,0
62768,0,2427,0
62770,0,2429,0
62772,0,2429,0
62774,0,2427,0
62776,67924,2413,1
62778,0,2411,0
62780,0,2411,0
62782,0,2413,0
62784,0,2415,0
62786,0,2415,0
62788,0,2414,0
62790,0,2418,0
62792,0,2415,0
62794,0,2419,0
62796,0,2418,0
62798,0,2420,0
62800,0,2420,0
62802,0,2421,0
62804,0,2423,0
62806,0,2423,0
62808,0,2424,0
62810,0,2423,0
62812,0,2425,0
62814,0,2424,0
62816,67889,2405,1
62818,0,2405,0
62820,0,2405,0
62822,0,2405,0
62824,0,2407,0
62826,0,2407,0
62828,0,2408,0
62830,0,2409,0
62832,0,2411,0
62834,0,2411,0
62836,0,2411,0
62838,0,2410,0
62840,0,2413,0
62842,0,2413,0
62844,0,2413,0
62846,0,2413,0
62848,0,2414,0
62850,0,2415,0
62852,0,2418,0
62854,0,2419,0
62856,67903,2395,1
62858,0,2397,0
62860,0,2395,0
62862,0,2395,0
62864,0,2395,0
62866,0,2398,0
62868,0,2401,0
62870,0,2399,0
62872,0,2403,0
62874,0,2403,0
62876,0,2402,0
62878,0,2405,0
62880,0,2405,0
62882,0,2407,0
62884,0,2407,0
62886,0,2409,0
62888,0,2409,0
62890,0,2409,0
62892,0,2409,0
62894,67935,2411,1
62896,0,2407,0
62898,0,2405,0
62900,0,2407,0
62902,0,2402,0
62904,0,2410,0
62906,0,2409,0
62908,0,2411,0
62910,0,2411,0
62912,0,2411,0
62914,0,2411,0
62916,0,2411,0
62918,0,2412,0
62920,0,2415,0
62922,0,2415,0
62924,0,2413,0
62926,0,2415,0
62928,0,2419,0
62930,0,2415,0
62932,0,2419,0
62934,67944,2415,1
62936,0,2415,0
62938,0,2417,0
62940,0,2419,0
62942,0,2419,0
62944,0,2421,0
62946,0,2423,0
62948,0,2421,0
62950,0,2421,0
62952,0,2423,0
62954,0,2423,0
62956,0,2423,0
62958,0,2424,0
62960,0,2425,0
62962,0,2413,0
62964,0,2426,0
62966,0,2424,0
62968,0,2425,0
62970,0,2425,0
62972,0,2429,0
62974,67946,2425,1
62976,0,2423,0
62978,0,2425,0
62980,0,2425,0
62982,0,2425,0
62984,0,2424,0
62986,0,2427,0
62988,0,2427,0
62990,0,2427,0
62992,0,2427,0
62994,0,2429,0
62996,0,2428,0
62998,0,2429,0
63000,0,2429,0
63002,0,2429,0
63004,0,2430,0
63006,0,2431,0
63008,0,2431,0
63010,0,2431,0
63012,0,2431,0
63014,67979,2427,1
63016,0,2425,0
63018,0,2425,0
63020,0,2427,0
63022,0,2427,0
63024,0,2428,0
63026,0,2427,0
63028,0,2428,0
63030,0,2429,0
63032,0,2429,0
63034,0,2423,0
63036,0,2431,0
63038,0,2431,0
63040,0,2431,0
63042,0,2430,0
63044,0,2431,0
63046,0,2431,0
63048,0,2438,0
63050,0,2439,0
63052,0,2439,0
63054,67991,2424,1
63056,0,2425,0
63058,0,2425,0
63060,0,2425,0
63062,0,2427,0
63064,0,2427,0
63066,0,2427,0
63068,0,2437,0
63070,0,2427,0
63072,0,2428,0
63074,0,2428,0
63076,0,2429,0
63078,0,2429,0
63080,0,2431,0
63082,0,2429,0
63084,0,2429,0
63086,0,2431,0
63088,0,2439,0
63090,0,2439,0
63092,0,2439,0
63094,68023,2423,1
63096,0,2422,0
63098,0,2423,0
63100,0,2421,0
63102,0,2423,0
63104,0,2424,0
63106,0,2424,0
63108,0,2425,0
63110,0,2425,0
63112,0,2426,0
63114,0,2425,0
63116,0,2425,0
63118,0,2425,0
63120,0,2427,0
63122,0,2429,0
63124,0,2429,0
63126,0,2428,0
63128,0,2431,0
63130,0,2428,0
63132,0,2431,0
63134,68062,2415,1
63136,0,2412,0
63138,0,2415,0
63140,0,2415,0
63142,0,2415,0
63144,0,2419,0
63146,0,2419,0
63148,0,2419,0
63150,0,2420,0
63152,0,2420,0
63154,0,2423,0
63156,0,2421,0
63158,0,2423,0
63160,0,2423,0
63162,0,2426,0
63164,0,2425,0
63166,0,2425,0
63168,0,2426,0
63170,0,2425,0
63172,0,2427,0
63174,68052,2413,1
63176,0,2408,0
63178,0,2409,0
63180,0,2410,0
63182,0,2409,0
63184,0,2410,0
63186,0,2412,0
63188,0,2413,0
63190,0,2413,0
63192,0,2412,0
63194,0,2413,0
63196,0,2415,0
63198,0,2415,0
63200,0,2415,0
63202,0,2415,0
63204,0,2419,0
63206,0,2419,0
63208,0,2419,0
63210,0,2420,0
63212,0,2423,0
63214,68016,2401,1
63216,0,2395,0
63218,0,2399,0
63220,0,2403,0
63222,0,2403,0
63224,0,2403,0
63226,0,2415,0
63228,0,2405,0
63230,0,2406,0
63232,0,2405,0
63234,0,2409,0
63236,0,2408,0
63238,0,2408,0
63240,0,2409,0
63242,0,2411,0
63244,0,2411,0
63246,0,2412,0
63248,0,2419,0
63250,0,2413,0
63252,68052,2411,1
63254,0,2412,0
63256,0,2411,0
63258,0,2411,0
63260,0,2413,0
63262,0,2413,0
63264,0,2413,0
63266,0,2415,0
63268,0,2416,0
63270,0,2415,0
63272,0,2419,0
63274,0,2421,0
63276,0,2419,0
63278,0,2421,0
63280,0,2421,0
63282,0,2423,0
63284,0,2423,0
63286,0,2421,0
63288,0,2423,0
63290,0,2423,0
63292,68078,2423,1
63294,0,2425,0
63296,0,2423,0
63298,0,2423,0
63300,0,2427,0
63302,0,2427,0
63304,0,2427,0
63306,0,2427,0
63308,0,2426,0
63310,0,2427,0
63312,0,2427,0
63314,0,2429,0
63316,0,2429,0
63318,0,2427,0
63320,0,2427,0
63322,0,2431,0
63324,0,2431,0
63326,0,2431,0
63328,0,2431,0
63330,0,2438,0
63332,68092,2430,1
63334,0,2429,0
63336,0,2431,0
63338,0,2429,0
63340,0,2430,0
63342,0,2437,0
63344,0,2439,0
63346,0,2437,0
63348,0,2437,0
63350,0,2431,0
63352,0,2439,0
63354,0,2439,0
63356,0,2441,0
63358,0,2445,0
63360,0,2442,0
63362,0,2440,0
63364,0,2439,0
63366,0,2442,0
63368,0,2441,0
63370,0,2441,0
63372,68122,2439,1
63374,0,2431,0
63376,0,2437,0
63378,0,2438,0
63380,0,2432,0
63382,0,2439,0
63384,0,2439,0
63386,0,2439,0
63388,0,2441,0
63390,0,2440,0
63392,0,2439,0
63394,0,2443,0
63396,0,2443,0
63398,0,2442,0
63400,0,2443,0
63402,0,2441,0
63404,0,2439,0
63406,0,2444,0
63408,0,2443,0
63410,0,2443,0
63412,68138,2441,1
63414,0,2429,0
63416,0,2438,0
63418,0,2437,0
63420,0,2439,0
63422,0,2439,0
63424,0,2429,0
63426,0,2439,0
63428,0,2439,0
63430,0,2439,0
63432,0,2440,0
63434,0,2440,0
63436,0,2440,0
63438,0,2441,0
63440,0,2441,0
63442,0,2441,0
63444,0,2441,0
63446,0,2443,0
63448,0,2444,0
63450,0,2442,0
63452,68156,2431,1
63454,0,2427,0
63456,0,2429,0
63458,0,2429,0
63460,0,2429,0
63462,0,2430,0
63464,0,2431,0
63466,0,2431,0
63468,0,2437,0
63470,0,2437,0
63472,0,2438,0
63474,0,2437,0
63476,0,2441,0
63478,0,2437,0
63480,0,2439,0
63482,0,2441,0
63484,0,2432,0
63486,0,2440,0
63488,0,2441,0
63490,0,2443,0
63492,68176,2424,1
63494,0,2423,0
63496,0,2424,0
63498,0,2427,0
63500,0,2427,0
63502,0,2428,0
63504,0,2420,0
63506,0,2427,0
63508,0,2427,0
63510,0,2429,0
63512,0,2427,0
63514,0,2427,0
63516,0,2430,0
63518,0,2428,0
63520,0,2429,0
63522,0,2437,0
63524,0,2430,0
63526,0,2431,0
63528,0,2431,0
63530,0,2431,0
63532,68186,2414,1
63534,0,2415,0
63536,0,2417,0
63538,0,2419,0
63540,0,2420,0
63542,0,2421,0
63544,0,2421,0
63546,0,2421,0
63548,0,2421,0
63550,0,2423,0
63552,0,2423,0
63554,0,2423,0
63556,0,2425,0
63558,0,2423,0
63560,0,2424,0
63562,0,2425,0
63564,0,2427,0
63566,0,2425,0
63568,0,2426,0
63570,0,2427,0
63572,68134,2411,1
63574,0,2409,0
63576,0,2409,0
63578,0,2411,0
63580,0,2411,0
63582,0,2412,0
63584,0,2413,0
63586,0,2413,0
63588,0,2413,0
63590,0,2415,0
63592,0,2413,0
63594,0,2415,0
63596,0,2414,0
63598,0,2419,0
63600,0,2419,0
63602,0,2419,0
63604,0,2415,0
63606,0,2421,0
63608,0,2423,0
63610,0,2421,0
63612,68101,2397,1
63614,0,2398,0
63616,0,2399,0
63618,0,2403,0
63620,0,2401,0
63622,0,2403,0
63624,0,2404,0
63626,0,2407,0
63628,0,2405,0
63630,0,2407,0
63632,0,2407,0
63634,0,2410,0
63636,0,2409,0
63638,0,2409,0
63640,0,2410,0
63642,0,2409,0
63644,0,2411,0
63646,0,2413,0
63648,0,2413,0
63650,68121,2413,1
63652,0,2409,0
63654,0,2411,0
63656,0,2413,0
63658,0,2411,0
63660,0,2412,0
63662,0,2413,0
63664,0,2413,0
63666,0,2415,0
63668,0,2415,0
63670,0,2415,0
63672,0,2415,0
63674,0,2419,0
63676,0,2419,0
63678,0,2421,0
63680,0,2421,0
63682,0,2421,0
63685,0,2422,0
63687,0,2421,0
63689,0,2422,0
63691,68129,2423,1
63693,0,2423,0
63695,0,2423,0
63697,0,2423,0
63699,0,2424,0
63701,0,2425,0
63703,0,2423,0
63705,0,2426,0
63707,0,2425,0
63709,0,2427,0
63711,0,2429,0
63713,0,2428,0
63715,0,2427,0
63717,0,2429,0
63719,0,2429,0
63721,0,2429,0
63723,0,2429,0
63725,0,2430,0
63727,0,2429,0
63729,0,2431,0
63731,68137,2429,1
63733,0,2427,0
63735,0,2429,0
63737,0,2429,0
63739,0,2427,0
63741,0,2431,0
63743,0,2429,0
63745,0,2431,0
63747,0,2431,0
63749,0,2436,0
63751,0,2431,0
63753,0,2431,0
63755,0,2437,0
63757,0,2438,0
63759,0,2437,0
63761,0,2440,0
63763,0,2439,0
63765,0,2439,0
63767,0,2439,0
63769,0,2439,0
63771,68145,2431,1
63773,0,2431,0
63775,0,2431,0
63777,0,2430,0
63779,0,2432,0
63781,0,2431,0
63783,0,2431,0
63785,0,2431,0
63787,0,2431,0
63789,0,2439,0
63791,0,2431,0
63793,0,2439,0
63795,0,2439,0
63797,0,2441,0
63799,0,2440,0
63801,0,2441,0
63803,0,2441,0
63805,0,2444,0
63807,0,2443,0
63809,0,2441,0
63811,68142,2431,1
63813,0,2428,0
63815,0,2429,0
63817,0,2430,0
63819,0,2431,0
63821,0,2438,0
63823,0,2431,0
63825,0,2431,0
63827,0,2443,0
63829,0,2431,0
63831,0,2439,0
63833,0,2432,0
63835,0,2440,0
63837,0,2440,0
63839,0,2447,0
63841,0,2439,0
63843,0,2441,0
63845,0,2439,0
63847,0,2441,0
63849,0,2443,0
63851,68136,2428,1
63853,0,2427,0
63855,0,2425,0
63857,0,2427,0
63859,0,2425,0
63861,0,2429,0
63863,0,2429,0
63865,0,2429,0
63867,0,2429,0
63869,0,2429,0
63871,0,2431,0
63873,0,2432,0
63875,0,2431,0
63877,0,2431,0
63879,0,2439,0
63881,0,2437,0
63883,0,2439,0
63885,0,2437,0
63887,0,2438,0
63889,0,2439,0
63891,68156,2422,1
63893,0,2419,0
63895,0,2423,0
63897,0,2423,0
63899,0,2423,0
63901,0,2423,0
63903,0,2424,0
63905,0,2424,0
63907,0,2427,0
63909,0,2424,0
63911,0,2426,0
63913,0,2429,0
63915,0,2427,0
63917,0,2425,0
63919,0,2427,0
63921,0,2427,0
63923,0,2429,0
63925,0,2429,0
63927,0,2429,0
63929,0,2431,0
63931,68147,2414,1
63933,0,2413,0
63935,0,2414,0
63937,0,2412,0
63939,0,2415,0
63941,0,2415,0
63943,0,2415,0
63945,0,2419,0
63947,0,2405,0
63949,0,2419,0
63951,0,2419,0
63953,0,2419,0
63955,0,2421,0
63957,0,2421,0
63959,0,2429,0
63961,0,2422,0
63963,0,2423,0
63965,0,2424,0
63967,0,2425,0
63969,0,2428,0
63971,68093,2407,1
63973,0,2407,0
63975,0,2406,0
63977,0,2408,0
63979,0,2407,0
63981,0,2409,0
63983,0,2409,0
63985,0,2409,0
63987,0,2411,0
63989,0,2410,0
63991,0,2413,0
63993,0,2411,0
63995,0,2413,0
63997,0,2413,0
63999,0,2413,0
64001,0,2415,0
64003,0,2415,0
64005,0,2415,0
64007,0,2415,0
64009,0,2415,0
64011,68073,2397,1
64013,0,2393,0
64015,0,2397,0
64017,0,2395,0
64019,0,2397,0
64021,0,2399,0
64023,0,2399,0
64025,0,2399,0
64027,0,2403,0
64029,0,2404,0
64031,0,2403,0
64033,0,2403,0
64035,0,2405,0
64037,0,2407,0
64039,0,2407,0
64041,0,2409,0
64043,0,2408,0
64045,0,2409,0
64047,0,2409,0
64049,68085,2411,1
64051,0,2408,0
64053,0,2406,0
64055,0,2411,0
64057,0,2409,0
64059,0,2409,0
64061,0,2410,0
64063,0,2411,0
64065,0,2413,0
64067,0,2413,0
64069,0,2413,0
64071,0,2413,0
64073,0,2413,0
64075,0,2415,0
64077,0,2415,0
64079,0,2418,0
64081,0,2419,0
64083,0,2418,0
64085,0,2420,0
64087,0,2419,0
64089,68079,2419,1
64091,0,2419,0
64093,0,2420,0
64095,0,2421,0
64097,0,2421,0
64099,0,2421,0
64101,0,2421,0
64103,0,2421,0
64105,0,2425,0
64107,0,2424,0
64109,0,2423,0
64111,0,2424,0
64113,0,2427,0
64115,0,2425,0
64117,0,2427,0
64119,0,2426,0
64121,0,2427,0
64123,0,2427,0
64125,0,2429,0
64127,0,2431,0
64129,68081,2427,1
64131,0,2426,0
64133,0,2425,0
64135,0,2427,0
64137,0,2427,0
64139,0,2425,0
64141,0,2425,0
64143,0,2427,0
64145,0,2431,0
64147,0,2429,0
64149,0,2428,0
64151,0,2429,0
64153,0,2430,0
64155,0,2431,0
64157,0,2430,0
64159,0,2431,0
64161,0,2431,0
64163,0,2437,0
64165,0,2439,0
64167,0,2437,0
64169,68056,2429,1
64171,0,2427,0
64173,0,2428,0
64175,0,2428,0
64177,0,2429,0
64179,0,2429,0
64181,0,2430,0
64183,0,2431,0
64185,0,2431,0
64187,0,2429,0
64189,0,2431,0
64191,0,2431,0
64193,0,2431,0
64195,0,2443,0
64197,0,2440,0
64199,0,2439,0
64201,0,2439,0
64203,0,2440,0
64205,0,2440,0
64207,0,2438,0
64209,68063,2429,1
64211,0,2425,0
64213,0,2426,0
64215,0,2427,0
64217,0,2428,0
64219,0,2427,0
64221,0,2429,0
64223,0,2429,0
64225,0,2431,0
64227,0,2430,0
64229,0,2431,0
64231,0,2425,0
64233,0,2437,0
64235,0,2437,0
64237,0,2437,0
64239,0,2438,0
64241,0,2437,0
64243,0,2439,0
64245,0,2437,0
64247,0,2439,0
64249,68044,2425,1
64251,0,2424,0
64253,0,2422,0
64255,0,2425,0
64257,0,2425,0
64259,0,2425,0
64261,0,2425,0
64263,0,2425,0
64265,0,2427,0
64267,0,2427,0
64269,0,2427,0
64271,0,2428,0
64273,0,2429,0
64275,0,2429,0
64277,0,2429,0
64279,0,2431,0
64281,0,2429,0
64283,0,2439,0
64285,0,2430,0
64287,0,2431,0
64289,68080,2419,1
64291,0,2417,0
64293,0,2416,0
64295,0,2419,0
64297,0,2419,0
64299,0,2419,0
64301,0,2421,0
64303,0,2421,0
64305,0,2423,0
64307,0,2423,0
64309,0,2421,0
64311,0,2424,0
64313,0,2423,0
64315,0,2425,0
64317,0,2425,0
64319,0,2427,0
64321,0,2427,0
64323,0,2429,0
64325,0,2425,0
64327,0,2426,0
64329,68070,2411,1
64331,0,2409,0
64333,0,2408,0
64335,0,2411,0
64337,0,2411,0
64339,0,2411,0
64341,0,2411,0
64343,0,2413,0
64345,0,2414,0
64347,0,2415,0
64349,0,2419,0
64351,0,2415,0
64353,0,2419,0
64355,0,2419,0
64357,0,2421,0
64359,0,2421,0
64361,0,2421,0
64363,0,2422,0
64365,0,2427,0
64367,0,2424,0
64369,68026,2403,1
64371,0,2402,0
64373,0,2404,0
64375,0,2405,0
64377,0,2407,0
64379,0,2406,0
64381,0,2407,0
64383,0,2407,0
64385,0,2407,0
64387,0,2408,0
64389,0,2409,0
64391,0,2411,0
64393,0,2411,0
64395,0,2410,0
64397,0,2411,0
64399,0,2413,0
64401,0,2412,0
64403,0,2413,0
64405,0,2413,0
64407,0,2415,0
64409,67999,2392,1
64411,0,2391,0
64413,0,2392,0
64415,0,2393,0
64417,0,2393,0
64419,0,2397,0
64421,0,2397,0
64423,0,2397,0
64425,0,2396,0
64427,0,2397,0
64429,0,2399,0
64431,0,2402,0
64433,0,2403,0
64435,0,2405,0
64437,0,2405,0
64439,0,2405,0
64441,0,2407,0
64443,0,2407,0
64445,0,2408,0
64447,67986,2408,1
64449,0,2408,0
64451,0,2409,0
64453,0,2411,0
64455,0,2411,0
64457,0,2411,0
64459,0,2412,0
64461,0,2413,0
64463,0,2415,0
64465,0,2415,0
64467,0,2414,0
64469,0,2419,0
64471,0,2416,0
64473,0,2419,0
64475,0,2415,0
64477,0,2419,0
64479,0,2419,0
64481,0,2423,0
64483,0,2423,0
64485,0,2421,0
64487,67972,2421,1
64489,0,2421,0
64491,0,2421,0
64493,0,2421,0
64495,0,2421,0
64497,0,2423,0
64499,0,2423,0
64501,0,2423,0
64503,0,2425,0
64505,0,2423,0
64507,0,2425,0
64509,0,2425,0
64511,0,2426,0
64513,0,2427,0
64515,0,2428,0
64517,0,2429,0
64519,0,2430,0
64521,0,2428,0
64523,0,2431,0
64525,0,2429,0
64527,67961,2427,1
64529,0,2425,0
64531,0,2429,0
64533,0,2425,0
64535,0,2427,0
64537,0,2427,0
64539,0,2428,0
64541,0,2427,0
64543,0,2428,0
64545,0,2427,0
64547,0,2429,0
64549,0,2429,0
64551,0,2429,0
64553,0,2428,0
64555,0,2431,0
64557,0,2431,0
64559,0,2431,0
64561,0,2431,0
64563,0,2431,0
64565,0,2431,0
64567,67947,2429,1
64569,0,2425,0
64571,0,2426,0
64573,0,2427,0
64575,0,2427,0
64577,0,2427,0
64579,0,2430,0
64581,0,2429,0
64583,0,2428,0
64585,0,2429,0
64587,0,2431,0
64589,0,2431,0
64591,0,2430,0
64593,0,2431,0
64595,0,2439,0
64597,0,2437,0
64599,0,2437,0
64601,0,2439,0
64603,0,2438,0
64605,0,2438,0
64607,67947,2424,1
64609,0,2427,0
64611,0,2425,0
64613,0,2425,0
64615,0,2425,0
64617,0,2426,0
64619,0,2427,0
64621,0,2428,0
64623,0,2427,0
64625,0,2428,0
64627,0,2429,0
64629,0,2430,0
64631,0,2429,0
64633,0,2429,0
64635,0,2431,0
64637,0,2431,0
64639,0,2431,0
64641,0,2432,0
64643,0,2431,0
64645,0,2437,0
64647,67960,2423,1
64649,0,2421,0
64651,0,2421,0
64653,0,2424,0
64655,0,2425,0
64657,0,2423,0
64659,0,2424,0
64661,0,2424,0
64663,0,2424,0
64665,0,2424,0
64667,0,2425,0
64669,0,2424,0
64671,0,2425,0
64673,0,2425,0
64675,0,2427,0
64677,0,2430,0
64679,0,2428,0
64681,0,2429,0
64683,0,2424,0
64685,0,2429,0
64687,67983,2415,1
64689,0,2413,0
64691,0,2413,0
64693,0,2413,0
64695,0,2415,0
64697,0,2415,0
64699,0,2415,0
64701,0,2419,0
64703,0,2413,0
64705,0,2415,0
64707,0,2421,0
64709,0,2421,0
64711,0,2421,0
64713,0,2423,0
64715,0,2424,0
64717,0,2423,0
64719,0,2425,0
64721,0,2425,0
64723,0,2424,0
64725,0,2427,0
64727,67949,2407,1
64729,0,2407,0
64731,0,2408,0
64733,0,2409,0
64735,0,2409,0
64737,0,2415,0
64739,0,2411,0
64741,0,2411,0
64743,0,2412,0
64745,0,2411,0
64747,0,2413,0
64749,0,2414,0
64751,0,2414,0
64753,0,2415,0
64755,0,2415,0
64757,0,2416,0
64759,0,2415,0
64761,0,2419,0
64763,0,2421,0
64765,0,2419,0
64767,67919,2397,1
64769,0,2403,0
64771,0,2397,0
64773,0,2401,0
64775,0,2397,0
64777,0,2401,0
64779,0,2402,0
64781,0,2412,0
64783,0,2406,0
64785,0,2406,0
64787,0,2405,0
64789,0,2408,0
64791,0,2407,0
64793,0,2407,0
64795,0,2409,0
64797,0,2411,0
64799,0,2411,0
64801,0,2411,0
64803,0,2411,0
64805,67938,2412,1
64807,0,2408,0
64809,0,2413,0
64811,0,2412,0
64813,0,2412,0
64815,0,2413,0
64817,0,2413,0
64819,0,2413,0
64821,0,2415,0
64823,0,2415,0
64825,0,2416,0
64827,0,2419,0
64829,0,2419,0
64831,0,2421,0
64833,0,2420,0
64835,0,2420,0
64837,0,2420,0
64839,0,2421,0
64841,0,2423,0
64843,0,2423,0
64845,67952,2422,1
64847,0,2423,0
64849,0,2423,0
64851,0,2423,0
64853,0,2412,0
64855,0,2425,0
64857,0,2425,0
64859,0,2425,0
64861,0,2425,0
64863,0,2427,0
64865,0,2426,0
64867,0,2427,0
64869,0,2426,0
64871,0,2428,0
64873,0,2437,0
64875,0,2429,0
64877,0,2429,0
64879,0,2430,0
64881,0,2429,0
64883,0,2431,0
64885,67955,2429,1
64887,0,2428,0
64889,0,2429,0
64891,0,2438,0
64893,0,2429,0
64895,0,2431,0
64897,0,2430,0
64899,0,2431,0
64901,0,2412,0
64903,0,2437,0
64905,0,2437,0
64907,0,2437,0
64909,0,2439,0
64911,0,2439,0
64913,0,2431,0
64915,0,2437,0
64917,0,2439,0
64919,0,2437,0
64921,0,2441,0
64923,0,2441,0
64925,67965,2431,1
64927,0,2431,0
64929,0,2429,0
64931,0,2430,0
64933,0,2437,0
64935,0,2431,0
64937,0,2431,0
64939,0,2437,0
64941,0,2438,0
64943,0,2439,0
64945,0,2438,0
64947,0,2440,0
64949,0,2440,0
64951,0,2440,0
64953,0,2440,0
64955,0,2440,0
64957,0,2441,0
64959,0,2440,0
64961,0,2441,0
64963,0,2443,0
64965,67977,2431,1
64967,0,2429,0
64969,0,2429,0
64971,0,2430,0
64973,0,2428,0
64975,0,2431,0
64977,0,2437,0
64979,0,2429,0
64981,0,2437,0
64983,0,2439,0
64985,0,2441,0
64987,0,2439,0
64989,0,2439,0
64991,0,2432,0
64993,0,2441,0
64995,0,2441,0
64997,0,2443,0
64999,0,2441,0
65001,0,2440,0
65003,0,2440,0
65005,67978,2429,1
65007,0,2427,0
65009,0,2427,0
65011,0,2426,0
65013,0,2427,0
65015,0,2428,0
65017,0,2427,0
65019,0,2429,0
65021,0,2431,0
65023,0,2431,0
65025,0,2429,0
65027,0,2431,0
65029,0,2437,0
65031,0,2431,0
65033,0,2431,0
65035,0,2439,0
65037,0,2437,0
65039,0,2431,0
65041,0,2439,0
65043,0,2439,0
65045,67995,2423,1
65047,0,2420,0
65049,0,2423,0
65051,0,2422,0
65053,0,2421,0
65055,0,2424,0
65057,0,2424,0
65059,0,2427,0
65061,0,2425,0
65063,0,2425,0
65065,0,2427,0
65067,0,2425,0
65069,0,2427,0
65071,0,2429,0
65073,0,2427,0
65075,0,2426,0
65077,0,2429,0
65079,0,2429,0
65081,0,2429,0
65083,0,2429,0
65085,67995,2413,1
65087,0,2412,0
65089,0,2412,0
65091,0,2413,0
65093,0,2415,0
65095,0,2415,0
65097,0,2415,0
65099,0,2415,0
65101,0,2415,0
65103,0,2419,0
65105,0,2421,0
65107,0,2421,0
65109,0,2420,0
65111,0,2421,0
65113,0,2423,0
65115,0,2422,0
65117,0,2424,0
65119,0,2427,0
65121,0,2424,0
65123,0,2425,0
65125,67947,2407,1
65127,0,2407,0
65129,0,2407,0
65131,0,2407,0
65133,0,2407,0
65135,0,2409,0
65137,0,2410,0
65139,0,2409,0
65141,0,2411,0
65143,0,2412,0
65145,0,2411,0
65147,0,2413,0
65149,0,2413,0
65151,0,2413,0
65153,0,2415,0
65155,0,2415,0
65157,0,2419,0
65159,0,2418,0
65161,0,2419,0
65163,0,2419,0
65165,67951,2397,1
65167,0,2395,0
65169,0,2396,0
65171,0,2396,0
65173,0,2397,0
65175,0,2397,0
65177,0,2399,0
65179,0,2403,0
65181,0,2404,0
65183,0,2405,0
65185,0,2404,0
65187,0,2405,0
65189,0,2407,0
65191,0,2407,0
65193,0,2409,0
65195,0,2409,0
65197,0,2408,0
65199,0,2410,0
65201,0,2411,0
65203,67979,2411,1
65205,0,2406,0
65207,0,2408,0
65209,0,2407,0
65211,0,2409,0
65213,0,2411,0
65215,0,2411,0
65217,0,2413,0
65219,0,2412,0
65221,0,2413,0
65223,0,2413,0
65225,0,2413,0
65227,0,2414,0
65229,0,2413,0
65231,0,2415,0
65233,0,2416,0
65235,0,2419,0
65237,0,2419,0
65239,0,2420,0
65241,0,2421,0
65243,67987,2421,1
65245,0,2419,0
65247,0,2416,0
65249,0,2421,0
65251,0,2419,0
65253,0,2427,0
65255,0,2421,0
65257,0,2424,0
65259,0,2425,0
65261,0,2424,0
65263,0,2425,0
65265,0,2423,0
65267,0,2425,0
65269,0,2427,0
65271,0,2425,0
65273,0,2428,0
65275,0,2427,0
65277,0,2429,0
65279,0,2429,0
65281,0,2427,0
65283,67997,2427,1
65285,0,2426,0
65287,0,2427,0
65289,0,2426,0
65291,0,2426,0
65293,0,2420,0
65295,0,2427,0
65297,0,2429,0
65299,0,2429,0
65301,0,2429,0
65303,0,2431,0
65305,0,2431,0
65307,0,2437,0
65309,0,2431,0
65311,0,2430,0
65313,0,2430,0
65315,0,2438,0
65317,0,2439,0
65319,0,2439,0
65321,0,2439,0
65323,67979,2427,1
65325,0,2427,0
65327,0,2427,0
65329,0,2431,0
65331,0,2429,0
65333,0,2431,0
65335,0,2429,0
65337,0,2431,0
65339,0,2431,0
65341,0,2429,0
65343,0,2431,0
65345,0,2438,0
65347,0,2431,0
65349,0,2432,0
65351,0,2439,0
65353,0,2439,0
65355,0,2439,0
65357,0,2441,0
65359,0,2439,0
65361,0,2440,0
65363,67948,2429,1
65365,0,2427,0
65367,0,2428,0
65369,0,2427,0
65371,0,2427,0
65373,0,2427,0
65375,0,2429,0
65377,0,2428,0
65379,0,2429,0
65381,0,2431,0
65383,0,2429,0
65385,0,2431,0
65387,0,2431,0
65389,0,2439,0
65391,0,2431,0
65393,0,2438,0
65395,0,2431,0
65397,0,2439,0
65399,0,2438,0
65401,0,2438,0
65403,67939,2424,1
65405,0,2423,0
65407,0,2423,0
65409,0,2424,0
65411,0,2423,0
65413,0,2425,0
65415,0,2425,0
65417,0,2424,0
65419,0,2425,0
65421,0,2431,0
65423,0,2427,0
65425,0,2429,0
65427,0,2428,0
65429,0,2429,0
65431,0,2429,0
65433,0,2429,0
65435,0,2429,0
65437,0,2431,0
65439,0,2431,0
65441,0,2437,0
65443,67963,2418,1
65445,0,2415,0
65447,0,2415,0
65449,0,2415,0
65451,0,2421,0
65453,0,2419,0
65455,0,2420,0
65457,0,2421,0
65459,0,2421,0
65461,0,2421,0
65463,0,2421,0
65465,0,2425,0
65467,0,2423,0
65469,0,2424,0
65471,0,2425,0
65473,0,2427,0
65475,0,2425,0
65477,0,2425,0
65479,0,2427,0
65481,0,2427,0
65483,67942,2411,1
65485,0,2409,0
65487,0,2411,0
65489,0,2411,0
65491,0,2411,0
65493,0,2411,0
65495,0,2412,0
65498,0,2413,0
65500,0,2413,0
65502,0,2413,0
65504,0,2415,0
65506,0,2415,0
65508,0,2415,0
65510,0,2416,0
65512,0,2419,0
65514,0,2419,0
65516,0,2421,0
65518,0,2421,0
65520,0,2421,0
65522,0,2422,0
65524,67897,2399,1
65526,0,2399,0
65528,0,2403,0
65530,0,2403,0
65532,0,2403,0
65534,0,2404,0
65536,0,2407,0
65538,0,2405,0
65540,0,2407,0
65542,0,2408,0
65544,0,2407,0
65546,0,2407,0
65548,0,2411,0
65550,0,2409,0
65552,0,2409,0
65554,0,2411,0
65556,0,2413,0
65558,0,2413,0
65560,0,2414,0
65562,67907,2415,1
65564,0,2412,0
65566,0,2413,0
65568,0,2412,0
65570,0,2413,0
65572,0,2415,0
65574,0,2419,0
65576,0,2415,0
65578,0,2415,0
65580,0,2419,0
65582,0,2419,0
65584,0,2421,0
65586,0,2421,0
65588,0,2421,0
65590,0,2423,0
65592,0,2421,0
65594,0,2419,0
65596,0,2425,0
65598,0,2425,0
65600,0,2424,0
65602,67934,2423,1
65604,0,2424,0
65606,0,2427,0
65608,0,2425,0
65610,0,2428,0
65612,0,2427,0
65614,0,2427,0
65616,0,2427,0
65618,0,2429,0
65620,0,2430,0
65622,0,2429,0
65624,0,2431,0
65626,0,2429,0
65628,0,2431,0
65630,0,2431,0
65632,0,2431,0
65634,0,2431,0
65636,0,2439,0
65638,0,2437,0
65640,0,2437,0
65642,67929,2431,1
65644,0,2439,0
65646,0,2431,0
65648,0,2431,0
65650,0,2438,0
65652,0,2431,0
65654,0,2438,0
65656,0,2439,0
65658,0,2451,0
65660,0,2439,0
65662,0,2441,0
65664,0,2443,0
65666,0,2440,0
65668,0,2441,0
65670,0,2441,0
65672,0,2441,0
65674,0,2443,0
65676,0,2443,0
65678,0,2443,0
65680,0,2443,0
65682,67926,2441,1
65684,0,2438,0
65686,0,2439,0
65688,0,2439,0
65690,0,2440,0
65692,0,2439,0
65694,0,2439,0
65696,0,2427,0
65698,0,2441,0
65700,0,2441,0
65702,0,2443,0
65704,0,2441,0
65706,0,2443,0
65708,0,2444,0
65710,0,2443,0
65712,0,2443,0
65714,0,2443,0
65716,0,2443,0
65718,0,2444,0
65720,0,2445,0
65722,67930,2431,1
65724,0,2431,0
65726,0,2437,0
65728,0,2438,0
65730,0,2440,0
65732,0,2440,0
65734,0,2441,0
65736,0,2423,0
65738,0,2440,0
65740,0,2441,0
65742,0,2440,0
65744,0,2440,0
65746,0,2443,0
65748,0,2441,0
65750,0,2444,0
65752,0,2443,0
65754,0,2443,0
65756,0,2445,0
65758,0,2444,0
65760,0,2444,0
65762,67943,2430,1
65764,0,2429,0
65766,0,2428,0
65768,0,2431,0
65770,0,2429,0
65772,0,2429,0
65774,0,2431,0
65776,0,2431,0
65778,0,2438,0
65780,0,2432,0
65782,0,2439,0
65784,0,2439,0
65786,0,2438,0
65788,0,2439,0
65790,0,2439,0
65792,0,2440,0
65794,0,2441,0
65796,0,2438,0
65798,0,2443,0
65800,0,2441,0
65802,67961,2425,1
65804,0,2424,0
65806,0,2423,0
65808,0,2425,0
65810,0,2427,0
65812,0,2426,0
65814,0,2425,0
65816,0,2426,0
65818,0,2429,0
65820,0,2428,0
65822,0,2429,0
65824,0,2430,0
65826,0,2431,0
65828,0,2431,0
65830,0,2431,0
65832,0,2430,0
65834,0,2431,0
65836,0,2431,0
65838,0,2437,0
65840,0,2439,0
65842,67997,2415,1
65844,0,2415,0
65846,0,2414,0
65848,0,2419,0
65850,0,2419,0
65852,0,2419,0
65854,0,2419,0
65856,0,2423,0
65858,0,2423,0
65860,0,2423,0
65862,0,2421,0
65864,0,2423,0
65866,0,2425,0
65868,0,2425,0
65870,0,2425,0
65872,0,2427,0
65874,0,2423,0
65876,0,2427,0
65878,0,2427,0
65880,0,2427,0
65882,67971,2411,1
65884,0,2407,0
65886,0,2409,0
65888,0,2410,0
65890,0,2410,0
65892,0,2412,0
65894,0,2413,0
65896,0,2415,0
65898,0,2413,0
65900,0,2413,0
65902,0,2415,0
65904,0,2415,0
65906,0,2416,0
65908,0,2415,0
65910,0,2419,0
65912,0,2415,0
65914,0,2419,0
65916,0,2422,0
65918,0,2419,0
65920,0,2423,0
65922,67967,2397,1
65924,0,2397,0
65926,0,2398,0
65928,0,2403,0
65930,0,2403,0
65932,0,2399,0
65934,0,2403,0
65936,0,2404,0
65938,0,2406,0
65940,0,2406,0
65942,0,2407,0
65944,0,2409,0
65946,0,2410,0
65948,0,2411,0
65950,0,2409,0
65952,0,2411,0
65954,0,2411,0
65956,0,2411,0
65958,0,2413,0
65960,67995,2412,1
65962,0,2411,0
65964,0,2409,0
65966,0,2411,0
65968,0,2409,0
65970,0,2412,0
65972,0,2413,0
65974,0,2415,0
65976,0,2415,0
65978,0,2415,0
65980,0,2414,0
65982,0,2419,0
65984,0,2419,0
65986,0,2421,0
65988,0,2422,0
65990,0,2421,0
65992,0,2422,0
65994,0,2415,0
65996,0,2424,0
65998,0,2423,0
66000,68021,2423,1
66002,0,2422,0
66004,0,2425,0
66006,0,2423,0
66008,0,2423,0
66010,0,2427,0
66012,0,2425,0
66014,0,2425,0
66016,0,2425,0
66018,0,2427,0
66020,0,2427,0
66022,0,2429,0
66024,0,2427,0
66026,0,2429,0
66028,0,2429,0
66030,0,2429,0
66032,0,2429,0
66034,0,2429,0
66036,0,2431,0
66038,0,2431,0
66040,68037,2429,1
66042,0,2427,0
66044,0,2429,0
66046,0,2429,0
66048,0,2431,0
66050,0,2429,0
66052,0,2429,0
66054,0,2431,0
66056,0,2431,0
66058,0,2431,0
66060,0,2439,0
66062,0,2439,0
66064,0,2437,0
66066,0,2439,0
66068,0,2440,0
66070,0,2440,0
66072,0,2440,0
66074,0,2441,0
66076,0,2441,0
66078,0,2441,0
66080,68052,2437,1
66082,0,2430,0
66084,0,2431,0
66086,0,2431,0
66088,0,2431,0
66090,0,2431,0
66092,0,2439,0
66094,0,2438,0
66096,0,2437,0
66098,0,2439,0
66100,0,2438,0
66102,0,2440,0
66104,0,2441,0
66106,0,2441,0
66108,0,2440,0
66110,0,2441,0
66112,0,2441,0
66114,0,2443,0
66116,0,2441,0
66118,0,2443,0
66120,68062,2429,1
66122,0,2429,0
66124,0,2429,0
66126,0,2429,0
66128,0,2429,0
66130,0,2429,0
66132,0,2430,0
66134,0,2437,0
66136,0,2437,0
66138,0,2439,0
66140,0,2439,0
66142,0,2439,0
66144,0,2439,0
66146,0,2440,0
66148,0,2440,0
66150,0,2440,0
66152,0,2441,0
66154,0,2441,0
66156,0,2441,0
66158,0,2443,0
66160,68088,2427,1
66162,0,2426,0
66164,0,2425,0
66166,0,2427,0
66168,0,2427,0
66170,0,2427,0
66172,0,2431,0
66174,0,2429,0
66176,0,2429,0
66178,0,2431,0
66180,0,2431,0
66182,0,2431,0
66184,0,2431,0
66186,0,2441,0
66188,0,2438,0
66190,0,2431,0
66192,0,2439,0
66194,0,2439,0
66196,0,2439,0
66198,0,2438,0
66200,68135,2421,1
66202,0,2419,0
66204,0,2422,0
66206,0,2421,0
66208,0,2422,0
66210,0,2423,0
66212,0,2424,0
66214,0,2425,0
66216,0,2423,0
66218,0,2425,0
66220,0,2427,0
66222,0,2427,0
66224,0,2427,0
66226,0,2427,0
66228,0,2427,0
66230,0,2429,0
66232,0,2429,0
66234,0,2429,0
66236,0,2429,0
66238,0,2430,0
66240,68145,2413,1
66242,0,2411,0
66244,0,2411,0
66246,0,2413,0
66248,0,2414,0
66250,0,2413,0
66252,0,2419,0
66254,0,2419,0
66256,0,2419,0
66258,0,2419,0
66260,0,2421,0
66262,0,2420,0
66264,0,2421,0
66266,0,2423,0
66268,0,2423,0
66270,0,2421,0
66272,0,2424,0
66274,0,2424,0
66276,0,2423,0
66278,0,2425,0
66280,68089,2405,1
66282,0,2405,0
66284,0,2407,0
66286,0,2409,0
66288,0,2408,0
66290,0,2408,0
66292,0,2409,0
66294,0,2409,0
66296,0,2411,0
66298,0,2411,0
66300,0,2411,0
66302,0,2405,0
66304,0,2413,0
66306,0,2413,0
66308,0,2415,0
66310,0,2415,0
66312,0,2413,0
66314,0,2415,0
66316,0,2419,0
66318,0,2416,0
66320,68061,2397,1
66322,0,2395,0
66324,0,2395,0
66326,0,2396,0
66328,0,2398,0
66330,0,2397,0
66332,0,2399,0
66334,0,2402,0
66336,0,2403,0
66338,0,2403,0
66340,0,2405,0
66342,0,2406,0
66344,0,2404,0
66346,0,2405,0
66348,0,2409,0
66350,0,2406,0
66352,0,2407,0
66354,0,2409,0
66356,0,2409,0
66358,68096,2408,1
66360,0,2407,0
66362,0,2408,0
66364,0,2407,0
66366,0,2407,0
66368,0,2411,0
66370,0,2409,0
66372,0,2411,0
66374,0,2411,0
66376,0,2412,0
66378,0,2412,0
66380,0,2415,0
66382,0,2415,0
66384,0,2416,0
66386,0,2415,0
66388,0,2421,0
66390,0,2416,0
66392,0,2419,0
66394,0,2419,0
66396,0,2416,0
66398,68112,2421,1
66400,0,2416,0
66402,0,2424,0
66404,0,2421,0
66406,0,2420,0
66408,0,2422,0
66410,0,2421,0
66412,0,2423,0
66414,0,2421,0
66416,0,2424,0
66418,0,2423,0
66420,0,2425,0
66422,0,2425,0
66424,0,2424,0
66426,0,2429,0
66428,0,2427,0
66430,0,2425,0
66432,0,2427,0
66434,0,2428,0
66436,0,2427,0
66438,68116,2425,1
66440,0,2425,0
66442,0,2423,0
66444,0,2424,0
66446,0,2423,0
66448,0,2425,0
66450,0,2427,0
66452,0,2427,0
66454,0,2427,0
66456,0,2427,0
66458,0,2429,0
66460,0,2429,0
66462,0,2429,0
66464,0,2429,0
66466,0,2431,0
66468,0,2431,0
66470,0,2431,0
66472,0,2431,0
66474,0,2430,0
66476,0,2439,0
66478,68125,2425,1
66480,0,2423,0
66482,0,2426,0
66484,0,2427,0
66486,0,2426,0
66488,0,2427,0
66490,0,2427,0
66492,0,2429,0
66494,0,2428,0
66496,0,2428,0
66498,0,2431,0
66500,0,2430,0
66502,0,2430,0
66504,0,2437,0
66506,0,2437,0
66508,0,2439,0
66510,0,2441,0
66512,0,2439,0
66514,0,2439,0
66516,0,2439,0
66518,68149,2427,1
66520,0,2424,0
66522,0,2425,0
66524,0,2427,0
66526,0,2427,0
66528,0,2427,0
66530,0,2426,0
66532,0,2427,0
66534,0,2428,0
66536,0,2431,0
66538,0,2429,0
66540,0,2429,0
66542,0,2429,0
66544,0,2431,0
66546,0,2431,0
66548,0,2431,0
66550,0,2431,0
66552,0,2438,0
66554,0,2437,0
66556,0,2438,0
66558,68174,2423,1
66560,0,2423,0
66562,0,2420,0
66564,0,2424,0
66566,0,2423,0
66568,0,2423,0
66570,0,2422,0
66572,0,2423,0
66574,0,2424,0
66576,0,2425,0
66578,0,2425,0
66580,0,2425,0
66582,0,2427,0
66584,0,2427,0
66586,0,2428,0
66588,0,2428,0
66590,0,2428,0
66592,0,2429,0
66594,0,2435,0
66596,0,2431,0
66598,68203,2419,1
66600,0,2415,0
66602,0,2415,0
66604,0,2415,0
66606,0,2419,0
66608,0,2419,0
66610,0,2419,0
66612,0,2419,0
66614,0,2420,0
66616,0,2423,0
66618,0,2423,0
66620,0,2422,0
66622,0,2422,0
66624,0,2421,0
66626,0,2424,0
66628,0,2424,0
66630,0,2425,0
66632,0,2425,0
66634,0,2426,0
66636,0,2427,0
66638,68194,2409,1
66640,0,2409,0
66642,0,2409,0
66644,0,2410,0
66646,0,2410,0
66648,0,2411,0
66650,0,2411,0
66652,0,2411,0
66654,0,2413,0
66656,0,2414,0
66658,0,2414,0
66660,0,2415,0
66662,0,2419,0
66664,0,2415,0
66666,0,2419,0
66668,0,2419,0
66670,0,2419,0
66672,0,2421,0
66674,0,2420,0
66676,0,2421,0
66678,68149,2399,1
66680,0,2397,0
66682,0,2402,0
66684,0,2403,0
66686,0,2403,0
66688,0,2403,0
66690,0,2405,0
66692,0,2405,0
66694,0,2407,0
66696,0,2405,0
66698,0,2408,0
66700,0,2408,0
66702,0,2409,0
66704,0,2411,0
66706,0,2411,0
66708,0,2410,0
66710,0,2411,0
66712,0,2413,0
66714,0,2415,0
66716,68172,2413,1
66718,0,2411,0
66720,0,2413,0
66722,0,2413,0
66724,0,2413,0
66726,0,2409,0
66728,0,2415,0
66730,0,2414,0
66732,0,2416,0
66734,0,2415,0
66736,0,2419,0
66738,0,2419,0
66740,0,2421,0
66742,0,2420,0
66744,0,2423,0
66746,0,2422,0
66748,0,2422,0
66750,0,2422,0
66752,0,2422,0
66754,0,2425,0
66756,68219,2424,1
66758,0,2425,0
66760,0,2425,0
66762,0,2425,0
66764,0,2426,0
66766,0,2425,0
66768,0,2425,0
66770,0,2423,0
66772,0,2429,0
66774,0,2427,0
66776,0,2429,0
66778,0,2429,0
66780,0,2431,0
66782,0,2429,0
66784,0,2431,0
66786,0,2431,0
66788,0,2431,0
66790,0,2439,0
66792,0,2440,0
66794,0,2437,0
66796,68236,2431,1
66798,0,2431,0
66800,0,2431,0
66802,0,2431,0
66804,0,2437,0
66806,0,2439,0
66808,0,2437,0
66810,0,2437,0
66812,0,2438,0
66814,0,2440,0
66816,0,2440,0
66818,0,2439,0
66820,0,2440,0
66822,0,2441,0
66824,0,2439,0
66826,0,2441,0
66828,0,2441,0
66830,0,2443,0
66832,0,2441,0
66834,0,2443,0
66836,68241,2441,1
66838,0,2437,0
66840,0,2437,0
66842,0,2438,0
66844,0,2437,0
66846,0,2439,0
66848,0,2441,0
66850,0,2441,0
66852,0,2441,0
66854,0,2439,0
66856,0,2441,0
66858,0,2441,0
66860,0,2441,0
66862,0,2443,0
66864,0,2443,0
66866,0,2443,0
66868,0,2443,0
66870,0,2443,0
66872,0,2444,0
66874,0,2443,0
66876,68239,2438,1
66878,0,2437,0
66880,0,2437,0
66882,0,2437,0
66884,0,2431,0
66886,0,2439,0
66888,0,2439,0
66890,0,2440,0
66892,0,2440,0
66894,0,2440,0
66896,0,2440,0
66898,0,2439,0
66900,0,2440,0
66902,0,2443,0
66904,0,2443,0
66906,0,2443,0
66908,0,2443,0
66910,0,2443,0
66912,0,2443,0
66914,0,2444,0
66916,68246,2430,1
66918,0,2423,0
66920,0,2428,0
66922,0,2429,0
66924,0,2429,0
66926,0,2429,0
66928,0,2431,0
66930,0,2431,0
66932,0,2431,0
66934,0,2437,0
66936,0,2439,0
66938,0,2439,0
66940,0,2439,0
66942,0,2440,0
66944,0,2439,0
66946,0,2439,0
66948,0,2440,0
66950,0,2440,0
66952,0,2443,0
66954,0,2441,0
66956,68274,2426,1
66958,0,2422,0
66960,0,2424,0
66962,0,2425,0
66964,0,2427,0
66966,0,2427,0
66968,0,2427,0
66970,0,2427,0
66972,0,2428,0
66974,0,2427,0
66976,0,2428,0
66978,0,2427,0
66980,0,2429,0
66982,0,2427,0
66984,0,2429,0
66986,0,2431,0
66988,0,2438,0
66990,0,2437,0
66992,0,2431,0
66994,0,2431,0
66996,68285,2416,1
66998,0,2415,0
67000,0,2419,0
67002,0,2419,0
67004,0,2419,0
67006,0,2420,0
67008,0,2421,0
67010,0,2421,0
67012,0,2421,0
67014,0,2423,0
67016,0,2422,0
67018,0,2424,0
67020,0,2424,0
67022,0,2425,0
67024,0,2425,0
67026,0,2427,0
67028,0,2425,0
67030,0,2427,0
67032,0,2427,0
67034,0,2426,0
67036,68249,2413,1
67038,0,2407,0
67040,0,2408,0
67042,0,2409,0
67044,0,2411,0
67046,0,2411,0
67048,0,2411,0
67050,0,2413,0
67052,0,2414,0
67054,0,2412,0
67056,0,2415,0
67058,0,2419,0
67060,0,2416,0
67062,0,2415,0
67064,0,2420,0
67066,0,2419,0
67068,0,2421,0
67070,0,2422,0
67072,0,2421,0
67074,0,2421,0
67076,68240,2397,1
67078,0,2399,0
67080,0,2398,0
67082,0,2399,0
67084,0,2403,0
67086,0,2395,0
67088,0,2404,0
67090,0,2407,0
67092,0,2407,0
67094,0,2405,0
67096,0,2407,0
67098,0,2407,0
67100,0,2403,0
67102,0,2409,0
67104,0,2409,0
67106,0,2409,0
67108,0,2411,0
67110,0,2410,0
67112,0,2413,0
67114,68271,2415,1
67116,0,2409,0
67118,0,2411,0
67120,0,2411,0
67122,0,2413,0
67124,0,2412,0
67126,0,2412,0
67128,0,2415,0
67130,0,2413,0
67132,0,2415,0
67134,0,2415,0
67136,0,2413,0
67138,0,2415,0
67140,0,2419,0
67142,0,2421,0
67144,0,2420,0
67146,0,2422,0
67148,0,2421,0
67150,0,2428,0
67152,0,2423,0
67154,68255,2423,1
67156,0,2423,0
67158,0,2423,0
67160,0,2423,0
67162,0,2425,0
67164,0,2423,0
67166,0,2424,0
67168,0,2425,0
67170,0,2427,0
67172,0,2425,0
67174,0,2426,0
67176,0,2427,0
67178,0,2427,0
67180,0,2429,0
67182,0,2429,0
67184,0,2428,0
67186,0,2430,0
67188,0,2429,0
67190,0,2431,0
67192,0,2431,0
67194,68216,2430,1
67196,0,2427,0
67198,0,2429,0
67200,0,2427,0
67202,0,2429,0
67204,0,2428,0
67206,0,2430,0
67208,0,2431,0
67210,0,2431,0
67212,0,2431,0
67214,0,2431,0
67216,0,2439,0
67218,0,2431,0
67220,0,2437,0
67222,0,2431,0
67224,0,2439,0
67226,0,2439,0
67228,0,2432,0
67230,0,2440,0
67232,0,2439,0
67234,68196,2430,1
67236,0,2429,0
67238,0,2429,0
67240,0,2431,0
67242,0,2431,0
67244,0,2431,0
67246,0,2432,0
67248,0,2437,0
67250,0,2437,0
67252,0,2431,0
67254,0,2432,0
67256,0,2439,0
67258,0,2440,0
67260,0,2440,0
67262,0,2440,0
67264,0,2439,0
67266,0,2441,0
67268,0,2441,0
67270,0,2441,0
67272,0,2445,0
67274,68175,2429,1
67276,0,2427,0
67278,0,2428,0
67280,0,2429,0
67282,0,2429,0
67284,0,2439,0
67286,0,2432,0
67288,0,2430,0
67290,0,2431,0
67292,0,2431,0
67294,0,2431,0
67296,0,2439,0
67298,0,2441,0
67300,0,2437,0
67302,0,2439,0
67304,0,2439,0
67306,0,2442,0
67308,0,2440,0
67310,0,2440,0
67312,0,2440,0
67314,68167,2425,1
67316,0,2426,0
67318,0,2425,0
67320,0,2424,0
67322,0,2427,0
67324,0,2427,0
67326,0,2427,0
67328,0,2427,0
67330,0,2427,0
67332,0,2431,0
67335,0,2428,0
67337,0,2429,0
67339,0,2429,0
67341,0,2431,0
67343,0,2431,0
67345,0,2431,0
67347,0,2431,0
67349,0,2444,0
67351,0,2431,0
67353,0,2439,0
67355,68176,2422,1
67357,0,2420,0
67359,0,2421,0
67361,0,2431,0
67363,0,2423,0
67365,0,2421,0
67367,0,2423,0
67369,0,2423,0
67371,0,2423,0
67373,0,2403,0
67375,0,2423,0
67377,0,2424,0
67379,0,2425,0
67381,0,2425,0
67383,0,2427,0
67385,0,2426,0
67387,0,2419,0
67389,0,2427,0
67391,0,2427,0
67393,0,2428,0
67395,68177,2413,1
67397,0,2409,0
67399,0,2411,0
67401,0,2411,0
67403,0,2414,0
67405,0,2415,0
67407,0,2415,0
67409,0,2419,0
67411,0,2415,0
67413,0,2418,0
67415,0,2419,0
67417,0,2421,0
67419,0,2419,0
67421,0,2421,0
67423,0,2421,0
67425,0,2423,0
67427,0,2423,0
67429,0,2423,0
67431,0,2424,0
67433,0,2423,0
67435,68113,2406,1
67437,0,2405,0
67439,0,2404,0
67441,0,2405,0
67443,0,2407,0
67445,0,2407,0
67447,0,2409,0
67449,0,2409,0
67451,0,2410,0
67453,0,2409,0
67455,0,2409,0
67457,0,2415,0
67459,0,2413,0
67461,0,2411,0
67463,0,2414,0
67465,0,2413,0
67467,0,2413,0
67469,0,2419,0
67471,0,2415,0
67473,0,2419,0
67475,68100,2394,1
67477,0,2393,0
67479,0,2394,0
67481,0,2395,0
67483,0,2397,0
67485,0,2397,0
67487,0,2398,0
67489,0,2399,0
67491,0,2403,0
67493,0,2403,0
67495,0,2403,0
67497,0,2406,0
67499,0,2404,0
67501,0,2407,0
67503,0,2405,0
67505,0,2407,0
67507,0,2408,0
67509,0,2407,0
67511,0,2409,0
67513,68117,2409,1
67515,0,2409,0
67517,0,2407,0
67519,0,2407,0
67521,0,2408,0
67523,0,2409,0
67525,0,2410,0
67527,0,2408,0
67529,0,2411,0
67531,0,2413,0
67533,0,2413,0
67535,0,2412,0
67537,0,2411,0
67539,0,2415,0
67541,0,2416,0
67543,0,2415,0
67545,0,2419,0
67547,0,2419,0
67549,0,2421,0
67551,0,2419,0
67553,68099,2420,1
67555,0,2419,0
67557,0,2419,0
67559,0,2419,0
67561,0,2419,0
67563,0,2421,0
67565,0,2420,0
67567,0,2423,0
67569,0,2421,0
67571,0,2425,0
67573,0,2424,0
67575,0,2425,0
67577,0,2424,0
67579,0,2425,0
67581,0,2424,0
67583,0,2425,0
67585,0,2424,0
67587,0,2425,0
67589,0,2427,0
67591,0,2429,0
67593,68101,2423,1
67595,0,2423,0
67597,0,2425,0
67599,0,2425,0
67601,0,2425,0
67603,0,2427,0
67605,0,2423,0
67607,0,2419,0
67609,0,2425,0
67611,0,2427,0
67613,0,2427,0
67615,0,2428,0
67617,0,2429,0
67619,0,2431,0
67621,0,2430,0
67623,0,2431,0
67625,0,2430,0
67627,0,2438,0
67629,0,2431,0
67631,0,2437,0
67633,68095,2427,1
67635,0,2425,0
67637,0,2425,0
67639,0,2427,0
67641,0,2427,0
67643,0,2427,0
67645,0,2428,0
67647,0,2429,0
67649,0,2429,0
67651,0,2429,0
67653,0,2429,0
67655,0,2429,0
67657,0,2431,0
67659,0,2439,0
67661,0,2431,0
67663,0,2437,0
67665,0,2437,0
67667,0,2436,0
67669,0,2440,0
67671,0,2438,0
67673,68089,2427,1
67675,0,2425,0
67677,0,2425,0
67679,0,2425,0
67681,0,2427,0
67683,0,2427,0
67685,0,2427,0
67687,0,2425,0
67689,0,2429,0
67691,0,2427,0
67693,0,2427,0
67695,0,2429,0
67697,0,2431,0
67699,0,2430,0
67701,0,2424,0
67703,0,2430,0
67705,0,2437,0
67707,0,2431,0
67709,0,2437,0
67711,0,2439,0
67713,68088,2423,1
67715,0,2419,0
67717,0,2423,0
67719,0,2423,0
67721,0,2423,0
67723,0,2425,0
67725,0,2424,0
67727,0,2425,0
67729,0,2425,0
67731,0,2427,0
67733,0,2425,0
67735,0,2425,0
67737,0,2425,0
67739,0,2427,0
67741,0,2428,0
67743,0,2430,0
67745,0,2429,0
67747,0,2429,0
67749,0,2429,0
67751,0,2429,0
67753,68120,2415,1
67755,0,2414,0
67757,0,2413,0
67759,0,2415,0
67761,0,2415,0
67763,0,2415,0
67765,0,2419,0
67767,0,2419,0
67769,0,2421,0
67771,0,2421,0
67773,0,2422,0
67775,0,2423,0
67777,0,2423,0
67779,0,2423,0
67781,0,2423,0
67783,0,2424,0
67785,0,2425,0
67787,0,2425,0
67789,0,2425,0
67791,0,2425,0
67793,68097,2409,1
67795,0,2407,0
67797,0,2409,0
67799,0,2409,0
67801,0,2411,0
67803,0,2411,0
67805,0,2412,0
67807,0,2413,0
67809,0,2411,0
67811,0,2415,0
67813,0,2415,0
67815,0,2415,0
67817,0,2419,0
67819,0,2415,0
67821,0,2419,0
67823,0,2420,0
67825,0,2419,0
67827,0,2419,0
67829,0,2423,0
67831,0,2420,0
67833,68065,2402,1
67835,0,2397,0
67837,0,2398,0
67839,0,2402,0
67841,0,2403,0
67843,0,2403,0
67845,0,2404,0
67847,0,2404,0
67849,0,2406,0
67851,0,2407,0
67853,0,2409,0
67855,0,2406,0
67857,0,2408,0
67859,0,2409,0
67861,0,2408,0
67863,0,2411,0
67865,0,2413,0
67867,0,2411,0
67869,0,2413,0
67871,68070,2414,1
67873,0,2411,0
67875,0,2413,0
67877,0,2414,0
67879,0,2413,0
67881,0,2415,0
67883,0,2413,0
67885,0,2419,0
67887,0,2415,0
67889,0,2419,0
67891,0,2416,0
67893,0,2415,0
67895,0,2421,0
67897,0,2421,0
67899,0,2423,0
67901,0,2419,0
67903,0,2422,0
67905,0,2423,0
67907,0,2423,0
67909,0,2423,0
67911,68084,2423,1
67913,0,2425,0
67915,0,2425,0
67917,0,2425,0
67919,0,2427,0
67921,0,2425,0
67923,0,2427,0
67925,0,2429,0
67927,0,2427,0
67929,0,2427,0
67931,0,2427,0
67933,0,2429,0
67935,0,2439,0
67937,0,2429,0
67939,0,2429,0
67941,0,2431,0
67943,0,2431,0
67945,0,2429,0
67947,0,2432,0
67949,0,2439,0
67951,68092,2431,1
67953,0,2429,0
67955,0,2431,0
67957,0,2431,0
67959,0,2429,0
67961,0,2431,0
67963,0,2432,0
67965,0,2440,0
67967,0,2439,0
67969,0,2439,0
67971,0,2438,0
67973,0,2437,0
67975,0,2439,0
67977,0,2440,0
67979,0,2441,0
67981,0,2439,0
67983,0,2440,0
67985,0,2441,0
67987,0,2441,0
67989,0,2441,0
67991,68094,2439,1
67993,0,2431,0
67995,0,2437,0
67997,0,2437,0
67999,0,2437,0
68001,0,2441,0
68003,0,2438,0
68005,0,2432,0
68007,0,2439,0
68009,0,2441,0
68011,0,2442,0
68013,0,2441,0
68015,0,2442,0
68017,0,2443,0
68019,0,2443,0
68021,0,2444,0
68023,0,2442,0
68025,0,2443,0
68027,0,2443,0
68029,0,2442,0
68031,68085,2438,1
68033,0,2432,0
68035,0,2431,0
68037,0,2431,0
68039,0,2438,0
68041,0,2432,0
68043,0,2439,0
68045,0,2439,0
68047,0,2439,0
68049,0,2439,0
68051,0,2440,0
68053,0,2440,0
68055,0,2443,0
68057,0,2440,0
68059,0,2441,0
68061,0,2443,0
68063,0,2443,0
68065,0,2443,0
68067,0,2443,0
68069,0,2443,0
68071,68054,2429,1
68073,0,2429,0
68075,0,2429,0
68077,0,2429,0
68079,0,2431,0
68081,0,2431,0
68083,0,2431,0
68085,0,2431,0
68087,0,2431,0
68089,0,2439,0
68091,0,2438,0
68093,0,2439,0
68095,0,2439,0
68097,0,2439,0
68099,0,2439,0
68101,0,2441,0
68103,0,2444,0
68105,0,2441,0
68107,0,2440,0
68109,0,2441,0
68111,68036,2424,1
68113,0,2423,0
68115,0,2424,0
68117,0,2425,0
68119,0,2425,0
68121,0,2427,0
68123,0,2427,0
68125,0,2427,0
68127,0,2426,0
68129,0,2427,0
68131,0,2428,0
68133,0,2429,0
68135,0,2429,0
68137,0,2429,0
68139,0,2430,0
68141,0,2430,0
68143,0,2430,0
68145,0,2431,0
68147,0,2437,0
68149,0,2437,0
68151,68038,2415,1
68153,0,2419,0
68155,0,2415,0
68157,0,2419,0
68159,0,2420,0
68161,0,2419,0
68163,0,2421,0
68165,0,2423,0
68167,0,2421,0
68169,0,2423,0
68171,0,2422,0
68173,0,2423,0
68175,0,2424,0
68177,0,2425,0
68179,0,2425,0
68181,0,2424,0
68183,0,2426,0
68185,0,2425,0
68187,0,2428,0
68189,0,2426,0
68191,68008,2407,1
68193,0,2409,0
68195,0,2408,0
68197,0,2409,0
68199,0,2409,0
68201,0,2411,0
68203,0,2419,0
68205,0,2413,0
68207,0,2413,0
68209,0,2415,0
68211,0,2413,0
68213,0,2415,0
68215,0,2419,0
68217,0,2418,0
68219,0,2417,0
68221,0,2415,0
68223,0,2421,0
68225,0,2421,0
68227,0,2421,0
68229,0,2422,0
68231,67968,2399,1
68233,0,2398,0
68235,0,2399,0
68237,0,2402,0
68239,0,2403,0
68241,0,2405,0
68243,0,2406,0
68245,0,2405,0
68247,0,2403,0
68249,0,2406,0
68251,0,2408,0
68253,0,2407,0
68255,0,2408,0
68257,0,2411,0
68259,0,2411,0
68261,0,2409,0
68263,0,2411,0
68265,0,2413,0
68267,0,2413,0
68269,67991,2414,1
68271,0,2411,0
68273,0,2413,0
68275,0,2411,0
68277,0,2413,0
68279,0,2413,0
68281,0,2414,0
68283,0,2413,0
68285,0,2415,0
68287,0,2415,0
68289,0,2419,0
68291,0,2421,0
68293,0,2420,0
68295,0,2422,0
68297,0,2419,0
68299,0,2421,0
68301,0,2423,0
68303,0,2421,0
68305,0,2421,0
68307,0,2423,0
68309,67999,2424,1
68311,0,2423,0
68313,0,2423,0
68315,0,2424,0
68317,0,2425,0
68319,0,2425,0
68321,0,2423,0
68323,0,2425,0
68325,0,2427,0
68327,0,2427,0
68329,0,2428,0
68331,0,2427,0
68333,0,2429,0
68335,0,2429,0
68337,0,2429,0
68339,0,2431,0
68341,0,2431,0
68343,0,2430,0
68345,0,2430,0
68347,0,2431,0
68349,68001,2429,1
68351,0,2428,0
68353,0,2427,0
68355,0,2429,0
68357,0,2431,0
68359,0,2429,0
68361,0,2431,0
68363,0,2437,0
68365,0,2431,0
68367,0,2429,0
68369,0,2431,0
68371,0,2437,0
68373,0,2437,0
68375,0,2439,0
68377,0,2439,0
68379,0,2439,0
68381,0,2439,0
68383,0,2439,0
68385,0,2441,0
68387,0,2440,0
68389,67992,2431,1
68391,0,2429,0
68393,0,2429,0
68395,0,2431,0
68397,0,2431,0
68399,0,2431,0
68401,0,2431,0
68403,0,2437,0
68405,0,2439,0
68407,0,2431,0
68409,0,2439,0
68411,0,2439,0
68413,0,2440,0
68415,0,2440,0
68417,0,2445,0
68419,0,2441,0
68421,0,2441,0
68423,0,2443,0
68425,0,2441,0
68427,0,2442,0
68429,67994,2431,1
68431,0,2427,0
68433,0,2429,0
68435,0,2431,0
68437,0,2431,0
68439,0,2431,0
68441,0,2431,0
68443,0,2429,0
68445,0,2431,0
68447,0,2432,0
68449,0,2432,0
68451,0,2437,0
68453,0,2439,0
68455,0,2439,0
68457,0,2441,0
68459,0,2439,0
68461,0,2441,0
68463,0,2439,0
68465,0,2441,0
68467,0,2442,0
68469,68009,2426,1
68471,0,2425,0
68473,0,2425,0
68475,0,2426,0
68477,0,2428,0
68479,0,2427,0
68481,0,2429,0
68483,0,2427,0
68485,0,2429,0
68487,0,2431,0
68489,0,2430,0
68491,0,2429,0
68493,0,2431,0
68495,0,2439,0
68497,0,2431,0
68499,0,2437,0
68501,0,2439,0
68503,0,2439,0
68505,0,2437,0
68507,0,2427,0
68509,68029,2423,1
68511,0,2422,0
68513,0,2421,0
68515,0,2423,0
68517,0,2421,0
68519,0,2422,0
68521,0,2423,0
68523,0,2422,0
68525,0,2427,0
68527,0,2424,0
68529,0,2425,0
68531,0,2427,0
68533,0,2425,0
68535,0,2427,0
68537,0,2427,0
68539,0,2429,0
68541,0,2427,0
68543,0,2430,0
68545,0,2431,0
68547,0,2428,0
68549,68031,2415,1
68551,0,2412,0
68553,0,2411,0
68555,0,2413,0
68557,0,2414,0
68559,0,2415,0
68561,0,2415,0
68563,0,2415,0
68565,0,2419,0
68567,0,2418,0
68569,0,2421,0
68571,0,2420,0
68573,0,2421,0
68575,0,2420,0
68577,0,2421,0
68579,0,2415,0
68581,0,2424,0
68583,0,2423,0
68585,0,2425,0
68587,0,2425,0
68589,67993,2403,1
68591,0,2405,0
68593,0,2407,0
68595,0,2407,0
68597,0,2405,0
68599,0,2407,0
68601,0,2409,0
68603,0,2409,0
68605,0,2409,0
68607,0,2411,0
68609,0,2411,0
68611,0,2413,0
68613,0,2413,0
68615,0,2414,0
68617,0,2413,0
68619,0,2415,0
68621,0,2415,0
68623,0,2415,0
68625,0,2419,0
68627,0,2419,0
68629,67987,2396,1
68631,0,2394,0
68633,0,2396,0
68635,0,2396,0
68637,0,2399,0
68639,0,2393,0
68641,0,2401,0
68643,0,2399,0
68645,0,2404,0
68647,0,2407,0
68649,0,2403,0
68651,0,2405,0
68653,0,2405,0
68655,0,2405,0
68657,0,2409,0
68659,0,2407,0
68661,0,2407,0
68663,0,2408,0
68665,0,2409,0
68667,68009,2413,1
68669,0,2406,0
68671,0,2407,0
68673,0,2409,0
68675,0,2409,0
68677,0,2411,0
68679,0,2409,0
68681,0,2411,0
68683,0,2411,0
68685,0,2413,0
68687,0,2413,0
68689,0,2415,0
68691,0,2414,0
68693,0,2415,0
68695,0,2419,0
68697,0,2415,0
68699,0,2419,0
68701,0,2419,0
68703,0,2421,0
68705,0,2421,0
68707,68023,2423,1
68709,0,2420,0
68711,0,2419,0
68713,0,2427,0
68715,0,2421,0
68717,0,2421,0
68719,0,2421,0
68721,0,2421,0
68723,0,2424,0
68725,0,2425,0
68727,0,2425,0
68729,0,2425,0
68731,0,2425,0
68733,0,2427,0
68735,0,2427,0
68737,0,2425,0
68739,0,2425,0
68741,0,2426,0
68743,0,2427,0
68745,0,2428,0
68747,68023,2425,1
68749,0,2424,0
68751,0,2425,0
68753,0,2427,0
68755,0,2426,0
68757,0,2428,0
68759,0,2427,0
68761,0,2427,0
68763,0,2429,0
68765,0,2427,0
68767,0,2431,0
68769,0,2430,0
68771,0,2430,0
68773,0,2431,0
68775,0,2431,0
68777,0,2431,0
68779,0,2431,0
68781,0,2437,0
68783,0,2431,0
68785,0,2439,0
68787,68022,2428,1
68789,0,2425,0
68791,0,2438,0
68793,0,2427,0
68795,0,2428,0
68797,0,2429,0
68799,0,2429,0
68801,0,2443,0
68803,0,2429,0
68805,0,2429,0
68807,0,2431,0
68809,0,2431,0
68811,0,2431,0
68813,0,2437,0
68815,0,2431,0
68817,0,2439,0
68819,0,2439,0
68821,0,2437,0
68823,0,2439,0
68825,0,2440,0
68827,68023,2427,1
68829,0,2425,0
68831,0,2425,0
68833,0,2427,0
68835,0,2429,0
68837,0,2427,0
68839,0,2428,0
68841,0,2429,0
68843,0,2429,0
68845,0,2429,0
68847,0,2431,0
68849,0,2429,0
68851,0,2431,0
68853,0,2429,0
68855,0,2438,0
68857,0,2438,0
68859,0,2437,0
68861,0,2437,0
68863,0,2431,0
68865,0,2441,0
68867,68044,2424,1
68869,0,2422,0
68871,0,2424,0
68873,0,2425,0
68875,0,2425,0
68877,0,2424,0
68879,0,2425,0
68881,0,2425,0
68883,0,2427,0
68885,0,2427,0
68887,0,2428,0
68889,0,2427,0
68891,0,2427,0
68893,0,2429,0
68895,0,2429,0
68897,0,2429,0
68899,0,2431,0
68901,0,2437,0
68903,0,2431,0
68905,0,2431,0
68907,68071,2418,1
68909,0,2415,0
68911,0,2415,0
68913,0,2419,0
68915,0,2419,0
68917,0,2419,0
68919,0,2419,0
68921,0,2422,0
68923,0,2421,0
68925,0,2423,0
68927,0,2423,0
68929,0,2423,0
68931,0,2423,0
68933,0,2424,0
68935,0,2425,0
68937,0,2428,0
68939,0,2425,0
68941,0,2425,0
68943,0,2427,0
68945,0,2428,0
68947,68036,2408,1
68949,0,2409,0
68951,0,2408,0
68953,0,2412,0
68955,0,2411,0
68957,0,2413,0
68959,0,2413,0
68961,0,2412,0
68963,0,2413,0
68965,0,2413,0
68967,0,2415,0
68969,0,2413,0
68971,0,2419,0
68973,0,2418,0
68975,0,2419,0
68977,0,2419,0
68979,0,2419,0
68981,0,2419,0
68983,0,2421,0
68985,0,2421,0
68987,67963,2403,1
68989,0,2399,0
68991,0,2403,0
68993,0,2401,0
68995,0,2405,0
68997,0,2404,0
68999,0,2404,0
69001,0,2407,0
69003,0,2407,0
69005,0,2404,0
69007,0,2409,0
69009,0,2409,0
69011,0,2409,0
69013,0,2412,0
69015,0,2412,0
69017,0,2397,0
69019,0,2411,0
69021,0,2413,0
69023,0,2412,0
69025,67945,2415,1
69027,0,2413,0
69029,0,2411,0
69031,0,2413,0
69033,0,2413,0
69035,0,2415,0
69037,0,2415,0
69039,0,2415,0
69041,0,2422,0
69043,0,2419,0
69045,0,2421,0
69047,0,2421,0
69049,0,2421,0
69051,0,2421,0
69053,0,2423,0
69055,0,2422,0
69057,0,2423,0
69059,0,2423,0
69061,0,2423,0
69063,0,2425,0
69065,67964,2425,1
69067,0,2426,0
69069,0,2427,0
69071,0,2427,0
69073,0,2427,0
69075,0,2429,0
69077,0,2427,0
69079,0,2428,0
69081,0,2429,0
69083,0,2428,0
69085,0,2431,0
69087,0,2429,0
69089,0,2431,0
69091,0,2431,0
69093,0,2431,0
69095,0,2437,0
69097,0,2431,0
69099,0,2437,0
69101,0,2439,0
69103,0,2439,0
69105,67967,2431,1
69107,0,2431,0
69109,0,2431,0
69111,0,2431,0
69113,0,2431,0
69115,0,2421,0
69117,0,2437,0
69119,0,2439,0
69121,0,2440,0
69123,0,2431,0
69125,0,2441,0
69127,0,2441,0
69129,0,2441,0
69131,0,2442,0
69133,0,2442,0
69135,0,2441,0
69137,0,2440,0
69139,0,2443,0
69141,0,2443,0
69143,0,2443,0
69145,67976,2441,1
69147,0,2439,0
69149,0,2432,0
69151,0,2439,0
69153,0,2439,0
69155,0,2439,0
69157,0,2440,0
69159,0,2439,0
69161,0,2444,0
69163,0,2441,0
69165,0,2442,0
69167,0,2443,0
69169,0,2444,0
69171,0,2443,0
69173,0,2443,0
69175,0,2443,0
69178,0,2443,0
69180,0,2443,0
69182,0,2445,0
69184,0,2444,0
69186,67996,2439,1
69188,0,2437,0
69190,0,2438,0
69192,0,2439,0
69194,0,2439,0
69196,0,2439,0
69198,0,2431,0
69200,0,2437,0
69202,0,2439,0
69204,0,2441,0
69206,0,2441,0
69208,0,2441,0
69210,0,2441,0
69212,0,2443,0
69214,0,2444,0
69216,0,2444,0
69218,0,2443,0
69220,0,2443,0
69222,0,2445,0
69224,0,2443,0
69226,68009,2431,1
69228,0,2429,0
69230,0,2431,0
69232,0,2429,0
69234,0,2431,0
69236,0,2431,0
69238,0,2437,0
69240,0,2431,0
69242,0,2437,0
69244,0,2439,0
69246,0,2431,0
69248,0,2439,0
69250,0,2440,0
69252,0,2441,0
69254,0,2443,0
69256,0,2441,0
69258,0,2441,0
69260,0,2441,0
69262,0,2441,0
69264,0,2443,0
69266,68017,2425,1
69268,0,2425,0
69270,0,2423,0
69272,0,2425,0
69274,0,2425,0
69276,0,2426,0
69278,0,2423,0
69280,0,2428,0
69282,0,2429,0
69284,0,2429,0
69286,0,2430,0
69288,0,2429,0
69290,0,2429,0
69292,0,2431,0
69294,0,2430,0
69296,0,2431,0
69298,0,2430,0
69300,0,2431,0
69302,0,2439,0
69304,0,2431,0
69306,68046,2420,1
69308,0,2413,0
69310,0,2416,0
69312,0,2419,0
69314,0,2421,0
69316,0,2419,0
69318,0,2421,0
69320,0,2415,0
69322,0,2423,0
69324,0,2423,0
69326,0,2424,0
69328,0,2425,0
69330,0,2425,0
69332,0,2427,0
69334,0,2427,0
69336,0,2427,0
69338,0,2426,0
69340,0,2427,0
69342,0,2427,0
69344,0,2428,0
69346,68020,2411,1
69348,0,2409,0
69350,0,2411,0
69352,0,2411,0
69354,0,2411,0
69356,0,2411,0
69358,0,2411,0
69360,0,2411,0
69362,0,2413,0
69364,0,2415,0
69366,0,2415,0
69368,0,2415,0
69370,0,2415,0
69372,0,2416,0
69374,0,2419,0
69376,0,2421,0
69378,0,2419,0
69380,0,2421,0
69382,0,2423,0
69384,0,2422,0
69386,68022,2402,1
69388,0,2403,0
69390,0,2397,0
69392,0,2403,0
69394,0,2402,0
69396,0,2406,0
69398,0,2405,0
69400,0,2405,0
69402,0,2407,0
69404,0,2407,0
69406,0,2407,0
69408,0,2409,0
69410,0,2409,0
69412,0,2409,0
69414,0,2411,0
69416,0,2412,0
69418,0,2412,0
69420,0,2412,0
69422,0,2413,0
69424,68055,2411,1
69426,0,2411,0
69428,0,2411,0
69430,0,2412,0
69432,0,2412,0
69434,0,2411,0
69436,0,2413,0
69438,0,2414,0
69440,0,2415,0
69442,0,2415,0
69444,0,2415,0
69446,0,2419,0
69448,0,2415,0
69450,0,2419,0
69452,0,2419,0
69454,0,2423,0
69456,0,2422,0
69458,0,2423,0
69460,0,2423,0
69462,0,2423,0
69464,68085,2425,1
69466,0,2423,0
69468,0,2423,0
69470,0,2425,0
69472,0,2425,0
69474,0,2425,0
69476,0,2425,0
69478,0,2427,0
69480,0,2427,0
69482,0,2427,0
69484,0,2429,0
69486,0,2429,0
69488,0,2429,0
69490,0,2429,0
69492,0,2429,0
69494,0,2431,0
69496,0,2431,0
69498,0,2431,0
69500,0,2430,0
69502,0,2431,0
69504,68098,2431,1
69506,0,2429,0
69508,0,2429,0
69510,0,2431,0
69512,0,2431,0
69514,0,2430,0
69516,0,2431,0
69518,0,2430,0
69520,0,2432,0
69522,0,2439,0
69524,0,2437,0
69526,0,2439,0
69528,0,2439,0
69530,0,2439,0
69532,0,2439,0
69534,0,2439,0
69536,0,2441,0
69538,0,2439,0
69540,0,2440,0
69542,0,2441,0
69544,68120,2432,1
69546,0,2429,0
69548,0,2431,0
69550,0,2431,0
69552,0,2431,0
69554,0,2438,0
69556,0,2431,0
69558,0,2427,0
69560,0,2439,0
69562,0,2440,0
69564,0,2439,0
69566,0,2438,0
69568,0,2441,0
69570,0,2439,0
69572,0,2440,0
69574,0,2441,0
69576,0,2441,0
69578,0,2443,0
69580,0,2443,0
69582,0,2443,0
69584,68141,2431,1
69586,0,2429,0
69588,0,2431,0
69590,0,2431,0
69592,0,2431,0
69594,0,2431,0
69596,0,2432,0
69598,0,2438,0
69600,0,2439,0
69602,0,2437,0
69604,0,2438,0
69606,0,2439,0
69608,0,2432,0
69610,0,2439,0
69612,0,2440,0
69614,0,2440,0
69616,0,2439,0
69618,0,2441,0
69620,0,2439,0
69622,0,2442,0
69624,68158,2429,1
69626,0,2425,0
69628,0,2427,0
69630,0,2427,0
69632,0,2429,0
69634,0,2429,0
69636,0,2429,0
69638,0,2427,0
69640,0,2429,0
69642,0,2428,0
69644,0,2431,0
69646,0,2431,0
69648,0,2431,0
69650,0,2438,0
69652,0,2438,0
69654,0,2437,0
69656,0,2439,0
69658,0,2440,0
69660,0,2437,0
69662,0,2439,0
69664,68189,2423,1
69666,0,2421,0
69668,0,2421,0
69670,0,2422,0
69672,0,2423,0
69674,0,2424,0
69676,0,2424,0
69678,0,2423,0
69680,0,2421,0
69682,0,2427,0
69684,0,2426,0
69686,0,2427,0
69688,0,2425,0
69690,0,2428,0
69692,0,2428,0
69694,0,2429,0
69696,0,2431,0
69698,0,2430,0
69700,0,2431,0
69702,0,2429,0
69704,68207,2412,1
69706,0,2413,0
69708,0,2413,0
69710,0,2415,0
69712,0,2415,0
69714,0,2415,0
69716,0,2419,0
69718,0,2419,0
69720,0,2420,0
69722,0,2420,0
69724,0,2420,0
69726,0,2423,0
69728,0,2421,0
69730,0,2423,0
69732,0,2420,0
69734,0,2423,0
69736,0,2424,0
69738,0,2424,0
69740,0,2425,0
69742,0,2425,0
69744,68175,2407,1
69746,0,2405,0
69748,0,2407,0
69750,0,2405,0
69752,0,2409,0
69754,0,2409,0
69756,0,2408,0
69758,0,2410,0
69760,0,2409,0
69762,0,2411,0
69764,0,2412,0
69766,0,2413,0
69768,0,2412,0
69770,0,2414,0
69772,0,2413,0
69774,0,2415,0
69776,0,2419,0
69778,0,2414,0
69780,0,2415,0
69782,0,2412,0
69784,68192,2395,1
69786,0,2395,0
69788,0,2395,0
69790,0,2396,0
69792,0,2397,0
69794,0,2399,0
69796,0,2403,0
69798,0,2402,0
69800,0,2403,0
69802,0,2404,0
69804,0,2405,0
69806,0,2405,0
69808,0,2405,0
69810,0,2405,0
69812,0,2407,0
69814,0,2409,0
69816,0,2409,0
69818,0,2409,0
69820,0,2411,0
69822,68234,2411,1
69824,0,2408,0
69826,0,2407,0
69828,0,2409,0
69830,0,2410,0
69832,0,2409,0
69834,0,2399,0
69836,0,2411,0
69838,0,2412,0
69840,0,2412,0
69842,0,2413,0
69844,0,2416,0
69846,0,2414,0
69848,0,2419,0
69850,0,2419,0
69852,0,2415,0
69854,0,2420,0
69856,0,2419,0
69858,0,2423,0
69860,0,2421,0
69862,68240,2421,1
69864,0,2421,0
69866,0,2421,0
69868,0,2421,0
69870,0,2421,0
69872,0,2423,0
69874,0,2421,0
69876,0,2421,0
69878,0,2423,0
69880,0,2423,0
69882,0,2424,0
69884,0,2426,0
69886,0,2426,0
69888,0,2424,0
69890,0,2426,0
69892,0,2424,0
69894,0,2429,0
69896,0,2428,0
69898,0,2429,0
69900,0,2429,0
69902,68225,2427,1
69904,0,2425,0
69906,0,2425,0
69908,0,2427,0
69910,0,2427,0
69912,0,2427,0
69914,0,2428,0
69916,0,2428,0
69918,0,2429,0
69920,0,2431,0
69922,0,2429,0
69924,0,2431,0
69926,0,2431,0
69928,0,2437,0
69930,0,2432,0
69932,0,2431,0
69934,0,2438,0
69936,0,2437,0
69938,0,2437,0
69940,0,2439,0
69942,68215,2429,1
69944,0,2426,0
69946,0,2427,0
69948,0,2429,0
69950,0,2427,0
69952,0,2429,0
69954,0,2429,0
69956,0,2429,0
69958,0,2431,0
69960,0,2431,0
69962,0,2430,0
69964,0,2431,0
69966,0,2431,0
69968,0,2437,0
69970,0,2439,0
69972,0,2437,0
69974,0,2441,0
69976,0,2440,0
69978,0,2439,0
69980,0,2441,0
69982,68215,2427,1
69984,0,2425,0
69986,0,2427,0
69988,0,2427,0
69990,0,2429,0
69992,0,2427,0
69994,0,2429,0
69996,0,2437,0
69998,0,2429,0
70000,0,2429,0
70002,0,2431,0
70004,0,2431,0
70006,0,2431,0
70008,0,2430,0
70010,0,2439,0
70012,0,2439,0
70014,0,2439,0
70016,0,2439,0
70018,0,2438,0
70020,0,2439,0
70022,68234,2424,1
70024,0,2423,0
70026,0,2423,0
70028,0,2424,0
70030,0,2425,0
70032,0,2425,0
70034,0,2425,0
70036,0,2426,0
70038,0,2426,0
70040,0,2429,0
70042,0,2427,0
70044,0,2427,0
70046,0,2429,0
70048,0,2429,0
70050,0,2431,0
70052,0,2431,0
70054,0,2427,0
70056,0,2429,0
70058,0,2431,0
70060,0,2431,0
70062,68253,2419,1
70064,0,2419,0
70066,0,2416,0
70068,0,2419,0
70070,0,2420,0
70072,0,2419,0
70074,0,2421,0
70076,0,2421,0
70078,0,2423,0
70080,0,2425,0
70082,0,2424,0
70084,0,2425,0
70086,0,2424,0
70088,0,2425,0
70090,0,2424,0
70092,0,2427,0
70094,0,2424,0
70096,0,2427,0
70098,0,2431,0
70100,0,2429,0
70102,68255,2409,1
70104,0,2409,0
70106,0,2411,0
70108,0,2413,0
70110,0,2411,0
70112,0,2413,0
70114,0,2414,0
70116,0,2407,0
70118,0,2414,0
70120,0,2413,0
70122,0,2415,0
70124,0,2419,0
70126,0,2419,0
70128,0,2419,0
70130,0,2420,0
70132,0,2420,0
70134,0,2421,0
70136,0,2423,0
70138,0,2423,0
70140,0,2423,0
70142,68228,2403,1
70144,0,2403,0
70146,0,2405,0
70148,0,2403,0
70150,0,2406,0
70152,0,2407,0
70154,0,2403,0
70156,0,2407,0
70158,0,2407,0
70160,0,2407,0
70162,0,2409,0
70164,0,2410,0
70166,0,2409,0
70168,0,2411,0
70170,0,2411,0
70172,0,2413,0
70174,0,2412,0
70176,0,2413,0
70178,0,2415,0
70180,0,2416,0
70182,68235,2393,1
70184,0,2391,0
70186,0,2396,0
70188,0,2396,0
70190,0,2395,0
70192,0,2396,0
70194,0,2397,0
70196,0,2396,0
70198,0,2396,0
70200,0,2399,0
70202,0,2402,0
70204,0,2403,0
70206,0,2405,0
70208,0,2405,0
70210,0,2406,0
70212,0,2405,0
70214,0,2408,0
70216,0,2407,0
70218,0,2406,0
70220,68251,2409,1
70222,0,2409,0
70224,0,2411,0
70226,0,2411,0
70228,0,2413,0
70230,0,2413,0
70232,0,2413,0
70234,0,2412,0
70236,0,2413,0
70238,0,2415,0
70240,0,2415,0
70242,0,2415,0
70244,0,2415,0
70246,0,2416,0
70248,0,2415,0
70250,0,2421,0
70252,0,2415,0
70254,0,2421,0
70256,0,2423,0
70258,0,2421,0
70260,68244,2422,1
70262,0,2421,0
70264,0,2421,0
70266,0,2421,0
70268,0,2423,0
70270,0,2423,0
70272,0,2423,0
70274,0,2422,0
70276,0,2424,0
70278,0,2425,0
70280,0,2425,0
70282,0,2425,0
70284,0,2425,0
70286,0,2427,0
70288,0,2425,0
70290,0,2427,0
70292,0,2427,0
70294,0,2427,0
70296,0,2429,0
70298,0,2428,0
70300,68236,2425,1
70302,0,2425,0
70304,0,2425,0
70306,0,2425,0
70308,0,2427,0
70310,0,2427,0
70312,0,2425,0
70314,0,2427,0
70316,0,2429,0
70318,0,2437,0
70320,0,2429,0
70322,0,2429,0
70324,0,2429,0
70326,0,2427,0
70328,0,2431,0
70330,0,2431,0
70332,0,2431,0
70334,0,2431,0
70336,0,2439,0
70338,0,2431,0
70340,68234,2427,1
70342,0,2425,0
70344,0,2427,0
70346,0,2425,0
70348,0,2427,0
70350,0,2429,0
70352,0,2428,0
70354,0,2428,0
70356,0,2430,0
70358,0,2429,0
70360,0,2430,0
70362,0,2431,0
70364,0,2437,0
70366,0,2431,0
70368,0,2437,0
70370,0,2439,0
70372,0,2431,0
70374,0,2431,0
70376,0,2439,0
70378,0,2438,0
70380,68231,2425,1
70382,0,2424,0
70384,0,2425,0
70386,0,2425,0
70388,0,2425,0
70390,0,2425,0
70392,0,2427,0
70394,0,2427,0
70396,0,2429,0
70398,0,2428,0
70400,0,2429,0
70402,0,2430,0
70404,0,2431,0
70406,0,2429,0
70408,0,2431,0
70410,0,2430,0
70412,0,2431,0
70414,0,2431,0
70416,0,2437,0
70418,0,2438,0
70420,68246,2421,1
70422,0,2420,0
70424,0,2421,0
70426,0,2423,0
70428,0,2421,0
70430,0,2423,0
70432,0,2424,0
70434,0,2424,0
70436,0,2424,0
70438,0,2425,0
70440,0,2425,0
70442,0,2424,0
70444,0,2425,0
70446,0,2427,0
70448,0,2427,0
70450,0,2428,0
70452,0,2428,0
70454,0,2429,0
70456,0,2431,0
70458,0,2431,0
70460,68251,2414,1
70462,0,2411,0
70464,0,2414,0
70466,0,2415,0
70468,0,2415,0
70470,0,2419,0
70472,0,2419,0
70474,0,2419,0
70476,0,2415,0
70478,0,2420,0
70480,0,2422,0
70482,0,2421,0
70484,0,2423,0
70486,0,2421,0
70488,0,2424,0
70490,0,2424,0
70492,0,2425,0
70494,0,2424,0
70496,0,2425,0
70498,0,2425,0
70500,68212,2407,1
70502,0,2407,0
70504,0,2407,0
70506,0,2407,0
70508,0,2409,0
70510,0,2409,0
70512,0,2409,0
70514,0,2411,0
70516,0,2411,0
70518,0,2411,0
70520,0,2413,0
70522,0,2414,0
70524,0,2413,0
70526,0,2415,0
70528,0,2415,0
70530,0,2415,0
70532,0,2419,0
70534,0,2419,0
70536,0,2419,0
70538,0,2421,0
70540,68179,2399,1
70542,0,2397,0
70544,0,2398,0
70546,0,2399,0
70548,0,2395,0
70550,0,2402,0
70552,0,2405,0
70554,0,2403,0
70556,0,2404,0
70558,0,2405,0
70560,0,2407,0
70562,0,2406,0
70564,0,2408,0
70566,0,2409,0
70568,0,2409,0
70570,0,2411,0
70572,0,2411,0
70574,0,2411,0
70576,0,2412,0
70578,68183,2412,1
70580,0,2409,0
70582,0,2409,0
70584,0,2412,0
70586,0,2411,0
70588,0,2413,0
70590,0,2413,0
70592,0,2413,0
70594,0,2415,0
70596,0,2415,0
70598,0,2415,0
70600,0,2419,0
70602,0,2419,0
70604,0,2419,0
70606,0,2419,0
70608,0,2419,0
70610,0,2423,0
70612,0,2420,0
70614,0,2421,0
70616,0,2422,0
70618,68181,2422,1
70620,0,2421,0
70622,0,2423,0
70624,0,2423,0
70626,0,2423,0
70628,0,2420,0
70630,0,2427,0
70632,0,2423,0
70634,0,2425,0
70636,0,2427,0
70638,0,2425,0
70640,0,2427,0
70642,0,2428,0
70644,0,2429,0
70646,0,2428,0
70648,0,2429,0
70650,0,2429,0
70652,0,2430,0
70654,0,2431,0
70656,0,2431,0
70658,68186,2429,1
70660,0,2426,0
70662,0,2427,0
70664,0,2429,0
70666,0,2428,0
70668,0,2431,0
70670,0,2429,0
70672,0,2439,0
70674,0,2437,0
70676,0,2437,0
70678,0,2437,0
70680,0,2438,0
70682,0,2439,0
70684,0,2439,0
70686,0,2439,0
70688,0,2439,0
70690,0,2440,0
70692,0,2441,0
70694,0,2441,0
70696,0,2441,0
70698,68181,2432,1
70700,0,2429,0
70702,0,2431,0
70704,0,2430,0
70706,0,2430,0
70708,0,2431,0
70710,0,2438,0
70712,0,2437,0
70714,0,2436,0
70716,0,2439,0
70718,0,2439,0
70720,0,2439,0
70722,0,2439,0
70724,0,2440,0
70726,0,2441,0
70728,0,2443,0
70730,0,2443,0
70732,0,2440,0
70734,0,2443,0
70736,0,2444,0
70738,68157,2431,1
70740,0,2430,0
70742,0,2429,0
70744,0,2441,0
70746,0,2430,0
70748,0,2431,0
70750,0,2431,0
70752,0,2439,0
70754,0,2439,0
70756,0,2440,0
70758,0,2439,0
70760,0,2441,0
70762,0,2439,0
70764,0,2439,0
70766,0,2439,0
70768,0,2441,0
70770,0,2441,0
70772,0,2440,0
70774,0,2443,0
70776,0,2442,0
70778,68111,2428,1
70780,0,2426,0
70782,0,2427,0
70784,0,2429,0
70786,0,2431,0
70788,0,2429,0
70790,0,2431,0
70792,0,2429,0
70794,0,2429,0
70796,0,2431,0
70798,0,2431,0
70800,0,2431,0
70802,0,2431,0
70804,0,2431,0
70806,0,2429,0
70808,0,2439,0
70810,0,2439,0
70812,0,2432,0
70814,0,2440,0
70816,0,2441,0
70818,68116,2423,1
70820,0,2421,0
70822,0,2423,0
70824,0,2423,0
70826,0,2421,0
70828,0,2424,0
70830,0,2425,0
70832,0,2425,0
70834,0,2425,0
70836,0,2426,0
70838,0,2426,0
70840,0,2426,0
70842,0,2426,0
70844,0,2428,0
70846,0,2429,0
70848,0,2426,0
70850,0,2429,0
70852,0,2429,0
70854,0,2431,0
70856,0,2429,0
70858,68116,2413,1
70860,0,2412,0
70862,0,2415,0
70864,0,2415,0
70866,0,2415,0
70868,0,2416,0
70870,0,2419,0
70872,0,2419,0
70874,0,2419,0
70876,0,2421,0
70878,0,2419,0
70880,0,2422,0
70882,0,2423,0
70884,0,2423,0
70886,0,2424,0
70888,0,2423,0
70890,0,2423,0
70892,0,2425,0
70894,0,2424,0
70896,0,2425,0
70898,68067,2406,1
70900,0,2405,0
70902,0,2407,0
70904,0,2409,0
70906,0,2408,0
70908,0,2409,0
70910,0,2411,0
70912,0,2413,0
70914,0,2411,0
70916,0,2412,0
70918,0,2413,0
70920,0,2413,0
70922,0,2414,0
70924,0,2419,0
70926,0,2415,0
70928,0,2415,0
70930,0,2419,0
70932,0,2419,0
70934,0,2419,0
70936,0,2420,0
70938,68042,2395,1
70940,0,2396,0
70942,0,2395,0
70944,0,2397,0
70946,0,2399,0
70948,0,2403,0
70950,0,2404,0
70952,0,2403,0
70954,0,2403,0
70956,0,2405,0
70958,0,2403,0
70960,0,2407,0
70962,0,2408,0
70964,0,2407,0
70966,0,2410,0
70968,0,2411,0
70970,0,2409,0
70972,0,2411,0
70974,0,2412,0
70976,68067,2411,1
70978,0,2411,0
70980,0,2410,0
70982,0,2411,0
70984,0,2411,0
70986,0,2413,0
70988,0,2413,0
70990,0,2413,0
70992,0,2413,0
70994,0,2413,0
70996,0,2419,0
70998,0,2415,0
71000,0,2415,0
71002,0,2419,0
71004,0,2419,0
71006,0,2415,0
71008,0,2419,0
71010,0,2421,0
71012,0,2421,0
71015,0,2421,0
71017,68077,2421,1
71019,0,2423,0
71021,0,2421,0
71023,0,2421,0
71025,0,2421,0
71027,0,2423,0
71029,0,2423,0
71031,0,2425,0
71033,0,2425,0
71035,0,2425,0
71037,0,2425,0
71039,0,2425,0
71041,0,2425,0
71043,0,2427,0
71045,0,2427,0
71047,0,2430,0
71049,0,2427,0
71051,0,2429,0
71053,0,2427,0
71055,0,2431,0
71057,68071,2431,1
71059,0,2426,0
71061,0,2425,0
71063,0,2427,0
71065,0,2428,0
71067,0,2427,0
71069,0,2429,0
71071,0,2428,0
71073,0,2431,0
71075,0,2431,0
71077,0,2430,0
71079,0,2431,0
71081,0,2431,0
71083,0,2438,0
71085,0,2431,0
71087,0,2431,0
71089,0,2439,0
71091,0,2437,0
71093,0,2439,0
71095,0,2439,0
71097,68060,2427,1
71099,0,2428,0
71101,0,2429,0
71103,0,2427,0
71105,0,2429,0
71107,0,2429,0
71109,0,2429,0
71111,0,2429,0
71113,0,2429,0
71115,0,2431,0
71117,0,2431,0
71119,0,2431,0
71121,0,2431,0
71123,0,2437,0
71125,0,2437,0
71127,0,2439,0
71129,0,2439,0
71131,0,2441,0
71133,0,2439,0
71135,0,2440,0
71137,68058,2428,1
71139,0,2426,0
71141,0,2428,0
71143,0,2427,0
71145,0,2429,0
71147,0,2429,0
71149,0,2429,0
71151,0,2430,0
71153,0,2430,0
71155,0,2429,0
71157,0,2430,0
71159,0,2431,0
71161,0,2439,0
71163,0,2431,0
71165,0,2437,0
71167,0,2437,0
71169,0,2438,0
71171,0,2439,0
71173,0,2439,0
71175,0,2439,0
71177,68047,2425,1
71179,0,2424,0
71181,0,2423,0
71183,0,2424,0
71185,0,2425,0
71187,0,2425,0
71189,0,2425,0
71191,0,2426,0
71193,0,2428,0
71195,0,2429,0
71197,0,2429,0
71199,0,2429,0
71201,0,2429,0
71203,0,2431,0
71205,0,2431,0
71207,0,2432,0
71209,0,2431,0
71211,0,2429,0
71213,0,2437,0
71215,0,2439,0
71217,68066,2406,1
71219,0,2411,0
71221,0,2416,0
71223,0,2415,0
71225,0,2419,0
71227,0,2420,0
71229,0,2421,0
71231,0,2423,0
71233,0,2423,0
71235,0,2422,0
71237,0,2423,0
71239,0,2425,0
71241,0,2427,0
71243,0,2426,0
71245,0,2425,0
71247,0,2425,0
71249,0,2427,0
71251,0,2427,0
71253,0,2427,0
71255,0,2429,0
71257,68064,2411,1
71259,0,2411,0
71261,0,2411,0
71263,0,2411,0
71265,0,2412,0
71267,0,2412,0
71269,0,2415,0
71271,0,2414,0
71273,0,2415,0
71275,0,2415,0
71277,0,2415,0
71279,0,2416,0
71281,0,2420,0
71283,0,2419,0
71285,0,2420,0
71287,0,2420,0
71289,0,2421,0
71291,0,2421,0
71293,0,2431,0
71295,0,2423,0
71297,68013,2403,1
71299,0,2404,0
71301,0,2405,0
71303,0,2405,0
71305,0,2405,0
71307,0,2407,0
71309,0,2407,0
71311,0,2406,0
71313,0,2408,0
71315,0,2408,0
71317,0,2411,0
71319,0,2409,0
71321,0,2411,0
71323,0,2413,0
71325,0,2412,0
71327,0,2413,0
71329,0,2413,0
71331,0,2415,0
71333,0,2415,0
71335,0,2415,0
71337,68027,2393,1
71339,0,2394,0
71341,0,2393,0
71343,0,2395,0
71345,0,2397,0
71347,0,2397,0
71349,0,2397,0
71351,0,2397,0
71353,0,2399,0
71355,0,2403,0
71357,0,2402,0
71359,0,2404,0
71361,0,2403,0
71363,0,2405,0
71365,0,2404,0
71367,0,2406,0
71369,0,2409,0
71371,0,2408,0
71373,0,2409,0
71375,68049,2409,1
71377,0,2409,0
71379,0,2410,0
71381,0,2411,0
71383,0,2410,0
71385,0,2413,0
71387,0,2413,0
71389,0,2412,0
71391,0,2411,0
71393,0,2419,0
71395,0,2419,0
71397,0,2415,0
71399,0,2419,0
71401,0,2415,0
71403,0,2419,0
71405,0,2418,0
71407,0,2419,0
71409,0,2421,0
71411,0,2421,0
71413,0,2424,0
71415,68053,2421,1
71417,0,2419,0
71419,0,2421,0
71421,0,2423,0
71423,0,2423,0
71425,0,2421,0
71427,0,2423,0
71429,0,2424,0
71431,0,2424,0
71433,0,2425,0
71435,0,2425,0
71437,0,2425,0
71439,0,2429,0
71441,0,2425,0
71443,0,2427,0
71445,0,2427,0
71447,0,2427,0
71449,0,2429,0
71451,0,2425,0
71453,0,2429,0
71455,68051,2426,1
71457,0,2426,0
71459,0,2427,0
71461,0,2427,0
71463,0,2425,0
71465,0,2427,0
71467,0,2427,0
71469,0,2429,0
71471,0,2427,0
71473,0,2429,0
71475,0,2431,0
71477,0,2429,0
71479,0,2430,0
71481,0,2429,0
71483,0,2431,0
71485,0,2430,0
71487,0,2437,0
71489,0,2439,0
71491,0,2431,0
71493,0,2431,0
71495,68061,2427,1
71497,0,2425,0
71499,0,2427,0
71501,0,2427,0
71503,0,2427,0
71505,0,2427,0
71507,0,2429,0
71509,0,2429,0
71511,0,2431,0
71513,0,2438,0
71515,0,2430,0
71517,0,2437,0
71519,0,2439,0
71521,0,2430,0
71523,0,2431,0
71525,0,2431,0
71527,0,2436,0
71529,0,2437,0
71531,0,2437,0
71533,0,2439,0
71535,68063,2425,1
71537,0,2424,0
71539,0,2423,0
71541,0,2424,0
71543,0,2425,0
71545,0,2427,0
71547,0,2427,0
71549,0,2427,0
71551,0,2427,0
71553,0,2427,0
71555,0,2427,0
71557,0,2429,0
71559,0,2430,0
71561,0,2431,0
71563,0,2431,0
71565,0,2431,0
71567,0,2431,0
71569,0,2439,0
71571,0,2431,0
71573,0,2439,0
71575,68076,2423,1
71577,0,2421,0
71579,0,2422,0
71581,0,2422,0
71583,0,2421,0
71585,0,2423,0
71587,0,2424,0
71589,0,2425,0
71591,0,2425,0
71593,0,2424,0
71595,0,2425,0
71597,0,2425,0
71599,0,2427,0
71601,0,2427,0
71603,0,2427,0
71605,0,2425,0
71607,0,2429,0
71609,0,2428,0
71611,0,2429,0
71613,0,2430,0
71615,68075,2413,1
71617,0,2413,0
71619,0,2413,0
71621,0,2415,0
71623,0,2415,0
71625,0,2415,0
71627,0,2419,0
71629,0,2421,0
71631,0,2419,0
71633,0,2421,0
71635,0,2421,0
71637,0,2422,0
71639,0,2423,0
71641,0,2421,0
71643,0,2425,0
71645,0,2424,0
71647,0,2425,0
71649,0,2424,0
71651,0,2425,0
71653,0,2425,0
71655,68005,2407,1
71657,0,2406,0
71659,0,2407,0
71661,0,2407,0
71663,0,2408,0
71665,0,2409,0
71667,0,2410,0
71669,0,2411,0
71671,0,2411,0
71673,0,2413,0
71675,0,2413,0
71677,0,2413,0
71679,0,2413,0
71681,0,2415,0
71683,0,2415,0
71685,0,2415,0
71687,0,2414,0
71689,0,2419,0
71691,0,2416,0
71693,0,2408,0
71695,67971,2397,1
71697,0,2397,0
71699,0,2397,0
71701,0,2399,0
71703,0,2402,0
71705,0,2402,0
71707,0,2403,0
71709,0,2402,0
71711,0,2403,0
71713,0,2405,0
71715,0,2405,0
71717,0,2407,0
71719,0,2407,0
71721,0,2407,0
71723,0,2407,0
71725,0,2409,0
71727,0,2411,0
71729,0,2411,0
71731,0,2412,0
71733,67974,2411,1
71735,0,2410,0
71737,0,2409,0
71739,0,2411,0
71741,0,2411,0
71743,0,2413,0
71745,0,2413,0
71747,0,2413,0
71749,0,2415,0
71751,0,2415,0
71753,0,2415,0
71755,0,2419,0
71757,0,2416,0
71759,0,2419,0
71761,0,2415,0
71763,0,2420,0
71765,0,2420,0
71767,0,2421,0
71769,0,2425,0
71771,0,2423,0
71773,67992,2423,1
71775,0,2422,0
71777,0,2423,0
71779,0,2425,0
71781,0,2423,0
71783,0,2425,0
71785,0,2426,0
71787,0,2427,0
71789,0,2425,0
71791,0,2427,0
71793,0,2428,0
71795,0,2422,0
71797,0,2428,0
71799,0,2428,0
71801,0,2429,0
71803,0,2429,0
71805,0,2431,0
71807,0,2430,0
71809,0,2430,0
71811,0,2430,0
71813,67989,2429,1
71815,0,2431,0
71817,0,2429,0
71819,0,2429,0
71821,0,2429,0
71823,0,2429,0
71825,0,2431,0
71827,0,2431,0
71829,0,2431,0
71831,0,2431,0
71833,0,2437,0
71835,0,2439,0
71837,0,2437,0
71839,0,2439,0
71841,0,2438,0
71843,0,2440,0
71845,0,2440,0
71847,0,2438,0
71849,0,2439,0
71851,0,2443,0
71853,68001,2439,1
71855,0,2431,0
71857,0,2431,0
71859,0,2431,0
71861,0,2437,0
71863,0,2431,0
71865,0,2439,0
71867,0,2437,0
71869,0,2439,0
71871,0,2437,0
71873,0,2439,0
71875,0,2440,0
71877,0,2440,0
71879,0,2440,0
71881,0,2441,0
71883,0,2441,0
71885,0,2441,0
71887,0,2443,0
71889,0,2442,0
71891,0,2441,0
71893,68002,2429,1
71895,0,2429,0
71897,0,2428,0
71899,0,2430,0
71901,0,2430,0
71903,0,2431,0
71905,0,2431,0
71907,0,2432,0
71909,0,2437,0
71911,0,2437,0
71913,0,2439,0
71915,0,2439,0
71917,0,2432,0
71919,0,2439,0
71921,0,2440,0
71923,0,2440,0
71925,0,2443,0
71927,0,2440,0
71929,0,2441,0
71931,0,2443,0
71933,67995,2429,1
71935,0,2425,0
71937,0,2427,0
71939,0,2426,0
71941,0,2427,0
71943,0,2429,0
71945,0,2428,0
71947,0,2429,0
71949,0,2428,0
71951,0,2429,0
71953,0,2431,0
71955,0,2431,0
71957,0,2430,0
71959,0,2431,0
71961,0,2429,0
71963,0,2431,0
71965,0,2439,0
71967,0,2439,0
71969,0,2439,0
71971,0,2439,0
71973,68016,2423,1
71975,0,2421,0
71977,0,2421,0
71979,0,2423,0
71981,0,2423,0
71983,0,2425,0
71985,0,2423,0
71987,0,2425,0
71989,0,2425,0
71991,0,2425,0
71993,0,2426,0
71995,0,2428,0
71997,0,2427,0
71999,0,2427,0
72001,0,2427,0
72003,0,2429,0
72005,0,2429,0
72007,0,2429,0
72009,0,2431,0
72011,0,2429,0
72013,68025,2413,1
72015,0,2413,0
72017,0,2415,0
72019,0,2411,0
72021,0,2415,0
72023,0,2415,0
72025,0,2419,0
72027,0,2419,0
72029,0,2419,0
72031,0,2415,0
72033,0,2421,0
72035,0,2428,0
72037,0,2420,0
72039,0,2423,0
72041,0,2424,0
72043,0,2424,0
72045,0,2423,0
72047,0,2423,0
72049,0,2425,0
72051,0,2425,0
72053,67982,2407,1
72055,0,2405,0
72057,0,2405,0
72059,0,2407,0
72061,0,2408,0
72063,0,2410,0
72065,0,2409,0
72067,0,2408,0
72069,0,2411,0
72071,0,2414,0
72073,0,2412,0
72075,0,2413,0
72077,0,2415,0
72079,0,2415,0
72081,0,2415,0
72083,0,2417,0
72085,0,2416,0
72087,0,2418,0
72089,0,2415,0
72091,0,2415,0
72093,67982,2396,1
72095,0,2397,0
72097,0,2397,0
72099,0,2399,0
72101,0,2397,0
72103,0,2399,0
72105,0,2403,0
72107,0,2403,0
72109,0,2403,0
72111,0,2405,0
72113,0,2405,0
72115,0,2407,0
72117,0,2407,0
72119,0,2407,0
72121,0,2408,0
72123,0,2409,0
72125,0,2411,0
72127,0,2411,0
72129,0,2408,0
72131,68004,2413,1
72133,0,2407,0
72135,0,2408,0
72137,0,2409,0
72139,0,2411,0
72141,0,2413,0
72143,0,2411,0
72145,0,2413,0
72147,0,2412,0
72149,0,2414,0
72151,0,2413,0
72153,0,2414,0
72155,0,2415,0
72157,0,2415,0
72159,0,2419,0
72161,0,2415,0
72163,0,2419,0
72165,0,2420,0
72167,0,2419,0
72169,0,2421,0
72171,68019,2421,1
72173,0,2421,0
72175,0,2421,0
72177,0,2421,0
72179,0,2423,0
72181,0,2424,0
72183,0,2423,0
72185,0,2423,0
72187,0,2424,0
72189,0,2425,0
72191,0,2425,0
72193,0,2424,0
72195,0,2425,0
72197,0,2428,0
72199,0,2427,0
72201,0,2427,0
72203,0,2428,0
72205,0,2427,0
72207,0,2429,0
72209,0,2429,0
72211,68010,2428,1
72213,0,2426,0
72215,0,2425,0
72217,0,2425,0
72219,0,2426,0
72221,0,2429,0
72223,0,2428,0
72225,0,2431,0
72227,0,2429,0
72229,0,2429,0
72231,0,2430,0
72233,0,2437,0
72235,0,2429,0
72237,0,2437,0
72239,0,2437,0
72241,0,2437,0
72243,0,2439,0
72245,0,2439,0
72247,0,2439,0
72249,0,2440,0
72251,68017,2428,1
72253,0,2427,0
72255,0,2444,0
72257,0,2428,0
72259,0,2429,0
72261,0,2429,0
72263,0,2428,0
72265,0,2431,0
72267,0,2431,0
72269,0,2436,0
72271,0,2431,0
72273,0,2431,0
72275,0,2439,0
72277,0,2439,0
72279,0,2439,0
72281,0,2439,0
72283,0,2439,0
72285,0,2439,0
72287,0,2439,0
72289,0,2441,0
72291,68016,2429,1
72293,0,2425,0
72295,0,2427,0
72297,0,2428,0
72299,0,2429,0
72301,0,2426,0
72303,0,2429,0
72305,0,2431,0
72307,0,2429,0
72309,0,2431,0
72311,0,2429,0
72313,0,2430,0
72315,0,2431,0
72317,0,2437,0
72319,0,2437,0
72321,0,2431,0
72323,0,2439,0
72325,0,2439,0
72327,0,2440,0
72329,0,2440,0
72331,68017,2425,1
72333,0,2423,0
72335,0,2425,0
72337,0,2425,0
72339,0,2424,0
72341,0,2423,0
72343,0,2423,0
72345,0,2426,0
72347,0,2427,0
72349,0,2429,0
72351,0,2427,0
72353,0,2429,0
72355,0,2429,0
72357,0,2429,0
72359,0,2429,0
72361,0,2431,0
72363,0,2431,0
72365,0,2429,0
72367,0,2431,0
72369,0,2437,0
72371,68052,2418,1
72373,0,2419,0
72375,0,2421,0
72377,0,2421,0
72379,0,2421,0
72381,0,2421,0
72383,0,2421,0
72385,0,2422,0
72387,0,2422,0
72389,0,2423,0
72391,0,2424,0
72393,0,2425,0
72395,0,2425,0
72397,0,2426,0
72399,0,2427,0
72401,0,2426,0
72403,0,2427,0
72405,0,2426,0
72407,0,2428,0
72409,0,2429,0
72411,68042,2409,1
72413,0,2410,0
72415,0,2411,0
72417,0,2413,0
72419,0,2413,0
72421,0,2412,0
72423,0,2415,0
72425,0,2415,0
72427,0,2414,0
72429,0,2415,0
72431,0,2419,0
72433,0,2415,0
72435,0,2419,0
72437,0,2415,0
72439,0,2420,0
72441,0,2421,0
72443,0,2423,0
72445,0,2422,0
72447,0,2423,0
72449,0,2415,0
72451,68006,2405,1
72453,0,2403,0
72455,0,2404,0
72457,0,2405,0
72459,0,2406,0
72461,0,2403,0
72463,0,2407,0
72465,0,2407,0
72467,0,2409,0
72469,0,2409,0
72471,0,2405,0
72473,0,2411,0
72475,0,2411,0
72477,0,2411,0
72479,0,2413,0
72481,0,2411,0
72483,0,2415,0
72485,0,2415,0
72487,0,2415,0
72489,0,2415,0
72491,68008,2392,1
72493,0,2393,0
72495,0,2393,0
72497,0,2395,0
72499,0,2395,0
72501,0,2393,0
72503,0,2396,0
72505,0,2397,0
72507,0,2399,0
72509,0,2400,0
72511,0,2405,0
72513,0,2403,0
72515,0,2405,0
72517,0,2407,0
72519,0,2405,0
72521,0,2407,0
72523,0,2408,0
72525,0,2409,0
72527,0,2409,0
72529,68019,2408,1
72531,0,2411,0
72533,0,2410,0
72535,0,2411,0
72537,0,2413,0
72539,0,2413,0
72541,0,2411,0
72543,0,2413,0
72545,0,2415,0
72547,0,2414,0
72549,0,2415,0
72551,0,2410,0
72553,0,2418,0
72555,0,2419,0
72557,0,2421,0
72559,0,2421,0
72561,0,2421,0
72563,0,2421,0
72565,0,2422,0
72567,0,2423,0
72569,68018,2421,1
72571,0,2422,0
72573,0,2421,0
72575,0,2421,0
72577,0,2423,0
72579,0,2423,0
72581,0,2425,0
72583,0,2423,0
72585,0,2427,0
72587,0,2425,0
72589,0,2427,0
72591,0,2426,0
72593,0,2427,0
72595,0,2427,0
72597,0,2427,0
72599,0,2427,0
72601,0,2429,0
72603,0,2431,0
72605,0,2427,0
72607,0,2429,0
72609,68028,2427,1
72611,0,2422,0
72613,0,2426,0
72615,0,2425,0
72617,0,2428,0
72619,0,2427,0
72621,0,2428,0
72623,0,2427,0
72625,0,2429,0
72627,0,2429,0
72629,0,2431,0
72631,0,2429,0
72633,0,2430,0
72635,0,2437,0
72637,0,2429,0
72639,0,2431,0
72641,0,2439,0
72643,0,2437,0
72645,0,2431,0
72647,0,2439,0
72649,68034,2427,1
72651,0,2427,0
72653,0,2425,0
72655,0,2427,0
72657,0,2429,0
72659,0,2429,0
72661,0,2428,0
72663,0,2429,0
72665,0,2431,0
72667,0,2428,0
72669,0,2429,0
72671,0,2431,0
72673,0,2437,0
72675,0,2431,0
72677,0,2438,0
72679,0,2439,0
72681,0,2441,0
72683,0,2440,0
72685,0,2439,0
72687,0,2440,0
72689,68057,2425,1
72691,0,2425,0
72693,0,2423,0
72695,0,2425,0
72697,0,2425,0
72699,0,2425,0
72701,0,2427,0
72703,0,2429,0
72705,0,2428,0
72707,0,2429,0
72709,0,2429,0
72711,0,2429,0
72713,0,2431,0
72715,0,2430,0
72717,0,2437,0
72719,0,2430,0
72721,0,2432,0
72723,0,2432,0
72725,0,2437,0
72727,0,2439,0
72729,68094,2423,1
72731,0,2420,0
72733,0,2420,0
72735,0,2419,0
72737,0,2423,0
72739,0,2424,0
72741,0,2425,0
72743,0,2425,0
72745,0,2425,0
72747,0,2427,0
72749,0,2424,0
72751,0,2427,0
72753,0,2427,0
72755,0,2429,0
72757,0,2429,0
72759,0,2428,0
72761,0,2429,0
72763,0,2427,0
72765,0,2429,0
72767,0,2431,0
72769,68135,2415,1
72771,0,2414,0
72773,0,2415,0
72775,0,2415,0
72777,0,2419,0
72779,0,2419,0
72781,0,2416,0
72783,0,2421,0
72785,0,2421,0
72787,0,2421,0
72789,0,2422,0
72791,0,2422,0
72793,0,2423,0
72795,0,2424,0
72797,0,2423,0
72799,0,2425,0
72801,0,2425,0
72803,0,2425,0
72805,0,2426,0
72807,0,2427,0
72809,68113,2407,1
72811,0,2409,0
72813,0,2409,0
72815,0,2409,0
72817,0,2411,0
72819,0,2411,0
72821,0,2411,0
72823,0,2411,0
72825,0,2413,0
72827,0,2413,0
72829,0,2415,0
72831,0,2415,0
72833,0,2419,0
72835,0,2415,0
72837,0,2419,0
72839,0,2419,0
72841,0,2421,0
72843,0,2421,0
72845,0,2421,0
72847,0,2421,0
72849,68081,2399,1
72851,0,2399,0
72853,0,2401,0
72855,0,2403,0
72858,0,2403,0
72860,0,2403,0
72862,0,2405,0
72864,0,2405,0
72866,0,2405,0
72868,0,2407,0
72870,0,2407,0
72872,0,2407,0
72874,0,2409,0
72876,0,2409,0
72878,0,2409,0
72880,0,2411,0
72882,0,2413,0
72884,0,2412,0
72886,0,2412,0
72888,68125,2413,1
72890,0,2411,0
72892,0,2410,0
72894,0,2411,0
72896,0,2413,0
72898,0,2413,0
72900,0,2415,0
72902,0,2415,0
72904,0,2415,0
72906,0,2417,0
72908,0,2416,0
72910,0,2415,0
72912,0,2421,0
72914,0,2421,0
72916,0,2421,0
72918,0,2409,0
72920,0,2421,0
72922,0,2423,0
72924,0,2423,0
72926,0,2425,0
72928,68147,2425,1
72930,0,2423,0
72932,0,2424,0
72934,0,2423,0
72936,0,2425,0
72938,0,2425,0
72940,0,2426,0
72942,0,2427,0
72944,0,2429,0
72946,0,2428,0
72948,0,2428,0
72950,0,2428,0
72952,0,2429,0
72954,0,2431,0
72956,0,2431,0
72958,0,2431,0
72960,0,2431,0
72962,0,2427,0
72964,0,2431,0
72966,0,2431,0
72968,68172,2431,1
72970,0,2429,0
72972,0,2429,0
72974,0,2431,0
72976,0,2431,0
72978,0,2437,0
72980,0,2438,0
72982,0,2432,0
72984,0,2439,0
72986,0,2438,0
72988,0,2440,0
72990,0,2440,0
72992,0,2440,0
72994,0,2439,0
72996,0,2441,0
72998,0,2441,0
73000,0,2442,0
73002,0,2441,0
73004,0,2441,0
73006,0,2441,0
73008,68191,2441,1
73010,0,2439,0
73012,0,2439,0
73014,0,2437,0
73016,0,2439,0
73018,0,2439,0
73020,0,2441,0
73022,0,2440,0
73024,0,2439,0
73026,0,2441,0
73028,0,2440,0
73030,0,2419,0
73032,0,2443,0
73034,0,2443,0
73036,0,2444,0
73038,0,2443,0
73040,0,2443,0
73042,0,2443,0
73044,0,2443,0
73046,0,2445,0
73048,68201,2437,1
73050,0,2430,0
73052,0,2431,0
73054,0,2438,0
73056,0,2437,0
73058,0,2431,0
73060,0,2436,0
73062,0,2436,0
73064,0,2440,0
73066,0,2439,0
73068,0,2439,0
73070,0,2441,0
73072,0,2441,0
73074,0,2431,0
73076,0,2440,0
73078,0,2442,0
73080,0,2443,0
73082,0,2442,0
73084,0,2445,0
73086,0,2444,0
73088,68226,2429,1
73090,0,2428,0
73092,0,2428,0
73094,0,2415,0
73096,0,2431,0
73098,0,2429,0
73100,0,2431,0
73102,0,2431,0
73104,0,2431,0
73106,0,2431,0
73108,0,2429,0
73110,0,2439,0
73112,0,2438,0
73114,0,2437,0
73116,0,2439,0
73118,0,2440,0
73120,0,2439,0
73122,0,2440,0
73124,0,2441,0
73126,0,2441,0
73128,68268,2425,1
73130,0,2423,0
73132,0,2424,0
73134,0,2425,0
73136,0,2425,0
73138,0,2427,0
73140,0,2427,0
73142,0,2428,0
73144,0,2429,0
73146,0,2425,0
73148,0,2427,0
73150,0,2426,0
73152,0,2429,0
73154,0,2429,0
73156,0,2429,0
73158,0,2431,0
73160,0,2431,0
73162,0,2431,0
73164,0,2431,0
73166,0,2431,0
73168,68312,2415,1
73170,0,2413,0
73172,0,2415,0
73174,0,2419,0
73176,0,2421,0
73178,0,2420,0
73180,0,2421,0
73182,0,2421,0
73184,0,2420,0
73186,0,2423,0
73188,0,2423,0
73190,0,2423,0
73192,0,2423,0
73194,0,2425,0
73196,0,2425,0
73198,0,2425,0
73200,0,2425,0
73202,0,2425,0
73204,0,2427,0
73206,0,2427,0
73208,68289,2410,1
73210,0,2407,0
73212,0,2408,0
73214,0,2408,0
73216,0,2409,0
73218,0,2411,0
73220,0,2411,0
73222,0,2412,0
73224,0,2411,0
73226,0,2413,0
73228,0,2413,0
73230,0,2415,0
73232,0,2415,0
73234,0,2415,0
73236,0,2419,0
73238,0,2419,0
73240,0,2421,0
73242,0,2419,0
73244,0,2421,0
73246,0,2423,0
73248,68288,2399,1
73250,0,2397,0
73252,0,2397,0
73254,0,2399,0
73256,0,2403,0
73258,0,2403,0
73260,0,2404,0
73262,0,2405,0
73264,0,2406,0
73266,0,2403,0
73268,0,2407,0
73270,0,2407,0
73272,0,2405,0
73274,0,2409,0
73276,0,2409,0
73278,0,2411,0
73280,0,2411,0
73282,0,2410,0
73284,0,2413,0
73286,68341,2413,1
73288,0,2409,0
73290,0,2397,0
73292,0,2408,0
73294,0,2412,0
73296,0,2413,0
73298,0,2413,0
73300,0,2413,0
73302,0,2413,0
73304,0,2414,0
73306,0,2415,0
73308,0,2420,0
73310,0,2415,0
73312,0,2420,0
73314,0,2419,0
73316,0,2421,0
73318,0,2419,0
73320,0,2421,0
73322,0,2421,0
73324,0,2423,0
73326,68365,2423,1
73328,0,2421,0
73330,0,2422,0
73332,0,2423,0
73334,0,2424,0
73336,0,2425,0
73338,0,2424,0
73340,0,2424,0
73342,0,2425,0
73344,0,2427,0
73346,0,2427,0
73348,0,2428,0
73350,0,2429,0
73352,0,2427,0
73354,0,2429,0
73356,0,2429,0
73358,0,2429,0
73360,0,2429,0
73362,0,2430,0
73364,0,2431,0
73366,68365,2429,1
73368,0,2428,0
73370,0,2429,0
73372,0,2428,0
73374,0,2429,0
73376,0,2430,0
73378,0,2431,0
73380,0,2431,0
73382,0,2431,0
73384,0,2431,0
73386,0,2431,0
73388,0,2437,0
73390,0,2437,0
73392,0,2439,0
73394,0,2431,0
73396,0,2439,0
73398,0,2438,0
73400,0,2439,0
73402,0,2440,0
73404,0,2439,0
73406,68336,2431,1
73408,0,2431,0
73410,0,2429,0
73412,0,2431,0
73414,0,2431,0
73416,0,2429,0
73418,0,2439,0
73420,0,2437,0
73422,0,2439,0
73424,0,2439,0
73426,0,2439,0
73428,0,2437,0
73430,0,2439,0
73432,0,2441,0
73434,0,2441,0
73436,0,2440,0
73438,0,2440,0
73440,0,2440,0
73442,0,2441,0
73444,0,2441,0
73446,68324,2429,1
73448,0,2427,0
73450,0,2429,0
73452,0,2429,0
73454,0,2431,0
73456,0,2429,0
73458,0,2431,0
73460,0,2430,0
73462,0,2437,0
73464,0,2437,0
73466,0,2439,0
73468,0,2439,0
73470,0,2439,0
73472,0,2440,0
73474,0,2439,0
73476,0,2443,0
73478,0,2439,0
73480,0,2439,0
73482,0,2439,0
73484,0,2441,0
73486,68326,2425,1
73488,0,2426,0
73490,0,2425,0
73492,0,2425,0
73494,0,2425,0
73496,0,2427,0
73498,0,2427,0
73500,0,2429,0
73502,0,2427,0
73504,0,2429,0
73506,0,2431,0
73508,0,2429,0
73510,0,2437,0
73512,0,2431,0
73514,0,2431,0
73516,0,2431,0
73518,0,2431,0
73520,0,2431,0
73522,0,2440,0
73524,0,2438,0
73526,68354,2419,1
73528,0,2420,0
73530,0,2421,0
73532,0,2422,0
73534,0,2423,0
73536,0,2423,0
73538,0,2423,0
73540,0,2424,0
73542,0,2424,0
73544,0,2424,0
73546,0,2425,0
73548,0,2427,0
73550,0,2431,0
73552,0,2425,0
73554,0,2428,0
73556,0,2428,0
73558,0,2427,0
73560,0,2427,0
73562,0,2429,0
73564,0,2431,0
73566,68358,2413,1
73568,0,2411,0
73570,0,2412,0
73572,0,2415,0
73574,0,2414,0
73576,0,2413,0
73578,0,2413,0
73580,0,2419,0
73582,0,2419,0
73584,0,2419,0
73586,0,2419,0
73588,0,2421,0
73590,0,2419,0
73592,0,2422,0
73594,0,2421,0
73596,0,2424,0
73598,0,2424,0
73600,0,2425,0
73602,0,2423,0
73604,0,2426,0
73606,68316,2405,1
73608,0,2405,0
73610,0,2405,0
73612,0,2405,0
73614,0,2407,0
73616,0,2407,0
73618,0,2408,0
73620,0,2408,0
73622,0,2409,0
73624,0,2411,0
73626,0,2411,0
73628,0,2411,0
73630,0,2411,0
73632,0,2413,0
73634,0,2415,0
73636,0,2415,0
73638,0,2415,0
73640,0,2417,0
73642,0,2415,0
73644,0,2415,0
73646,68302,2395,1
73648,0,2393,0
73650,0,2394,0
73652,0,2396,0
73654,0,2395,0
73656,0,2397,0
73658,0,2397,0
73660,0,2398,0
73662,0,2399,0
73664,0,2401,0
73666,0,2403,0
73668,0,2403,0
73670,0,2403,0
73672,0,2407,0
73674,0,2407,0
73676,0,2406,0
73678,0,2408,0
73680,0,2409,0
73682,0,2407,0
73684,68309,2409,1
73686,0,2405,0
73688,0,2407,0
73690,0,2408,0
73692,0,2409,0
73694,0,2408,0
73696,0,2409,0
73698,0,2411,0
73700,0,2411,0
73702,0,2411,0
73704,0,2419,0
73706,0,2412,0
73708,0,2413,0
73710,0,2415,0
73712,0,2415,0
73714,0,2415,0
73716,0,2415,0
73718,0,2415,0
73720,0,2419,0
73722,0,2419,0
73724,68303,2419,1
73726,0,2416,0
73728,0,2419,0
73730,0,2420,0
73732,0,2420,0
73734,0,2419,0
73736,0,2419,0
73738,0,2421,0
73740,0,2423,0
73742,0,2422,0
73744,0,2422,0
73746,0,2424,0
73748,0,2424,0
73750,0,2424,0
73752,0,2425,0
73754,0,2426,0
73756,0,2425,0
73758,0,2427,0
73760,0,2427,0
73762,0,2428,0
73764,68301,2423,1
73766,0,2423,0
73768,0,2423,0
73770,0,2423,0
73772,0,2423,0
73774,0,2425,0
73776,0,2426,0
73778,0,2428,0
73780,0,2427,0
73782,0,2429,0
73784,0,2429,0
73786,0,2430,0
73788,0,2429,0
73790,0,2429,0
73792,0,2425,0
73794,0,2430,0
73796,0,2431,0
73798,0,2431,0
73800,0,2438,0
73802,0,2439,0
73804,68295,2428,1
73806,0,2425,0
73808,0,2427,0
73810,0,2427,0
73812,0,2427,0
73814,0,2429,0
73816,0,2429,0
73818,0,2427,0
73820,0,2428,0
73822,0,2430,0
73824,0,2429,0
73826,0,2429,0
73828,0,2431,0
73830,0,2431,0
73832,0,2431,0
73834,0,2437,0
73836,0,2439,0
73838,0,2439,0
73840,0,2432,0
73842,0,2431,0
73844,68282,2427,1
73846,0,2425,0
73848,0,2425,0
73850,0,2424,0
73852,0,2426,0
73854,0,2424,0
73856,0,2427,0
73858,0,2427,0
73860,0,2427,0
73862,0,2429,0
73864,0,2427,0
73866,0,2431,0
73868,0,2430,0
73870,0,2429,0
73872,0,2430,0
73874,0,2429,0
73876,0,2437,0
73878,0,2452,0
73880,0,2431,0
73882,0,2437,0
73884,68274,2423,1
73886,0,2419,0
73888,0,2423,0
73890,0,2422,0
73892,0,2423,0
73894,0,2423,0
73896,0,2424,0
73898,0,2425,0
73900,0,2424,0
73902,0,2425,0
73904,0,2425,0
73906,0,2427,0
73908,0,2427,0
73910,0,2428,0
73912,0,2428,0
73914,0,2429,0
73916,0,2428,0
73918,0,2429,0
73920,0,2429,0
73922,0,2431,0
73924,68289,2415,1
73926,0,2413,0
73928,0,2415,0
73930,0,2415,0
73932,0,2414,0
73934,0,2415,0
73936,0,2420,0
73938,0,2419,0
73940,0,2419,0
73942,0,2421,0
73944,0,2422,0
73946,0,2419,0
73948,0,2423,0
73950,0,2422,0
73952,0,2421,0
73954,0,2423,0
73956,0,2424,0
73958,0,2425,0
73960,0,2427,0
73962,0,2425,0
73964,68258,2407,1
73966,0,2406,0
73968,0,2408,0
73970,0,2407,0
73972,0,2409,0
73974,0,2411,0
73976,0,2409,0
73978,0,2411,0
73980,0,2413,0
73982,0,2413,0
73984,0,2414,0
73986,0,2415,0
73988,0,2415,0
73990,0,2419,0
73992,0,2415,0
73994,0,2419,0
73996,0,2415,0
73998,0,2419,0
74000,0,2420,0
74002,0,2421,0
74004,68220,2402,1
74006,0,2399,0
74008,0,2399,0
74010,0,2405,0
74012,0,2403,0
74014,0,2402,0
74016,0,2403,0
74018,0,2405,0
74020,0,2405,0
74022,0,2407,0
74024,0,2406,0
74026,0,2407,0
74028,0,2409,0
74030,0,2409,0
74032,0,2411,0
74034,0,2405,0
74036,0,2411,0
74038,0,2413,0
74040,0,2411,0
74042,68221,2413,1
74044,0,2409,0
74046,0,2411,0
74048,0,2413,0
74050,0,2411,0
74052,0,2413,0
74054,0,2413,0
74056,0,2415,0
74058,0,2415,0
74060,0,2415,0
74062,0,2415,0
74064,0,2419,0
74066,0,2419,0
74068,0,2421,0
74070,0,2421,0
74072,0,2421,0
74074,0,2423,0
74076,0,2423,0
74078,0,2424,0
74080,0,2420,0
74082,68234,2424,1
74084,0,2424,0
74086,0,2425,0
74088,0,2424,0
74090,0,2425,0
74092,0,2425,0
74094,0,2427,0
74096,0,2427,0
74098,0,2427,0
74100,0,2428,0
74102,0,2429,0
74104,0,2429,0
74106,0,2430,0
74108,0,2431,0
74110,0,2429,0
74112,0,2431,0
74114,0,2431,0
74116,0,2431,0
74118,0,2439,0
74120,0,2430,0
74122,68229,2431,1
74124,0,2430,0
74126,0,2429,0
74128,0,2431,0
74130,0,2428,0
74132,0,2439,0
74134,0,2431,0
74136,0,2431,0
74138,0,2439,0
74140,0,2439,0
74142,0,2438,0
74144,0,2439,0
74146,0,2439,0
74148,0,2439,0
74150,0,2441,0
74152,0,2440,0
74154,0,2441,0
74156,0,2441,0
74158,0,2431,0
74160,0,2441,0
74162,68219,2437,1
74164,0,2431,0
74166,0,2431,0
74168,0,2431,0
74170,0,2437,0
74172,0,2437,0
74174,0,2439,0
74176,0,2439,0
74178,0,2440,0
74180,0,2440,0
74182,0,2439,0
74184,0,2441,0
74186,0,2441,0
74188,0,2440,0
74190,0,2443,0
74192,0,2444,0
74194,0,2441,0
74196,0,2447,0
74198,0,2443,0
74200,0,2443,0
74202,68188,2430,1
74204,0,2432,0
74206,0,2437,0
74208,0,2438,0
74210,0,2431,0
74212,0,2431,0
74214,0,2439,0
74216,0,2439,0
74218,0,2439,0
74220,0,2440,0
74222,0,2441,0
74224,0,2439,0
74226,0,2441,0
74228,0,2442,0
74230,0,2447,0
74232,0,2441,0
74234,0,2441,0
74236,0,2441,0
74238,0,2443,0
74240,0,2443,0
74242,68156,2428,1
74244,0,2428,0
74246,0,2429,0
74248,0,2428,0
74250,0,2431,0
74252,0,2431,0
74254,0,2439,0
74256,0,2429,0
74258,0,2431,0
74260,0,2439,0
74262,0,2431,0
74264,0,2437,0
74266,0,2431,0
74268,0,2439,0
74270,0,2439,0
74272,0,2439,0
74274,0,2439,0
74276,0,2439,0
74278,0,2439,0
74280,0,2440,0
74282,68160,2423,1
74284,0,2421,0
74286,0,2423,0
74288,0,2423,0
74290,0,2423,0
74292,0,2424,0
74294,0,2424,0
74296,0,2427,0
74298,0,2425,0
74300,0,2428,0
74302,0,2427,0
74304,0,2427,0
74306,0,2427,0
74308,0,2429,0
74310,0,2431,0
74312,0,2428,0
74314,0,2429,0
74316,0,2430,0
74318,0,2431,0
74320,0,2430,0
74322,68147,2415,1
74324,0,2420,0
74326,0,2413,0
74328,0,2419,0
74330,0,2415,0
74332,0,2415,0
74334,0,2419,0
74336,0,2419,0
74338,0,2419,0
74340,0,2421,0
74342,0,2421,0
74344,0,2423,0
74346,0,2424,0
74348,0,2423,0
74350,0,2424,0
74352,0,2423,0
74354,0,2425,0
74356,0,2425,0
74358,0,2428,0
74360,0,2425,0
74362,68074,2407,1
74364,0,2408,0
74366,0,2407,0
74368,0,2403,0
74370,0,2409,0
74372,0,2411,0
74374,0,2411,0
74376,0,2410,0
74378,0,2414,0
74380,0,2413,0
74382,0,2414,0
74384,0,2414,0
74386,0,2415,0
74388,0,2419,0
74390,0,2415,0
74392,0,2419,0
74394,0,2420,0
74396,0,2420,0
74398,0,2419,0
74400,0,2421,0
74402,68067,2399,1
74404,0,2395,0
74406,0,2397,0
74408,0,2403,0
74410,0,2401,0
74412,0,2403,0
74414,0,2403,0
74416,0,2404,0
74418,0,2405,0
74420,0,2408,0
74422,0,2405,0
74424,0,2407,0
74426,0,2409,0
74428,0,2408,0
74430,0,2408,0
74432,0,2409,0
74434,0,2409,0
74436,0,2411,0
74438,0,2411,0
74440,68100,2413,1
74442,0,2407,0
74444,0,2409,0
74446,0,2408,0
74448,0,2411,0
74450,0,2411,0
74452,0,2411,0
74454,0,2413,0
74456,0,2413,0
74458,0,2412,0
74460,0,2415,0
74462,0,2415,0
74464,0,2415,0
74466,0,2419,0
74468,0,2419,0
74470,0,2421,0
74472,0,2421,0
74474,0,2421,0
74476,0,2421,0
74478,0,2421,0
74480,68089,2421,1
74482,0,2419,0
74484,0,2420,0
74486,0,2422,0
74488,0,2423,0
74490,0,2423,0
74492,0,2425,0
74494,0,2425,0
74496,0,2424,0
74498,0,2425,0
74500,0,2427,0
74502,0,2427,0
74504,0,2427,0
74506,0,2429,0
74508,0,2427,0
74510,0,2428,0
74512,0,2429,0
74514,0,2429,0
74516,0,2431,0
74518,0,2430,0
74520,68077,2427,1
74522,0,2427,0
74524,0,2427,0
74526,0,2427,0
74528,0,2427,0
74530,0,2427,0
74532,0,2427,0
74534,0,2429,0
74536,0,2429,0
74538,0,2429,0
74540,0,2431,0
74542,0,2431,0
74544,0,2431,0
74546,0,2437,0
74548,0,2439,0
74550,0,2438,0
74552,0,2437,0
74554,0,2438,0
74556,0,2440,0
74558,0,2439,0
74560,68064,2429,1
74562,0,2429,0
74564,0,2428,0
74566,0,2429,0
74568,0,2429,0
74570,0,2430,0
74572,0,2430,0
74574,0,2431,0
74576,0,2431,0
74578,0,2437,0
74580,0,2438,0
74582,0,2429,0
74584,0,2428,0
74586,0,2439,0
74588,0,2439,0
74590,0,2441,0
74592,0,2440,0
74594,0,2440,0
74596,0,2441,0
74598,0,2441,0
74600,68066,2429,1
74602,0,2427,0
74604,0,2426,0
74606,0,2427,0
74608,0,2427,0
74610,0,2429,0
74612,0,2428,0
74614,0,2429,0
74616,0,2431,0
74618,0,2431,0
74620,0,2431,0
74622,0,2432,0
74624,0,2428,0
74626,0,2431,0
74628,0,2437,0
74630,0,2431,0
74632,0,2439,0
74634,0,2439,0
74636,0,2439,0
74638,0,2440,0
74640,68071,2423,1
74642,0,2423,0
74644,0,2423,0
74646,0,2425,0
74648,0,2425,0
74650,0,2427,0
74652,0,2427,0
74654,0,2431,0
74656,0,2429,0
74658,0,2429,0
74660,0,2429,0
74662,0,2429,0
74664,0,2429,0
74666,0,2429,0
74668,0,2431,0
74670,0,2430,0
74672,0,2431,0
74674,0,2437,0
74676,0,2431,0
74678,0,2431,0
74680,68098,2419,1
74682,0,2416,0
74684,0,2423,0
74686,0,2419,0
74689,0,2420,0
74691,0,2421,0
74693,0,2423,0
74695,0,2422,0
74697,0,2423,0
74699,0,2424,0
74701,0,2424,0
74703,0,2424,0
74705,0,2424,0
74707,0,2424,0
74709,0,2427,0
74711,0,2425,0
74713,0,2426,0
74715,0,2425,0
74717,0,2428,0
74719,0,2429,0
74721,68081,2410,1
74723,0,2411,0
74725,0,2411,0
74727,0,2412,0
74729,0,2411,0
74731,0,2414,0
74733,0,2414,0
74735,0,2415,0
74737,0,2415,0
74739,0,2415,0
74741,0,2419,0
74743,0,2419,0
74745,0,2416,0
74747,0,2420,0
74749,0,2419,0
74751,0,2421,0
74753,0,2422,0
74755,0,2423,0
74757,0,2423,0
74759,0,2424,0
74761,68045,2405,1
74763,0,2404,0
74765,0,2405,0
74767,0,2402,0
74769,0,2405,0
74771,0,2407,0
74773,0,2405,0
74775,0,2409,0
74777,0,2409,0
74779,0,2409,0
74781,0,2410,0
74783,0,2411,0
74785,0,2409,0
74787,0,2411,0
74789,0,2411,0
74791,0,2413,0
74793,0,2414,0
74795,0,2419,0
74797,0,2414,0
74799,68056,2415,1
74801,0,2413,0
74803,0,2414,0
74805,0,2411,0
74807,0,2415,0
74809,0,2416,0
74811,0,2415,0
74813,0,2415,0
74815,0,2421,0
74817,0,2420,0
74819,0,2420,0
74821,0,2423,0
74823,0,2421,0
74825,0,2423,0
74827,0,2421,0
74829,0,2425,0
74831,0,2424,0
74833,0,2425,0
74835,0,2427,0
74837,0,2425,0
74839,68079,2427,1
74841,0,2427,0
74843,0,2426,0
74845,0,2426,0
74847,0,2429,0
74849,0,2428,0
74851,0,2427,0
74853,0,2428,0
74855,0,2431,0
74857,0,2431,0
74859,0,2431,0
74861,0,2438,0
74863,0,2431,0
74865,0,2437,0
74867,0,2431,0
74869,0,2432,0
74871,0,2432,0
74873,0,2439,0
74875,0,2431,0
74877,0,2441,0
74879,68080,2439,1
74881,0,2431,0
74883,0,2437,0
74885,0,2438,0
74887,0,2431,0
74889,0,2439,0
74891,0,2439,0
74893,0,2439,0
74895,0,2439,0
74897,0,2441,0
74899,0,2441,0
74901,0,2443,0
74903,0,2441,0
74905,0,2443,0
74907,0,2443,0
74909,0,2443,0
74911,0,2445,0
74913,0,2445,0
74915,0,2443,0
74917,0,2444,0
74919,68078,2441,1
74921,0,2439,0
74923,0,2439,0
74925,0,2441,0
74927,0,2441,0
74929,0,2441,0
74931,0,2441,0
74933,0,2442,0
74935,0,2443,0
74937,0,2441,0
74939,0,2441,0
74941,0,2444,0
74943,0,2443,0
74945,0,2443,0
74947,0,2443,0
74949,0,2444,0
74951,0,2445,0
74953,0,2446,0
74955,0,2445,0
74957,0,2445,0
74959,68085,2441,1
74961,0,2439,0
74963,0,2439,0
74965,0,2439,0
74967,0,2439,0
74969,0,2441,0
74971,0,2439,0
74973,0,2441,0
74975,0,2440,0
74977,0,2445,0
74979,0,2443,0
74981,0,2442,0
74983,0,2443,0
74985,0,2442,0
74987,0,2443,0
74989,0,2445,0
74991,0,2443,0
74993,0,2444,0
74995,0,2445,0
74997,0,2445,0
74999,68081,2430,1
75001,0,2431,0
75003,0,2431,0
75005,0,2431,0
75007,0,2431,0
75009,0,2437,0
75011,0,2431,0
75013,0,2438,0
75015,0,2437,0
75017,0,2439,0
75019,0,2439,0
75021,0,2440,0
75023,0,2439,0
75025,0,2441,0
75027,0,2441,0
75029,0,2441,0
75031,0,2441,0
75033,0,2443,0
75035,0,2442,0
75037,0,2443,0
75039,68074,2427,1
75041,0,2426,0
75043,0,2425,0
75045,0,2425,0
75047,0,2427,0
75049,0,2428,0
75051,0,2429,0
75053,0,2427,0
75055,0,2427,0
75057,0,2429,0
75059,0,2429,0
75061,0,2431,0
75063,0,2431,0
75065,0,2431,0
75067,0,2437,0
75069,0,2437,0
75071,0,2439,0
75073,0,2431,0
75075,0,2437,0
75077,0,2439,0
75079,68062,2421,1
75081,0,2419,0
75083,0,2416,0
75085,0,2419,0
75087,0,2423,0
75089,0,2421,0
75091,0,2422,0
75093,0,2423,0
75095,0,2423,0
75097,0,2424,0
75099,0,2424,0
75101,0,2424,0
75103,0,2425,0
75105,0,2427,0
75107,0,2425,0
75109,0,2427,0
75111,0,2427,0
75113,0,2427,0
75115,0,2428,0
75117,0,2427,0
75119,68007,2411,1
75121,0,2408,0
75123,0,2411,0
75125,0,2409,0
75127,0,2411,0
75129,0,2414,0
75131,0,2413,0
75133,0,2414,0
75135,0,2415,0
75137,0,2419,0
75139,0,2413,0
75141,0,2415,0
75143,0,2419,0
75145,0,2421,0
75147,0,2421,0
75149,0,2421,0
75151,0,2420,0
75153,0,2414,0
75155,0,2423,0
75157,0,2423,0
75159,67982,2399,1
75161,0,2399,0
75163,0,2402,0
75165,0,2403,0
75167,0,2403,0
75169,0,2405,0
75171,0,2405,0
75173,0,2407,0
75175,0,2409,0
75177,0,2407,0
75179,0,2409,0
75181,0,2409,0
75183,0,2409,0
75185,0,2410,0
75187,0,2412,0
75189,0,2412,0
75191,0,2413,0
75193,0,2413,0
75195,0,2413,0
75197,67996,2413,1
75199,0,2411,0
75201,0,2411,0
75203,0,2414,0
75205,0,2413,0
75207,0,2413,0
75209,0,2415,0
75211,0,2415,0
75213,0,2414,0
75215,0,2415,0
75217,0,2419,0
75219,0,2419,0
75221,0,2423,0
75223,0,2421,0
75225,0,2421,0
75227,0,2421,0
75229,0,2423,0
75231,0,2424,0
75233,0,2424,0
75235,0,2424,0
75237,68014,2425,1
75239,0,2424,0
75241,0,2424,0
75243,0,2424,0
75245,0,2425,0
75247,0,2426,0
75249,0,2424,0
75251,0,2428,0
75253,0,2428,0
75255,0,2429,0
75257,0,2428,0
75259,0,2429,0
75261,0,2429,0
75263,0,2428,0
75265,0,2430,0
75267,0,2427,0
75269,0,2430,0
75271,0,2431,0
75273,0,2438,0
75275,0,2431,0
75277,68007,2427,1
75279,0,2431,0
75281,0,2428,0
75283,0,2429,0
75285,0,2437,0
75287,0,2422,0
75289,0,2431,0
75291,0,2431,0
75293,0,2430,0
75295,0,2439,0
75297,0,2438,0
75299,0,2439,0
75301,0,2437,0
75303,0,2440,0
75305,0,2439,0
75307,0,2440,0
75309,0,2441,0
75311,0,2439,0
75313,0,2441,0
75315,0,2442,0
75317,68007,2431,1
75319,0,2431,0
75321,0,2430,0
75323,0,2438,0
75325,0,2437,0
75327,0,2431,0
75329,0,2431,0
75331,0,2439,0
75333,0,2440,0
75335,0,2440,0
75337,0,2440,0
75339,0,2440,0
75341,0,2440,0
75343,0,2441,0
75345,0,2443,0
75347,0,2439,0
75349,0,2443,0
75351,0,2441,0
75353,0,2441,0
75355,0,2443,0
75357,68013,2431,1
75359,0,2427,0
75361,0,2431,0
75363,0,2428,0
75365,0,2431,0
75367,0,2439,0
75369,0,2431,0
75371,0,2437,0
75373,0,2437,0
75375,0,2439,0
75377,0,2439,0
75379,0,2439,0
75381,0,2439,0
75383,0,2439,0
75385,0,2440,0
75387,0,2430,0
75389,0,2439,0
75391,0,2441,0
75393,0,2441,0
75395,0,2442,0
75397,67999,2426,1
75399,0,2425,0
75401,0,2426,0
75403,0,2427,0
75405,0,2428,0
75407,0,2427,0
75409,0,2429,0
75411,0,2429,0
75413,0,2429,0
75415,0,2431,0
75417,0,2429,0
75419,0,2431,0
75421,0,2431,0
75423,0,2437,0
75425,0,2439,0
75427,0,2438,0
75429,0,2439,0
75431,0,2439,0
75433,0,2439,0
75435,0,2439,0
75437,68036,2421,1
75439,0,2421,0
75441,0,2421,0
75443,0,2423,0
75445,0,2421,0
75447,0,2423,0
75449,0,2424,0
75451,0,2424,0
75453,0,2425,0
75455,0,2425,0
75457,0,2425,0
75459,0,2427,0
75461,0,2428,0
75463,0,2427,0
75465,0,2427,0
75467,0,2429,0
75469,0,2429,0
75471,0,2412,0
75473,0,2429,0
75475,0,2430,0
75477,68032,2413,1
75479,0,2411,0
75481,0,2413,0
75483,0,2415,0
75485,0,2413,0
75487,0,2415,0
75489,0,2418,0
75491,0,2416,0
75493,0,2421,0
75495,0,2420,0
75497,0,2420,0
75499,0,2423,0
75501,0,2419,0
75503,0,2423,0
75505,0,2423,0
75507,0,2422,0
75509,0,2423,0
75511,0,2422,0
75513,0,2425,0
75515,0,2425,0
75517,67984,2406,1
75519,0,2404,0
75521,0,2405,0
75523,0,2407,0
75525,0,2407,0
75527,0,2407,0
75529,0,2409,0
75531,0,2409,0
75533,0,2409,0
75535,0,2411,0
75537,0,2411,0
75539,0,2411,0
75541,0,2412,0
75543,0,2413,0
75545,0,2415,0
75547,0,2414,0
75549,0,2419,0
75551,0,2419,0
75553,0,2419,0
75555,0,2407,0
75557,67984,2395,1
75559,0,2395,0
75561,0,2397,0
75563,0,2397,0
75565,0,2397,0
75567,0,2399,0
75569,0,2397,0
75571,0,2403,0
75573,0,2404,0
75575,0,2405,0
75577,0,2405,0
75579,0,2405,0
75581,0,2408,0
75583,0,2406,0
75585,0,2405,0
75587,0,2407,0
75589,0,2409,0
75591,0,2410,0
75593,0,2411,0
75595,68014,2409,1
75597,0,2406,0
75599,0,2408,0
75601,0,2407,0
75603,0,2409,0
75605,0,2409,0
75607,0,2407,0
75609,0,2411,0
75611,0,2413,0
75613,0,2413,0
75615,0,2411,0
75617,0,2413,0
75619,0,2415,0
75621,0,2415,0
75623,0,2414,0
75625,0,2415,0
75627,0,2414,0
75629,0,2419,0
75631,0,2421,0
75633,0,2420,0
75635,68018,2421,1
75637,0,2421,0
75639,0,2419,0
75641,0,2421,0
75643,0,2423,0
75645,0,2423,0
75647,0,2421,0
75649,0,2423,0
75651,0,2425,0
75653,0,2424,0
75655,0,2426,0
75657,0,2425,0
75659,0,2427,0
75661,0,2424,0
75663,0,2426,0
75665,0,2425,0
75667,0,2427,0
75669,0,2428,0
75671,0,2425,0
75673,0,2429,0
75675,68030,2425,1
75677,0,2425,0
75679,0,2425,0
75681,0,2427,0
75683,0,2421,0
75685,0,2427,0
75687,0,2427,0
75689,0,2428,0
75691,0,2427,0
75693,0,2429,0
75695,0,2429,0
75697,0,2435,0
75699,0,2431,0
75701,0,2430,0
75703,0,2431,0
75705,0,2431,0
75707,0,2437,0
75709,0,2438,0
75711,0,2432,0
75713,0,2437,0
75715,68033,2427,1
75717,0,2427,0
75719,0,2427,0
75721,0,2427,0
75723,0,2429,0
75725,0,2428,0
75727,0,2429,0
75729,0,2427,0
75731,0,2430,0
75733,0,2429,0
75735,0,2431,0
75737,0,2431,0
75739,0,2437,0
75741,0,2431,0
75743,0,2439,0
75745,0,2439,0
75747,0,2439,0
75749,0,2439,0
75751,0,2441,0
75753,0,2441,0
75755,68055,2425,1
75757,0,2424,0
75759,0,2426,0
75761,0,2425,0
75763,0,2426,0
75765,0,2427,0
75767,0,2429,0
75769,0,2431,0
75771,0,2431,0
75773,0,2429,0
75775,0,2430,0
75777,0,2431,0
75779,0,2431,0
75781,0,2431,0
75783,0,2431,0
75785,0,2431,0
75787,0,2431,0
75789,0,2439,0
75791,0,2431,0
75793,0,2439,0
75795,68075,2423,1
75797,0,2423,0
75799,0,2423,0
75801,0,2424,0
75803,0,2424,0
75805,0,2424,0
75807,0,2424,0
75809,0,2425,0
75811,0,2425,0
75813,0,2427,0
75815,0,2427,0
75817,0,2426,0
75819,0,2429,0
75821,0,2428,0
75823,0,2429,0
75825,0,2429,0
75827,0,2429,0
75829,0,2431,0
75831,0,2431,0
75833,0,2428,0
75835,68114,2414,1
75837,0,2415,0
75839,0,2415,0
75841,0,2419,0
75843,0,2418,0
75845,0,2419,0
75847,0,2419,0
75849,0,2403,0
75851,0,2423,0
75853,0,2427,0
75855,0,2425,0
75857,0,2423,0
75859,0,2422,0
75861,0,2424,0
75863,0,2423,0
75865,0,2425,0
75867,0,2425,0
75869,0,2427,0
75871,0,2427,0
75873,0,2429,0
75875,68117,2411,1
75877,0,2407,0
75879,0,2409,0
75881,0,2408,0
75883,0,2408,0
75885,0,2411,0
75887,0,2412,0
75889,0,2413,0
75891,0,2415,0
75893,0,2413,0
75895,0,2414,0
75897,0,2415,0
75899,0,2419,0
75901,0,2419,0
75903,0,2420,0
75905,0,2421,0
75907,0,2419,0
75909,0,2420,0
75911,0,2419,0
75913,0,2421,0
75915,68102,2403,1
75917,0,2404,0
75919,0,2403,0
75921,0,2403,0
75923,0,2403,0
75925,0,2405,0
75927,0,2405,0
75929,0,2407,0
75931,0,2408,0
75933,0,2408,0
75935,0,2407,0
75937,0,2409,0
75939,0,2409,0
75941,0,2409,0
75943,0,2408,0
75945,0,2413,0
75947,0,2413,0
75949,0,2411,0
75951,0,2412,0
75953,68108,2413,1
75955,0,2411,0
75957,0,2411,0
75959,0,2411,0
75961,0,2415,0
75963,0,2415,0
75965,0,2415,0
75967,0,2415,0
75969,0,2419,0
75971,0,2415,0
75973,0,2419,0
75975,0,2415,0
75977,0,2419,0
75979,0,2421,0
75981,0,2421,0
75983,0,2421,0
75985,0,2423,0
75987,0,2423,0
75989,0,2423,0
75991,0,2424,0
75993,68097,2425,1
75995,0,2425,0
75997,0,2425,0
75999,0,2425,0
76001,0,2427,0
76003,0,2423,0
76005,0,2427,0
76007,0,2429,0
76009,0,2427,0
76011,0,2427,0
76013,0,2429,0
76015,0,2429,0
76017,0,2429,0
76019,0,2431,0
76021,0,2432,0
76023,0,2430,0
76025,0,2437,0
76027,0,2439,0
76029,0,2439,0
76031,0,2438,0
76033,68105,2437,1
76035,0,2429,0
76037,0,2431,0
76039,0,2431,0
76041,0,2431,0
76043,0,2431,0
76045,0,2431,0
76047,0,2439,0
76049,0,2439,0
76051,0,2439,0
76053,0,2439,0
76055,0,2438,0
76057,0,2439,0
76059,0,2441,0
76061,0,2439,0
76063,0,2439,0
76065,0,2440,0
76067,0,2441,0
76069,0,2443,0
76071,0,2443,0
76073,68110,2439,1
76075,0,2431,0
76077,0,2442,0
76079,0,2439,0
76081,0,2437,0
76083,0,2426,0
76085,0,2441,0
76087,0,2439,0
76089,0,2441,0
76091,0,2441,0
76093,0,2442,0
76095,0,2441,0
76097,0,2443,0
76099,0,2443,0
76101,0,2441,0
76103,0,2443,0
76105,0,2443,0
76107,0,2443,0
76109,0,2444,0
76111,0,2443,0
76113,68126,2439,1
76115,0,2430,0
76117,0,2432,0
76119,0,2431,0
76121,0,2439,0
76123,0,2439,0
76125,0,2439,0
76127,0,2438,0
76129,0,2439,0
76131,0,2439,0
76133,0,2439,0
76135,0,2439,0
76137,0,2441,0
76139,0,2441,0
76141,0,2443,0
76143,0,2443,0
76145,0,2443,0
76147,0,2443,0
76149,0,2443,0
76151,0,2443,0
76153,68136,2429,1
76155,0,2428,0
76157,0,2429,0
76159,0,2430,0
76161,0,2427,0
76163,0,2431,0
76165,0,2429,0
76167,0,2431,0
76169,0,2431,0
76171,0,2437,0
76173,0,2437,0
76175,0,2431,0
76177,0,2439,0
76179,0,2439,0
76181,0,2439,0
76183,0,2440,0
76185,0,2441,0
76187,0,2440,0
76189,0,2441,0
76191,0,2439,0
76193,68190,2424,1
76195,0,2423,0
76197,0,2423,0
76199,0,2424,0
76201,0,2424,0
76203,0,2425,0
76205,0,2427,0
76207,0,2427,0
76209,0,2427,0
76211,0,2427,0
76213,0,2429,0
76215,0,2430,0
76217,0,2430,0
76219,0,2430,0
76221,0,2431,0
76223,0,2431,0
76225,0,2431,0
76227,0,2439,0
76229,0,2437,0
76231,0,2431,0
76233,68216,2419,1
76235,0,2415,0
76237,0,2415,0
76239,0,2415,0
76241,0,2419,0
76243,0,2420,0
76245,0,2421,0
76247,0,2421,0
76249,0,2421,0
76251,0,2421,0
76253,0,2423,0
76255,0,2423,0
76257,0,2424,0
76259,0,2425,0
76261,0,2425,0
76263,0,2425,0
76265,0,2425,0
76267,0,2425,0
76269,0,2427,0
76271,0,2427,0
76273,68178,2408,1
76275,0,2409,0
76277,0,2408,0
76279,0,2407,0
76281,0,2409,0
76283,0,2411,0
76285,0,2411,0
76287,0,2411,0
76289,0,2411,0
76291,0,2411,0
76293,0,2415,0
76295,0,2415,0
76297,0,2415,0
76299,0,2414,0
76301,0,2419,0
76303,0,2416,0
76305,0,2419,0
76307,0,2421,0
76309,0,2421,0
76311,0,2420,0
76313,68161,2398,1
76315,0,2397,0
76317,0,2402,0
76319,0,2399,0
76321,0,2403,0
76323,0,2403,0
76325,0,2403,0
76327,0,2405,0
76329,0,2406,0
76331,0,2405,0
76333,0,2405,0
76335,0,2407,0
76337,0,2407,0
76339,0,2409,0
76341,0,2409,0
76343,0,2411,0
76345,0,2411,0
76347,0,2412,0
76349,0,2413,0
76351,68198,2413,1
76353,0,2409,0
76355,0,2409,0
76357,0,2411,0
76359,0,2411,0
76361,0,2413,0
76363,0,2412,0
76365,0,2413,0
76367,0,2413,0
76369,0,2419,0
76371,0,2415,0
76373,0,2416,0
76375,0,2415,0
76377,0,2415,0
76379,0,2419,0
76381,0,2419,0
76383,0,2421,0
76385,0,2423,0
76387,0,2423,0
76389,0,2424,0
76391,68226,2423,1
76393,0,2423,0
76395,0,2423,0
76397,0,2423,0
76399,0,2423,0
76401,0,2425,0
76403,0,2425,0
76405,0,2424,0
76407,0,2427,0
76409,0,2423,0
76411,0,2427,0
76413,0,2427,0
76415,0,2427,0
76417,0,2429,0
76419,0,2429,0
76421,0,2429,0
76423,0,2429,0
76425,0,2430,0
76427,0,2431,0
76429,0,2431,0
76431,68250,2429,1
76433,0,2427,0
76435,0,2427,0
76437,0,2429,0
76439,0,2429,0
76441,0,2429,0
76443,0,2429,0
76445,0,2431,0
76447,0,2431,0
76449,0,2437,0
76451,0,2428,0
76453,0,2439,0
76455,0,2437,0
76457,0,2437,0
76459,0,2438,0
76461,0,2439,0
76463,0,2439,0
76465,0,2439,0
76467,0,2441,0
76469,0,2439,0
76471,68263,2429,1
76473,0,2431,0
76475,0,2428,0
76477,0,2431,0
76479,0,2431,0
76481,0,2430,0
76483,0,2431,0
76485,0,2431,0
76487,0,2439,0
76489,0,2432,0
76491,0,2431,0
76493,0,2426,0
76495,0,2439,0
76497,0,2439,0
76499,0,2439,0
76501,0,2438,0
76503,0,2441,0
76505,0,2441,0
76507,0,2441,0
76509,0,2441,0
76511,68285,2428,1
76513,0,2431,0
76515,0,2431,0
76517,0,2428,0
76520,0,2431,0
76522,0,2431,0
76524,0,2445,0
76526,0,2431,0
76528,0,2431,0
76530,0,2436,0
76532,0,2438,0
76534,0,2431,0
76536,0,2439,0
76538,0,2439,0
76540,0,2439,0
76542,0,2441,0
76544,0,2439,0
76546,0,2439,0
76548,0,2440,0
76550,0,2440,0
76552,68297,2425,1
76554,0,2423,0
76556,0,2425,0
76558,0,2426,0
76560,0,2427,0
76562,0,2427,0
76564,0,2425,0
76566,0,2427,0
76568,0,2428,0
76570,0,2429,0
76572,0,2429,0
76574,0,2431,0
76576,0,2431,0
76578,0,2431,0
76580,0,2431,0
76582,0,2431,0
76584,0,2439,0
76586,0,2439,0
76588,0,2431,0
76590,0,2431,0
76592,68354,2421,1
76594,0,2419,0
76596,0,2422,0
76598,0,2421,0
76600,0,2421,0
76602,0,2423,0
76604,0,2421,0
76606,0,2423,0
76608,0,2423,0
76610,0,2424,0
76612,0,2427,0
76614,0,2427,0
76616,0,2427,0
76618,0,2427,0
76620,0,2425,0
76622,0,2429,0
76624,0,2427,0
76626,0,2429,0
76628,0,2429,0
76630,0,2429,0
76632,68366,2413,1
76634,0,2411,0
76636,0,2411,0
76638,0,2411,0
76640,0,2412,0
76642,0,2413,0
76644,0,2415,0
76646,0,2415,0
76648,0,2419,0
76650,0,2416,0
76652,0,2419,0
76654,0,2420,0
76656,0,2420,0
76658,0,2421,0
76660,0,2421,0
76662,0,2423,0
76664,0,2422,0
76666,0,2423,0
76668,0,2424,0
76670,0,2425,0
76672,68335,2405,1
76674,0,2403,0
76676,0,2406,0
76678,0,2405,0
76680,0,2405,0
76682,0,2408,0
76684,0,2408,0
76686,0,2408,0
76688,0,2409,0
76690,0,2409,0
76692,0,2411,0
76694,0,2411,0
76696,0,2412,0
76698,0,2403,0
76700,0,2413,0
76702,0,2414,0
76704,0,2413,0
76706,0,2413,0
76708,0,2415,0
76710,0,2413,0
76712,68344,2393,1
76714,0,2393,0
76716,0,2395,0
76718,0,2395,0
76720,0,2395,0
76722,0,2397,0
76724,0,2399,0
76726,0,2398,0
76728,0,2403,0
76730,0,2399,0
76732,0,2397,0
76734,0,2404,0
76736,0,2405,0
76738,0,2405,0
76740,0,2406,0
76742,0,2408,0
76744,0,2408,0
76746,0,2409,0
76748,0,2410,0
76750,68379,2411,1
76752,0,2406,0
76754,0,2407,0
76756,0,2407,0
76758,0,2407,0
76760,0,2409,0
76762,0,2411,0
76764,0,2411,0
76766,0,2411,0
76768,0,2409,0
76770,0,2412,0
76772,0,2413,0
76774,0,2415,0
76776,0,2413,0
76778,0,2415,0
76780,0,2415,0
76782,0,2416,0
76784,0,2415,0
76786,0,2419,0
76788,0,2418,0
76790,68411,2420,1
76792,0,2419,0
76794,0,2419,0
76796,0,2418,0
76798,0,2419,0
76800,0,2421,0
76802,0,2421,0
76804,0,2420,0
76806,0,2423,0
76808,0,2424,0
76810,0,2423,0
76812,0,2424,0
76814,0,2425,0
76816,0,2425,0
76818,0,2425,0
76820,0,2425,0
76822,0,2425,0
76824,0,2426,0
76826,0,2427,0
76828,0,2440,0
76830,68414,2425,1
76832,0,2423,0
76834,0,2425,0
76836,0,2424,0
76838,0,2425,0
76840,0,2425,0
76842,0,2427,0
76844,0,2429,0
76846,0,2427,0
76848,0,2427,0
76850,0,2427,0
76852,0,2428,0
76854,0,2429,0
76856,0,2430,0
76858,0,2431,0
76860,0,2429,0
76862,0,2431,0
76864,0,2431,0
76866,0,2431,0
76868,0,2439,0
76870,68397,2425,1
76872,0,2425,0
76874,0,2425,0
76876,0,2427,0
76878,0,2427,0
76880,0,2427,0
76882,0,2427,0
76884,0,2427,0
76886,0,2428,0
76888,0,2431,0
76890,0,2431,0
76892,0,2431,0
76894,0,2431,0
76896,0,2431,0
76898,0,2431,0
76900,0,2438,0
76902,0,2431,0
76904,0,2437,0
76906,0,2439,0
76908,0,2439,0
76910,68374,2427,1
76912,0,2425,0
76914,0,2425,0
76916,0,2425,0
76918,0,2425,0
76920,0,2423,0
76922,0,2427,0
76924,0,2427,0
76926,0,2427,0
76928,0,2426,0
76930,0,2428,0
76932,0,2429,0
76934,0,2429,0
76936,0,2430,0
76938,0,2430,0
76940,0,2431,0
76942,0,2431,0
76944,0,2439,0
76946,0,2439,0
76948,0,2432,0
76950,68359,2421,1
76952,0,2423,0
76954,0,2421,0
76956,0,2421,0
76958,0,2422,0
76960,0,2424,0
76962,0,2423,0
76964,0,2425,0
76966,0,2426,0
76968,0,2427,0
76970,0,2423,0
76972,0,2427,0
76974,0,2425,0
76976,0,2428,0
76978,0,2427,0
76980,0,2431,0
76982,0,2427,0
76984,0,2429,0
76986,0,2429,0
76988,0,2430,0
76990,68368,2414,1
76992,0,2413,0
76994,0,2414,0
76996,0,2415,0
76998,0,2415,0
77000,0,2419,0
77002,0,2419,0
77004,0,2415,0
77006,0,2419,0
77008,0,2419,0
77010,0,2421,0
77012,0,2423,0
77014,0,2423,0
77016,0,2423,0
77018,0,2423,0
77020,0,2425,0
77022,0,2424,0
77024,0,2425,0
77026,0,2427,0
77028,0,2427,0
77030,68334,2408,1
77032,0,2407,0
77034,0,2409,0
77036,0,2408,0
77038,0,2411,0
77040,0,2411,0
77042,0,2409,0
77044,0,2413,0
77046,0,2411,0
77048,0,2413,0
77050,0,2414,0
77052,0,2415,0
77054,0,2415,0
77056,0,2417,0
77058,0,2419,0
77060,0,2415,0
77062,0,2421,0
77064,0,2420,0
77066,0,2421,0
77068,0,2421,0
77070,68294,2399,1
77072,0,2399,0
77074,0,2398,0
77076,0,2399,0
77078,0,2403,0
77080,0,2403,0
77082,0,2402,0
77084,0,2405,0
77086,0,2405,0
77088,0,2407,0
77090,0,2408,0
77092,0,2409,0
77094,0,2409,0
77096,0,2411,0
77098,0,2411,0
77100,0,2413,0
77102,0,2413,0
77104,0,2412,0
77106,0,2411,0
77108,68309,2414,1
77110,0,2413,0
77112,0,2413,0
77114,0,2413,0
77116,0,2412,0
77118,0,2413,0
77120,0,2413,0
77122,0,2414,0
77124,0,2419,0
77126,0,2419,0
77128,0,2421,0
77130,0,2419,0
77132,0,2419,0
77134,0,2421,0
77136,0,2419,0
77138,0,2421,0
77140,0,2423,0
77142,0,2423,0
77144,0,2423,0
77146,0,2425,0
77148,68328,2414,1
77150,0,2425,0
77152,0,2425,0
77154,0,2425,0
77156,0,2425,0
77158,0,2427,0
77160,0,2429,0
77162,0,2429,0
77164,0,2429,0
77166,0,2430,0
77168,0,2429,0
77170,0,2430,0
77172,0,2429,0
77174,0,2431,0
77176,0,2431,0
77178,0,2430,0
77180,0,2449,0
77182,0,2431,0
77184,0,2432,0
77186,0,2439,0
77188,68314,2437,1
77190,0,2437,0
77192,0,2431,0
77194,0,2437,0
77196,0,2431,0
77198,0,2432,0
77200,0,2437,0
77202,0,2439,0
77204,0,2438,0
77206,0,2439,0
77208,0,2441,0
77210,0,2441,0
77212,0,2439,0
77214,0,2441,0
77216,0,2439,0
77218,0,2440,0
77220,0,2443,0
77222,0,2443,0
77224,0,2443,0
77226,0,2442,0
77228,68298,2439,1
77230,0,2431,0
77232,0,2431,0
77234,0,2439,0
77236,0,2439,0
77238,0,2441,0
77240,0,2439,0
77242,0,2439,0
77244,0,2440,0
77246,0,2441,0
77248,0,2441,0
77250,0,2440,0
77252,0,2441,0
77254,0,2443,0
77256,0,2443,0
77258,0,2443,0
77260,0,2441,0
77262,0,2443,0
77264,0,2446,0
77266,0,2444,0
77268,68280,2437,1
77270,0,2431,0
77272,0,2437,0
77274,0,2439,0
77276,0,2439,0
77278,0,2439,0
77280,0,2437,0
77282,0,2440,0
77284,0,2439,0
77286,0,2443,0
77288,0,2431,0
77290,0,2441,0
77292,0,2443,0
77294,0,2441,0
77296,0,2443,0
77298,0,2443,0
77300,0,2442,0
77302,0,2443,0
77304,0,2443,0
77306,0,2445,0
77308,68267,2429,1
77310,0,2428,0
77312,0,2429,0
77314,0,2429,0
77316,0,2431,0
77318,0,2439,0
77320,0,2437,0
77322,0,2431,0
77324,0,2439,0
77326,0,2429,0
77328,0,2432,0
77330,0,2437,0
77332,0,2441,0
77334,0,2439,0
77336,0,2438,0
77338,0,2441,0
77340,0,2439,0
77342,0,2441,0
77344,0,2443,0
77346,0,2441,0
77348,68285,2425,1
77350,0,2423,0
77352,0,2425,0
77354,0,2424,0
77356,0,2425,0
77358,0,2427,0
77360,0,2429,0
77362,0,2427,0
77364,0,2426,0
77366,0,2421,0
77368,0,2429,0
77370,0,2429,0
77372,0,2429,0
77374,0,2429,0
77376,0,2431,0
77378,0,2431,0
77380,0,2430,0
77382,0,2431,0
77384,0,2437,0
77386,0,2431,0
77388,68289,2415,1
77390,0,2415,0
77392,0,2414,0
77394,0,2415,0
77396,0,2419,0
77398,0,2419,0
77400,0,2421,0
77402,0,2415,0
77404,0,2420,0
77406,0,2423,0
77408,0,2423,0
77410,0,2424,0
77412,0,2425,0
77414,0,2423,0
77416,0,2425,0
77418,0,2424,0
77420,0,2427,0
77422,0,2424,0
77424,0,2427,0
77426,0,2427,0
77428,68254,2408,1
77430,0,2408,0
77432,0,2409,0
77434,0,2407,0
77436,0,2409,0
77438,0,2412,0
77440,0,2411,0
77442,0,2413,0
77444,0,2413,0
77446,0,2415,0
77448,0,2415,0
77450,0,2415,0
77452,0,2415,0
77454,0,2419,0
77456,0,2416,0
77458,0,2421,0
77460,0,2421,0
77462,0,2421,0
77464,0,2422,0
77466,0,2421,0
77468,68218,2397,1
77470,0,2397,0
77472,0,2398,0
77474,0,2399,0
77476,0,2403,0
77478,0,2403,0
77480,0,2405,0
77482,0,2403,0
77484,0,2405,0
77486,0,2405,0
77488,0,2407,0
77490,0,2409,0
77492,0,2409,0
77494,0,2410,0
77496,0,2411,0
77498,0,2411,0
77500,0,2411,0
77502,0,2412,0
77504,0,2412,0
77506,68227,2413,1
77508,0,2411,0
77510,0,2413,0
77512,0,2411,0
77514,0,2413,0
77516,0,2415,0
77518,0,2413,0
77520,0,2412,0
77522,0,2415,0
77524,0,2415,0
77526,0,2415,0
77528,0,2419,0
77530,0,2416,0
77532,0,2421,0
77534,0,2421,0
77536,0,2420,0
77538,0,2423,0
77540,0,2420,0
77542,0,2423,0
77544,0,2423,0
77546,68234,2425,1
77548,0,2423,0
77550,0,2423,0
77552,0,2413,0
77554,0,2424,0
77556,0,2424,0
77558,0,2421,0
77560,0,2425,0
77562,0,2425,0
77564,0,2427,0
77566,0,2426,0
77568,0,2428,0
77570,0,2427,0
77572,0,2429,0
77574,0,2428,0
77576,0,2429,0
77578,0,2430,0
77580,0,2431,0
77582,0,2431,0
77584,0,2431,0
77586,68230,2429,1
77588,0,2428,0
77590,0,2429,0
77592,0,2429,0
77594,0,2429,0
77596,0,2437,0
77598,0,2431,0
77600,0,2431,0
77602,0,2429,0
77604,0,2437,0
77606,0,2431,0
77608,0,2437,0
77610,0,2439,0
77612,0,2439,0
77614,0,2439,0
77616,0,2441,0
77618,0,2441,0
77620,0,2440,0
77622,0,2440,0
77624,0,2441,0
77626,68224,2431,1
77628,0,2428,0
77630,0,2429,0
77632,0,2431,0
77634,0,2439,0
77636,0,2437,0
77638,0,2438,0
77640,0,2431,0
77642,0,2439,0
77644,0,2431,0
77646,0,2437,0
77648,0,2439,0
77650,0,2441,0
77652,0,2439,0
77654,0,2440,0
77656,0,2442,0
77658,0,2442,0
77660,0,2441,0
77662,0,2441,0
77664,0,2441,0
77666,68226,2429,1
77668,0,2429,0
77670,0,2427,0
77672,0,2429,0
77674,0,2430,0
77676,0,2427,0
77678,0,2431,0
77680,0,2430,0
77682,0,2437,0
77684,0,2431,0
77686,0,2431,0
77688,0,2431,0
77690,0,2441,0
77692,0,2439,0
77694,0,2439,0
77696,0,2439,0
77698,0,2440,0
77700,0,2442,0
77702,0,2441,0
77704,0,2439,0
77706,68221,2425,1
77708,0,2427,0
77710,0,2426,0
77712,0,2425,0
77714,0,2427,0
77716,0,2429,0
77718,0,2426,0
77720,0,2429,0
77722,0,2429,0
77724,0,2429,0
77726,0,2430,0
77728,0,2431,0
77730,0,2431,0
77732,0,2430,0
77734,0,2431,0
77736,0,2430,0
77738,0,2438,0
77740,0,2437,0
77742,0,2432,0
77744,0,2439,0
77746,68217,2421,1
77748,0,2419,0
77750,0,2421,0
77752,0,2421,0
77754,0,2423,0
77756,0,2421,0
77758,0,2424,0
77760,0,2425,0
77762,0,2424,0
77764,0,2423,0
77766,0,2426,0
77768,0,2427,0
77770,0,2427,0
77772,0,2425,0
77774,0,2429,0
77776,0,2428,0
77778,0,2429,0
77780,0,2428,0
77782,0,2429,0
77784,0,2430,0
77786,68171,2413,1
77788,0,2412,0
77790,0,2413,0
77792,0,2415,0
77794,0,2413,0
77796,0,2414,0
77798,0,2415,0
77800,0,2414,0
77802,0,2419,0
77804,0,2419,0
77806,0,2419,0
77808,0,2420,0
77810,0,2419,0
77812,0,2419,0
77814,0,2423,0
77816,0,2423,0
77818,0,2423,0
77820,0,2424,0
77822,0,2423,0
77824,0,2425,0
77826,68096,2407,1
77828,0,2403,0
77830,0,2406,0
77832,0,2407,0
77834,0,2407,0
77836,0,2407,0
77838,0,2408,0
77840,0,2409,0
77842,0,2409,0
77844,0,2413,0
77846,0,2411,0
77848,0,2411,0
77850,0,2413,0
77852,0,2413,0
77854,0,2414,0
77856,0,2413,0
77858,0,2418,0
77860,0,2415,0
77862,0,2415,0
77864,0,2419,0
77866,68086,2395,1
77868,0,2395,0
77870,0,2395,0
77872,0,2397,0
77874,0,2397,0
77876,0,2397,0
77878,0,2397,0
77880,0,2399,0
77882,0,2403,0
77884,0,2403,0
77886,0,2405,0
77888,0,2403,0
77890,0,2406,0
77892,0,2405,0
77894,0,2407,0
77896,0,2408,0
77898,0,2409,0
77900,0,2409,0
77902,0,2410,0
77904,68100,2411,1
77906,0,2407,0
77908,0,2407,0
77910,0,2408,0
77912,0,2409,0
77914,0,2409,0
77916,0,2410,0
77918,0,2411,0
77920,0,2411,0
77922,0,2403,0
77924,0,2412,0
77926,0,2413,0
77928,0,2415,0
77930,0,2414,0
77932,0,2415,0
77934,0,2414,0
77936,0,2419,0
77938,0,2421,0
77940,0,2419,0
77942,0,2419,0
77944,68112,2421,1
77946,0,2415,0
77948,0,2420,0
77950,0,2421,0
77952,0,2420,0
77954,0,2419,0
77956,0,2419,0
77958,0,2423,0
77960,0,2423,0
77962,0,2421,0
77964,0,2424,0
77966,0,2423,0
77968,0,2423,0
77970,0,2425,0
77972,0,2426,0
77974,0,2427,0
77976,0,2425,0
77978,0,2427,0
77980,0,2428,0
77982,0,2429,0
77984,68114,2424,1
77986,0,2424,0
77988,0,2425,0
77990,0,2424,0
77992,0,2425,0
77994,0,2425,0
77996,0,2425,0
77998,0,2429,0
78000,0,2427,0
78002,0,2427,0
78004,0,2429,0
78006,0,2431,0
78008,0,2429,0
78010,0,2431,0
78012,0,2430,0
78014,0,2432,0
78016,0,2431,0
78018,0,2431,0
78020,0,2431,0
78022,0,2432,0
78024,68109,2429,1
78026,0,2427,0
78028,0,2427,0
78030,0,2427,0
78032,0,2427,0
78034,0,2428,0
78036,0,2427,0
78038,0,2430,0
78040,0,2431,0
78042,0,2431,0
78044,0,2431,0
78046,0,2437,0
78048,0,2431,0
78050,0,2431,0
78052,0,2431,0
78054,0,2437,0
78056,0,2431,0
78058,0,2440,0
78060,0,2439,0
78062,0,2439,0
78064,68104,2427,1
78066,0,2425,0
78068,0,2427,0
78070,0,2425,0
78072,0,2427,0
78074,0,2426,0
78076,0,2427,0
78078,0,2428,0
78080,0,2427,0
78082,0,2430,0
78084,0,2431,0
78086,0,2429,0
78088,0,2431,0
78090,0,2431,0
78092,0,2431,0
78094,0,2432,0
78096,0,2438,0
78098,0,2431,0
78100,0,2439,0
78102,0,2439,0
78104,68111,2423,1
78106,0,2423,0
78108,0,2423,0
78110,0,2423,0
78112,0,2424,0
78114,0,2424,0
78116,0,2425,0
78118,0,2424,0
78120,0,2425,0
78122,0,2426,0
78124,0,2425,0
78126,0,2425,0
78128,0,2427,0
78130,0,2428,0
78132,0,2429,0
78134,0,2428,0
78136,0,2427,0
78138,0,2429,0
78140,0,2429,0
78142,0,2431,0
78144,68130,2418,1
78146,0,2415,0
78148,0,2419,0
78150,0,2419,0
78152,0,2419,0
78154,0,2420,0
78156,0,2419,0
78158,0,2423,0
78160,0,2421,0
78162,0,2421,0
78164,0,2421,0
78166,0,2425,0
78168,0,2421,0
78170,0,2423,0
78172,0,2423,0
78174,0,2425,0
78176,0,2427,0
78178,0,2431,0
78180,0,2425,0
78182,0,2426,0
78184,68110,2408,1
78186,0,2409,0
78188,0,2409,0
78190,0,2409,0
78192,0,2411,0
78194,0,2413,0
78196,0,2411,0
78198,0,2411,0
78200,0,2413,0
78202,0,2415,0
78204,0,2419,0
78206,0,2415,0
78208,0,2415,0
78210,0,2416,0
78212,0,2419,0
78214,0,2419,0
78216,0,2419,0
78218,0,2421,0
78220,0,2423,0
78222,0,2419,0
78224,68079,2401,1
78226,0,2398,0
78228,0,2399,0
78230,0,2399,0
78232,0,2403,0
78234,0,2404,0
78236,0,2405,0
78238,0,2405,0
78240,0,2409,0
78242,0,2408,0
78244,0,2411,0
78246,0,2408,0
78248,0,2410,0
78250,0,2411,0
78252,0,2411,0
78254,0,2413,0
78256,0,2414,0
78258,0,2411,0
78260,0,2413,0
78262,68100,2414,1
78264,0,2411,0
78266,0,2413,0
78268,0,2411,0
78270,0,2413,0
78272,0,2415,0
78274,0,2415,0
78276,0,2415,0
78278,0,2415,0
78280,0,2420,0
78282,0,2419,0
78284,0,2419,0
78286,0,2419,0
78288,0,2421,0
78290,0,2421,0
78292,0,2421,0
78294,0,2423,0
78296,0,2422,0
78298,0,2424,0
78300,0,2424,0
78302,68120,2425,1
78304,0,2425,0
78306,0,2425,0
78308,0,2425,0
78310,0,2425,0
78312,0,2427,0
78314,0,2427,0
78316,0,2428,0
78318,0,2427,0
78320,0,2427,0
78322,0,2429,0
78324,0,2431,0
78326,0,2429,0
78328,0,2430,0
78330,0,2431,0
78332,0,2431,0
78334,0,2431,0
78336,0,2437,0
78338,0,2437,0
78340,0,2439,0
78342,68118,2438,1
78344,0,2429,0
78346,0,2439,0
78348,0,2429,0
78350,0,2431,0
78352,0,2431,0
78354,0,2439,0
78356,0,2437,0
78358,0,2438,0
78360,0,2439,0
78362,0,2439,0
78364,0,2439,0
78367,0,2438,0
78369,0,2441,0
78371,0,2441,0
78373,0,2441,0
78375,0,2441,0
78377,0,2441,0
78379,0,2441,0
78381,0,2444,0
78383,68126,2439,1
78385,0,2439,0
78387,0,2439,0
78389,0,2439,0
78391,0,2439,0
78393,0,2439,0
78395,0,2441,0
78397,0,2440,0
78399,0,2439,0
78401,0,2439,0
78403,0,2441,0
78405,0,2441,0
78407,0,2441,0
78409,0,2441,0
78411,0,2443,0
78413,0,2443,0
78415,0,2443,0
78417,0,2443,0
78419,0,2442,0
78421,0,2445,0
78423,68121,2431,1
78425,0,2431,0
78427,0,2432,0
78429,0,2431,0
78431,0,2431,0
78433,0,2438,0
78435,0,2431,0
78437,0,2439,0
78439,0,2439,0
78441,0,2440,0
78443,0,2439,0
78445,0,2441,0
78447,0,2441,0
78449,0,2441,0
78451,0,2441,0
78453,0,2443,0
78455,0,2442,0
78457,0,2443,0
78459,0,2445,0
78461,0,2443,0
78463,68117,2430,1
78465,0,2427,0
78467,0,2429,0
78469,0,2429,0
78471,0,2429,0
78473,0,2424,0
78475,0,2429,0
78477,0,2431,0
78479,0,2431,0
78481,0,2431,0
78483,0,2437,0
78485,0,2431,0
78487,0,2439,0
78489,0,2439,0
78491,0,2439,0
78493,0,2439,0
78495,0,2442,0
78497,0,2441,0
78499,0,2440,0
78501,0,2443,0
78503,68144,2424,1
78505,0,2423,0
78507,0,2423,0
78509,0,2425,0
78511,0,2424,0
78513,0,2424,0
78515,0,2427,0
78517,0,2425,0
78519,0,2427,0
78521,0,2427,0
78523,0,2428,0
78525,0,2429,0
78527,0,2430,0
78529,0,2429,0
78531,0,2430,0
78533,0,2431,0
78535,0,2430,0
78537,0,2431,0
78539,0,2430,0
78541,0,2432,0
78543,68154,2417,1
78545,0,2415,0
78547,0,2419,0
78549,0,2419,0
78551,0,2419,0
78553,0,2415,0
78555,0,2421,0
78557,0,2416,0
78559,0,2421,0
78561,0,2424,0
78563,0,2424,0
78565,0,2423,0
78567,0,2423,0
78569,0,2423,0
78571,0,2425,0
78573,0,2425,0
78575,0,2427,0
78577,0,2424,0
78579,0,2424,0
78581,0,2427,0
78583,68118,2409,1
78585,0,2408,0
78587,0,2409,0
78589,0,2411,0
78591,0,2409,0
78593,0,2410,0
78595,0,2413,0
78597,0,2413,0
78599,0,2413,0
78601,0,2418,0
78603,0,2413,0
78605,0,2415,0
78607,0,2416,0
78609,0,2415,0
78611,0,2419,0
78613,0,2416,0
78615,0,2421,0
78617,0,2423,0
78619,0,2421,0
78621,0,2422,0
78623,68091,2399,1
78625,0,2395,0
78627,0,2398,0
78629,0,2402,0
78631,0,2404,0
78633,0,2403,0
78635,0,2391,0
78637,0,2405,0
78639,0,2406,0
78641,0,2405,0
78643,0,2407,0
78645,0,2407,0
78647,0,2409,0
78649,0,2409,0
78651,0,2411,0
78653,0,2419,0
78655,0,2411,0
78657,0,2412,0
78659,0,2411,0
78661,68083,2412,1
78663,0,2411,0
78665,0,2411,0
78667,0,2410,0
78669,0,2412,0
78671,0,2413,0
78673,0,2413,0
78675,0,2412,0
78677,0,2415,0
78679,0,2419,0
78681,0,2416,0
78683,0,2415,0
78685,0,2415,0
78687,0,2419,0
78689,0,2420,0
78691,0,2421,0
78693,0,2421,0
78695,0,2425,0
78697,0,2423,0
78699,0,2423,0
78701,68057,2423,1
78703,0,2423,0
78705,0,2425,0
78707,0,2424,0
78709,0,2423,0
78711,0,2424,0
78713,0,2424,0
78715,0,2425,0
78717,0,2426,0
78719,0,2425,0
78721,0,2427,0
78723,0,2427,0
78725,0,2427,0
78727,0,2428,0
78729,0,2429,0
78731,0,2429,0
78733,0,2431,0
78735,0,2429,0
78737,0,2431,0
78739,0,2427,0
78741,68048,2429,1
78743,0,2429,0
78745,0,2430,0
78747,0,2429,0
78749,0,2429,0
78751,0,2429,0
78753,0,2431,0
78755,0,2431,0
78757,0,2429,0
78759,0,2431,0
78761,0,2431,0
78763,0,2439,0
78765,0,2431,0
78767,0,2438,0
78769,0,2439,0
78771,0,2439,0
78773,0,2431,0
78775,0,2441,0
78777,0,2431,0
78779,0,2439,0
78781,68051,2437,1
78783,0,2429,0
78785,0,2431,0
78787,0,2431,0
78789,0,2431,0
78791,0,2437,0
78793,0,2430,0
78795,0,2431,0
78797,0,2431,0
78799,0,2431,0
78801,0,2439,0
78803,0,2439,0
78805,0,2439,0
78807,0,2439,0
78809,0,2440,0
78811,0,2441,0
78813,0,2439,0
78815,0,2439,0
78817,0,2440,0
78819,0,2439,0
78821,68051,2429,1
78823,0,2427,0
78825,0,2429,0
78827,0,2431,0
78829,0,2431,0
78831,0,2429,0
78833,0,2429,0
78835,0,2431,0
78837,0,2431,0
78839,0,2431,0
78841,0,2438,0
78843,0,2431,0
78845,0,2431,0
78847,0,2439,0
78849,0,2440,0
78851,0,2440,0
78853,0,2441,0
78855,0,2439,0
78857,0,2441,0
78859,0,2439,0
78861,68055,2426,1
78863,0,2424,0
78865,0,2425,0
78867,0,2427,0
78869,0,2427,0
78871,0,2428,0
78873,0,2427,0
78875,0,2428,0
78877,0,2429,0
78879,0,2429,0
78881,0,2429,0
78883,0,2429,0
78885,0,2431,0
78887,0,2430,0
78889,0,2431,0
78891,0,2431,0
78893,0,2431,0
78895,0,2432,0
78897,0,2438,0
78899,0,2438,0
78901,68085,2419,1
78903,0,2419,0
78905,0,2421,0
78907,0,2419,0
78909,0,2421,0
78911,0,2423,0
78913,0,2423,0
78915,0,2423,0
78917,0,2424,0
78919,0,2425,0
78921,0,2425,0
78923,0,2426,0
78925,0,2425,0
78927,0,2427,0
78929,0,2428,0
78931,0,2427,0
78933,0,2429,0
78935,0,2429,0
78937,0,2429,0
78939,0,2430,0
78941,68080,2413,1
78943,0,2411,0
78945,0,2407,0
78947,0,2412,0
78949,0,2413,0
78951,0,2413,0
78953,0,2413,0
78955,0,2415,0
78957,0,2415,0
78959,0,2419,0
78961,0,2419,0
78963,0,2420,0
78965,0,2419,0
78967,0,2421,0
78969,0,2423,0
78971,0,2421,0
78973,0,2424,0
78975,0,2425,0
78977,0,2425,0
78979,0,2424,0
78981,68033,2405,1
78983,0,2405,0
78985,0,2404,0
78987,0,2405,0
78989,0,2406,0
78991,0,2407,0
78993,0,2407,0
78995,0,2408,0
78997,0,2409,0
78999,0,2415,0
79001,0,2411,0
79003,0,2411,0
79005,0,2413,0
79007,0,2411,0
79009,0,2413,0
79011,0,2413,0
79013,0,2415,0
79015,0,2415,0
79017,0,2415,0
79019,0,2419,0
79021,68019,2393,1
79023,0,2393,0
79025,0,2395,0
79027,0,2395,0
79029,0,2397,0
79031,0,2385,0
79033,0,2397,0
79035,0,2399,0
79037,0,2407,0
79039,0,2403,0
79041,0,2403,0
79043,0,2403,0
79045,0,2405,0
79047,0,2407,0
79049,0,2407,0
79051,0,2406,0
79053,0,2409,0
79055,0,2409,0
79057,0,2411,0
79059,68052,2409,1
79061,0,2413,0
79063,0,2411,0
79065,0,2412,0
79067,0,2413,0
79069,0,2415,0
79071,0,2413,0
79073,0,2415,0
79075,0,2415,0
79077,0,2415,0
79079,0,2419,0
79081,0,2419,0
79083,0,2421,0
79085,0,2419,0
79087,0,2419,0
79089,0,2424,0
79091,0,2421,0
79093,0,2423,0
79095,0,2422,0
79097,0,2424,0
79099,68052,2423,1
79101,0,2407,0
79103,0,2424,0
79105,0,2423,0
79107,0,2424,0
79109,0,2423,0
79111,0,2425,0
79113,0,2421,0
79115,0,2427,0
79117,0,2426,0
79119,0,2426,0
79121,0,2428,0
79123,0,2429,0
79125,0,2430,0
79127,0,2431,0
79129,0,2428,0
79131,0,2429,0
79133,0,2431,0
79135,0,2430,0
79137,0,2429,0
79139,68059,2428,1
79141,0,2425,0
79143,0,2429,0
79145,0,2427,0
79147,0,2441,0
79149,0,2429,0
79151,0,2429,0
79153,0,2431,0
79155,0,2429,0
79157,0,2431,0
79159,0,2431,0
79161,0,2431,0
79163,0,2431,0
79165,0,2439,0
79167,0,2439,0
79169,0,2439,0
79171,0,2439,0
79173,0,2439,0
79175,0,2440,0
79177,0,2440,0
79179,68081,2431,1
79181,0,2429,0
79183,0,2429,0
79185,0,2425,0
79187,0,2431,0
79189,0,2431,0
79191,0,2431,0
79193,0,2431,0
79195,0,2438,0
79197,0,2431,0
79199,0,2423,0
79201,0,2431,0
79203,0,2437,0
79205,0,2441,0
79207,0,2439,0
79209,0,2441,0
79211,0,2443,0
79213,0,2441,0
79215,0,2441,0
79217,0,2441,0
79219,68086,2427,1
79221,0,2427,0
79223,0,2429,0
79225,0,2427,0
79227,0,2429,0
79229,0,2427,0
79231,0,2428,0
79233,0,2427,0
79235,0,2431,0
79237,0,2429,0
79239,0,2431,0
79241,0,2431,0
79243,0,2431,0
79245,0,2439,0
79247,0,2431,0
79249,0,2439,0
79251,0,2440,0
79253,0,2439,0
79255,0,2440,0
79257,0,2439,0
79259,68116,2423,1
79261,0,2423,0
79263,0,2423,0
79265,0,2424,0
79267,0,2423,0
79269,0,2425,0
79271,0,2427,0
79273,0,2426,0
79275,0,2427,0
79277,0,2425,0
79279,0,2427,0
79281,0,2428,0
79283,0,2429,0
79285,0,2429,0
79287,0,2429,0
79289,0,2429,0
79291,0,2430,0
79293,0,2430,0
79295,0,2431,0
79297,0,2428,0
79299,68145,2419,1
79301,0,2415,0
79303,0,2419,0
79305,0,2425,0
79307,0,2416,0
79309,0,2420,0
79311,0,2419,0
79313,0,2421,0
79315,0,2420,0
79317,0,2420,0
79319,0,2423,0
79321,0,2424,0
79323,0,2424,0
79325,0,2425,0
79327,0,2425,0
79329,0,2424,0
79331,0,2427,0
79333,0,2425,0
79335,0,2425,0
79337,0,2427,0
79339,68147,2407,1
79341,0,2409,0
79343,0,2409,0
79345,0,2410,0
79347,0,2411,0
79349,0,2411,0
79351,0,2412,0
79353,0,2413,0
79355,0,2414,0
79357,0,2415,0
79359,0,2415,0
79361,0,2415,0
79363,0,2414,0
79365,0,2419,0
79367,0,2415,0
79369,0,2419,0
79371,0,2420,0
79373,0,2424,0
79375,0,2421,0
79377,0,2423,0
79379,68118,2402,1
79381,0,2398,0
79383,0,2400,0
79385,0,2402,0
79387,0,2403,0
79389,0,2403,0
79391,0,2403,0
79393,0,2404,0
79395,0,2407,0
79397,0,2407,0
79399,0,2407,0
79401,0,2408,0
79403,0,2409,0
79405,0,2409,0
79407,0,2410,0
79409,0,2411,0
79411,0,2413,0
79413,0,2413,0
79415,0,2423,0
79417,68162,2419,1
79419,0,2411,0
79421,0,2409,0
79423,0,2412,0
79425,0,2413,0
79427,0,2414,0
79429,0,2414,0
79431,0,2415,0
79433,0,2415,0
79435,0,2418,0
79437,0,2422,0
79439,0,2416,0
79441,0,2419,0
79443,0,2423,0
79445,0,2419,0
79447,0,2422,0
79449,0,2423,0
79451,0,2423,0
79453,0,2424,0
79455,0,2423,0
79457,68207,2425,1
79459,0,2425,0
79461,0,2425,0
79463,0,2425,0
79465,0,2425,0
79467,0,2424,0
79469,0,2427,0
79471,0,2427,0
79473,0,2428,0
79475,0,2429,0
79477,0,2427,0
79479,0,2429,0
79481,0,2429,0
79483,0,2429,0
79485,0,2431,0
79487,0,2430,0
79489,0,2430,0
79491,0,2431,0
79493,0,2431,0
79495,0,2431,0
79497,68238,2431,1
79499,0,2431,0
79501,0,2430,0
79503,0,2431,0
79505,0,2431,0
79507,0,2432,0
79509,0,2437,0
79511,0,2437,0
79513,0,2437,0
79515,0,2432,0
79517,0,2439,0
79519,0,2439,0
79521,0,2441,0
79523,0,2440,0
79525,0,2441,0
79527,0,2440,0
79529,0,2441,0
79531,0,2443,0
79533,0,2441,0
79535,0,2443,0
79537,68249,2439,1
79539,0,2437,0
79541,0,2439,0
79543,0,2439,0
79545,0,2439,0
79547,0,2439,0
79549,0,2440,0
79551,0,2440,0
79553,0,2441,0
79555,0,2441,0
79557,0,2441,0
79559,0,2443,0
79561,0,2443,0
79563,0,2442,0
79565,0,2443,0
79567,0,2443,0
79569,0,2445,0
79571,0,2443,0
79573,0,2443,0
79575,0,2445,0
79577,68227,2431,1
79579,0,2431,0
79581,0,2431,0
79583,0,2431,0
79585,0,2439,0
79587,0,2439,0
79589,0,2439,0
79591,0,2439,0
79593,0,2439,0
79595,0,2441,0
79597,0,2439,0
79599,0,2442,0
79601,0,2441,0
79603,0,2442,0
79605,0,2440,0
79607,0,2445,0
79609,0,2442,0
79611,0,2443,0
79613,0,2441,0
79615,0,2445,0
79617,68224,2429,1
79619,0,2428,0
79621,0,2429,0
79623,0,2429,0
79625,0,2429,0
79627,0,2431,0
79629,0,2431,0
79631,0,2431,0
79633,0,2431,0
79635,0,2437,0
79637,0,2432,0
79639,0,2439,0
79641,0,2439,0
79643,0,2440,0
79645,0,2439,0
79647,0,2439,0
79649,0,2441,0
79651,0,2441,0
79653,0,2439,0
79655,0,2441,0
79657,68239,2423,1
79659,0,2423,0
79661,0,2424,0
79663,0,2429,0
79665,0,2425,0
79667,0,2425,0
79669,0,2425,0
79671,0,2425,0
79673,0,2426,0
79675,0,2427,0
79677,0,2429,0
79679,0,2429,0
79681,0,2441,0
79683,0,2429,0
79685,0,2431,0
79687,0,2429,0
79689,0,2429,0
79691,0,2438,0
79693,0,2431,0
79695,0,2437,0
79697,68260,2415,1
79699,0,2413,0
79701,0,2415,0
79703,0,2419,0
79705,0,2419,0
79707,0,2419,0
79709,0,2421,0
79711,0,2421,0
79713,0,2421,0
79715,0,2421,0
79717,0,2423,0
79719,0,2423,0
79721,0,2423,0
79723,0,2424,0
79725,0,2425,0
79727,0,2425,0
79729,0,2425,0
79731,0,2425,0
79733,0,2427,0
79735,0,2428,0
79737,68228,2409,1
79739,0,2409,0
79741,0,2409,0
79743,0,2411,0
79745,0,2409,0
79747,0,2411,0
79749,0,2413,0
79751,0,2412,0
79753,0,2413,0
79755,0,2415,0
79757,0,2415,0
79759,0,2415,0
79761,0,2415,0
79763,0,2419,0
79765,0,2418,0
79767,0,2419,0
79769,0,2419,0
79771,0,2421,0
79773,0,2420,0
79775,0,2419,0
79777,68234,2397,1
79779,0,2397,0
79781,0,2399,0
79783,0,2399,0
79785,0,2403,0
79787,0,2402,0
79789,0,2399,0
79791,0,2403,0
79793,0,2405,0
79795,0,2407,0
79797,0,2407,0
79799,0,2407,0
79801,0,2409,0
79803,0,2409,0
79805,0,2409,0
79807,0,2399,0
79809,0,2412,0
79811,0,2413,0
79813,0,2411,0
79815,68285,2413,1
79817,0,2413,0
79819,0,2409,0
79821,0,2410,0
79823,0,2412,0
79825,0,2411,0
79827,0,2413,0
79829,0,2412,0
79831,0,2419,0
79833,0,2415,0
79835,0,2415,0
79837,0,2419,0
79839,0,2419,0
79841,0,2419,0
79843,0,2423,0
79845,0,2421,0
79847,0,2420,0
79849,0,2423,0
79851,0,2424,0
79853,0,2423,0
79855,68309,2424,1
79857,0,2423,0
79859,0,2423,0
79861,0,2423,0
79863,0,2425,0
79865,0,2426,0
79867,0,2425,0
79869,0,2425,0
79871,0,2427,0
79873,0,2425,0
79875,0,2427,0
79877,0,2429,0
79879,0,2429,0
79881,0,2428,0
79883,0,2429,0
79885,0,2429,0
79887,0,2431,0
79889,0,2429,0
79891,0,2430,0
79893,0,2439,0
79895,68314,2430,1
79897,0,2427,0
79899,0,2429,0
79901,0,2429,0
79903,0,2429,0
79905,0,2431,0
79907,0,2431,0
79909,0,2431,0
79911,0,2429,0
79913,0,2431,0
79915,0,2430,0
79917,0,2439,0
79919,0,2439,0
79921,0,2431,0
79923,0,2439,0
79925,0,2439,0
79927,0,2439,0
79929,0,2441,0
79931,0,2441,0
79933,0,2439,0
79935,68323,2431,1
79937,0,2431,0
79939,0,2429,0
79941,0,2430,0
79943,0,2437,0
79945,0,2431,0
79947,0,2432,0
79949,0,2431,0
79951,0,2438,0
79953,0,2431,0
79955,0,2439,0
79957,0,2439,0
79959,0,2440,0
79961,0,2440,0
79963,0,2441,0
79965,0,2440,0
79967,0,2440,0
79969,0,2441,0
79971,0,2443,0
79973,0,2443,0
79975,68334,2429,1
79977,0,2429,0
79979,0,2429,0
79981,0,2429,0
79983,0,2429,0
79985,0,2429,0
79987,0,2431,0
79989,0,2431,0
79991,0,2431,0
79993,0,2431,0
79995,0,2439,0
79997,0,2438,0
79999,0,2439,0
80001,0,2440,0
80003,0,2440,0
80005,0,2439,0
80007,0,2439,0
80009,0,2440,0
80011,0,2441,0
80013,0,2441,0
80015,68354,2426,1
80017,0,2425,0
80019,0,2424,0
80021,0,2425,0
80023,0,2427,0
80025,0,2427,0
80027,0,2429,0
80029,0,2429,0
80031,0,2429,0
80033,0,2431,0
80035,0,2431,0
80037,0,2430,0
80039,0,2431,0
80041,0,2431,0
80043,0,2441,0
80045,0,2437,0
80047,0,2438,0
80049,0,2445,0
80051,0,2439,0
80053,0,2439,0
80055,68396,2422,1
80057,0,2420,0
80059,0,2421,0
80061,0,2421,0
80063,0,2421,0
80065,0,2423,0
80067,0,2423,0
80069,0,2424,0
80071,0,2425,0
80073,0,2425,0
80075,0,2423,0
80077,0,2426,0
80079,0,2427,0
80081,0,2427,0
80083,0,2427,0
80085,0,2429,0
80087,0,2429,0
80089,0,2424,0
80091,0,2430,0
80093,0,2428,0
80095,68416,2412,1
80097,0,2411,0
80099,0,2411,0
80101,0,2413,0
80103,0,2413,0
80105,0,2415,0
80107,0,2418,0
80109,0,2415,0
80111,0,2417,0
80113,0,2419,0
80115,0,2419,0
80117,0,2419,0
80119,0,2421,0
80121,0,2421,0
80123,0,2421,0
80125,0,2422,0
80127,0,2424,0
80129,0,2424,0
80131,0,2425,0
80133,0,2423,0
80135,68396,2403,1
80137,0,2405,0
80139,0,2404,0
80141,0,2407,0
80143,0,2407,0
80145,0,2407,0
80147,0,2409,0
80149,0,2408,0
80151,0,2411,0
80153,0,2411,0
80155,0,2411,0
80157,0,2411,0
80159,0,2412,0
80161,0,2412,0
80163,0,2415,0
80165,0,2414,0
80167,0,2415,0
80169,0,2415,0
80171,0,2419,0
80173,0,2419,0
80175,68408,2396,1
80177,0,2394,0
80179,0,2396,0
80181,0,2395,0
80183,0,2396,0
80185,0,2397,0
80187,0,2397,0
80189,0,2399,0
80191,0,2403,0
80193,0,2403,0
80195,0,2395,0
80197,0,2403,0
80199,0,2406,0
80201,0,2406,0
80203,0,2407,0
80205,0,2408,0
80207,0,2407,0
80210,0,2409,0
80212,0,2411,0
80214,68439,2411,1
80216,0,2411,0
80218,0,2411,0
80220,0,2413,0
80222,0,2413,0
80224,0,2415,0
80226,0,2413,0
80228,0,2415,0
80230,0,2415,0
80232,0,2415,0
80234,0,2419,0
80236,0,2419,0
80238,0,2420,0
80240,0,2419,0
80242,0,2421,0
80244,0,2423,0
80246,0,2423,0
80248,0,2423,0
80250,0,2423,0
80252,0,2423,0
80254,68453,2423,1
80256,0,2421,0
80258,0,2421,0
80260,0,2423,0
80262,0,2424,0
80264,0,2424,0
80266,0,2424,0
80268,0,2426,0
80270,0,2419,0
80272,0,2425,0
80274,0,2426,0
80276,0,2427,0
80278,0,2426,0
80280,0,2427,0
80282,0,2429,0
80284,0,2429,0
80286,0,2427,0
80288,0,2430,0
80290,0,2429,0
80292,0,2431,0
80294,68451,2428,1
80296,0,2427,0
80298,0,2427,0
80300,0,2427,0
80302,0,2419,0
80304,0,2428,0
80306,0,2428,0
80308,0,2431,0
80310,0,2431,0
80312,0,2429,0
80314,0,2430,0
80316,0,2431,0
80318,0,2437,0
80320,0,2437,0
80322,0,2437,0
80324,0,2439,0
80326,0,2439,0
80328,0,2439,0
80330,0,2439,0
80332,0,2439,0
80334,68464,2429,1
80336,0,2425,0
80338,0,2427,0
80340,0,2427,0
80342,0,2428,0
80344,0,2439,0
80346,0,2429,0
80348,0,2430,0
80350,0,2431,0
80352,0,2431,0
80354,0,2432,0
80356,0,2431,0
80358,0,2439,0
80360,0,2439,0
80362,0,2440,0
80364,0,2438,0
80366,0,2438,0
80368,0,2439,0
80370,0,2439,0
80372,0,2440,0
80374,68457,2425,1
80376,0,2425,0
80378,0,2427,0
80380,0,2425,0
80382,0,2427,0
80384,0,2427,0
80386,0,2427,0
80388,0,2429,0
80390,0,2430,0
80392,0,2431,0
80394,0,2429,0
80396,0,2431,0
80398,0,2429,0
80400,0,2431,0
80402,0,2430,0
80404,0,2421,0
80406,0,2431,0
80408,0,2438,0
80410,0,2440,0
80412,0,2440,0
80414,68464,2423,1
80416,0,2422,0
80418,0,2423,0
80420,0,2423,0
80422,0,2424,0
80424,0,2425,0
80426,0,2426,0
80428,0,2429,0
80430,0,2425,0
80432,0,2426,0
80434,0,2426,0
80436,0,2427,0
80438,0,2427,0
80440,0,2427,0
80442,0,2429,0
80444,0,2429,0
80446,0,2430,0
80448,0,2429,0
80450,0,2431,0
80452,0,2431,0
80454,68424,2415,1
80456,0,2415,0
80458,0,2414,0
80460,0,2407,0
80462,0,2415,0
80464,0,2415,0
80466,0,2419,0
80468,0,2418,0
80470,0,2421,0
80472,0,2421,0
80474,0,2421,0
80476,0,2423,0
80478,0,2423,0
80480,0,2423,0
80482,0,2425,0
80484,0,2424,0
80486,0,2425,0
80488,0,2425,0
80490,0,2427,0
80492,0,2431,0
80494,68361,2409,1
80496,0,2409,0
80498,0,2409,0
80500,0,2409,0
80502,0,2412,0
80504,0,2411,0
80506,0,2411,0
80508,0,2413,0
80510,0,2412,0
80512,0,2413,0
80514,0,2415,0
80516,0,2415,0
80518,0,2415,0
80520,0,2415,0
80522,0,2419,0
80524,0,2415,0
80526,0,2421,0
80528,0,2419,0
80530,0,2421,0
80532,0,2421,0
80534,68322,2403,1
80536,0,2399,0
80538,0,2397,0
80540,0,2399,0
80542,0,2399,0
80544,0,2405,0
80546,0,2402,0
80548,0,2404,0
80550,0,2407,0
80552,0,2407,0
80554,0,2411,0
80556,0,2408,0
80558,0,2408,0
80560,0,2409,0
80562,0,2410,0
80564,0,2409,0
80566,0,2412,0
80568,0,2415,0
80570,0,2413,0
80572,68324,2413,1
80574,0,2410,0
80576,0,2411,0
80578,0,2411,0
80580,0,2413,0
80582,0,2413,0
80584,0,2413,0
80586,0,2416,0
80588,0,2414,0
80590,0,2416,0
80592,0,2419,0
80594,0,2416,0
80596,0,2419,0
80598,0,2421,0
80600,0,2415,0
80602,0,2440,0
80604,0,2421,0
80606,0,2421,0
80608,0,2424,0
80610,0,2421,0
80612,68332,2425,1
80614,0,2423,0
80616,0,2424,0
80618,0,2424,0
80620,0,2425,0
80622,0,2429,0
80624,0,2427,0
80626,0,2425,0
80628,0,2427,0
80630,0,2427,0
80632,0,2429,0
80634,0,2428,0
80636,0,2431,0
80638,0,2429,0
80640,0,2430,0
80642,0,2431,0
80644,0,2430,0
80646,0,2431,0
80648,0,2438,0
80650,0,2438,0
80652,68327,2431,1
80654,0,2429,0
80656,0,2429,0
80658,0,2429,0
80660,0,2456,0
80662,0,2431,0
80664,0,2437,0
80666,0,2431,0
80668,0,2439,0
80670,0,2432,0
80672,0,2437,0
80674,0,2437,0
80676,0,2439,0
80678,0,2440,0
80680,0,2439,0
80682,0,2439,0
80684,0,2443,0
80686,0,2441,0
80688,0,2442,0
80690,0,2443,0
80692,68334,2431,1
80694,0,2431,0
80696,0,2431,0
80698,0,2437,0
80700,0,2431,0
80702,0,2429,0
80704,0,2432,0
80706,0,2438,0
80708,0,2431,0
80710,0,2438,0
80712,0,2431,0
80714,0,2441,0
80716,0,2440,0
80718,0,2441,0
80720,0,2439,0
80722,0,2441,0
80724,0,2441,0
80726,0,2441,0
80728,0,2441,0
80730,0,2443,0
80732,68314,2431,1
80734,0,2431,0
80736,0,2429,0
80738,0,2431,0
80740,0,2431,0
80742,0,2430,0
80744,0,2431,0
80746,0,2437,0
80748,0,2439,0
80750,0,2437,0
80752,0,2439,0
80754,0,2439,0
80756,0,2439,0
80758,0,2440,0
80760,0,2439,0
80762,0,2441,0
80764,0,2442,0
80766,0,2439,0
80768,0,2441,0
80770,0,2441,0
80772,68293,2425,1
80774,0,2427,0
80776,0,2426,0
80778,0,2428,0
80780,0,2427,0
80782,0,2428,0
80784,0,2429,0
80786,0,2430,0
80788,0,2431,0
80790,0,2431,0
80792,0,2431,0
80794,0,2437,0
80796,0,2437,0
80798,0,2432,0
80800,0,2438,0
80802,0,2437,0
80804,0,2439,0
80806,0,2439,0
80808,0,2423,0
80810,0,2440,0
80812,68314,2422,1
80814,0,2420,0
80816,0,2423,0
80818,0,2423,0
80820,0,2423,0
80822,0,2423,0
80824,0,2425,0
80826,0,2425,0
80828,0,2423,0
80830,0,2426,0
80832,0,2425,0
80834,0,2427,0
80836,0,2427,0
80838,0,2427,0
80840,0,2429,0
80842,0,2443,0
80844,0,2429,0
80846,0,2431,0
80848,0,2430,0
80850,0,2429,0
80852,68303,2413,1
80854,0,2413,0
80856,0,2414,0
80858,0,2413,0
80860,0,2414,0
80862,0,2415,0
80864,0,2415,0
80866,0,2421,0
80868,0,2419,0
80870,0,2420,0
80872,0,2419,0
80874,0,2420,0
80876,0,2421,0
80878,0,2421,0
80880,0,2424,0
80882,0,2423,0
80884,0,2423,0
80886,0,2425,0
80888,0,2425,0
80890,0,2427,0
80892,68247,2407,1
80894,0,2407,0
80896,0,2406,0
80898,0,2408,0
80900,0,2408,0
80902,0,2409,0
80904,0,2409,0
80906,0,2409,0
80908,0,2408,0
80910,0,2411,0
80912,0,2414,0
80914,0,2413,0
80916,0,2411,0
80918,0,2415,0
80920,0,2421,0
80922,0,2415,0
80924,0,2415,0
80926,0,2419,0
80928,0,2419,0
80930,0,2415,0
80932,68224,2395,1
80934,0,2397,0
80936,0,2397,0
80938,0,2397,0
80940,0,2399,0
80942,0,2397,0
80944,0,2399,0
80946,0,2402,0
80948,0,2403,0
80950,0,2402,0
80952,0,2405,0
80954,0,2405,0
80956,0,2407,0
80958,0,2406,0
80960,0,2407,0
80962,0,2409,0
80964,0,2409,0
80966,0,2409,0
80968,0,2411,0
80970,68243,2412,1
80972,0,2408,0
80974,0,2407,0
80976,0,2407,0
80978,0,2409,0
80980,0,2411,0
80982,0,2411,0
80984,0,2411,0
80986,0,2411,0
80988,0,2413,0
80990,0,2415,0
80992,0,2415,0
80994,0,2415,0
80996,0,2415,0
80998,0,2419,0
81000,0,2415,0
81002,0,2419,0
81004,0,2419,0
81006,0,2421,0
81008,0,2421,0
81010,68240,2421,1
81012,0,2420,0
81014,0,2421,0
81016,0,2422,0
81018,0,2423,0
81020,0,2424,0
81022,0,2423,0
81024,0,2423,0
81026,0,2425,0
81028,0,2425,0
81030,0,2425,0
81032,0,2425,0
81034,0,2427,0
81036,0,2427,0
81038,0,2427,0
81040,0,2429,0
81042,0,2427,0
81044,0,2428,0
81046,0,2429,0
81048,0,2428,0
81050,68242,2427,1
81052,0,2427,0
81054,0,2426,0
81056,0,2425,0
81058,0,2427,0
81060,0,2427,0
81062,0,2429,0
81064,0,2427,0
81066,0,2429,0
81068,0,2428,0
81070,0,2431,0
81072,0,2431,0
81074,0,2430,0
81076,0,2431,0
81078,0,2432,0
81080,0,2431,0
81082,0,2438,0
81084,0,2438,0
81086,0,2439,0
81088,0,2440,0
81090,68249,2429,1
81092,0,2428,0
81094,0,2427,0
81096,0,2429,0
81098,0,2429,0
81100,0,2428,0
81102,0,2429,0
81104,0,2430,0
81106,0,2430,0
81108,0,2430,0
81110,0,2431,0
81112,0,2431,0
81114,0,2421,0
81116,0,2439,0
81118,0,2439,0
81120,0,2439,0
81122,0,2438,0
81124,0,2441,0
81126,0,2439,0
81128,0,2441,0
81130,68245,2427,1
81132,0,2429,0
81134,0,2429,0
81136,0,2427,0
81138,0,2428,0
81140,0,2429,0
81142,0,2429,0
81144,0,2429,0
81146,0,2430,0
81148,0,2430,0
81150,0,2431,0
81152,0,2437,0
81154,0,2432,0
81156,0,2439,0
81158,0,2431,0
81160,0,2439,0
81162,0,2431,0
81164,0,2439,0
81166,0,2439,0
81168,0,2439,0
81170,68251,2424,1
81172,0,2422,0
81174,0,2423,0
81176,0,2424,0
81178,0,2424,0
81180,0,2425,0
81182,0,2425,0
81184,0,2427,0
81186,0,2427,0
81188,0,2428,0
81190,0,2429,0
81192,0,2429,0
81194,0,2429,0
81196,0,2429,0
81198,0,2431,0
81200,0,2431,0
81202,0,2431,0
81204,0,2439,0
81206,0,2431,0
81208,0,2431,0
81210,68272,2421,1
81212,0,2419,0
81214,0,2419,0
81216,0,2419,0
81218,0,2421,0
81220,0,2421,0
81222,0,2421,0
81224,0,2423,0
81226,0,2424,0
81228,0,2423,0
81230,0,2423,0
81232,0,2424,0
81234,0,2425,0
81236,0,2426,0
81238,0,2426,0
81240,0,2426,0
81242,0,2426,0
81244,0,2427,0
81246,0,2429,0
81248,0,2430,0
81250,68252,2411,1
81252,0,2411,0
81254,0,2412,0
81256,0,2413,0
81258,0,2413,0
81260,0,2413,0
81262,0,2413,0
81264,0,2413,0
81266,0,2415,0
81268,0,2419,0
81270,0,2416,0
81272,0,2419,0
81274,0,2421,0
81276,0,2421,0
81278,0,2419,0
81280,0,2421,0
81282,0,2423,0
81284,0,2421,0
81286,0,2423,0
81288,0,2423,0
81290,68170,2403,1
81292,0,2403,0
81294,0,2403,0
81296,0,2403,0
81298,0,2405,0
81300,0,2407,0
81302,0,2406,0
81304,0,2406,0
81306,0,2407,0
81308,0,2411,0
81310,0,2409,0
81312,0,2409,0
81314,0,2412,0
81316,0,2409,0
81318,0,2411,0
81320,0,2413,0
81322,0,2413,0
81324,0,2415,0
81326,0,2414,0
81328,68145,2415,1
81330,0,2411,0
81332,0,2415,0
81334,0,2413,0
81336,0,2415,0
81338,0,2423,0
81340,0,2419,0
81342,0,2415,0
81344,0,2419,0
81346,0,2419,0
81348,0,2420,0
81350,0,2423,0
81352,0,2421,0
81354,0,2423,0
81356,0,2421,0
81358,0,2423,0
81360,0,2423,0
81362,0,2427,0
81364,0,2424,0
81366,0,2427,0
81368,68150,2425,1
81370,0,2425,0
81372,0,2425,0
81374,0,2427,0
81376,0,2427,0
81378,0,2428,0
81380,0,2429,0
81382,0,2429,0
81384,0,2445,0
81386,0,2430,0
81388,0,2430,0
81390,0,2431,0
81392,0,2431,0
81394,0,2431,0
81396,0,2439,0
81398,0,2431,0
81400,0,2437,0
81402,0,2438,0
81404,0,2439,0
81406,0,2439,0
81408,68138,2439,1
81410,0,2437,0
81412,0,2431,0
81414,0,2437,0
81416,0,2431,0
81418,0,2439,0
81420,0,2439,0
81422,0,2439,0
81424,0,2441,0
81426,0,2441,0
81428,0,2439,0
81430,0,2441,0
81432,0,2440,0
81434,0,2443,0
81436,0,2443,0
81438,0,2441,0
81440,0,2442,0
81442,0,2443,0
81444,0,2444,0
81446,0,2443,0
81448,68138,2439,1
81450,0,2432,0
81452,0,2439,0
81454,0,2441,0
81456,0,2439,0
81458,0,2440,0
81460,0,2441,0
81462,0,2442,0
81464,0,2441,0
81466,0,2439,0
81468,0,2443,0
81470,0,2443,0
81472,0,2445,0
81474,0,2444,0
81476,0,2443,0
81478,0,2442,0
81480,0,2444,0
81482,0,2445,0
81484,0,2445,0
81486,0,2445,0
81488,68139,2439,1
81490,0,2431,0
81492,0,2439,0
81494,0,2437,0
81496,0,2439,0
81498,0,2439,0
81500,0,2441,0
81502,0,2440,0
81504,0,2442,0
81506,0,2443,0
81508,0,2441,0
81510,0,2442,0
81512,0,2443,0
81514,0,2443,0
81516,0,2444,0
81518,0,2444,0
81520,0,2445,0
81522,0,2446,0
81524,0,2445,0
81526,0,2445,0
81528,68138,2437,1
81530,0,2431,0
81532,0,2431,0
81534,0,2431,0
81536,0,2431,0
81538,0,2437,0
81540,0,2437,0
81542,0,2437,0
81544,0,2443,0
81546,0,2439,0
81548,0,2437,0
81550,0,2439,0
81552,0,2441,0
81554,0,2439,0
81556,0,2441,0
81558,0,2441,0
81560,0,2441,0
81562,0,2442,0
81564,0,2441,0
81566,0,2444,0
81568,68144,2427,1
81570,0,2425,0
81572,0,2427,0
81574,0,2427,0
81576,0,2426,0
81578,0,2427,0
81580,0,2427,0
81582,0,2428,0
81584,0,2429,0
81586,0,2427,0
81588,0,2431,0
81590,0,2429,0
81592,0,2431,0
81594,0,2430,0
81596,0,2431,0
81598,0,2438,0
81600,0,2431,0
81602,0,2437,0
81604,0,2431,0
81606,0,2437,0
81608,68162,2418,1
81610,0,2419,0
81612,0,2419,0
81614,0,2421,0
81616,0,2421,0
81618,0,2421,0
81620,0,2423,0
81622,0,2423,0
81624,0,2423,0
81626,0,2425,0
81628,0,2425,0
81630,0,2425,0
81632,0,2426,0
81634,0,2425,0
81636,0,2428,0
81638,0,2427,0
81640,0,2428,0
81642,0,2429,0
81644,0,2428,0
81646,0,2429,0
81648,68122,2411,1
81650,0,2409,0
81652,0,2410,0
81654,0,2411,0
81656,0,2411,0
81658,0,2413,0
81660,0,2413,0
81662,0,2421,0
81664,0,2415,0
81666,0,2415,0
81668,0,2415,0
81670,0,2417,0
81672,0,2414,0
81674,0,2419,0
81676,0,2419,0
81678,0,2421,0
81680,0,2423,0
81682,0,2420,0
81684,0,2421,0
81686,0,2424,0
81688,68105,2402,1
81690,0,2397,0
81692,0,2403,0
81694,0,2399,0
81696,0,2405,0
81698,0,2405,0
81700,0,2405,0
81702,0,2407,0
81704,0,2405,0
81706,0,2405,0
81708,0,2409,0
81710,0,2409,0
81712,0,2409,0
81714,0,2415,0
81716,0,2411,0
81718,0,2413,0
81720,0,2411,0
81722,0,2413,0
81724,0,2415,0
81726,68134,2415,1
81728,0,2409,0
81730,0,2413,0
81732,0,2413,0
81734,0,2413,0
81736,0,2412,0
81738,0,2414,0
81740,0,2418,0
81742,0,2415,0
81744,0,2415,0
81746,0,2419,0
81748,0,2419,0
81750,0,2423,0
81752,0,2421,0
81754,0,2423,0
81756,0,2421,0
81758,0,2421,0
81760,0,2423,0
81762,0,2425,0
81764,0,2423,0
81766,68144,2427,1
81768,0,2423,0
81770,0,2425,0
81772,0,2424,0
81774,0,2425,0
81776,0,2425,0
81778,0,2425,0
81780,0,2427,0
81782,0,2427,0
81784,0,2428,0
81786,0,2427,0
81788,0,2428,0
81790,0,2431,0
81792,0,2431,0
81794,0,2431,0
81796,0,2432,0
81798,0,2415,0
81800,0,2431,0
81802,0,2437,0
81804,0,2440,0
81806,68148,2429,1
81808,0,2427,0
81810,0,2430,0
81812,0,2430,0
81814,0,2431,0
81816,0,2423,0
81818,0,2431,0
81820,0,2437,0
81822,0,2439,0
81824,0,2437,0
81826,0,2438,0
81828,0,2439,0
81830,0,2437,0
81832,0,2441,0
81834,0,2441,0
81836,0,2441,0
81838,0,2441,0
81840,0,2441,0
81842,0,2441,0
81844,0,2442,0
81846,68153,2431,1
81848,0,2429,0
81850,0,2431,0
81852,0,2437,0
81854,0,2439,0
81856,0,2438,0
81858,0,2440,0
81860,0,2439,0
81862,0,2438,0
81864,0,2439,0
81866,0,2441,0
81868,0,2441,0
81870,0,2442,0
81872,0,2441,0
81874,0,2441,0
81876,0,2441,0
81878,0,2443,0
81880,0,2443,0
81882,0,2444,0
81884,0,2444,0
81886,68151,2431,1
81888,0,2431,0
81890,0,2431,0
81892,0,2437,0
81894,0,2438,0
81896,0,2439,0
81898,0,2432,0
81900,0,2427,0
81902,0,2440,0
81904,0,2431,0
81906,0,2439,0
81908,0,2442,0
81910,0,2440,0
81912,0,2440,0
81914,0,2440,0
81916,0,2441,0
81918,0,2441,0
81920,0,2442,0
81922,0,2443,0
81924,0,2443,0
81926,68141,2427,1
81928,0,2427,0
81930,0,2429,0
81932,0,2427,0
81934,0,2427,0
81936,0,2429,0
81938,0,2429,0
81940,0,2430,0
81942,0,2437,0
81944,0,2431,0
81946,0,2431,0
81948,0,2431,0
81950,0,2431,0
81952,0,2441,0
81954,0,2438,0
81956,0,2439,0
81958,0,2441,0
81960,0,2440,0
81962,0,2439,0
81964,0,2441,0
81966,68163,2422,1
81968,0,2423,0
81970,0,2423,0
81972,0,2423,0
81974,0,2425,0
81976,0,2423,0
81978,0,2424,0
81980,0,2427,0
81982,0,2425,0
81984,0,2427,0
81986,0,2427,0
81988,0,2428,0
81990,0,2428,0
81992,0,2429,0
81994,0,2427,0
81996,0,2429,0
81998,0,2429,0
82000,0,2431,0
82002,0,2431,0
82004,0,2430,0
82006,68176,2415,1
82008,0,2413,0
82010,0,2415,0
82012,0,2416,0
82014,0,2421,0
82016,0,2415,0
82018,0,2416,0
82020,0,2419,0
82022,0,2421,0
82024,0,2420,0
82026,0,2423,0
82028,0,2423,0
82030,0,2423,0
82032,0,2423,0
82034,0,2424,0
82036,0,2423,0
82038,0,2424,0
82040,0,2425,0
82043,0,2426,0
82045,0,2426,0
82047,68144,2407,1
82049,0,2407,0
82051,0,2407,0
82053,0,2405,0
82055,0,2409,0
82057,0,2408,0
82059,0,2410,0
82061,0,2411,0
82063,0,2411,0
82065,0,2413,0
82067,0,2413,0
82069,0,2413,0
82071,0,2414,0
82073,0,2415,0
82075,0,2419,0
82077,0,2415,0
82079,0,2419,0
82081,0,2419,0
82083,0,2421,0
82085,0,2421,0
82087,68128,2397,1
82089,0,2395,0
82091,0,2396,0
82093,0,2397,0
82095,0,2397,0
82097,0,2399,0
82099,0,2403,0
82101,0,2402,0
82103,0,2404,0
82105,0,2404,0
82107,0,2407,0
82109,0,2407,0
82111,0,2406,0
82113,0,2407,0
82115,0,2409,0
82117,0,2409,0
82119,0,2410,0
82121,0,2409,0
82123,0,2410,0
82125,68138,2411,1
82127,0,2407,0
82129,0,2409,0
82131,0,2411,0
82133,0,2411,0
82135,0,2409,0
82137,0,2413,0
82139,0,2411,0
82141,0,2413,0
82143,0,2412,0
82145,0,2413,0
82147,0,2415,0
82149,0,2413,0
82151,0,2415,0
82153,0,2419,0
82155,0,2420,0
82157,0,2419,0
82159,0,2419,0
82161,0,2420,0
82163,0,2420,0
82165,68112,2421,1
82167,0,2421,0
82169,0,2423,0
82171,0,2420,0
82173,0,2421,0
82175,0,2423,0
82177,0,2423,0
82179,0,2424,0
82181,0,2424,0
82183,0,2424,0
82185,0,2427,0
82187,0,2425,0
82189,0,2427,0
82191,0,2428,0
82193,0,2427,0
82195,0,2427,0
82197,0,2429,0
82199,0,2430,0
82201,0,2429,0
82203,0,2430,0
82205,68092,2427,1
82207,0,2427,0
82209,0,2425,0
82211,0,2427,0
82213,0,2427,0
82215,0,2427,0
82217,0,2428,0
82219,0,2429,0
82221,0,2427,0
82223,0,2430,0
82225,0,2419,0
82227,0,2431,0
82229,0,2432,0
82231,0,2431,0
82233,0,2439,0
82235,0,2431,0
82237,0,2437,0
82239,0,2439,0
82241,0,2443,0
82243,0,2431,0
82245,68084,2429,1
82247,0,2429,0
82249,0,2427,0
82251,0,2429,0
82253,0,2429,0
82255,0,2429,0
82257,0,2430,0
82259,0,2429,0
82261,0,2431,0
82263,0,2429,0
82265,0,2431,0
82267,0,2439,0
82269,0,2439,0
82271,0,2439,0
82273,0,2439,0
82275,0,2437,0
82277,0,2441,0
82279,0,2440,0
82281,0,2439,0
82283,0,2441,0
82285,68078,2427,1
82287,0,2427,0
82289,0,2427,0
82291,0,2430,0
82293,0,2427,0
82295,0,2430,0
82297,0,2430,0
82299,0,2431,0
82301,0,2431,0
82303,0,2431,0
82305,0,2430,0
82307,0,2431,0
82309,0,2438,0
82311,0,2437,0
82313,0,2431,0
82315,0,2439,0
82317,0,2439,0
82319,0,2439,0
82321,0,2440,0
82323,0,2440,0
82325,68086,2423,1
82327,0,2421,0
82329,0,2423,0
82331,0,2424,0
82333,0,2425,0
82335,0,2425,0
82337,0,2427,0
82339,0,2427,0
82341,0,2428,0
82343,0,2427,0
82345,0,2428,0
82347,0,2429,0
82349,0,2431,0
82351,0,2429,0
82353,0,2429,0
82355,0,2429,0
82357,0,2431,0
82359,0,2431,0
82361,0,2437,0
82363,0,2437,0
82365,68122,2419,1
82367,0,2415,0
82369,0,2419,0
82371,0,2419,0
82373,0,2420,0
82375,0,2419,0
82377,0,2419,0
82379,0,2421,0
82381,0,2423,0
82383,0,2423,0
82385,0,2423,0
82387,0,2424,0
82389,0,2423,0
82391,0,2425,0
82393,0,2426,0
82395,0,2425,0
82397,0,2425,0
82399,0,2427,0
82401,0,2427,0
82403,0,2427,0
82405,68106,2411,1
82407,0,2408,0
82409,0,2408,0
82411,0,2413,0
82413,0,2411,0
82415,0,2411,0
82417,0,2412,0
82419,0,2415,0
82421,0,2415,0
82423,0,2415,0
82425,0,2415,0
82427,0,2415,0
82429,0,2419,0
82431,0,2419,0
82433,0,2423,0
82435,0,2421,0
82437,0,2421,0
82439,0,2420,0
82441,0,2423,0
82443,0,2423,0
82445,68057,2403,1
82447,0,2399,0
82449,0,2403,0
82451,0,2404,0
82453,0,2403,0
82455,0,2403,0
82457,0,2407,0
82459,0,2407,0
82461,0,2408,0
82463,0,2407,0
82465,0,2407,0
82467,0,2409,0
82469,0,2411,0
82471,0,2411,0
82473,0,2411,0
82475,0,2409,0
82477,0,2412,0
82479,0,2415,0
82481,0,2415,0
82483,68064,2415,1
82485,0,2413,0
82487,0,2415,0
82489,0,2415,0
82491,0,2416,0
82493,0,2415,0
82495,0,2418,0
82497,0,2418,0
82499,0,2418,0
82501,0,2419,0
82503,0,2421,0
82505,0,2421,0
82507,0,2423,0
82509,0,2421,0
82511,0,2423,0
82513,0,2423,0
82515,0,2423,0
82517,0,2424,0
82519,0,2424,0
82521,0,2425,0
82523,68084,2425,1
82525,0,2425,0
82527,0,2425,0
82529,0,2422,0
82531,0,2427,0
82533,0,2428,0
82535,0,2428,0
82537,0,2429,0
82539,0,2429,0
82541,0,2431,0
82543,0,2430,0
82545,0,2430,0
82547,0,2431,0
82549,0,2430,0
82551,0,2431,0
82553,0,2438,0
82555,0,2439,0
82557,0,2439,0
82559,0,2439,0
82561,0,2438,0
82563,68084,2438,1
82565,0,2439,0
82567,0,2437,0
82569,0,2437,0
82571,0,2432,0
82573,0,2439,0
82575,0,2438,0
82577,0,2439,0
82579,0,2441,0
82581,0,2441,0
82583,0,2441,0
82585,0,2441,0
82587,0,2440,0
82589,0,2443,0
82591,0,2441,0
82593,0,2441,0
82595,0,2443,0
82597,0,2443,0
82599,0,2443,0
82601,0,2444,0
82603,68089,2439,1
82605,0,2438,0
82607,0,2441,0
82609,0,2440,0
82611,0,2441,0
82613,0,2442,0
82615,0,2441,0
82617,0,2441,0
82619,0,2441,0
82621,0,2442,0
82623,0,2443,0
82625,0,2442,0
82627,0,2443,0
82629,0,2443,0
82631,0,2443,0
82633,0,2445,0
82635,0,2445,0
82637,0,2446,0
82639,0,2444,0
82641,0,2423,0
82643,68100,2441,1
82645,0,2438,0
82647,0,2439,0
82649,0,2439,0
82651,0,2441,0
82653,0,2440,0
82655,0,2439,0
82657,0,2441,0
82659,0,2440,0
82661,0,2441,0
82663,0,2442,0
82665,0,2443,0
82667,0,2443,0
82669,0,2445,0
82671,0,2445,0
82673,0,2445,0
82675,0,2444,0
82677,0,2444,0
82679,0,2445,0
82681,0,2444,0
82683,68103,2437,1
82685,0,2429,0
82687,0,2431,0
82689,0,2431,0
82691,0,2429,0
82693,0,2439,0
82695,0,2437,0
82697,0,2437,0
82699,0,2439,0
82701,0,2439,0
82703,0,2439,0
82705,0,2439,0
82707,0,2440,0
82709,0,2439,0
82711,0,2439,0
82713,0,2441,0
82715,0,2441,0
82717,0,2441,0
82719,0,2443,0
82721,0,2441,0
82723,68121,2425,1
82725,0,2425,0
82727,0,2427,0
82729,0,2425,0
82731,0,2427,0
82733,0,2427,0
82735,0,2428,0
82737,0,2421,0
82739,0,2427,0
82741,0,2431,0
82743,0,2429,0
82745,0,2419,0
82747,0,2430,0
82749,0,2430,0
82751,0,2431,0
82753,0,2431,0
82755,0,2439,0
82757,0,2431,0
82759,0,2432,0
82761,0,2439,0
82763,68140,2419,1
82765,0,2415,0
82767,0,2421,0
82769,0,2421,0
82771,0,2421,0
82773,0,2421,0
82775,0,2423,0
82777,0,2423,0
82779,0,2423,0
82781,0,2425,0
82783,0,2423,0
82785,0,2424,0
82787,0,2425,0
82789,0,2425,0
82791,0,2425,0
82793,0,2426,0
82795,0,2429,0
82797,0,2429,0
82799,0,2427,0
82801,0,2429,0
82803,68111,2411,1
82805,0,2408,0
82807,0,2409,0
82809,0,2409,0
82811,0,2411,0
82813,0,2413,0
82815,0,2413,0
82817,0,2412,0
82819,0,2415,0
82821,0,2416,0
82823,0,2415,0
82825,0,2419,0
82827,0,2419,0
82829,0,2419,0
82831,0,2419,0
82833,0,2421,0
82835,0,2421,0
82837,0,2421,0
82839,0,2423,0
82841,0,2424,0
82843,68102,2403,1
82845,0,2402,0
82847,0,2402,0
82849,0,2403,0
82851,0,2404,0
82853,0,2407,0
82855,0,2405,0
82857,0,2407,0
82859,0,2408,0
82861,0,2409,0
82863,0,2411,0
82865,0,2409,0
82867,0,2408,0
82869,0,2411,0
82871,0,2410,0
82873,0,2413,0
82875,0,2411,0
82877,0,2413,0
82879,0,2413,0
82881,68127,2415,1
82883,0,2411,0
82885,0,2413,0
82887,0,2415,0
82889,0,2413,0
82891,0,2415,0
82893,0,2418,0
82895,0,2415,0
82897,0,2415,0
82899,0,2419,0
82901,0,2419,0
82903,0,2419,0
82905,0,2421,0
82907,0,2419,0
82909,0,2421,0
82911,0,2423,0
82913,0,2423,0
82915,0,2423,0
82917,0,2425,0
82919,0,2425,0
82921,68162,2424,1
82923,0,2423,0
82925,0,2425,0
82927,0,2424,0
82929,0,2427,0
82931,0,2427,0
82933,0,2429,0
82935,0,2429,0
82937,0,2428,0
82939,0,2430,0
82941,0,2428,0
82943,0,2429,0
82945,0,2430,0
82947,0,2431,0
82949,0,2438,0
82951,0,2431,0
82953,0,2431,0
82955,0,2439,0
82957,0,2437,0
82959,0,2437,0
82961,68175,2437,1
82963,0,2429,0
82965,0,2430,0
82967,0,2431,0
82969,0,2437,0
82971,0,2430,0
82973,0,2431,0
82975,0,2439,0
82977,0,2431,0
82979,0,2439,0
82981,0,2439,0
82983,0,2439,0
82985,0,2439,0
82987,0,2441,0
82989,0,2439,0
82991,0,2441,0
82993,0,2441,0
82995,0,2443,0
82997,0,2439,0
82999,0,2441,0
83001,68165,2437,1
83003,0,2431,0
83005,0,2429,0
83007,0,2439,0
83009,0,2437,0
83011,0,2438,0
83013,0,2439,0
83015,0,2438,0
83017,0,2439,0
83019,0,2439,0
83021,0,2439,0
83023,0,2441,0
83025,0,2442,0
83027,0,2443,0
83029,0,2443,0
83031,0,2442,0
83033,0,2445,0
83035,0,2443,0
83037,0,2444,0
83039,0,2444,0
83041,68156,2432,1
83043,0,2429,0
83045,0,2431,0
83047,0,2431,0
83049,0,2431,0
83051,0,2439,0
83053,0,2437,0
83055,0,2439,0
83057,0,2440,0
83059,0,2441,0
83061,0,2440,0
83063,0,2441,0
83065,0,2441,0
83067,0,2441,0
83069,0,2442,0
83071,0,2443,0
83073,0,2442,0
83075,0,2443,0
83077,0,2444,0
83079,0,2446,0
83081,68158,2429,1
83083,0,2429,0
83085,0,2427,0
83087,0,2427,0
83089,0,2429,0
83091,0,2431,0
83093,0,2431,0
83095,0,2430,0
83097,0,2431,0
83099,0,2431,0
83101,0,2431,0
83103,0,2431,0
83105,0,2431,0
83107,0,2437,0
83109,0,2439,0
83111,0,2440,0
83113,0,2440,0
83115,0,2440,0
83117,0,2440,0
83119,0,2441,0
83121,68192,2423,1
83123,0,2423,0
83125,0,2423,0
83127,0,2424,0
83129,0,2421,0
83131,0,2425,0
83133,0,2425,0
83135,0,2424,0
83137,0,2427,0
83139,0,2427,0
83141,0,2427,0
83143,0,2429,0
83145,0,2428,0
83147,0,2427,0
83149,0,2427,0
83151,0,2423,0
83153,0,2429,0
83155,0,2431,0
83157,0,2435,0
83159,0,2438,0
83161,68207,2415,1
83163,0,2414,0
83165,0,2414,0
83167,0,2419,0
83169,0,2415,0
83171,0,2419,0
83173,0,2416,0
83175,0,2420,0
83177,0,2419,0
83179,0,2422,0
83181,0,2421,0
83183,0,2422,0
83185,0,2423,0
83187,0,2423,0
83189,0,2424,0
83191,0,2423,0
83193,0,2425,0
83195,0,2425,0
83197,0,2426,0
83199,0,2426,0
83201,68181,2407,1
83203,0,2406,0
83205,0,2407,0
83207,0,2407,0
83209,0,2409,0
83211,0,2409,0
83213,0,2411,0
83215,0,2411,0
83217,0,2412,0
83219,0,2413,0
83221,0,2413,0
83223,0,2415,0
83225,0,2415,0
83227,0,2415,0
83229,0,2419,0
83231,0,2418,0
83233,0,2419,0
83235,0,2419,0
83237,0,2419,0
83239,0,2421,0
83241,68199,2397,1
83243,0,2395,0
83245,0,2396,0
83247,0,2397,0
83249,0,2399,0
83251,0,2403,0
83253,0,2403,0
83255,0,2403,0
83257,0,2403,0
83259,0,2403,0
83261,0,2405,0
83263,0,2409,0
83265,0,2407,0
83267,0,2407,0
83269,0,2407,0
83271,0,2409,0
83273,0,2411,0
83275,0,2411,0
83277,0,2411,0
83279,68235,2411,1
83281,0,2408,0
83283,0,2409,0
83285,0,2409,0
83287,0,2411,0
83289,0,2409,0
83291,0,2413,0
83293,0,2413,0
83295,0,2413,0
83297,0,2413,0
83299,0,2415,0
83301,0,2417,0
83303,0,2419,0
83305,0,2421,0
83307,0,2415,0
83309,0,2419,0
83311,0,2421,0
83313,0,2421,0
83315,0,2421,0
83317,0,2420,0
83319,68249,2421,1
83321,0,2420,0
83323,0,2420,0
83325,0,2423,0
83327,0,2421,0
83329,0,2423,0
83331,0,2424,0
83333,0,2424,0
83335,0,2425,0
83337,0,2424,0
83339,0,2437,0
83341,0,2427,0
83343,0,2427,0
83345,0,2427,0
83347,0,2427,0
83349,0,2427,0
83351,0,2429,0
83353,0,2429,0
83355,0,2429,0
83357,0,2429,0
83359,68261,2429,1
83361,0,2427,0
83363,0,2426,0
83365,0,2427,0
83367,0,2428,0
83369,0,2427,0
83371,0,2429,0
83373,0,2428,0
83375,0,2429,0
83377,0,2431,0
83379,0,2427,0
83381,0,2431,0
83383,0,2431,0
83385,0,2431,0
83387,0,2429,0
83389,0,2437,0
83391,0,2439,0
83393,0,2439,0
83395,0,2440,0
83397,0,2438,0
83399,68278,2431,1
83401,0,2427,0
83403,0,2427,0
83405,0,2429,0
83407,0,2429,0
83409,0,2429,0
83411,0,2429,0
83413,0,2431,0
83415,0,2431,0
83417,0,2437,0
83419,0,2432,0
83421,0,2431,0
83423,0,2431,0
83425,0,2439,0
83427,0,2439,0
83429,0,2439,0
83431,0,2439,0
83433,0,2439,0
83435,0,2439,0
83437,0,2441,0
83439,68294,2428,1
83441,0,2427,0
83443,0,2427,0
83445,0,2427,0
83447,0,2427,0
83449,0,2427,0
83451,0,2429,0
83453,0,2431,0
83455,0,2428,0
83457,0,2430,0
83459,0,2430,0
83461,0,2437,0
83463,0,2431,0
83465,0,2431,0
83467,0,2439,0
83469,0,2432,0
83471,0,2439,0
83473,0,2439,0
83475,0,2439,0
83477,0,2439,0
83479,68316,2424,1
83481,0,2425,0
83483,0,2424,0
83485,0,2424,0
83487,0,2425,0
83489,0,2425,0
83491,0,2427,0
83493,0,2427,0
83495,0,2427,0
83497,0,2427,0
83499,0,2429,0
83501,0,2427,0
83503,0,2429,0
83505,0,2429,0
83507,0,2430,0
83509,0,2431,0
83511,0,2439,0
83513,0,2431,0
83515,0,2438,0
83517,0,2431,0
83519,68355,2419,1
83521,0,2419,0
83523,0,2419,0
83525,0,2419,0
83527,0,2419,0
83529,0,2423,0
83531,0,2425,0
83533,0,2421,0
83535,0,2422,0
83537,0,2425,0
83539,0,2423,0
83541,0,2425,0
83543,0,2425,0
83545,0,2425,0
83547,0,2425,0
83549,0,2426,0
83551,0,2425,0
83553,0,2429,0
83555,0,2428,0
83557,0,2429,0
83559,68356,2411,1
83561,0,2411,0
83563,0,2409,0
83565,0,2411,0
83567,0,2411,0
83569,0,2412,0
83571,0,2415,0
83573,0,2413,0
83575,0,2414,0
83577,0,2413,0
83579,0,2418,0
83581,0,2415,0
83583,0,2419,0
83585,0,2419,0
83587,0,2421,0
83589,0,2418,0
83591,0,2421,0
83593,0,2421,0
83595,0,2425,0
83597,0,2425,0
83599,68338,2405,1
83601,0,2402,0
83603,0,2403,0
83605,0,2403,0
83607,0,2405,0
83609,0,2405,0
83611,0,2407,0
83613,0,2407,0
83615,0,2409,0
83617,0,2407,0
83619,0,2409,0
83621,0,2412,0
83623,0,2409,0
83625,0,2411,0
83627,0,2411,0
83629,0,2413,0
83631,0,2413,0
83633,0,2415,0
83635,0,2415,0
83637,68355,2415,1
83639,0,2413,0
83641,0,2415,0
83643,0,2415,0
83645,0,2415,0
83647,0,2415,0
83649,0,2427,0
83651,0,2421,0
83653,0,2419,0
83655,0,2421,0
83657,0,2419,0
83659,0,2423,0
83661,0,2423,0
83663,0,2424,0
83665,0,2423,0
83667,0,2424,0
83669,0,2425,0
83671,0,2424,0
83673,0,2426,0
83675,0,2426,0
83677,68382,2425,1
83679,0,2427,0
83681,0,2425,0
83683,0,2427,0
83685,0,2428,0
83687,0,2429,0
83689,0,2431,0
83691,0,2429,0
83693,0,2429,0
83695,0,2431,0
83697,0,2431,0
83699,0,2430,0
83701,0,2430,0
83703,0,2430,0
83705,0,2431,0
83707,0,2437,0
83709,0,2438,0
83711,0,2439,0
83713,0,2439,0
83715,0,2440,0
83717,68396,2439,1
83719,0,2431,0
83721,0,2431,0
83723,0,2439,0
83725,0,2439,0
83727,0,2432,0
83729,0,2439,0
83731,0,2439,0
83733,0,2443,0
83735,0,2441,0
83737,0,2441,0
83739,0,2441,0
83741,0,2440,0
83743,0,2443,0
83745,0,2441,0
83747,0,2440,0
83749,0,2443,0
83751,0,2445,0
83753,0,2446,0
83755,0,2445,0
83757,68412,2439,1
83759,0,2439,0
83761,0,2441,0
83763,0,2441,0
83765,0,2441,0
83767,0,2441,0
83769,0,2443,0
83771,0,2443,0
83773,0,2443,0
83775,0,2443,0
83777,0,2443,0
83779,0,2443,0
83781,0,2443,0
83783,0,2445,0
83785,0,2445,0
83787,0,2445,0
83789,0,2445,0
83791,0,2455,0
83793,0,2446,0
83795,0,2445,0
83797,68418,2439,1
83799,0,2439,0
83801,0,2440,0
83803,0,2439,0
83805,0,2441,0
83807,0,2440,0
83809,0,2441,0
83811,0,2441,0
83813,0,2443,0
83815,0,2441,0
83817,0,2443,0
83819,0,2444,0
83821,0,2443,0
83823,0,2444,0
83825,0,2444,0
83827,0,2445,0
83829,0,2444,0
83831,0,2445,0
83833,0,2445,0
83835,0,2447,0
83837,68421,2431,1
83839,0,2431,0
83841,0,2430,0
83843,0,2431,0
83845,0,2431,0
83847,0,2439,0
83849,0,2439,0
83851,0,2431,0
83853,0,2439,0
83855,0,2440,0
83857,0,2439,0
83859,0,2441,0
83861,0,2441,0
83863,0,2441,0
83865,0,2439,0
83867,0,2441,0
83869,0,2442,0
83871,0,2443,0
83873,0,2443,0
83875,0,2441,0
83877,68397,2427,1
83879,0,2426,0
83881,0,2427,0
83884,0,2427,0
83886,0,2427,0
83888,0,2426,0
83890,0,2429,0
83892,0,2429,0
83894,0,2429,0
83896,0,2429,0
83898,0,2429,0
83900,0,2429,0
83902,0,2431,0
83904,0,2431,0
83906,0,2431,0
83908,0,2431,0
83910,0,2441,0
83912,0,2439,0
83914,0,2439,0
83916,0,2439,0
83918,68390,2419,1
83920,0,2420,0
83922,0,2420,0
83924,0,2421,0
83926,0,2421,0
83928,0,2421,0
83930,0,2421,0
83932,0,2423,0
83934,0,2424,0
83936,0,2423,0
83938,0,2425,0
83940,0,2427,0
83942,0,2423,0
83944,0,2424,0
83946,0,2427,0
83948,0,2428,0
83950,0,2427,0
83952,0,2427,0
83954,0,2427,0
83956,0,2428,0
83958,68354,2409,1
83960,0,2409,0
83962,0,2409,0
83964,0,2412,0
83966,0,2412,0
83968,0,2413,0
83970,0,2413,0
83972,0,2411,0
83974,0,2415,0
83976,0,2415,0
83978,0,2415,0
83980,0,2418,0
83982,0,2416,0
83984,0,2421,0
83986,0,2419,0
83988,0,2421,0
83990,0,2421,0
83992,0,2422,0
83994,0,2423,0
83996,0,2423,0
83998,68312,2403,1
84000,0,2398,0
84002,0,2398,0
84004,0,2403,0
84006,0,2405,0
84008,0,2404,0
84010,0,2404,0
84012,0,2407,0
84014,0,2409,0
84016,0,2407,0
84018,0,2410,0
84020,0,2410,0
84022,0,2411,0
84024,0,2411,0
84026,0,2413,0
84028,0,2423,0
84030,0,2413,0
84032,0,2413,0
84034,0,2413,0
84036,68334,2415,1
84038,0,2411,0
84040,0,2413,0
84042,0,2413,0
84044,0,2412,0
84046,0,2413,0
84048,0,2407,0
84050,0,2415,0
84052,0,2415,0
84054,0,2419,0
84056,0,2419,0
84058,0,2421,0
84060,0,2422,0
84062,0,2423,0
84064,0,2421,0
84066,0,2423,0
84068,0,2423,0
84070,0,2423,0
84072,0,2423,0
84074,0,2424,0
84076,68349,2425,1
84078,0,2424,0
84080,0,2425,0
84082,0,2425,0
84084,0,2424,0
84086,0,2427,0
84088,0,2427,0
84090,0,2428,0
84092,0,2427,0
84094,0,2429,0
84096,0,2428,0
84098,0,2429,0
84100,0,2429,0
84102,0,2432,0
84104,0,2431,0
84106,0,2429,0
84108,0,2437,0
84110,0,2440,0
84112,0,2439,0
84114,0,2441,0
84116,68339,2431,1
84118,0,2429,0
84120,0,2429,0
84122,0,2431,0
84124,0,2443,0
84126,0,2431,0
84128,0,2437,0
84130,0,2439,0
84132,0,2439,0
84134,0,2440,0
84136,0,2437,0
84138,0,2439,0
84140,0,2440,0
84142,0,2440,0
84144,0,2437,0
84146,0,2441,0
84148,0,2441,0
84150,0,2441,0
84152,0,2441,0
84154,0,2441,0
84156,68330,2437,1
84158,0,2439,0
84160,0,2438,0
84162,0,2437,0
84164,0,2430,0
84166,0,2431,0
84168,0,2440,0
84170,0,2440,0
84172,0,2440,0
84174,0,2440,0
84176,0,2440,0
84178,0,2440,0
84180,0,2439,0
84182,0,2442,0
84184,0,2442,0
84186,0,2443,0
84188,0,2443,0
84190,0,2444,0
84192,0,2443,0
84194,0,2443,0
84196,68310,2437,1
84198,0,2429,0
84200,0,2431,0
84202,0,2430,0
84204,0,2431,0
84206,0,2437,0
84208,0,2439,0
84210,0,2446,0
84212,0,2439,0
84214,0,2439,0
84216,0,2439,0
84218,0,2441,0
84220,0,2440,0
84222,0,2441,0
84224,0,2440,0
84226,0,2441,0
84228,0,2441,0
84230,0,2442,0
84232,0,2441,0
84234,0,2444,0
84236,68302,2423,1
84238,0,2424,0
84240,0,2425,0
84242,0,2427,0
84244,0,2429,0
84246,0,2429,0
84248,0,2429,0
84250,0,2429,0
84252,0,2429,0
84254,0,2431,0
84256,0,2438,0
84258,0,2437,0
84260,0,2437,0
84262,0,2439,0
84264,0,2440,0
84266,0,2438,0
84268,0,2439,0
84270,0,2441,0
84272,0,2440,0
84274,0,2440,0
84276,68320,2421,1
84278,0,2422,0
84280,0,2423,0
84282,0,2423,0
84284,0,2421,0
84286,0,2424,0
84288,0,2424,0
84290,0,2423,0
84292,0,2425,0
84294,0,2427,0
84296,0,2427,0
84298,0,2413,0
84300,0,2427,0
84302,0,2429,0
84304,0,2431,0
84306,0,2431,0
84308,0,2430,0
84310,0,2431,0
84312,0,2431,0
84314,0,2439,0
84316,68312,2415,1
84318,0,2412,0
84320,0,2413,0
84322,0,2415,0
84324,0,2418,0
84326,0,2421,0
84328,0,2419,0
84330,0,2421,0
84332,0,2419,0
84334,0,2419,0
84336,0,2421,0
84338,0,2423,0
84340,0,2423,0
84342,0,2423,0
84344,0,2424,0
84346,0,2424,0
84348,0,2425,0
84350,0,2427,0
84352,0,2427,0
84354,0,2427,0
84356,68253,2407,1
84358,0,2409,0
84360,0,2405,0
84362,0,2409,0
84364,0,2409,0
84366,0,2409,0
84368,0,2412,0
84370,0,2412,0
84372,0,2411,0
84374,0,2411,0
84376,0,2415,0
84378,0,2415,0
84380,0,2415,0
84382,0,2415,0
84384,0,2415,0
84386,0,2419,0
84388,0,2419,0
84390,0,2420,0
84392,0,2419,0
84394,0,2421,0
84396,68242,2397,1
84398,0,2397,0
84400,0,2399,0
84402,0,2398,0
84404,0,2395,0
84406,0,2403,0
84408,0,2401,0
84410,0,2405,0
84412,0,2403,0
84414,0,2405,0
84416,0,2405,0
84418,0,2407,0
84420,0,2407,0
84422,0,2408,0
84424,0,2409,0
84426,0,2409,0
84428,0,2411,0
84430,0,2411,0
84432,0,2413,0
84434,68259,2411,1
84436,0,2409,0
84438,0,2411,0
84440,0,2411,0
84442,0,2411,0
84444,0,2411,0
84446,0,2413,0
84448,0,2413,0
84450,0,2415,0
84452,0,2414,0
84454,0,2415,0
84456,0,2419,0
84458,0,2415,0
84460,0,2419,0
84462,0,2419,0
84464,0,2419,0
84466,0,2421,0
84468,0,2421,0
84470,0,2422,0
84472,0,2423,0
84474,68259,2420,1
84476,0,2421,0
84478,0,2421,0
84480,0,2423,0
84482,0,2423,0
84484,0,2424,0
84486,0,2424,0
84488,0,2425,0
84490,0,2425,0
84492,0,2425,0
84494,0,2424,0
84496,0,2431,0
84498,0,2426,0
84500,0,2427,0
84502,0,2426,0
84504,0,2430,0
84506,0,2431,0
84508,0,2429,0
84510,0,2428,0
84512,0,2431,0
84514,68250,2427,1
84516,0,2427,0
84518,0,2427,0
84520,0,2429,0
84522,0,2428,0
84524,0,2427,0
84526,0,2429,0
84528,0,2428,0
84530,0,2429,0
84532,0,2429,0
84534,0,2431,0
84536,0,2431,0
84538,0,2439,0
84540,0,2437,0
84542,0,2438,0
84544,0,2440,0
84546,0,2439,0
84548,0,2440,0
84550,0,2439,0
84552,0,2440,0
84554,68248,2429,1
84556,0,2428,0
84558,0,2429,0
84560,0,2430,0
84562,0,2431,0
84564,0,2431,0
84566,0,2437,0
84568,0,2431,0
84570,0,2437,0
84572,0,2432,0
84574,0,2437,0
84576,0,2439,0
84578,0,2439,0
84580,0,2441,0
84582,0,2439,0
84584,0,2441,0
84586,0,2439,0
84588,0,2440,0
84590,0,2441,0
84592,0,2441,0
84594,68250,2430,1
84596,0,2427,0
84598,0,2427,0
84600,0,2429,0
84602,0,2429,0
84604,0,2429,0
84606,0,2431,0
84608,0,2429,0
84610,0,2431,0
84612,0,2431,0
84614,0,2431,0
84616,0,2431,0
84618,0,2439,0
84620,0,2437,0
84622,0,2439,0
84624,0,2440,0
84626,0,2439,0
84628,0,2440,0
84630,0,2441,0
84632,0,2441,0
84634,68244,2425,1
84636,0,2425,0
84638,0,2424,0
84640,0,2425,0
84642,0,2425,0
84644,0,2425,0
84646,0,2456,0
84648,0,2427,0
84650,0,2427,0
84652,0,2429,0
84654,0,2429,0
84656,0,2429,0
84658,0,2431,0
84660,0,2431,0
84662,0,2432,0
84664,0,2431,0
84666,0,2437,0
84668,0,2431,0
84670,0,2439,0
84672,0,2439,0
84674,68253,2421,1
84676,0,2419,0
84678,0,2421,0
84680,0,2419,0
84682,0,2421,0
84684,0,2420,0
84686,0,2421,0
84688,0,2425,0
84690,0,2423,0
84692,0,2425,0
84694,0,2423,0
84696,0,2415,0
84698,0,2427,0
84700,0,2427,0
84702,0,2427,0
84704,0,2427,0
84706,0,2427,0
84708,0,2429,0
84710,0,2429,0
84712,0,2429,0
84714,68188,2410,1
84716,0,2410,0
84718,0,2410,0
84720,0,2413,0
84722,0,2412,0
84724,0,2413,0
84726,0,2413,0
84728,0,2415,0
84730,0,2415,0
84732,0,2419,0
84734,0,2415,0
84736,0,2416,0
84738,0,2420,0
84740,0,2421,0
84742,0,2421,0
84744,0,2423,0
84746,0,2421,0
84748,0,2423,0
84750,0,2423,0
84752,0,2424,0
84754,68134,2403,1
84756,0,2403,0
84758,0,2403,0
84760,0,2403,0
84762,0,2407,0
84764,0,2406,0
84766,0,2407,0
84768,0,2409,0
84770,0,2409,0
84772,0,2409,0
84774,0,2409,0
84776,0,2411,0
84778,0,2411,0
84780,0,2412,0
84782,0,2413,0
84784,0,2415,0
84786,0,2415,0
84788,0,2415,0
84790,0,2415,0
84792,68129,2415,1
84794,0,2413,0
84796,0,2415,0
84798,0,2415,0
84800,0,2419,0
84802,0,2416,0
84804,0,2419,0
84806,0,2421,0
84808,0,2416,0
84810,0,2421,0
84812,0,2420,0
84814,0,2423,0
84816,0,2423,0
84818,0,2423,0
84820,0,2421,0
84822,0,2423,0
84824,0,2425,0
84826,0,2425,0
84828,0,2425,0
84830,0,2427,0
84832,68140,2427,1
84834,0,2428,0
84836,0,2426,0
84838,0,2427,0
84840,0,2431,0
84842,0,2429,0
84844,0,2429,0
84846,0,2429,0
84848,0,2430,0
84850,0,2431,0
84852,0,2437,0
84854,0,2431,0
84856,0,2431,0
84858,0,2431,0
84860,0,2439,0
84862,0,2439,0
84864,0,2437,0
84866,0,2439,0
84868,0,2439,0
84870,0,2440,0
84872,68148,2431,1
84874,0,2437,0
84876,0,2438,0
84878,0,2431,0
84880,0,2440,0
84882,0,2438,0
84884,0,2441,0
84886,0,2439,0
84888,0,2440,0
84890,0,2441,0
84892,0,2443,0
84894,0,2443,0
84896,0,2443,0
84898,0,2442,0
84900,0,2445,0
84902,0,2442,0
84904,0,2445,0
84906,0,2445,0
84908,0,2445,0
84910,0,2445,0
84912,68149,2441,1
84914,0,2440,0
84916,0,2440,0
84918,0,2439,0
84920,0,2439,0
84922,0,2442,0
84924,0,2441,0
84926,0,2438,0
84928,0,2442,0
84930,0,2444,0
84932,0,2443,0
84934,0,2443,0
84936,0,2443,0
84938,0,2443,0
84940,0,2445,0
84942,0,2445,0
84944,0,2449,0
84946,0,2449,0
84948,0,2447,0
84950,0,2447,0
84952,68153,2439,1
84954,0,2439,0
84956,0,2432,0
84958,0,2439,0
84960,0,2441,0
84962,0,2441,0
84964,0,2441,0
84966,0,2441,0
84968,0,2441,0
84970,0,2442,0
84972,0,2444,0
84974,0,2445,0
84976,0,2443,0
84978,0,2444,0
84980,0,2445,0
84982,0,2445,0
84984,0,2443,0
84986,0,2443,0
84988,0,2445,0
84990,0,2445,0
84992,68144,2431,1
84994,0,2431,0
84996,0,2430,0
84998,0,2431,0
85000,0,2431,0
85002,0,2431,0
85004,0,2431,0
85006,0,2440,0
85008,0,2439,0
85010,0,2441,0
85012,0,2440,0
85014,0,2441,0
85016,0,2441,0
85018,0,2441,0
85020,0,2441,0
85022,0,2441,0
85024,0,2443,0
85026,0,2441,0
85028,0,2443,0
85030,0,2443,0
85032,68156,2427,1
85034,0,2427,0
85036,0,2426,0
85038,0,2427,0
85040,0,2427,0
85042,0,2427,0
85044,0,2428,0
85046,0,2429,0
85048,0,2428,0
85050,0,2429,0
85052,0,2429,0
85054,0,2431,0
85056,0,2430,0
85058,0,2441,0
85060,0,2436,0
85062,0,2438,0
85064,0,2438,0
85066,0,2439,0
85068,0,2439,0
85070,0,2431,0
85072,68165,2421,1
85074,0,2419,0
85076,0,2420,0
85078,0,2423,0
85080,0,2421,0
85082,0,2424,0
85084,0,2423,0
85086,0,2424,0
85088,0,2423,0
85090,0,2425,0
85092,0,2425,0
85094,0,2426,0
85096,0,2425,0
85098,0,2425,0
85100,0,2427,0
85102,0,2429,0
85104,0,2427,0
85106,0,2431,0
85108,0,2428,0
85110,0,2429,0
85112,68134,2411,1
85114,0,2409,0
85116,0,2411,0
85118,0,2413,0
85120,0,2411,0
85122,0,2413,0
85124,0,2415,0
85126,0,2414,0
85128,0,2415,0
85130,0,2416,0
85132,0,2415,0
85134,0,2419,0
85136,0,2419,0
85138,0,2421,0
85140,0,2422,0
85142,0,2423,0
85144,0,2422,0
85146,0,2423,0
85148,0,2424,0
85150,0,2423,0
85152,68106,2404,1
85154,0,2400,0
85156,0,2403,0
85158,0,2403,0
85160,0,2404,0
85162,0,2405,0
85164,0,2403,0
85166,0,2407,0
85168,0,2407,0
85170,0,2409,0
85172,0,2407,0
85174,0,2411,0
85176,0,2411,0
85178,0,2411,0
85180,0,2412,0
85182,0,2413,0
85184,0,2413,0
85186,0,2414,0
85188,0,2415,0
85190,68125,2415,1
85192,0,2413,0
85194,0,2413,0
85196,0,2415,0
85198,0,2415,0
85200,0,2414,0
85202,0,2416,0
85204,0,2419,0
85206,0,2416,0
85208,0,2421,0
85210,0,2419,0
85212,0,2421,0
85214,0,2423,0
85216,0,2421,0
85218,0,2423,0
85220,0,2424,0
85222,0,2425,0
85224,0,2426,0
85226,0,2423,0
85228,0,2424,0
85230,68144,2426,1
85232,0,2427,0
85234,0,2425,0
85236,0,2428,0
85238,0,2427,0
85240,0,2427,0
85242,0,2427,0
85244,0,2427,0
85246,0,2428,0
85248,0,2429,0
85250,0,2428,0
85252,0,2432,0
85254,0,2431,0
85256,0,2431,0
85258,0,2431,0
85260,0,2437,0
85262,0,2439,0
85264,0,2439,0
85266,0,2439,0
85268,0,2439,0
85270,68147,2437,1
85272,0,2431,0
85274,0,2437,0
85276,0,2431,0
85278,0,2432,0
85280,0,2439,0
85282,0,2439,0
85284,0,2439,0
85286,0,2439,0
85288,0,2440,0
85290,0,2439,0
85292,0,2440,0
85294,0,2441,0
85296,0,2441,0
85298,0,2441,0
85300,0,2441,0
85302,0,2443,0
85304,0,2443,0
85306,0,2443,0
85308,0,2443,0
85310,68142,2439,1
85312,0,2431,0
85314,0,2438,0
85316,0,2439,0
85318,0,2439,0
85320,0,2440,0
85322,0,2440,0
85324,0,2441,0
85326,0,2441,0
85328,0,2441,0
85330,0,2440,0
85332,0,2441,0
85334,0,2442,0
85336,0,2443,0
85338,0,2443,0
85340,0,2442,0
85342,0,2445,0
85344,0,2444,0
85346,0,2444,0
85348,0,2444,0
85350,68141,2437,1
85352,0,2437,0
85354,0,2439,0
85356,0,2439,0
85358,0,2438,0
85360,0,2439,0
85362,0,2439,0
85364,0,2439,0
85366,0,2441,0
85368,0,2439,0
85370,0,2441,0
85372,0,2450,0
85374,0,2440,0
85376,0,2441,0
85378,0,2443,0
85380,0,2444,0
85382,0,2443,0
85384,0,2445,0
85386,0,2443,0
85388,0,2443,0
85390,68141,2431,1
85392,0,2428,0
85394,0,2428,0
85396,0,2431,0
85398,0,2430,0
85400,0,2437,0
85402,0,2431,0
85404,0,2437,0
85406,0,2431,0
85408,0,2439,0
85410,0,2438,0
85412,0,2439,0
85414,0,2437,0
85416,0,2441,0
85418,0,2439,0
85420,0,2441,0
85422,0,2441,0
85424,0,2441,0
85426,0,2441,0
85428,0,2441,0
85430,68170,2424,1
85432,0,2422,0
85434,0,2425,0
85436,0,2424,0
85438,0,2427,0
85440,0,2425,0
85442,0,2425,0
85444,0,2426,0
85446,0,2427,0
85448,0,2428,0
85450,0,2429,0
85452,0,2429,0
85454,0,2429,0
85456,0,2429,0
85458,0,2428,0
85460,0,2431,0
85462,0,2431,0
85464,0,2431,0
85466,0,2437,0
85468,0,2437,0
85470,68174,2415,1
85472,0,2413,0
85474,0,2415,0
85476,0,2421,0
85478,0,2415,0
85480,0,2416,0
85482,0,2421,0
85484,0,2421,0
85486,0,2421,0
85488,0,2423,0
85490,0,2420,0
85492,0,2424,0
85494,0,2423,0
85496,0,2425,0
85498,0,2425,0
85500,0,2427,0
85502,0,2427,0
85504,0,2427,0
85506,0,2428,0
85508,0,2428,0
85510,68122,2408,1
85512,0,2409,0
85514,0,2409,0
85516,0,2409,0
85518,0,2411,0
85520,0,2412,0
85522,0,2413,0
85524,0,2412,0
85526,0,2413,0
85528,0,2413,0
85530,0,2414,0
85532,0,2416,0
85534,0,2415,0
85536,0,2415,0
85538,0,2419,0
85540,0,2419,0
85542,0,2419,0
85544,0,2421,0
85546,0,2421,0
85548,0,2423,0
85550,68081,2399,1
85552,0,2397,0
85554,0,2397,0
85556,0,2401,0
85558,0,2403,0
85560,0,2405,0
85562,0,2405,0
85564,0,2405,0
85566,0,2407,0
85568,0,2407,0
85570,0,2407,0
85572,0,2409,0
85574,0,2409,0
85576,0,2409,0
85578,0,2413,0
85580,0,2411,0
85582,0,2412,0
85584,0,2413,0
85586,0,2413,0
85588,68069,2413,1
85590,0,2409,0
85592,0,2411,0
85594,0,2411,0
85596,0,2412,0
85598,0,2413,0
85600,0,2413,0
85602,0,2415,0
85604,0,2414,0
85606,0,2415,0
85608,0,2416,0
85610,0,2415,0
85612,0,2419,0
85614,0,2418,0
85616,0,2421,0
85618,0,2421,0
85620,0,2421,0
85622,0,2423,0
85624,0,2423,0
85626,0,2423,0
85628,68074,2420,1
85630,0,2422,0
85632,0,2423,0
85634,0,2422,0
85636,0,2422,0
85638,0,2425,0
85640,0,2425,0
85642,0,2424,0
85644,0,2425,0
85646,0,2429,0
85648,0,2427,0
85650,0,2427,0
85652,0,2427,0
85654,0,2424,0
85656,0,2429,0
85658,0,2429,0
85660,0,2429,0
85662,0,2431,0
85664,0,2430,0
85666,0,2431,0
85668,68068,2429,1
85670,0,2429,0
85672,0,2428,0
85674,0,2429,0
85676,0,2429,0
85678,0,2429,0
85680,0,2429,0
85682,0,2431,0
85684,0,2429,0
85686,0,2430,0
85688,0,2437,0
85690,0,2439,0
85692,0,2437,0
85694,0,2439,0
85696,0,2432,0
85698,0,2439,0
85700,0,2440,0
85702,0,2439,0
85705,0,2441,0
85707,0,2441,0
85709,68071,2431,1
85711,0,2428,0
85713,0,2429,0
85715,0,2429,0
85717,0,2430,0
85719,0,2431,0
85721,0,2429,0
85723,0,2439,0
85725,0,2440,0
85727,0,2439,0
85729,0,2439,0
85731,0,2439,0
85733,0,2439,0
85735,0,2439,0
85737,0,2440,0
85739,0,2441,0
85741,0,2440,0
85743,0,2442,0
85745,0,2441,0
85747,0,2441,0
85749,68070,2428,1
85751,0,2428,0
85753,0,2429,0
85755,0,2428,0
85757,0,2429,0
85759,0,2430,0
85761,0,2431,0
85763,0,2431,0
85765,0,2439,0
85767,0,2437,0
85769,0,2439,0
85771,0,2437,0
85773,0,2439,0
85775,0,2438,0
85777,0,2440,0
85779,0,2431,0
85781,0,2439,0
85783,0,2442,0
85785,0,2440,0
85787,0,2441,0
85789,68086,2425,1
85791,0,2422,0
85793,0,2425,0
85795,0,2425,0
85797,0,2427,0
85799,0,2427,0
85801,0,2428,0
85803,0,2431,0
85805,0,2429,0
85807,0,2428,0
85809,0,2431,0
85811,0,2431,0
85813,0,2430,0
85815,0,2431,0
85817,0,2431,0
85819,0,2439,0
85821,0,2437,0
85823,0,2439,0
85825,0,2441,0
85827,0,2439,0
85829,68098,2421,1
85831,0,2421,0
85833,0,2420,0
85835,0,2421,0
85837,0,2421,0
85839,0,2424,0
85841,0,2423,0
85843,0,2424,0
85845,0,2422,0
85847,0,2425,0
85849,0,2425,0
85851,0,2427,0
85853,0,2426,0
85855,0,2428,0
85857,0,2429,0
85859,0,2428,0
85861,0,2428,0
85863,0,2429,0
85865,0,2429,0
85867,0,2429,0
85869,68094,2413,1
85871,0,2411,0
85873,0,2413,0
85875,0,2413,0
85877,0,2414,0
85879,0,2414,0
85881,0,2419,0
85883,0,2415,0
85885,0,2415,0
85887,0,2419,0
85889,0,2421,0
85891,0,2421,0
85893,0,2420,0
85895,0,2422,0
85897,0,2425,0
85899,0,2423,0
85901,0,2423,0
85903,0,2423,0
85905,0,2424,0
85907,0,2428,0
85909,68045,2404,1
85911,0,2403,0
85913,0,2405,0
85915,0,2405,0
85917,0,2409,0
85919,0,2407,0
85921,0,2409,0
85923,0,2408,0
85925,0,2409,0
85927,0,2411,0
85929,0,2407,0
85931,0,2412,0
85933,0,2412,0
85935,0,2413,0
85937,0,2413,0
85939,0,2412,0
85941,0,2413,0
85943,0,2423,0
85945,0,2419,0
85947,0,2419,0
85949,68059,2396,1
85951,0,2393,0
85953,0,2395,0
85955,0,2395,0
85957,0,2397,0
85959,0,2396,0
85961,0,2403,0
85963,0,2399,0
85965,0,2403,0
85967,0,2403,0
85969,0,2404,0
85971,0,2404,0
85973,0,2405,0
85975,0,2407,0
85977,0,2407,0
85979,0,2407,0
85981,0,2408,0
85983,0,2409,0
85985,0,2409,0
85987,68071,2411,1
85989,0,2411,0
85991,0,2411,0
85993,0,2413,0
85995,0,2415,0
85997,0,2412,0
85999,0,2410,0
86001,0,2415,0
86003,0,2413,0
86005,0,2419,0
86007,0,2419,0
86009,0,2415,0
86011,0,2421,0
86013,0,2419,0
86015,0,2421,0
86017,0,2423,0
86019,0,2420,0
86021,0,2423,0
86023,0,2424,0
86025,0,2425,0
86027,68082,2425,1
86029,0,2421,0
86031,0,2423,0
86033,0,2423,0
86035,0,2424,0
86037,0,2425,0
86039,0,2425,0
86041,0,2425,0
86043,0,2427,0
86045,0,2427,0
86047,0,2427,0
86049,0,2427,0
86051,0,2425,0
86053,0,2429,0
86055,0,2430,0
86057,0,2429,0
86059,0,2429,0
86061,0,2431,0
86063,0,2431,0
86065,0,2431,0
86067,68081,2428,1
86069,0,2427,0
86071,0,2429,0
86073,0,2427,0
86075,0,2427,0
86077,0,2431,0
86079,0,2429,0
86081,0,2429,0
86083,0,2431,0
86085,0,2437,0
86087,0,2437,0
86089,0,2431,0
86091,0,2431,0
86093,0,2430,0
86095,0,2438,0
86097,0,2439,0
86099,0,2438,0
86101,0,2439,0
86103,0,2439,0
86105,0,2439,0
86107,68083,2429,1
86109,0,2423,0
86111,0,2427,0
86113,0,2429,0
86115,0,2429,0
86117,0,2431,0
86119,0,2429,0
86121,0,2429,0
86123,0,2431,0
86125,0,2431,0
86127,0,2437,0
86129,0,2431,0
86131,0,2437,0
86133,0,2438,0
86135,0,2439,0
86137,0,2441,0
86139,0,2439,0
86141,0,2440,0
86143,0,2440,0
86145,0,2441,0
86147,68083,2427,1
86149,0,2425,0
86151,0,2423,0
86153,0,2428,0
86155,0,2428,0
86157,0,2429,0
86159,0,2429,0
86161,0,2429,0
86163,0,2431,0
86165,0,2431,0
86167,0,2431,0
86169,0,2430,0
86171,0,2437,0
86173,0,2439,0
86175,0,2432,0
86177,0,2438,0
86179,0,2439,0
86181,0,2439,0
86183,0,2439,0
86185,0,2439,0
86187,68091,2424,1
86189,0,2423,0
86191,0,2423,0
86193,0,2423,0
86195,0,2424,0
86197,0,2424,0
86199,0,2427,0
86201,0,2427,0
86203,0,2427,0
86205,0,2427,0
86207,0,2427,0
86209,0,2428,0
86211,0,2427,0
86213,0,2429,0
86215,0,2429,0
86217,0,2429,0
86219,0,2431,0
86221,0,2431,0
86223,0,2431,0
86225,0,2437,0
86227,68105,2415,1
86229,0,2415,0
86231,0,2419,0
86233,0,2418,0
86235,0,2415,0
86237,0,2419,0
86239,0,2421,0
86241,0,2421,0
86243,0,2422,0
86245,0,2423,0
86247,0,2423,0
86249,0,2425,0
86251,0,2425,0
86253,0,2424,0
86255,0,2425,0
86257,0,2425,0
86259,0,2427,0
86261,0,2427,0
86263,0,2429,0
86265,0,2427,0
86267,68083,2411,1
86269,0,2409,0
86271,0,2409,0
86273,0,2409,0
86275,0,2410,0
86277,0,2410,0
86279,0,2413,0
86281,0,2413,0
86283,0,2413,0
86285,0,2415,0
86287,0,2415,0
86289,0,2415,0
86291,0,2419,0
86293,0,2419,0
86295,0,2419,0
86297,0,2419,0
86299,0,2421,0
86301,0,2421,0
86303,0,2422,0
86305,0,2421,0
86307,68060,2401,1
86309,0,2399,0
86311,0,2399,0
86313,0,2401,0
86315,0,2403,0
86317,0,2403,0
86319,0,2405,0
86321,0,2405,0
86323,0,2409,0
86325,0,2406,0
86327,0,2409,0
86329,0,2409,0
86331,0,2409,0
86333,0,2411,0
86335,0,2411,0
86337,0,2412,0
86339,0,2412,0
86341,0,2413,0
86343,0,2412,0
86345,68087,2414,1
86347,0,2424,0
86349,0,2412,0
86351,0,2412,0
86353,0,2414,0
86355,0,2411,0
86357,0,2415,0
86359,0,2415,0
86361,0,2419,0
86363,0,2419,0
86365,0,2421,0
86367,0,2420,0
86369,0,2420,0
86371,0,2423,0
86373,0,2423,0
86375,0,2421,0
86377,0,2419,0
86379,0,2424,0
86381,0,2424,0
86383,0,2425,0
86385,68099,2423,1
86387,0,2425,0
86389,0,2424,0
86391,0,2425,0
86393,0,2427,0
86395,0,2427,0
86397,0,2427,0
86399,0,2430,0
86401,0,2431,0
86403,0,2429,0
86405,0,2429,0
86407,0,2431,0
86409,0,2431,0
86411,0,2429,0
86413,0,2431,0
86415,0,2431,0
86417,0,2432,0
86419,0,2438,0
86421,0,2439,0
86423,0,2438,0
86425,68096,2431,1
86427,0,2431,0
86429,0,2438,0
86431,0,2431,0
86433,0,2430,0
86435,0,2437,0
86437,0,2431,0
86439,0,2439,0
86441,0,2440,0
86443,0,2441,0
86445,0,2439,0
86447,0,2439,0
86449,0,2439,0
86451,0,2440,0
86453,0,2443,0
86455,0,2443,0
86457,0,2441,0
86459,0,2443,0
86461,0,2443,0
86463,0,2443,0
86465,68078,2440,1
86467,0,2437,0
86469,0,2439,0
86471,0,2440,0
86473,0,2439,0
86475,0,2438,0
86477,0,2439,0
86479,0,2441,0
86481,0,2440,0
86483,0,2443,0
86485,0,2442,0
86487,0,2441,0
86489,0,2443,0
86491,0,2443,0
86493,0,2443,0
86495,0,2444,0
86497,0,2444,0
86499,0,2445,0
86501,0,2446,0
86503,0,2445,0
86505,68078,2439,1
86507,0,2439,0
86509,0,2439,0
86511,0,2439,0
86513,0,2437,0
86515,0,2439,0
86517,0,2441,0
86519,0,2440,0
86521,0,2441,0
86523,0,2440,0
86525,0,2439,0
86527,0,2441,0
86529,0,2443,0
86531,0,2441,0
86533,0,2444,0
86535,0,2443,0
86537,0,2441,0
86539,0,2444,0
86541,0,2444,0
86543,0,2444,0
86545,68083,2431,1
86547,0,2427,0
86549,0,2431,0
86551,0,2419,0
86553,0,2429,0
86555,0,2429,0
86557,0,2431,0
86559,0,2438,0
86561,0,2439,0
86563,0,2439,0
86565,0,2431,0
86567,0,2439,0
86569,0,2442,0
86571,0,2447,0
86573,0,2439,0
86575,0,2441,0
86577,0,2441,0
86579,0,2441,0
86581,0,2442,0
86583,0,2441,0
86585,68116,2427,1
86587,0,2423,0
86589,0,2423,0
86591,0,2425,0
86593,0,2426,0
86595,0,2427,0
86597,0,2427,0
86599,0,2427,0
86601,0,2429,0
86603,0,2427,0
86605,0,2429,0
86607,0,2427,0
86609,0,2429,0
86611,0,2431,0
86613,0,2428,0
86615,0,2431,0
86617,0,2431,0
86619,0,2439,0
86621,0,2438,0
86623,0,2432,0
86625,68136,2415,1
86627,0,2419,0
86629,0,2420,0
86631,0,2419,0
86633,0,2421,0
86635,0,2421,0
86637,0,2419,0
86639,0,2421,0
86641,0,2424,0
86643,0,2423,0
86645,0,2421,0
86647,0,2423,0
86649,0,2425,0
86651,0,2425,0
86653,0,2425,0
86655,0,2427,0
86657,0,2425,0
86659,0,2426,0
86661,0,2427,0
86663,0,2427,0
86665,68131,2409,1
86667,0,2407,0
86669,0,2410,0
86671,0,2409,0
86673,0,2411,0
86675,0,2411,0
86677,0,2411,0
86679,0,2413,0
86681,0,2414,0
86683,0,2413,0
86685,0,2414,0
86687,0,2415,0
86689,0,2415,0
86691,0,2415,0
86693,0,2419,0
86695,0,2419,0
86697,0,2419,0
86699,0,2421,0
86701,0,2420,0
86703,0,2423,0
86705,68119,2397,1
86707,0,2396,0
86709,0,2397,0
86711,0,2401,0
86713,0,2403,0
86715,0,2403,0
86717,0,2405,0
86719,0,2406,0
86721,0,2407,0
86723,0,2407,0
86725,0,2405,0
86727,0,2409,0
86729,0,2409,0
86731,0,2409,0
86733,0,2409,0
86735,0,2408,0
86737,0,2413,0
86739,0,2413,0
86741,0,2411,0
86743,68161,2413,1
86745,0,2411,0
86747,0,2411,0
86749,0,2412,0
86751,0,2411,0
86753,0,2415,0
86755,0,2413,0
86757,0,2417,0
86759,0,2413,0
86761,0,2415,0
86763,0,2419,0
86765,0,2418,0
86767,0,2419,0
86769,0,2419,0
86771,0,2421,0
86773,0,2422,0
86775,0,2423,0
86777,0,2423,0
86779,0,2423,0
86781,0,2423,0
86783,68173,2425,1
86785,0,2423,0
86787,0,2423,0
86789,0,2425,0
86791,0,2423,0
86793,0,2424,0
86795,0,2425,0
86797,0,2426,0
86799,0,2427,0
86801,0,2427,0
86803,0,2427,0
86805,0,2427,0
86807,0,2429,0
86809,0,2429,0
86811,0,2431,0
86813,0,2431,0
86815,0,2429,0
86817,0,2431,0
86819,0,2437,0
86821,0,2439,0
86823,68200,2430,1
86825,0,2427,0
86827,0,2429,0
86829,0,2428,0
86831,0,2429,0
86833,0,2431,0
86835,0,2432,0
86837,0,2431,0
86839,0,2437,0
86841,0,2437,0
86843,0,2437,0
86845,0,2431,0
86847,0,2431,0
86849,0,2441,0
86851,0,2438,0
86853,0,2440,0
86855,0,2436,0
86857,0,2439,0
86859,0,2441,0
86861,0,2441,0
86863,68218,2431,1
86865,0,2429,0
86867,0,2429,0
86869,0,2431,0
86871,0,2431,0
86873,0,2438,0
86875,0,2439,0
86877,0,2437,0
86879,0,2437,0
86881,0,2439,0
86883,0,2440,0
86885,0,2440,0
86887,0,2441,0
86889,0,2440,0
86891,0,2441,0
86893,0,2443,0
86895,0,2441,0
86897,0,2441,0
86899,0,2443,0
86901,0,2443,0
86903,68232,2431,1
86905,0,2428,0
86907,0,2429,0
86909,0,2428,0
86911,0,2431,0
86913,0,2431,0
86915,0,2430,0
86917,0,2439,0
86919,0,2439,0
86921,0,2438,0
86923,0,2439,0
86925,0,2438,0
86927,0,2440,0
86929,0,2439,0
86931,0,2441,0
86933,0,2439,0
86935,0,2441,0
86937,0,2441,0
86939,0,2441,0
86941,0,2443,0
86943,68246,2426,1
86945,0,2426,0
86947,0,2427,0
86949,0,2427,0
86951,0,2427,0
86953,0,2426,0
86955,0,2429,0
86957,0,2428,0
86959,0,2429,0
86961,0,2429,0
86963,0,2429,0
86965,0,2431,0
86967,0,2437,0
86969,0,2431,0
86971,0,2437,0
86973,0,2439,0
86975,0,2437,0
86977,0,2438,0
86979,0,2440,0
86981,0,2439,0
86983,68290,2421,1
86985,0,2421,0
86987,0,2421,0
86989,0,2421,0
86991,0,2423,0
86993,0,2423,0
86995,0,2426,0
86997,0,2423,0
86999,0,2425,0
87001,0,2425,0
87003,0,2428,0
87005,0,2425,0
87007,0,2427,0
87009,0,2429,0
87011,0,2429,0
87013,0,2429,0
87015,0,2428,0
87017,0,2429,0
87019,0,2430,0
87021,0,2430,0
87023,68301,2414,1
87025,0,2413,0
87027,0,2413,0
87029,0,2413,0
87031,0,2415,0
87033,0,2415,0
87035,0,2419,0
87037,0,2420,0
87039,0,2415,0
87041,0,2419,0
87043,0,2423,0
87045,0,2421,0
87047,0,2423,0
87049,0,2421,0
87051,0,2423,0
87053,0,2423,0
87055,0,2425,0
87057,0,2425,0
87059,0,2427,0
87061,0,2425,0
87063,68264,2409,1
87065,0,2404,0
87067,0,2407,0
87069,0,2407,0
87071,0,2407,0
87073,0,2409,0
87075,0,2409,0
87077,0,2409,0
87079,0,2410,0
87081,0,2412,0
87083,0,2412,0
87085,0,2411,0
87087,0,2415,0
87089,0,2415,0
87091,0,2413,0
87093,0,2419,0
87095,0,2419,0
87097,0,2419,0
87099,0,2416,0
87101,0,2421,0
87103,68278,2396,1
87105,0,2394,0
87107,0,2396,0
87109,0,2395,0
87111,0,2399,0
87113,0,2397,0
87115,0,2403,0
87117,0,2403,0
87119,0,2405,0
87121,0,2405,0
87123,0,2405,0
87125,0,2407,0
87127,0,2407,0
87129,0,2407,0
87131,0,2407,0
87133,0,2409,0
87135,0,2410,0
87137,0,2411,0
87139,0,2411,0
87141,68309,2412,1
87143,0,2407,0
87145,0,2409,0
87147,0,2404,0
87149,0,2407,0
87151,0,2409,0
87153,0,2409,0
87155,0,2411,0
87157,0,2413,0
87159,0,2413,0
87161,0,2415,0
87163,0,2413,0
87165,0,2415,0
87167,0,2419,0
87169,0,2419,0
87171,0,2415,0
87173,0,2419,0
87175,0,2420,0
87177,0,2420,0
87179,0,2421,0
87181,68344,2421,1
87183,0,2421,0
87185,0,2421,0
87187,0,2421,0
87189,0,2423,0
87191,0,2425,0
87193,0,2423,0
87195,0,2423,0
87197,0,2424,0
87199,0,2424,0
87201,0,2425,0
87203,0,2427,0
87205,0,2425,0
87207,0,2427,0
87209,0,2427,0
87211,0,2428,0
87213,0,2428,0
87215,0,2428,0
87217,0,2429,0
87219,0,2429,0
87221,68355,2425,1
87223,0,2423,0
87225,0,2425,0
87227,0,2427,0
87229,0,2427,0
87231,0,2429,0
87233,0,2427,0
87235,0,2427,0
87237,0,2429,0
87239,0,2429,0
87241,0,2431,0
87243,0,2430,0
87245,0,2430,0
87247,0,2431,0
87249,0,2431,0
87251,0,2437,0
87253,0,2437,0
87255,0,2441,0
87257,0,2439,0
87259,0,2439,0
87261,68371,2428,1
87263,0,2427,0
87265,0,2429,0
87267,0,2428,0
87269,0,2429,0
87271,0,2429,0
87273,0,2430,0
87275,0,2429,0
87277,0,2431,0
87279,0,2431,0
87281,0,2437,0
87283,0,2431,0
87285,0,2439,0
87287,0,2439,0
87289,0,2439,0
87291,0,2437,0
87293,0,2439,0
87295,0,2440,0
87297,0,2441,0
87299,0,2439,0
87301,68377,2428,1
87303,0,2425,0
87305,0,2425,0
87307,0,2427,0
87309,0,2427,0
87311,0,2427,0
87313,0,2428,0
87315,0,2432,0
87317,0,2430,0
87319,0,2431,0
87321,0,2438,0
87323,0,2431,0
87325,0,2431,0
87327,0,2432,0
87329,0,2439,0
87331,0,2438,0
87333,0,2439,0
87335,0,2439,0
87337,0,2438,0
87339,0,2439,0
87341,68349,2415,1
87343,0,2424,0
87345,0,2424,0
87347,0,2419,0
87349,0,2425,0
87351,0,2425,0
87353,0,2427,0
87355,0,2427,0
87357,0,2428,0
87359,0,2427,0
87361,0,2430,0
87363,0,2428,0
87365,0,2429,0
87367,0,2429,0
87369,0,2431,0
87371,0,2431,0
87373,0,2431,0
87375,0,2437,0
87377,0,2437,0
87379,0,2437,0
87381,68373,2420,1
87383,0,2419,0
87385,0,2419,0
87387,0,2419,0
87389,0,2421,0
87391,0,2419,0
87393,0,2421,0
87395,0,2421,0
87397,0,2423,0
87399,0,2423,0
87401,0,2423,0
87403,0,2423,0
87405,0,2425,0
87407,0,2425,0
87409,0,2426,0
87411,0,2427,0
87413,0,2427,0
87415,0,2428,0
87417,0,2428,0
87419,0,2429,0
87421,68350,2409,1
87423,0,2411,0
87425,0,2409,0
87427,0,2411,0
87429,0,2412,0
87431,0,2413,0
87433,0,2413,0
87435,0,2415,0
87437,0,2415,0
87439,0,2419,0
87441,0,2419,0
87443,0,2419,0
87445,0,2419,0
87447,0,2421,0
87449,0,2419,0
87451,0,2421,0
87453,0,2423,0
87455,0,2423,0
87457,0,2423,0
87459,0,2425,0
87461,68316,2404,1
87463,0,2401,0
87465,0,2399,0
87467,0,2405,0
87469,0,2405,0
87471,0,2406,0
87473,0,2407,0
87475,0,2407,0
87477,0,2408,0
87479,0,2409,0
87481,0,2409,0
87483,0,2408,0
87485,0,2410,0
87487,0,2411,0
87489,0,2413,0
87491,0,2415,0
87493,0,2415,0
87495,0,2413,0
87497,0,2413,0
87499,68341,2415,1
87501,0,2413,0
87503,0,2415,0
87505,0,2415,0
87507,0,2415,0
87509,0,2419,0
87511,0,2421,0
87513,0,2419,0
87515,0,2415,0
87517,0,2420,0
87519,0,2422,0
87521,0,2424,0
87523,0,2423,0
87525,0,2423,0
87527,0,2421,0
87529,0,2423,0
87531,0,2423,0
87533,0,2425,0
87535,0,2425,0
87537,0,2425,0
87539,68371,2426,1
87541,0,2429,0
87543,0,2428,0
87545,0,2427,0
87547,0,2427,0
87549,0,2429,0
87551,0,2429,0
87553,0,2430,0
87555,0,2431,0
87557,0,2431,0
87559,0,2432,0
87561,0,2431,0
87563,0,2439,0
87565,0,2439,0
87567,0,2438,0
87569,0,2440,0
87571,0,2439,0
87573,0,2440,0
87575,0,2440,0
87577,0,2440,0
87579,68369,2439,1
87581,0,2437,0
87583,0,2438,0
87585,0,2441,0
87587,0,2438,0
87590,0,2439,0
87592,0,2440,0
87594,0,2432,0
87596,0,2431,0
87598,0,2441,0
87600,0,2440,0
87602,0,2441,0
87604,0,2443,0
87606,0,2444,0
87608,0,2443,0
87610,0,2443,0
87612,0,2443,0
87614,0,2443,0
87616,0,2443,0
87618,0,2445,0
87620,68364,2441,1
87622,0,2439,0
87624,0,2439,0
87626,0,2441,0
87628,0,2440,0
87630,0,2441,0
87632,0,2441,0
87634,0,2443,0
87636,0,2444,0
87638,0,2443,0
87640,0,2443,0
87642,0,2444,0
87644,0,2442,0
87646,0,2443,0
87648,0,2445,0
87650,0,2451,0
87652,0,2445,0
87654,0,2445,0
87656,0,2447,0
87658,0,2447,0
87660,68345,2441,1
87662,0,2439,0
87664,0,2438,0
87666,0,2439,0
87668,0,2439,0
87670,0,2439,0
87672,0,2442,0
87674,0,2443,0
87676,0,2440,0
87678,0,2443,0
87680,0,2443,0
87682,0,2443,0
87684,0,2443,0
87686,0,2443,0
87688,0,2443,0
87690,0,2445,0
87692,0,2443,0
87694,0,2445,0
87696,0,2445,0
87698,0,2445,0
87700,68338,2438,1
87702,0,2429,0
87704,0,2431,0
87706,0,2432,0
87708,0,2430,0
87710,0,2431,0
87712,0,2439,0
87714,0,2439,0
87716,0,2439,0
87718,0,2439,0
87720,0,2439,0
87722,0,2441,0
87724,0,2441,0
87726,0,2441,0
87728,0,2441,0
87730,0,2442,0
87732,0,2443,0
87734,0,2447,0
87736,0,2444,0
87738,0,2441,0
87740,68349,2427,1
87742,0,2425,0
87744,0,2428,0
87746,0,2429,0
87748,0,2429,0
87750,0,2428,0
87752,0,2429,0
87754,0,2429,0
87756,0,2429,0
87758,0,2430,0
87760,0,2431,0
87762,0,2431,0
87764,0,2431,0
87766,0,2431,0
87768,0,2430,0
87770,0,2439,0
87772,0,2438,0
87774,0,2439,0
87776,0,2439,0
87778,0,2439,0
87780,68351,2419,1
87782,0,2420,0
87784,0,2419,0
87786,0,2421,0
87788,0,2422,0
87790,0,2419,0
87792,0,2423,0
87794,0,2423,0
87796,0,2423,0
87798,0,2425,0
87800,0,2425,0
87802,0,2427,0
87804,0,2425,0
87806,0,2427,0
87808,0,2427,0
87810,0,2429,0
87812,0,2427,0
87814,0,2429,0
87816,0,2429,0
87818,0,2425,0
87820,68309,2411,1
87822,0,2410,0
87824,0,2411,0
87826,0,2411,0
87828,0,2413,0
87830,0,2413,0
87832,0,2414,0
87834,0,2413,0
87836,0,2413,0
87838,0,2415,0
87840,0,2415,0
87842,0,2415,0
87844,0,2421,0
87846,0,2418,0
87848,0,2423,0
87850,0,2421,0
87852,0,2423,0
87854,0,2421,0
87856,0,2423,0
87858,0,2423,0
87860,68292,2405,1
87862,0,2403,0
87864,0,2405,0
87866,0,2403,0
87868,0,2405,0
87870,0,2405,0
87872,0,2405,0
87874,0,2407,0
87876,0,2407,0
87878,0,2409,0
87880,0,2409,0
87882,0,2411,0
87884,0,2411,0
87886,0,2410,0
87888,0,2414,0
87890,0,2411,0
87892,0,2415,0
87894,0,2415,0
87896,0,2413,0
87898,68299,2415,1
87900,0,2412,0
87902,0,2413,0
87904,0,2414,0
87906,0,2413,0
87908,0,2413,0
87910,0,2415,0
87912,0,2414,0
87914,0,2415,0
87916,0,2419,0
87918,0,2419,0
87920,0,2420,0
87922,0,2421,0
87924,0,2423,0
87926,0,2422,0
87928,0,2422,0
87930,0,2423,0
87932,0,2425,0
87934,0,2424,0
87936,0,2424,0
87938,68298,2425,1
87940,0,2425,0
87942,0,2425,0
87944,0,2424,0
87946,0,2425,0
87948,0,2425,0
87950,0,2428,0
87952,0,2427,0
87954,0,2429,0
87956,0,2428,0
87958,0,2429,0
87960,0,2429,0
87962,0,2431,0
87964,0,2429,0
87966,0,2431,0
87968,0,2431,0
87970,0,2431,0
87972,0,2431,0
87974,0,2439,0
87976,0,2439,0
87978,68277,2431,1
87980,0,2429,0
87982,0,2431,0
87984,0,2431,0
87986,0,2431,0
87988,0,2437,0
87990,0,2439,0
87992,0,2439,0
87994,0,2439,0
87996,0,2437,0
87998,0,2439,0
88000,0,2439,0
88002,0,2439,0
88004,0,2441,0
88006,0,2441,0
88008,0,2441,0
88010,0,2441,0
88012,0,2443,0
88014,0,2443,0
88016,0,2442,0
88018,68267,2439,1
88020,0,2432,0
88022,0,2443,0
88024,0,2441,0
88026,0,2437,0
88028,0,2438,0
88030,0,2438,0
88032,0,2429,0
88034,0,2441,0
88036,0,2439,0
88038,0,2441,0
88040,0,2443,0
88042,0,2441,0
88044,0,2441,0
88046,0,2443,0
88048,0,2443,0
88050,0,2443,0
88052,0,2443,0
88054,0,2443,0
88056,0,2445,0
88058,68274,2431,1
88060,0,2429,0
88062,0,2431,0
88064,0,2430,0
88066,0,2431,0
88068,0,2437,0
88070,0,2431,0
88072,0,2439,0
88074,0,2438,0
88076,0,2441,0
88078,0,2439,0
88080,0,2439,0
88082,0,2439,0
88084,0,2442,0
88086,0,2440,0
88088,0,2441,0
88090,0,2443,0
88092,0,2442,0
88094,0,2443,0
88096,0,2443,0
88098,68279,2428,1
88100,0,2427,0
88102,0,2427,0
88104,0,2427,0
88106,0,2429,0
88108,0,2430,0
88110,0,2429,0
88112,0,2431,0
88114,0,2429,0
88116,0,2429,0
88118,0,2437,0
88120,0,2438,0
88122,0,2431,0
88124,0,2437,0
88126,0,2439,0
88128,0,2440,0
88130,0,2439,0
88132,0,2439,0
88134,0,2440,0
88136,0,2439,0
88138,68277,2422,1
88140,0,2421,0
88142,0,2422,0
88144,0,2421,0
88146,0,2423,0
88148,0,2425,0
88150,0,2424,0
88152,0,2424,0
88154,0,2424,0
88156,0,2427,0
88158,0,2427,0
88160,0,2427,0
88162,0,2429,0
88164,0,2427,0
88166,0,2427,0
88168,0,2431,0
88170,0,2431,0
88172,0,2431,0
88174,0,2430,0
88176,0,2437,0
88178,68229,2414,1
88180,0,2413,0
88182,0,2415,0
88184,0,2415,0
88186,0,2415,0
88188,0,2419,0
88190,0,2419,0
88192,0,2419,0
88194,0,2420,0
88196,0,2421,0
88198,0,2410,0
88200,0,2423,0
88202,0,2423,0
88204,0,2423,0
88206,0,2424,0
88208,0,2424,0
88210,0,2424,0
88212,0,2425,0
88214,0,2427,0
88216,0,2429,0
88218,68148,2407,1
88220,0,2407,0
88222,0,2409,0
88224,0,2406,0
88226,0,2407,0
88228,0,2409,0
88230,0,2409,0
88232,0,2409,0
88234,0,2411,0
88236,0,2411,0
88238,0,2412,0
88240,0,2413,0
88242,0,2413,0
88244,0,2415,0
88246,0,2417,0
88248,0,2418,0
88250,0,2419,0
88252,0,2415,0
88254,0,2421,0
88256,0,2421,0
88258,68130,2395,1
88260,0,2395,0
88262,0,2397,0
88264,0,2397,0
88266,0,2396,0
88268,0,2407,0
88270,0,2401,0
88272,0,2404,0
88274,0,2403,0
88276,0,2405,0
88278,0,2406,0
88280,0,2410,0
88282,0,2393,0
88284,0,2407,0
88286,0,2409,0
88288,0,2410,0
88290,0,2408,0
88292,0,2411,0
88294,0,2412,0
88296,68156,2413,1
88298,0,2407,0
88300,0,2409,0
88302,0,2410,0
88304,0,2411,0
88306,0,2411,0
88308,0,2413,0
88310,0,2411,0
88312,0,2412,0
88314,0,2413,0
88316,0,2413,0
88318,0,2415,0
88320,0,2416,0
88322,0,2417,0
88324,0,2415,0
88326,0,2419,0
88328,0,2421,0
88330,0,2421,0
88332,0,2424,0
88334,0,2421,0
88336,68153,2421,1
88338,0,2421,0
88340,0,2421,0
88342,0,2421,0
88344,0,2423,0
88346,0,2423,0
88348,0,2423,0
88350,0,2424,0
88352,0,2424,0
88354,0,2425,0
88356,0,2425,0
88358,0,2427,0
88360,0,2426,0
88362,0,2427,0
88364,0,2430,0
88366,0,2427,0
88368,0,2427,0
88370,0,2431,0
88372,0,2427,0
88374,0,2429,0
88376,68159,2427,1
88378,0,2425,0
88380,0,2425,0
88382,0,2426,0
88384,0,2428,0
88386,0,2429,0
88388,0,2427,0
88390,0,2427,0
88392,0,2430,0
88394,0,2431,0
88396,0,2431,0
88398,0,2431,0
88400,0,2437,0
88402,0,2431,0
88404,0,2439,0
88406,0,2431,0
88408,0,2438,0
88410,0,2439,0
88412,0,2439,0
88414,0,2439,0
88416,68156,2428,1
88418,0,2429,0
88420,0,2427,0
88422,0,2429,0
88424,0,2430,0
88426,0,2429,0
88428,0,2429,0
88430,0,2429,0
88432,0,2429,0
88434,0,2431,0
88436,0,2431,0
88438,0,2432,0
88440,0,2431,0
88442,0,2439,0
88444,0,2439,0
88446,0,2437,0
88448,0,2439,0
88450,0,2440,0
88452,0,2440,0
88454,0,2441,0
88456,68144,2427,1
88458,0,2425,0
88460,0,2427,0
88462,0,2427,0
88464,0,2427,0
88466,0,2428,0
88468,0,2428,0
88470,0,2429,0
88472,0,2429,0
88474,0,2430,0
88476,0,2431,0
88478,0,2431,0
88480,0,2431,0
88482,0,2430,0
88484,0,2432,0
88486,0,2437,0
88488,0,2439,0
88490,0,2439,0
88492,0,2439,0
88494,0,2441,0
88496,68147,2425,1
88498,0,2424,0
88500,0,2422,0
88502,0,2422,0
88504,0,2424,0
88506,0,2424,0
88508,0,2426,0
88510,0,2425,0
88512,0,2426,0
88514,0,2431,0
88516,0,2429,0
88518,0,2428,0
88520,0,2427,0
88522,0,2428,0
88524,0,2429,0
88526,0,2430,0
88528,0,2431,0
88530,0,2431,0
88532,0,2431,0
88534,0,2431,0
88536,68166,2416,1
88538,0,2415,0
88540,0,2419,0
88542,0,2419,0
88544,0,2419,0
88546,0,2420,0
88548,0,2421,0
88550,0,2421,0
88552,0,2421,0
88554,0,2421,0
88556,0,2423,0
88558,0,2425,0
88560,0,2421,0
88562,0,2424,0
88564,0,2427,0
88566,0,2427,0
88568,0,2425,0
88570,0,2425,0
88572,0,2429,0
88574,0,2427,0
88576,68146,2409,1
88578,0,2409,0
88580,0,2409,0
88582,0,2410,0
88584,0,2409,0
88586,0,2412,0
88588,0,2412,0
88590,0,2413,0
88592,0,2413,0
88594,0,2415,0
88596,0,2415,0
88598,0,2420,0
88600,0,2419,0
88602,0,2419,0
88604,0,2409,0
88606,0,2421,0
88608,0,2421,0
88610,0,2423,0
88612,0,2422,0
88614,0,2423,0
88616,68098,2403,1
88618,0,2399,0
88620,0,2403,0
88622,0,2403,0
88624,0,2405,0
88626,0,2406,0
88628,0,2405,0
88630,0,2406,0
88632,0,2407,0
88634,0,2407,0
88636,0,2409,0
88638,0,2409,0
88640,0,2411,0
88642,0,2411,0
88644,0,2411,0
88646,0,2413,0
88648,0,2413,0
88650,0,2415,0
88652,0,2414,0
88654,68124,2415,1
88656,0,2412,0
88658,0,2412,0
88660,0,2415,0
88662,0,2415,0
88664,0,2414,0
88666,0,2419,0
88668,0,2415,0
88670,0,2421,0
88672,0,2419,0
88674,0,2420,0
88676,0,2421,0
88678,0,2422,0
88680,0,2423,0
88682,0,2423,0
88684,0,2423,0
88686,0,2423,0
88688,0,2425,0
88690,0,2427,0
88692,0,2425,0
88694,68148,2425,1
88696,0,2425,0
88698,0,2426,0
88700,0,2427,0
88702,0,2427,0
88704,0,2427,0
88706,0,2428,0
88708,0,2429,0
88710,0,2429,0
88712,0,2429,0
88714,0,2431,0
88716,0,2429,0
88718,0,2437,0
88720,0,2431,0
88722,0,2437,0
88724,0,2439,0
88726,0,2437,0
88728,0,2439,0
88730,0,2439,0
88732,0,2439,0
88734,68144,2439,1
88736,0,2431,0
88738,0,2439,0
88740,0,2437,0
88742,0,2439,0
88744,0,2439,0
88746,0,2439,0
88748,0,2441,0
88750,0,2441,0
88752,0,2441,0
88754,0,2441,0
88756,0,2442,0
88758,0,2441,0
88760,0,2443,0
88762,0,2444,0
88764,0,2443,0
88766,0,2441,0
88768,0,2454,0
88770,0,2443,0
88772,0,2445,0
88774,68154,2441,1
88776,0,2432,0
88778,0,2439,0
88780,0,2441,0
88782,0,2432,0
88784,0,2439,0
88786,0,2441,0
88788,0,2441,0
88790,0,2443,0
88792,0,2441,0
88794,0,2443,0
88796,0,2445,0
88798,0,2445,0
88800,0,2444,0
88802,0,2444,0
88804,0,2458,0
88806,0,2445,0
88808,0,2445,0
88810,0,2445,0
88812,0,2445,0
88814,68155,2438,1
88816,0,2439,0
88818,0,2439,0
88820,0,2438,0
88822,0,2441,0
88824,0,2440,0
88826,0,2439,0
88828,0,2441,0
88830,0,2443,0
88832,0,2440,0
88834,0,2443,0
88836,0,2443,0
88838,0,2443,0
88840,0,2443,0
88842,0,2441,0
88844,0,2443,0
88846,0,2444,0
88848,0,2443,0
88850,0,2444,0
88852,0,2447,0
88854,68156,2431,1
88856,0,2431,0
88858,0,2431,0
88860,0,2431,0
88862,0,2437,0
88864,0,2437,0
88866,0,2432,0
88868,0,2428,0
88870,0,2441,0
88872,0,2439,0
88874,0,2440,0
88876,0,2441,0
88878,0,2439,0
88880,0,2439,0
88882,0,2441,0
88884,0,2443,0
88886,0,2441,0
88888,0,2443,0
88890,0,2443,0
88892,0,2443,0
88894,68170,2425,1
88896,0,2425,0
88898,0,2426,0
88900,0,2427,0
88902,0,2427,0
88904,0,2428,0
88906,0,2429,0
88908,0,2427,0
88910,0,2428,0
88912,0,2429,0
88914,0,2431,0
88916,0,2430,0
88918,0,2431,0
88920,0,2431,0
88922,0,2437,0
88924,0,2431,0
88926,0,2431,0
88928,0,2439,0
88930,0,2438,0
88932,0,2439,0
88934,68197,2421,1
88936,0,2419,0
88938,0,2421,0
88940,0,2421,0
88942,0,2420,0
88944,0,2421,0
88946,0,2422,0
88948,0,2423,0
88950,0,2425,0
88952,0,2425,0
88954,0,2424,0
88956,0,2425,0
88958,0,2425,0
88960,0,2427,0
88962,0,2428,0
88964,0,2429,0
88966,0,2425,0
88968,0,2427,0
88970,0,2429,0
88972,0,2427,0
88974,68138,2411,1
88976,0,2409,0
88978,0,2412,0
88980,0,2413,0
88982,0,2413,0
88984,0,2413,0
88986,0,2413,0
88988,0,2413,0
88990,0,2413,0
88992,0,2414,0
88994,0,2414,0
88996,0,2419,0
88998,0,2419,0
89000,0,2415,0
89002,0,2417,0
89004,0,2419,0
89006,0,2420,0
89008,0,2423,0
89010,0,2423,0
89012,0,2424,0
89014,68094,2399,1
89016,0,2399,0
89018,0,2404,0
89020,0,2403,0
89022,0,2403,0
89024,0,2408,0
89026,0,2405,0
89028,0,2407,0
89030,0,2407,0
89032,0,2407,0
89034,0,2411,0
89036,0,2410,0
89038,0,2411,0
89040,0,2411,0
89042,0,2413,0
89044,0,2411,0
89046,0,2413,0
89048,0,2413,0
89050,0,2415,0
89052,68092,2415,1
89054,0,2411,0
89056,0,2413,0
89058,0,2411,0
89060,0,2413,0
89062,0,2414,0
89064,0,2411,0
89066,0,2415,0
89068,0,2419,0
89070,0,2419,0
89072,0,2420,0
89074,0,2421,0
89076,0,2423,0
89078,0,2421,0
89080,0,2421,0
89082,0,2423,0
89084,0,2425,0
89086,0,2425,0
89088,0,2424,0
89090,0,2424,0
89092,68094,2423,1
89094,0,2424,0
89096,0,2421,0
89098,0,2425,0
89100,0,2425,0
89102,0,2427,0
89104,0,2425,0
89106,0,2428,0
89108,0,2427,0
89110,0,2428,0
89112,0,2429,0
89114,0,2430,0
89116,0,2431,0
89118,0,2439,0
89120,0,2431,0
89122,0,2437,0
89124,0,2437,0
89126,0,2431,0
89128,0,2438,0
89130,0,2439,0
89132,68087,2431,1
89134,0,2429,0
89136,0,2430,0
89138,0,2431,0
89140,0,2431,0
89142,0,2430,0
89144,0,2431,0
89146,0,2438,0
89148,0,2432,0
89150,0,2431,0
89152,0,2439,0
89154,0,2439,0
89156,0,2441,0
89158,0,2441,0
89160,0,2441,0
89162,0,2441,0
89164,0,2442,0
89166,0,2441,0
89168,0,2441,0
89170,0,2442,0
89172,68095,2432,1
89174,0,2432,0
89176,0,2431,0
89178,0,2431,0
89180,0,2439,0
89182,0,2431,0
89184,0,2439,0
89186,0,2439,0
89188,0,2438,0
89190,0,2440,0
89192,0,2439,0
89194,0,2441,0
89196,0,2441,0
89198,0,2441,0
89200,0,2443,0
89202,0,2443,0
89204,0,2439,0
89206,0,2443,0
89208,0,2443,0
89210,0,2445,0
89212,68094,2431,1
89214,0,2429,0
89216,0,2431,0
89218,0,2429,0
89220,0,2438,0
89222,0,2437,0
89224,0,2439,0
89226,0,2439,0
89228,0,2439,0
89230,0,2437,0
89232,0,2438,0
89234,0,2431,0
89236,0,2443,0
89238,0,2440,0
89240,0,2441,0
89242,0,2441,0
89244,0,2441,0
89246,0,2442,0
89248,0,2443,0
89250,0,2443,0
89252,68104,2425,1
89254,0,2427,0
89256,0,2427,0
89258,0,2426,0
89260,0,2429,0
89262,0,2429,0
89264,0,2431,0
89266,0,2431,0
89268,0,2431,0
89270,0,2431,0
89272,0,2431,0
89274,0,2437,0
89276,0,2437,0
89278,0,2439,0
89280,0,2439,0
89282,0,2439,0
89284,0,2439,0
89286,0,2439,0
89288,0,2439,0
89290,0,2441,0
89292,68128,2424,1
89294,0,2421,0
89296,0,2423,0
89298,0,2423,0
89300,0,2425,0
89302,0,2425,0
89304,0,2423,0
89306,0,2425,0
89308,0,2425,0
89310,0,2425,0
89312,0,2427,0
89314,0,2428,0
89316,0,2428,0
89318,0,2429,0
89320,0,2429,0
89322,0,2431,0
89324,0,2430,0
89326,0,2431,0
89328,0,2431,0
89330,0,2430,0
89332,68117,2415,1
89334,0,2413,0
89336,0,2413,0
89338,0,2413,0
89340,0,2415,0
89342,0,2415,0
89344,0,2418,0
89346,0,2415,0
89348,0,2419,0
89350,0,2421,0
89352,0,2419,0
89354,0,2425,0
89356,0,2423,0
89358,0,2423,0
89360,0,2423,0
89362,0,2423,0
89364,0,2425,0
89366,0,2427,0
89368,0,2427,0
89370,0,2425,0
89372,68072,2407,1
89374,0,2404,0
89376,0,2404,0
89378,0,2407,0
89380,0,2409,0
89382,0,2409,0
89384,0,2409,0
89386,0,2409,0
89388,0,2412,0
89390,0,2411,0
89392,0,2413,0
89394,0,2413,0
89396,0,2414,0
89398,0,2415,0
89401,0,2414,0
89403,0,2419,0
89405,0,2419,0
89407,0,2419,0
89409,0,2420,0
89411,0,2428,0
89413,68073,2397,1
89415,0,2399,0
89417,0,2397,0
89419,0,2396,0
89421,0,2401,0
89423,0,2395,0
89425,0,2398,0
89427,0,2403,0
89429,0,2404,0
89431,0,2405,0
89433,0,2405,0
89435,0,2406,0
89437,0,2409,0
89439,0,2407,0
89441,0,2407,0
89443,0,2410,0
89445,0,2407,0
89447,0,2412,0
89449,0,2410,0
89451,68098,2411,1
89453,0,2413,0
89455,0,2413,0
89457,0,2414,0
89459,0,2413,0
89461,0,2417,0
89463,0,2415,0
89465,0,2415,0
89467,0,2415,0
89469,0,2420,0
89471,0,2419,0
89473,0,2420,0
89475,0,2421,0
89477,0,2423,0
89479,0,2423,0
89481,0,2421,0
89483,0,2423,0
89485,0,2423,0
89487,0,2423,0
89489,0,2424,0
89491,68104,2425,1
89493,0,2423,0
89495,0,2421,0
89497,0,2424,0
89499,0,2424,0
89501,0,2425,0
89503,0,2424,0
89505,0,2427,0
89507,0,2426,0
89509,0,2427,0
89511,0,2427,0
89513,0,2431,0
89515,0,2429,0
89517,0,2430,0
89519,0,2431,0
89521,0,2429,0
89523,0,2429,0
89525,0,2431,0
89527,0,2431,0
89529,0,2439,0
89531,68109,2429,1
89533,0,2425,0
89535,0,2428,0
89537,0,2428,0
89539,0,2429,0
89541,0,2430,0
89543,0,2429,0
89545,0,2431,0
89547,0,2431,0
89549,0,2431,0
89551,0,2431,0
89553,0,2431,0
89555,0,2437,0
89557,0,2431,0
89559,0,2437,0
89561,0,2439,0
89563,0,2439,0
89565,0,2440,0
89567,0,2441,0
89569,0,2441,0
89571,68115,2430,1
89573,0,2429,0
89575,0,2429,0
89577,0,2429,0
89579,0,2429,0
89581,0,2431,0
89583,0,2429,0
89585,0,2431,0
89587,0,2431,0
89589,0,2439,0
89591,0,2439,0
89593,0,2437,0
89595,0,2439,0
89597,0,2439,0
89599,0,2440,0
89601,0,2441,0
89603,0,2441,0
89605,0,2439,0
89607,0,2441,0
89609,0,2443,0
89611,68117,2429,1
89613,0,2427,0
89615,0,2427,0
89617,0,2429,0
89619,0,2429,0
89621,0,2429,0
89623,0,2429,0
89625,0,2431,0
89627,0,2431,0
89629,0,2429,0
89631,0,2431,0
89633,0,2437,0
89635,0,2437,0
89637,0,2437,0
89639,0,2439,0
89641,0,2439,0
89643,0,2441,0
89645,0,2439,0
89647,0,2440,0
89649,0,2441,0
89651,68136,2425,1
89653,0,2423,0
89655,0,2425,0
89657,0,2424,0
89659,0,2424,0
89661,0,2425,0
89663,0,2425,0
89665,0,2427,0
89667,0,2427,0
89669,0,2429,0
89671,0,2428,0
89673,0,2429,0
89675,0,2429,0
89677,0,2431,0
89679,0,2431,0
89681,0,2431,0
89683,0,2438,0
89685,0,2439,0
89687,0,2430,0
89689,0,2431,0
89691,68149,2419,1
89693,0,2415,0
89695,0,2415,0
89697,0,2421,0
89699,0,2419,0
89701,0,2421,0
89703,0,2421,0
89705,0,2422,0
89707,0,2423,0
89709,0,2424,0
89711,0,2423,0
89713,0,2425,0
89715,0,2426,0
89717,0,2425,0
89719,0,2425,0
89721,0,2427,0
89723,0,2427,0
89725,0,2425,0
89727,0,2427,0
89729,0,2427,0
89731,68120,2411,1
89733,0,2408,0
89735,0,2410,0
89737,0,2411,0
89739,0,2411,0
89741,0,2413,0
89743,0,2413,0
89745,0,2414,0
89747,0,2413,0
89749,0,2415,0
89751,0,2415,0
89753,0,2415,0
89755,0,2419,0
89757,0,2421,0
89759,0,2419,0
89761,0,2421,0
89763,0,2421,0
89765,0,2422,0
89767,0,2422,0
89769,0,2422,0
89771,68097,2403,1
89773,0,2403,0
89775,0,2401,0
89777,0,2404,0
89779,0,2405,0
89781,0,2403,0
89783,0,2403,0
89785,0,2407,0
89787,0,2409,0
89789,0,2407,0
89791,0,2409,0
89793,0,2408,0
89795,0,2408,0
89797,0,2410,0
89799,0,2411,0
89801,0,2411,0
89803,0,2413,0
89805,0,2415,0
89807,0,2413,0
89809,68130,2415,1
89811,0,2411,0
89813,0,2409,0
89815,0,2415,0
89817,0,2413,0
89819,0,2415,0
89821,0,2416,0
89823,0,2419,0
89825,0,2419,0
89827,0,2419,0
89829,0,2419,0
89831,0,2420,0
89833,0,2421,0
89835,0,2421,0
89837,0,2421,0
89839,0,2423,0
89841,0,2423,0
89843,0,2425,0
89845,0,2424,0
89847,0,2425,0
89849,68133,2427,1
89851,0,2424,0
89853,0,2431,0
89855,0,2425,0
89857,0,2427,0
89859,0,2429,0
89861,0,2427,0
89863,0,2425,0
89865,0,2431,0
89867,0,2429,0
89869,0,2431,0
89871,0,2431,0
89873,0,2439,0
89875,0,2431,0
89877,0,2431,0
89879,0,2431,0
89881,0,2431,0
89883,0,2437,0
89885,0,2439,0
89887,0,2439,0
89889,68120,2439,1
89891,0,2431,0
89893,0,2431,0
89895,0,2431,0
89897,0,2431,0
89899,0,2439,0
89901,0,2439,0
89903,0,2439,0
89905,0,2438,0
89907,0,2441,0
89909,0,2441,0
89911,0,2441,0
89913,0,2441,0
89915,0,2440,0
89917,0,2441,0
89919,0,2441,0
89921,0,2440,0
89923,0,2441,0
89925,0,2443,0
89927,0,2443,0
89929,68113,2439,1
89931,0,2441,0
89933,0,2425,0
89935,0,2439,0
89937,0,2440,0
89939,0,2438,0
89941,0,2439,0
89943,0,2441,0
89945,0,2440,0
89947,0,2440,0
89949,0,2443,0
89951,0,2441,0
89953,0,2443,0
89955,0,2442,0
89957,0,2443,0
89959,0,2444,0
89961,0,2443,0
89963,0,2444,0
89965,0,2444,0
89967,0,2447,0
89969,68130,2438,1
89971,0,2431,0
89973,0,2437,0
89975,0,2432,0
89977,0,2437,0
89979,0,2439,0
89981,0,2438,0
89983,0,2441,0
89985,0,2440,0
89987,0,2440,0
89989,0,2440,0
89991,0,2441,0
89993,0,2441,0
89995,0,2443,0
89997,0,2443,0
89999,0,2443,0
90001,0,2443,0
90003,0,2443,0
90005,0,2444,0
90007,0,2443,0
90009,68131,2430,1
90011,0,2429,0
90013,0,2429,0
90015,0,2429,0
90017,0,2430,0
90019,0,2437,0
90021,0,2431,0
90023,0,2431,0
90025,0,2437,0
90027,0,2432,0
90029,0,2439,0
90031,0,2440,0
90033,0,2439,0
90035,0,2438,0
90037,0,2439,0
90039,0,2443,0
90041,0,2443,0
90043,0,2441,0
90045,0,2443,0
90047,0,2442,0
90049,68178,2426,1
90051,0,2423,0
90053,0,2424,0
90055,0,2425,0
90057,0,2425,0
90059,0,2427,0
90061,0,2425,0
90063,0,2427,0
90065,0,2428,0
90067,0,2427,0
90069,0,2429,0
90071,0,2429,0
90073,0,2429,0
90075,0,2431,0
90077,0,2431,0
90079,0,2432,0
90081,0,2431,0
90083,0,2431,0
90085,0,2437,0
90087,0,2438,0
90089,68201,2415,1
90091,0,2415,0
90093,0,2415,0
90095,0,2419,0
90097,0,2419,0
90099,0,2420,0
90101,0,2421,0
90103,0,2422,0
90105,0,2423,0
90107,0,2424,0
90109,0,2423,0
90111,0,2423,0
90113,0,2421,0
90115,0,2425,0
90117,0,2425,0
90119,0,2425,0
90121,0,2427,0
90123,0,2427,0
90125,0,2427,0
90127,0,2428,0
90129,68170,2407,1
90131,0,2407,0
90133,0,2409,0
90135,0,2409,0
90137,0,2409,0
90139,0,2411,0
90141,0,2411,0
90143,0,2415,0
90145,0,2413,0
90147,0,2413,0
90149,0,2415,0
90151,0,2415,0
90153,0,2415,0
90155,0,2420,0
90157,0,2423,0
90159,0,2420,0
90161,0,2421,0
90163,0,2421,0
90165,0,2421,0
90167,0,2421,0
90169,68180,2398,1
90171,0,2397,0
90173,0,2398,0
90175,0,2401,0
90177,0,2406,0
90179,0,2397,0
90181,0,2404,0
90183,0,2405,0
90185,0,2405,0
90187,0,2407,0
90189,0,2407,0
90191,0,2407,0
90193,0,2409,0
90195,0,2409,0
90197,0,2410,0
90199,0,2411,0
90201,0,2413,0
90203,0,2413,0
90205,0,2413,0
90207,68215,2414,1
90209,0,2411,0
90211,0,2413,0
90213,0,2411,0
90215,0,2412,0
90217,0,2413,0
90219,0,2413,0
90221,0,2414,0
90223,0,2415,0
90225,0,2415,0
90227,0,2416,0
90229,0,2419,0
90231,0,2419,0
90233,0,2421,0
90235,0,2421,0
90237,0,2421,0
90239,0,2421,0
90241,0,2422,0
90243,0,2423,0
90245,0,2423,0
90247,68234,2424,1
90249,0,2421,0
90251,0,2425,0
90253,0,2425,0
90255,0,2424,0
90257,0,2425,0
90259,0,2424,0
90261,0,2425,0
90263,0,2425,0
90265,0,2427,0
90267,0,2427,0
90269,0,2427,0
90271,0,2427,0
90273,0,2427,0
90275,0,2429,0
90277,0,2428,0
90279,0,2429,0
90281,0,2429,0
90283,0,2430,0
90285,0,2429,0
90287,68256,2429,1
90289,0,2429,0
90291,0,2429,0
90293,0,2429,0
90295,0,2429,0
90297,0,2429,0
90299,0,2429,0
90301,0,2428,0
90303,0,2429,0
90305,0,2429,0
90307,0,2438,0
90309,0,2431,0
90311,0,2430,0
90313,0,2439,0
90315,0,2439,0
90317,0,2429,0
90319,0,2439,0
90321,0,2440,0
90323,0,2439,0
90325,0,2440,0
90327,68269,2431,1
90329,0,2429,0
90331,0,2427,0
90333,0,2431,0
90335,0,2431,0
90337,0,2431,0
90339,0,2431,0
90341,0,2431,0
90343,0,2431,0
90345,0,2429,0
90347,0,2431,0
90349,0,2439,0
90351,0,2432,0
90353,0,2439,0
90355,0,2441,0
90357,0,2443,0
90359,0,2440,0
90361,0,2443,0
90363,0,2441,0
90365,0,2440,0
90367,68293,2429,1
90369,0,2427,0
90371,0,2428,0
90373,0,2429,0
90375,0,2428,0
90377,0,2429,0
90379,0,2429,0
90381,0,2431,0
90383,0,2430,0
90385,0,2437,0
90387,0,2431,0
90389,0,2432,0
90391,0,2439,0
90393,0,2439,0
90395,0,2439,0
90397,0,2439,0
90399,0,2440,0
90401,0,2439,0
90403,0,2441,0
90405,0,2439,0
90407,68307,2427,1
90409,0,2424,0
90411,0,2425,0
90413,0,2426,0
90415,0,2427,0
90417,0,2427,0
90419,0,2427,0
90421,0,2427,0
90423,0,2428,0
90425,0,2427,0
90427,0,2429,0
90429,0,2439,0
90431,0,2431,0
90433,0,2430,0
90435,0,2431,0
90437,0,2430,0
90439,0,2438,0
90441,0,2421,0
90443,0,2439,0
90445,0,2438,0
90447,68345,2416,1
90449,0,2419,0
90451,0,2423,0
90453,0,2420,0
90455,0,2421,0
90457,0,2423,0
90459,0,2422,0
90461,0,2422,0
90463,0,2423,0
90465,0,2425,0
90467,0,2425,0
90469,0,2425,0
90471,0,2425,0
90473,0,2427,0
90475,0,2427,0
90477,0,2428,0
90479,0,2427,0
90481,0,2429,0
90483,0,2429,0
90485,0,2429,0
90487,68354,2411,1
90489,0,2411,0
90491,0,2411,0
90493,0,2413,0
90495,0,2413,0
90497,0,2413,0
90499,0,2414,0
90501,0,2415,0
90503,0,2415,0
90505,0,2419,0
90507,0,2415,0
90509,0,2419,0
90511,0,2421,0
90513,0,2421,0
90515,0,2423,0
90517,0,2421,0
90519,0,2423,0
90521,0,2422,0
90523,0,2425,0
90525,0,2424,0
90527,68305,2403,1
90529,0,2403,0
90531,0,2405,0
90533,0,2404,0
90535,0,2405,0
90537,0,2407,0
90539,0,2407,0
90541,0,2407,0
90543,0,2409,0
90545,0,2410,0
90547,0,2409,0
90549,0,2411,0
90551,0,2412,0
90553,0,2411,0
90555,0,2415,0
90557,0,2415,0
90559,0,2415,0
90561,0,2415,0
90563,0,2418,0
90565,0,2415,0
90567,68337,2395,1
90569,0,2393,0
90571,0,2395,0
90573,0,2397,0
90575,0,2397,0
90577,0,2399,0
90579,0,2399,0
90581,0,2402,0
90583,0,2403,0
90585,0,2403,0
90587,0,2404,0
90589,0,2405,0
90591,0,2407,0
90593,0,2405,0
90595,0,2407,0
90597,0,2408,0
90599,0,2408,0
90601,0,2409,0
90603,0,2409,0
90605,68386,2411,1
90607,0,2411,0
90609,0,2410,0
90611,0,2412,0
90613,0,2411,0
90615,0,2412,0
90617,0,2412,0
90619,0,2415,0
90621,0,2419,0
90623,0,2415,0
90625,0,2423,0
90627,0,2418,0
90629,0,2419,0
90631,0,2416,0
90633,0,2421,0
90635,0,2421,0
90637,0,2423,0
90639,0,2422,0
90641,0,2423,0
90643,0,2425,0
90645,68411,2423,1
90647,0,2421,0
90649,0,2423,0
90651,0,2423,0
90653,0,2423,0
90655,0,2424,0
90657,0,2425,0
90659,0,2425,0
90661,0,2425,0
90663,0,2427,0
90665,0,2426,0
90667,0,2427,0
90669,0,2427,0
90671,0,2428,0
90673,0,2428,0
90675,0,2430,0
90677,0,2430,0
90679,0,2428,0
90681,0,2429,0
90683,0,2430,0
90685,68410,2426,1
90687,0,2427,0
90689,0,2426,0
90691,0,2429,0
90693,0,2427,0
90695,0,2428,0
90697,0,2429,0
90699,0,2429,0
90701,0,2431,0
90703,0,2425,0
90705,0,2431,0
90707,0,2430,0
90709,0,2438,0
90711,0,2438,0
90713,0,2437,0
90715,0,2445,0
90717,0,2441,0
90719,0,2438,0
90721,0,2438,0
90723,0,2440,0
90725,68379,2429,1
90727,0,2427,0
90729,0,2425,0
90731,0,2429,0
90733,0,2429,0
90735,0,2430,0
90737,0,2429,0
90739,0,2431,0
90741,0,2429,0
90743,0,2431,0
90745,0,2439,0
90747,0,2431,0
90749,0,2432,0
90751,0,2439,0
90753,0,2438,0
90755,0,2439,0
90757,0,2440,0
90759,0,2439,0
90761,0,2440,0
90763,0,2441,0
90765,68358,2427,1
90767,0,2426,0
90769,0,2427,0
90771,0,2428,0
90773,0,2427,0
90775,0,2427,0
90777,0,2428,0
90779,0,2430,0
90781,0,2431,0
90783,0,2429,0
90785,0,2431,0
90787,0,2431,0
90789,0,2431,0
90791,0,2437,0
90793,0,2431,0
90795,0,2432,0
90797,0,2439,0
90799,0,2439,0
90801,0,2441,0
90803,0,2441,0
90805,68361,2424,1
90807,0,2423,0
90809,0,2425,0
90811,0,2424,0
90813,0,2423,0
90815,0,2423,0
90817,0,2424,0
90819,0,2427,0
90821,0,2425,0
90823,0,2427,0
90825,0,2427,0
90827,0,2427,0
90829,0,2427,0
90831,0,2429,0
90833,0,2429,0
90835,0,2429,0
90837,0,2431,0
90839,0,2431,0
90841,0,2431,0
90843,0,2431,0
90845,68373,2419,1
90847,0,2414,0
90849,0,2415,0
90851,0,2416,0
90853,0,2424,0
90855,0,2419,0
90857,0,2420,0
90859,0,2422,0
90861,0,2420,0
90863,0,2423,0
90865,0,2423,0
90867,0,2423,0
90869,0,2424,0
90871,0,2429,0
90873,0,2425,0
90875,0,2425,0
90877,0,2427,0
90879,0,2426,0
90881,0,2429,0
90883,0,2427,0
90885,68349,2409,1
90887,0,2409,0
90889,0,2408,0
90891,0,2413,0
90893,0,2411,0
90895,0,2411,0
90897,0,2412,0
90899,0,2413,0
90901,0,2414,0
90903,0,2415,0
90905,0,2413,0
90907,0,2415,0
90909,0,2415,0
90911,0,2419,0
90913,0,2417,0
90915,0,2419,0
90917,0,2421,0
90919,0,2421,0
90921,0,2423,0
90923,0,2429,0
90925,68332,2403,1
90927,0,2399,0
90929,0,2398,0
90931,0,2403,0
90933,0,2403,0
90935,0,2405,0
90937,0,2407,0
90939,0,2405,0
90941,0,2407,0
90943,0,2407,0
90945,0,2408,0
90947,0,2409,0
90949,0,2410,0
90951,0,2411,0
90953,0,2412,0
90955,0,2411,0
90957,0,2411,0
90959,0,2415,0
90961,0,2415,0
90963,68350,2415,1
90965,0,2411,0
90967,0,2412,0
90969,0,2412,0
90971,0,2411,0
90973,0,2416,0
90975,0,2413,0
90977,0,2419,0
90979,0,2419,0
90981,0,2419,0
90983,0,2419,0
90985,0,2421,0
90987,0,2421,0
90989,0,2421,0
90991,0,2421,0
90993,0,2422,0
90995,0,2423,0
90997,0,2425,0
90999,0,2425,0
91001,0,2425,0
91003,68356,2425,1
91005,0,2425,0
91007,0,2425,0
91009,0,2426,0
91011,0,2426,0
91013,0,2427,0
91015,0,2426,0
91017,0,2427,0
91019,0,2428,0
91021,0,2427,0
91023,0,2429,0
91025,0,2429,0
91027,0,2429,0
91029,0,2430,0
91031,0,2431,0
91033,0,2439,0
91035,0,2431,0
91037,0,2439,0
91039,0,2431,0
91041,0,2439,0
91043,68347,2437,1
91045,0,2431,0
91047,0,2429,0
91049,0,2437,0
91051,0,2431,0
91053,0,2438,0
91055,0,2437,0
91057,0,2439,0
91059,0,2439,0
91061,0,2440,0
91063,0,2441,0
91065,0,2439,0
91067,0,2440,0
91069,0,2441,0
91071,0,2440,0
91073,0,2443,0
91075,0,2439,0
91077,0,2443,0
91079,0,2443,0
91081,0,2445,0
91083,68336,2440,1
91085,0,2431,0
91087,0,2437,0
91089,0,2430,0
91091,0,2431,0
91093,0,2431,0
91095,0,2437,0
91097,0,2440,0
91099,0,2441,0
91101,0,2442,0
91103,0,2441,0
91105,0,2443,0
91107,0,2443,0
91109,0,2441,0
91111,0,2442,0
91113,0,2443,0
91115,0,2445,0
91117,0,2443,0
91119,0,2443,0
91121,0,2445,0
91123,68322,2439,1
91125,0,2431,0
91127,0,2431,0
91129,0,2439,0
91131,0,2437,0
91133,0,2432,0
91135,0,2439,0
91137,0,2440,0
91139,0,2441,0
91141,0,2439,0
91143,0,2439,0
91145,0,2441,0
91147,0,2444,0
91149,0,2443,0
91151,0,2443,0
91153,0,2441,0
91155,0,2445,0
91157,0,2443,0
91159,0,2443,0
91161,0,2443,0
91163,68314,2429,1
91165,0,2427,0
91167,0,2427,0
91169,0,2431,0
91171,0,2429,0
91173,0,2430,0
91175,0,2429,0
91177,0,2431,0
91179,0,2430,0
91181,0,2431,0
91183,0,2431,0
91185,0,2435,0
91187,0,2440,0
91189,0,2432,0
91191,0,2438,0
91193,0,2439,0
91195,0,2441,0
91197,0,2441,0
91199,0,2442,0
91201,0,2442,0
91203,68330,2425,1
91205,0,2423,0
91207,0,2423,0
91209,0,2425,0
91211,0,2424,0
91213,0,2427,0
91215,0,2424,0
91217,0,2427,0
91219,0,2427,0
91221,0,2427,0
91223,0,2427,0
91225,0,2427,0
91227,0,2431,0
91229,0,2429,0
91231,0,2429,0
91233,0,2429,0
91236,0,2431,0
91238,0,2431,0
91240,0,2431,0
91242,0,2438,0
91244,68316,2419,1
91246,0,2414,0
91248,0,2415,0
91250,0,2419,0
91252,0,2419,0
91254,0,2420,0
91256,0,2420,0
91258,0,2421,0
91260,0,2421,0
91262,0,2421,0
91264,0,2423,0
91266,0,2423,0
91268,0,2421,0
91270,0,2424,0
91272,0,2424,0
91274,0,2426,0
91276,0,2426,0
91278,0,2426,0
91280,0,2425,0
91282,0,2427,0
91284,68266,2408,1
91286,0,2405,0
91288,0,2408,0
91290,0,2407,0
91292,0,2409,0
91294,0,2410,0
91296,0,2411,0
91298,0,2411,0
91300,0,2412,0
91302,0,2411,0
91304,0,2414,0
91306,0,2415,0
91308,0,2413,0
91310,0,2415,0
91312,0,2414,0
91314,0,2419,0
91316,0,2420,0
91318,0,2419,0
91320,0,2419,0
91322,0,2421,0
91324,68243,2397,1
91326,0,2397,0
91328,0,2397,0
91330,0,2399,0
91332,0,2403,0
91334,0,2403,0
91336,0,2404,0
91338,0,2405,0
91340,0,2405,0
91342,0,2405,0
91344,0,2406,0
91346,0,2407,0
91348,0,2405,0
91350,0,2408,0
91352,0,2409,0
91354,0,2409,0
91356,0,2411,0
91358,0,2411,0
91360,0,2412,0
91362,68260,2412,1
91364,0,2405,0
91366,0,2409,0
91368,0,2411,0
91370,0,2411,0
91372,0,2413,0
91374,0,2412,0
91376,0,2410,0
91378,0,2419,0
91380,0,2415,0
91382,0,2415,0
91384,0,2419,0
91386,0,2415,0
91388,0,2419,0
91390,0,2419,0
91392,0,2419,0
91394,0,2420,0
91396,0,2423,0
91398,0,2422,0
91400,0,2421,0
91402,68257,2423,1
91404,0,2421,0
91406,0,2423,0
91408,0,2427,0
91410,0,2421,0
91412,0,2423,0
91414,0,2424,0
91416,0,2423,0
91418,0,2425,0
91420,0,2425,0
91422,0,2427,0
91424,0,2427,0
91426,0,2427,0
91428,0,2425,0
91430,0,2427,0
91432,0,2429,0
91434,0,2429,0
91436,0,2429,0
91438,0,2429,0
91440,0,2429,0
91442,68252,2427,1
91444,0,2425,0
91446,0,2427,0
91448,0,2427,0
91450,0,2429,0
91452,0,2429,0
91454,0,2429,0
91456,0,2429,0
91458,0,2431,0
91460,0,2430,0
91462,0,2428,0
91464,0,2429,0
91466,0,2438,0
91468,0,2437,0
91470,0,2431,0
91472,0,2439,0
91474,0,2437,0
91476,0,2439,0
91478,0,2439,0
91480,0,2437,0
91482,68255,2431,1
91484,0,2427,0
91486,0,2427,0
91488,0,2429,0
91490,0,2430,0
91492,0,2427,0
91494,0,2429,0
91496,0,2431,0
91498,0,2437,0
91500,0,2431,0
91502,0,2438,0
91504,0,2437,0
91506,0,2439,0
91508,0,2439,0
91510,0,2439,0
91512,0,2439,0
91514,0,2441,0
91516,0,2438,0
91518,0,2440,0
91520,0,2443,0
91522,68232,2427,1
91524,0,2429,0
91526,0,2427,0
91528,0,2429,0
91530,0,2430,0
91532,0,2429,0
91534,0,2428,0
91536,0,2431,0
91538,0,2429,0
91540,0,2431,0
91542,0,2431,0
91544,0,2431,0
91546,0,2431,0
91548,0,2431,0
91550,0,2439,0
91552,0,2440,0
91554,0,2439,0
91556,0,2439,0
91558,0,2440,0
91560,0,2439,0
91562,68198,2425,1
91564,0,2423,0
91566,0,2425,0
91568,0,2427,0
91570,0,2425,0
91572,0,2425,0
91574,0,2427,0
91576,0,2427,0
91578,0,2427,0
91580,0,2429,0
91582,0,2429,0
91584,0,2429,0
91586,0,2431,0
91588,0,2439,0
91590,0,2437,0
91592,0,2431,0
91594,0,2431,0
91596,0,2439,0
91598,0,2431,0
91600,0,2440,0
91602,68191,2421,1
91604,0,2415,0
91606,0,2415,0
91608,0,2420,0
91610,0,2421,0
91612,0,2420,0
91614,0,2421,0
91616,0,2422,0
91618,0,2423,0
91620,0,2423,0
91622,0,2424,0
91624,0,2424,0
91626,0,2425,0
91628,0,2425,0
91630,0,2424,0
91632,0,2425,0
91634,0,2428,0
91636,0,2427,0
91638,0,2429,0
91640,0,2429,0
91642,68161,2411,1
91644,0,2395,0
91646,0,2411,0
91648,0,2413,0
91650,0,2413,0
91652,0,2412,0
91654,0,2405,0
91656,0,2413,0
91658,0,2413,0
91660,0,2416,0
91662,0,2419,0
91664,0,2418,0
91666,0,2421,0
91668,0,2421,0
91670,0,2423,0
91672,0,2423,0
91674,0,2422,0
91676,0,2414,0
91678,0,2425,0
91680,0,2425,0
91682,68117,2404,1
91684,0,2402,0
91686,0,2404,0
91688,0,2407,0
91690,0,2405,0
91692,0,2406,0
91694,0,2406,0
91696,0,2407,0
91698,0,2409,0
91700,0,2408,0
91702,0,2411,0
91704,0,2411,0
91706,0,2411,0
91708,0,2412,0
91710,0,2413,0
91712,0,2415,0
91714,0,2415,0
91716,0,2415,0
91718,0,2416,0
91720,68130,2419,1
91722,0,2413,0
91724,0,2415,0
91726,0,2415,0
91728,0,2415,0
91730,0,2418,0
91732,0,2417,0
91734,0,2419,0
91736,0,2419,0
91738,0,2421,0
91740,0,2423,0
91742,0,2423,0
91744,0,2425,0
91746,0,2414,0
91748,0,2423,0
91750,0,2425,0
91752,0,2427,0
91754,0,2425,0
91756,0,2425,0
91758,0,2427,0
91760,68149,2429,1
91762,0,2427,0
91764,0,2427,0
91766,0,2428,0
91768,0,2429,0
91770,0,2425,0
91772,0,2429,0
91774,0,2429,0
91776,0,2431,0
91778,0,2431,0
91780,0,2431,0
91782,0,2439,0
91784,0,2430,0
91786,0,2431,0
91788,0,2439,0
91790,0,2439,0
91792,0,2439,0
91794,0,2440,0
91796,0,2441,0
91798,0,2438,0
91800,68139,2439,1
91802,0,2439,0
91804,0,2439,0
91806,0,2439,0
91808,0,2439,0
91810,0,2439,0
91812,0,2440,0
91814,0,2441,0
91816,0,2441,0
91818,0,2441,0
91820,0,2441,0
91822,0,2441,0
91824,0,2443,0
91826,0,2441,0
91828,0,2443,0
91830,0,2443,0
91832,0,2443,0
91834,0,2444,0
91836,0,2445,0
91838,0,2447,0
91840,68131,2442,1
91842,0,2439,0
91844,0,2441,0
91846,0,2441,0
91848,0,2442,0
91850,0,2441,0
91852,0,2441,0
91854,0,2442,0
91856,0,2441,0
91858,0,2443,0
91860,0,2443,0
91862,0,2444,0
91864,0,2445,0
91866,0,2444,0
91868,0,2447,0
91870,0,2445,0
91872,0,2445,0
91874,0,2445,0
91876,0,2447,0
91878,0,2450,0
91880,68121,2441,1
91882,0,2441,0
91884,0,2439,0
91886,0,2439,0
91888,0,2441,0
91890,0,2441,0
91892,0,2442,0
91894,0,2440,0
91896,0,2443,0
91898,0,2443,0
91900,0,2443,0
91902,0,2451,0
91904,0,2443,0
91906,0,2444,0
91908,0,2445,0
91910,0,2447,0
91912,0,2445,0
91914,0,2441,0
91916,0,2446,0
91918,0,2445,0
91920,68125,2437,1
91922,0,2432,0
91924,0,2431,0
91926,0,2431,0
91928,0,2437,0
91930,0,2437,0
91932,0,2431,0
91934,0,2441,0
91936,0,2440,0
91938,0,2441,0
91940,0,2441,0
91942,0,2441,0
91944,0,2440,0
91946,0,2445,0
91948,0,2442,0
91950,0,2443,0
91952,0,2441,0
91954,0,2444,0
91956,0,2444,0
91958,0,2443,0
91960,68138,2427,1
91962,0,2425,0
91964,0,2425,0
91966,0,2427,0
91968,0,2427,0
91970,0,2429,0
91972,0,2431,0
91974,0,2429,0
91976,0,2430,0
91978,0,2431,0
91980,0,2437,0
91982,0,2431,0
91984,0,2431,0
91986,0,2439,0
91988,0,2431,0
91990,0,2429,0
91992,0,2440,0
91994,0,2439,0
91996,0,2437,0
91998,0,2441,0
92000,68151,2421,1
92002,0,2420,0
92004,0,2421,0
92006,0,2423,0
92008,0,2423,0
92010,0,2423,0
92012,0,2425,0
92014,0,2415,0
92016,0,2424,0
92018,0,2425,0
92020,0,2425,0
92022,0,2427,0
92024,0,2425,0
92026,0,2427,0
92028,0,2429,0
92030,0,2429,0
92032,0,2428,0
92034,0,2428,0
92036,0,2429,0
92038,0,2431,0
92040,68118,2411,1
92042,0,2412,0
92044,0,2413,0
92046,0,2412,0
92048,0,2413,0
92050,0,2413,0
92052,0,2414,0
92054,0,2412,0
92056,0,2415,0
92058,0,2415,0
92060,0,2419,0
92062,0,2419,0
92064,0,2420,0
92066,0,2421,0
92068,0,2423,0
92070,0,2421,0
92072,0,2423,0
92074,0,2421,0
92076,0,2424,0
92078,0,2425,0
92080,68105,2403,1
92082,0,2396,0
92084,0,2404,0
92086,0,2401,0
92088,0,2406,0
92090,0,2405,0
92092,0,2407,0
92094,0,2407,0
92096,0,2409,0
92098,0,2405,0
92100,0,2410,0
92102,0,2411,0
92104,0,2411,0
92106,0,2411,0
92108,0,2413,0
92110,0,2414,0
92112,0,2412,0
92114,0,2414,0
92116,0,2419,0
92118,68124,2415,1
92120,0,2414,0
92122,0,2415,0
92124,0,2414,0
92126,0,2415,0
92128,0,2413,0
92130,0,2414,0
92132,0,2419,0
92134,0,2419,0
92136,0,2419,0
92138,0,2420,0
92140,0,2419,0
92142,0,2421,0
92144,0,2423,0
92146,0,2424,0
92148,0,2423,0
92150,0,2424,0
92152,0,2423,0
92154,0,2425,0
92156,0,2426,0
92158,68135,2428,1
92160,0,2425,0
92162,0,2427,0
92164,0,2425,0
92166,0,2427,0
92168,0,2428,0
92170,0,2427,0
92172,0,2428,0
92174,0,2428,0
92176,0,2430,0
92178,0,2430,0
92180,0,2439,0
92182,0,2431,0
92184,0,2431,0
92186,0,2431,0
92188,0,2439,0
92190,0,2438,0
92192,0,2438,0
92194,0,2439,0
92196,0,2431,0
92198,68134,2431,1
92200,0,2429,0
92202,0,2431,0
92204,0,2431,0
92206,0,2437,0
92208,0,2438,0
92210,0,2439,0
92212,0,2441,0
92214,0,2438,0
92216,0,2441,0
92218,0,2440,0
92220,0,2441,0
92222,0,2441,0
92224,0,2442,0
92226,0,2443,0
92228,0,2443,0
92230,0,2443,0
92232,0,2444,0
92234,0,2443,0
92236,0,2444,0
92238,68140,2439,1
92240,0,2437,0
92242,0,2439,0
92244,0,2429,0
92246,0,2441,0
92248,0,2437,0
92250,0,2441,0
92252,0,2441,0
92254,0,2440,0
92256,0,2439,0
92258,0,2442,0
92260,0,2441,0
92262,0,2443,0
92264,0,2443,0
92266,0,2445,0
92268,0,2445,0
92270,0,2444,0
92272,0,2443,0
92274,0,2444,0
92276,0,2447,0
92278,68140,2431,1
92280,0,2431,0
92282,0,2439,0
92284,0,2439,0
92286,0,2432,0
92288,0,2437,0
92290,0,2439,0
92292,0,2441,0
92294,0,2440,0
92296,0,2441,0
92298,0,2441,0
92300,0,2441,0
92302,0,2441,0
92304,0,2443,0
92306,0,2443,0
92308,0,2441,0
92310,0,2446,0
92312,0,2445,0
92314,0,2444,0
92316,0,2445,0
92318,68142,2429,1
92320,0,2441,0
92322,0,2429,0
92324,0,2430,0
92326,0,2431,0
92328,0,2431,0
92330,0,2431,0
92332,0,2431,0
92334,0,2432,0
92336,0,2431,0
92338,0,2439,0
92340,0,2438,0
92342,0,2443,0
92344,0,2439,0
92346,0,2441,0
92348,0,2440,0
92350,0,2441,0
92352,0,2440,0
92354,0,2441,0
92356,0,2441,0
92358,68175,2423,1
92360,0,2423,0
92362,0,2423,0
92364,0,2423,0
92366,0,2425,0
92368,0,2425,0
92370,0,2425,0
92372,0,2425,0
92374,0,2429,0
92376,0,2427,0
92378,0,2429,0
92380,0,2429,0
92382,0,2429,0
92384,0,2431,0
92386,0,2429,0
92388,0,2431,0
92390,0,2431,0
92392,0,2431,0
92394,0,2431,0
92396,0,2439,0
92398,68155,2420,1
92400,0,2413,0
92402,0,2419,0
92404,0,2416,0
92406,0,2420,0
92408,0,2415,0
92410,0,2419,0
92412,0,2421,0
92414,0,2422,0
92416,0,2421,0
92418,0,2421,0
92420,0,2424,0
92422,0,2421,0
92424,0,2424,0
92426,0,2425,0
92428,0,2427,0
92430,0,2425,0
92432,0,2425,0
92434,0,2428,0
92436,0,2427,0
92438,68072,2408,1
92440,0,2407,0
92442,0,2409,0
92444,0,2409,0
92446,0,2409,0
92448,0,2410,0
92450,0,2413,0
92452,0,2414,0
92454,0,2414,0
92456,0,2412,0
92458,0,2413,0
92460,0,2414,0
92462,0,2415,0
92464,0,2415,0
92466,0,2415,0
92468,0,2419,0
92470,0,2419,0
92472,0,2420,0
92474,0,2421,0
92476,0,2422,0
92478,68052,2397,1
92480,0,2396,0
92482,0,2399,0
92484,0,2397,0
92486,0,2399,0
92488,0,2403,0
92490,0,2403,0
92492,0,2404,0
92494,0,2405,0
92496,0,2405,0
92498,0,2408,0
92500,0,2408,0
92502,0,2407,0
92504,0,2409,0
92506,0,2409,0
92508,0,2408,0
92510,0,2411,0
92512,0,2413,0
92514,0,2411,0
92516,68063,2413,1
92518,0,2409,0
92520,0,2409,0
92522,0,2410,0
92524,0,2411,0
92526,0,2412,0
92528,0,2411,0
92530,0,2413,0
92532,0,2411,0
92534,0,2419,0
92536,0,2415,0
92538,0,2416,0
92540,0,2415,0
92542,0,2419,0
92544,0,2421,0
92546,0,2421,0
92548,0,2421,0
92550,0,2421,0
92552,0,2422,0
92554,0,2424,0
92556,68074,2425,1
92558,0,2420,0
92560,0,2423,0
92562,0,2431,0
92564,0,2423,0
92566,0,2423,0
92568,0,2424,0
92570,0,2423,0
92572,0,2423,0
92574,0,2425,0
92576,0,2425,0
92578,0,2425,0
92580,0,2427,0
92582,0,2427,0
92584,0,2427,0
92586,0,2427,0
92588,0,2429,0
92590,0,2429,0
92592,0,2429,0
92594,0,2431,0
92596,68074,2429,1
92598,0,2425,0
92600,0,2425,0
92602,0,2427,0
92604,0,2428,0
92606,0,2427,0
92608,0,2429,0
92610,0,2429,0
92612,0,2429,0
92614,0,2429,0
92616,0,2431,0
92618,0,2431,0
92620,0,2437,0
92622,0,2437,0
92624,0,2437,0
92626,0,2438,0
92628,0,2439,0
92630,0,2439,0
92632,0,2439,0
92634,0,2440,0
92636,68079,2429,1
92638,0,2428,0
92640,0,2429,0
92642,0,2429,0
92644,0,2429,0
92646,0,2429,0
92648,0,2431,0
92650,0,2437,0
92652,0,2429,0
92654,0,2437,0
92656,0,2439,0
92658,0,2438,0
92660,0,2431,0
92662,0,2432,0
92664,0,2439,0
92666,0,2438,0
92668,0,2441,0
92670,0,2441,0
92672,0,2441,0
92674,0,2441,0
92676,68080,2427,1
92678,0,2427,0
92680,0,2428,0
92682,0,2429,0
92684,0,2430,0
92686,0,2429,0
92688,0,2430,0
92690,0,2431,0
92692,0,2429,0
92694,0,2437,0
92696,0,2431,0
92698,0,2431,0
92700,0,2431,0
92702,0,2439,0
92704,0,2439,0
92706,0,2439,0
92708,0,2439,0
92710,0,2440,0
92712,0,2439,0
92714,0,2441,0
92716,68081,2425,1
92718,0,2423,0
92720,0,2425,0
92722,0,2422,0
92724,0,2425,0
92726,0,2427,0
92728,0,2427,0
92730,0,2426,0
92732,0,2427,0
92734,0,2425,0
92736,0,2429,0
92738,0,2429,0
92740,0,2429,0
92742,0,2429,0
92744,0,2430,0
92746,0,2431,0
92748,0,2431,0
92750,0,2438,0
92752,0,2437,0
92754,0,2439,0
92756,68089,2421,1
92758,0,2415,0
92760,0,2420,0
92762,0,2420,0
92764,0,2427,0
92766,0,2420,0
92768,0,2423,0
92770,0,2423,0
92772,0,2423,0
92774,0,2424,0
92776,0,2423,0
92778,0,2425,0
92780,0,2425,0
92782,0,2424,0
92784,0,2427,0
92786,0,2425,0
92788,0,2428,0
92790,0,2427,0
92792,0,2427,0
92794,0,2429,0
92796,68068,2412,1
92798,0,2409,0
92800,0,2409,0
92802,0,2411,0
92804,0,2411,0
92806,0,2413,0
92808,0,2413,0
92810,0,2413,0
92812,0,2415,0
92814,0,2415,0
92816,0,2419,0
92818,0,2419,0
92820,0,2420,0
92822,0,2423,0
92824,0,2421,0
92826,0,2422,0
92828,0,2423,0
92830,0,2423,0
92832,0,2423,0
92834,0,2423,0
92836,68049,2401,1
92838,0,2403,0
92840,0,2404,0
92842,0,2405,0
92844,0,2405,0
92846,0,2406,0
92848,0,2407,0
92850,0,2407,0
92852,0,2409,0
92854,0,2409,0
92856,0,2409,0
92858,0,2411,0
92860,0,2410,0
92862,0,2411,0
92864,0,2412,0
92866,0,2413,0
92868,0,2414,0
92870,0,2415,0
92872,0,2415,0
92874,68054,2419,1
92876,0,2413,0
92878,0,2413,0
92880,0,2413,0
92882,0,2415,0
92884,0,2415,0
92886,0,2415,0
92888,0,2421,0
92890,0,2420,0
92892,0,2421,0
92894,0,2421,0
92896,0,2421,0
92898,0,2421,0
92900,0,2421,0
92902,0,2423,0
92904,0,2423,0
92906,0,2424,0
92908,0,2426,0
92910,0,2427,0
92912,0,2424,0
92914,68077,2425,1
92916,0,2431,0
92918,0,2426,0
92920,0,2427,0
92922,0,2428,0
92924,0,2428,0
92926,0,2427,0
92928,0,2430,0
92930,0,2429,0
92932,0,2431,0
92934,0,2431,0
92936,0,2430,0
92938,0,2431,0
92940,0,2431,0
92942,0,2439,0
92944,0,2431,0
92946,0,2437,0
92948,0,2438,0
92950,0,2440,0
92952,0,2440,0
92954,68077,2439,1
92956,0,2437,0
92958,0,2437,0
92960,0,2431,0
92962,0,2440,0
92964,0,2439,0
92966,0,2439,0
92968,0,2439,0
92970,0,2441,0
92972,0,2441,0
92974,0,2441,0
92976,0,2443,0
92978,0,2442,0
92980,0,2443,0
92982,0,2443,0
92984,0,2443,0
92986,0,2445,0
92988,0,2442,0
92990,0,2443,0
92992,0,2444,0
92994,68085,2441,1
92996,0,2439,0
92998,0,2440,0
93000,0,2441,0
93002,0,2441,0
93004,0,2441,0
93006,0,2440,0
93008,0,2443,0
93010,0,2443,0
93012,0,2441,0
93014,0,2443,0
93016,0,2442,0
93018,0,2444,0
93020,0,2443,0
93022,0,2444,0
93024,0,2445,0
93026,0,2444,0
93028,0,2444,0
93030,0,2445,0
93032,0,2445,0
93034,68097,2441,1
93036,0,2439,0
93038,0,2438,0
93040,0,2439,0
93042,0,2441,0
93044,0,2441,0
93046,0,2440,0
93048,0,2441,0
93050,0,2441,0
93052,0,2443,0
93054,0,2443,0
93056,0,2444,0
93058,0,2443,0
93060,0,2443,0
93062,0,2443,0
93064,0,2445,0
93066,0,2445,0
93068,0,2445,0
93070,0,2446,0
93072,0,2445,0
93074,68092,2429,1
93076,0,2429,0
93079,0,2431,0
93081,0,2430,0
93083,0,2437,0
93085,0,2429,0
93087,0,2431,0
93089,0,2431,0
93091,0,2439,0
93093,0,2439,0
93095,0,2437,0
93097,0,2441,0
93099,0,2445,0
93101,0,2441,0
93103,0,2440,0
93105,0,2440,0
93107,0,2441,0
93109,0,2441,0
93111,0,2443,0
93113,0,2443,0
93115,68132,2425,1
93117,0,2424,0
93119,0,2426,0
93121,0,2425,0
93123,0,2425,0
93125,0,2427,0
93127,0,2428,0
93129,0,2427,0
93131,0,2428,0
93133,0,2429,0
93135,0,2428,0
93137,0,2430,0
93139,0,2430,0
93141,0,2431,0
