39371,0,1385,0
39373,0,1383,0
39375,0,1385,0
39377,0,1383,0
39379,0,1383,0
39381,0,1383,0
39383,0,1382,0
39385,0,1382,0
39387,0,1383,0
39389,0,1382,0
39391,0,1384,0
39393,0,1383,0
39395,0,1381,0
39397,66215,1381,1
39399,0,1382,0
39401,0,1383,0
39403,0,1383,0
39405,0,1381,0
39407,0,1383,0
39409,0,1383,0
39411,0,1382,0
39413,0,1383,0
39415,0,1382,0
39417,0,1383,0
39419,0,1380,0
39421,0,1381,0
39423,0,1383,0
39425,0,1381,0
39427,0,1381,0
39429,0,1380,0
39431,0,1375,0
39433,0,1381,0
39435,0,1379,0
39437,66201,1381,1
39439,0,1381,0
39441,0,1383,0
39443,0,1379,0
39445,0,1381,0
39447,0,1380,0
39449,0,1379,0
39451,0,1381,0
39453,0,1379,0
39455,0,1381,0
39457,0,1381,0
39459,0,1381,0
39461,0,1379,0
39463,0,1385,0
39465,0,1379,0
39467,0,1380,0
39469,0,1379,0
39471,0,1379,0
39473,0,1379,0
39475,0,1379,0
39477,66197,1381,1
39479,0,1379,0
39481,0,1379,0
39483,0,1380,0
39485,0,1368,0
39487,0,1383,0
39489,0,1379,0
39491,0,1379,0
39493,0,1379,0
39495,0,1381,0
39497,0,1379,0
39499,0,1379,0
39501,0,1379,0
39503,0,1379,0
39505,0,1379,0
39507,0,1381,0
39509,0,1379,0
39511,0,1381,0
39513,0,1379,0
39515,0,1379,0
39517,66184,1378,1
39519,0,1375,0
39521,0,1377,0
39523,0,1380,0
39525,0,1381,0
39527,0,1375,0
39529,0,1376,0
39531,0,1380,0
39533,0,1379,0
39535,0,1378,0
39537,0,1380,0
39539,0,1375,0
39541,0,1379,0
39543,0,1375,0
39545,0,1375,0
39547,0,1379,0
39549,0,1377,0
39551,0,1379,0
39553,0,1379,0
39555,0,1383,0
39557,66205,1379,1
39559,0,1377,0
39561,0,1365,0
39563,0,1379,0
39565,0,1378,0
39567,0,1376,0
39569,0,1378,0
39571,0,1375,0
39573,0,1379,0
39575,0,1379,0
39577,0,1375,0
39579,0,1379,0
39581,0,1379,0
39583,0,1379,0
39585,0,1379,0
39587,0,1379,0
39589,0,1377,0
39591,0,1375,0
39593,0,1375,0
39595,0,1375,0
39597,66206,1377,1
39599,0,1379,0
39601,0,1378,0
39603,0,1379,0
39605,0,1373,0
39607,0,1375,0
39609,0,1379,0
39611,0,1379,0
39613,0,1375,0
39615,0,1373,0
39617,0,1375,0
39619,0,1378,0
39621,0,1379,0
39623,0,1378,0
39625,0,1378,0
39627,0,1373,0
39629,0,1372,0
39631,0,1375,0
39633,0,1375,0
39635,0,1379,0
39637,66152,1375,1
39639,0,1378,0
39641,0,1379,0
39643,0,1377,0
39645,0,1379,0
39647,0,1375,0
39649,0,1374,0
39651,0,1378,0
39653,0,1375,0
39655,0,1375,0
39657,0,1379,0
39659,0,1371,0
39661,0,1375,0
39663,0,1375,0
39665,0,1378,0
39667,0,1374,0
39669,0,1377,0
39671,0,1375,0
39673,0,1375,0
39675,0,1379,0
39677,66140,1375,1
39679,0,1375,0
39681,0,1379,0
39683,0,1379,0
39685,0,1378,0
39687,0,1374,0
39689,0,1375,0
39691,0,1375,0
39693,0,1379,0
39695,0,1375,0
39697,0,1373,0
39699,0,1375,0
39701,0,1373,0
39703,0,1379,0
39705,0,1377,0
39707,0,1375,0
39709,0,1375,0
39711,0,1381,0
39713,0,1375,0
39715,66157,1375,1
39717,0,1377,0
39719,0,1374,0
39721,0,1375,0
39723,0,1373,0
39725,0,1373,0
39727,0,1379,0
39729,0,1375,0
39731,0,1375,0
39733,0,1372,0
39735,0,1374,0
39737,0,1375,0
39739,0,1375,0
39741,0,1374,0
39743,0,1373,0
39745,0,1373,0
39747,0,1375,0
39749,0,1375,0
39751,0,1375,0
39753,0,1378,0
39755,66173,1375,1
39757,0,1375,0
39759,0,1375,0
39761,0,1379,0
39763,0,1378,0
39765,0,1379,0
39767,0,1373,0
39769,0,1375,0
39771,0,1373,0
39773,0,1375,0
39775,0,1390,0
39777,0,1375,0
39779,0,1375,0
39781,0,1375,0
39783,0,1376,0
39785,0,1377,0
39787,0,1373,0
39789,0,1374,0
39791,0,1374,0
39793,0,1375,0
39795,66165,1375,1
39797,0,1375,0
39799,0,1374,0
39801,0,1374,0
39803,0,1375,0
39805,0,1374,0
39807,0,1375,0
39809,0,1375,0
39811,0,1374,0
39813,0,1375,0
39815,0,1373,0
39817,0,1374,0
39819,0,1375,0
39821,0,1375,0
39823,0,1373,0
39825,0,1375,0
39827,0,1374,0
39829,0,1375,0
39831,0,1374,0
39833,0,1375,0
39835,66173,1375,1
39837,0,1375,0
39839,0,1375,0
39841,0,1375,0
39843,0,1374,0
39845,0,1375,0
39847,0,1375,0
39849,0,1375,0
39851,0,1373,0
39853,0,1381,0
39855,0,1378,0
39857,0,1374,0
39859,0,1373,0
39861,0,1375,0
39863,0,1379,0
39865,0,1377,0
39867,0,1374,0
39869,0,1375,0
39871,0,1377,0
39873,0,1375,0
39875,66169,1373,1
39877,0,1379,0
39879,0,1375,0
39881,0,1377,0
39883,0,1371,0
39885,0,1373,0
39887,0,1375,0
39889,0,1373,0
39891,0,1374,0
39893,0,1377,0
39895,0,1375,0
39897,0,1375,0
39899,0,1373,0
39901,0,1375,0
39903,0,1373,0
39905,0,1375,0
39907,0,1379,0
39909,0,1374,0
39911,0,1375,0
39913,0,1378,0
39915,66165,1379,1
39917,0,1375,0
39919,0,1375,0
39921,0,1379,0
39923,0,1374,0
39925,0,1373,0
39927,0,1375,0
39929,0,1379,0
39931,0,1375,0
39933,0,1375,0
39935,0,1375,0
39937,0,1375,0
39939,0,1379,0
39941,0,1374,0
39943,0,1375,0
39945,0,1373,0
39947,0,1375,0
39949,0,1375,0
39951,0,1375,0
39953,0,1375,0
39955,66171,1373,1
39957,0,1374,0
39959,0,1379,0
39961,0,1379,0
39963,0,1375,0
39965,0,1375,0
39967,0,1375,0
39969,0,1378,0
39971,0,1379,0
39973,0,1375,0
39975,0,1375,0
39977,0,1379,0
39979,0,1375,0
39981,0,1374,0
39983,0,1379,0
39985,0,1375,0
39987,0,1379,0
39989,0,1377,0
39991,0,1375,0
39993,0,1375,0
39995,66184,1375,1
39997,0,1379,0
39999,0,1379,0
40001,0,1378,0
40003,0,1375,0
40005,0,1379,0
40007,0,1375,0
40009,0,1379,0
40011,0,1375,0
40013,0,1375,0
40015,0,1375,0
40017,0,1375,0
40019,0,1379,0
40021,0,1375,0
40023,0,1373,0
40025,0,1375,0
40027,0,1379,0
40029,0,1379,0
40031,0,1374,0
40033,0,1378,0
40035,66148,1379,1
40037,0,1378,0
40039,0,1379,0
40041,0,1378,0
40043,0,1377,0
40045,0,1379,0
40047,0,1373,0
40049,0,1375,0
40051,0,1378,0
40053,0,1375,0
40055,0,1375,0
40057,0,1377,0
40059,0,1377,0
40061,0,1375,0
40063,0,1375,0
40065,0,1375,0
40067,0,1375,0
40069,0,1376,0
40071,0,1375,0
40073,0,1375,0
40075,66124,1379,1
40077,0,1375,0
40079,0,1379,0
40081,0,1379,0
40083,0,1377,0
40085,0,1375,0
40087,0,1379,0
40089,0,1379,0
40091,0,1378,0
40093,0,1378,0
40095,0,1379,0
40097,0,1379,0
40099,0,1379,0
40101,0,1379,0
40103,0,1378,0
40105,0,1375,0
40107,0,1378,0
40109,0,1379,0
40111,0,1379,0
40113,66137,1375,1
40115,0,1378,0
40117,0,1375,0
40119,0,1375,0
40121,0,1375,0
40123,0,1381,0
40125,0,1377,0
40127,0,1379,0
40129,0,1378,0
40131,0,1377,0
40133,0,1379,0
40135,0,1381,0
40137,0,1379,0
40139,0,1373,0
40141,0,1378,0
40143,0,1378,0
40145,0,1375,0
40147,0,1379,0
40149,0,1375,0
40151,0,1379,0
40153,66154,1379,1
40155,0,1379,0
40157,0,1375,0
40159,0,1379,0
40161,0,1379,0
40163,0,1380,0
40165,0,1381,0
40167,0,1377,0
40169,0,1379,0
40171,0,1379,0
40173,0,1379,0
40175,0,1375,0
40177,0,1375,0
40179,0,1379,0
40181,0,1374,0
40183,0,1379,0
40185,0,1379,0
40187,0,1379,0
40189,0,1378,0
40191,0,1378,0
40193,66162,1375,1
40195,0,1375,0
40197,0,1377,0
40199,0,1379,0
40201,0,1375,0
40203,0,1379,0
40205,0,1379,0
40207,0,1379,0
40209,0,1378,0
40211,0,1378,0
40213,0,1379,0
40215,0,1374,0
40217,0,1375,0
40219,0,1374,0
40221,0,1379,0
40223,0,1379,0
40225,0,1378,0
40227,0,1380,0
40229,0,1378,0
40231,0,1379,0
40233,66161,1379,1
40235,0,1379,0
40237,0,1373,0
40239,0,1380,0
40241,0,1379,0
40243,0,1375,0
40245,0,1379,0
40247,0,1379,0
40249,0,1379,0
40251,0,1379,0
40253,0,1383,0
40255,0,1381,0
40257,0,1378,0
40259,0,1379,0
40261,0,1377,0
40263,0,1378,0
40265,0,1379,0
40267,0,1379,0
40269,0,1379,0
40271,0,1378,0
40273,66165,1375,1
40275,0,1377,0
40277,0,1375,0
40279,0,1379,0
40281,0,1379,0
40283,0,1379,0
40285,0,1379,0
40287,0,1375,0
40289,0,1379,0
40291,0,1379,0
40293,0,1379,0
40295,0,1379,0
40297,0,1379,0
40299,0,1379,0
40301,0,1379,0
40303,0,1379,0
40305,0,1379,0
40307,0,1375,0
40309,0,1379,0
40311,0,1378,0
40313,66161,1379,1
40315,0,1379,0
40317,0,1379,0
40319,0,1379,0
40321,0,1379,0
40323,0,1379,0
40325,0,1379,0
40327,0,1379,0
40329,0,1379,0
40331,0,1379,0
40333,0,1379,0
40335,0,1379,0
40337,0,1379,0
40339,0,1374,0
40341,0,1379,0
40343,0,1379,0
40345,0,1379,0
40347,0,1377,0
40349,0,1379,0
40351,0,1380,0
40353,66174,1379,1
40355,0,1378,0
40357,0,1379,0
40359,0,1379,0
40361,0,1376,0
40363,0,1378,0
40365,0,1379,0
40367,0,1379,0
40369,0,1379,0
40371,0,1381,0
40373,0,1379,0
40375,0,1379,0
40377,0,1379,0
40379,0,1375,0
40381,0,1379,0
40383,0,1379,0
40385,0,1379,0
40387,0,1381,0
40389,0,1379,0
40391,0,1378,0
40393,66192,1379,1
40395,0,1379,0
40397,0,1379,0
40399,0,1379,0
40402,0,1375,0
40404,0,1380,0
40406,0,1379,0
40408,0,1379,0
40410,0,1378,0
40412,0,1379,0
40414,0,1379,0
40416,0,1379,0
40418,0,1365,0
40420,0,1380,0
40422,0,1380,0
40424,0,1375,0
40426,0,1379,0
40428,0,1380,0
40430,0,1374,0
40432,0,1381,0
40434,66172,1379,1
40436,0,1378,0
40438,0,1379,0
40440,0,1379,0
40442,0,1379,0
40444,0,1380,0
40446,0,1379,0
40448,0,1380,0
40450,0,1379,0
40452,0,1379,0
40454,0,1381,0
40456,0,1380,0
40458,0,1379,0
40460,0,1379,0
40462,0,1379,0
40464,0,1379,0
40466,0,1381,0
40468,0,1380,0
40470,0,1381,0
40472,0,1380,0
40474,66145,1379,1
40476,0,1383,0
40478,0,1375,0
40480,0,1379,0
40482,0,1379,0
40484,0,1379,0
40486,0,1381,0
40488,0,1379,0
40490,0,1379,0
40492,0,1379,0
40494,0,1379,0
40496,0,1381,0
40498,0,1381,0
40500,0,1380,0
40502,0,1379,0
40504,0,1380,0
40506,0,1380,0
40508,0,1385,0
40510,0,1378,0
40512,66163,1380,1
40514,0,1379,0
40516,0,1380,0
40518,0,1380,0
40520,0,1379,0
40522,0,1381,0
40524,0,1379,0
40526,0,1376,0
40528,0,1380,0
40530,0,1379,0
40532,0,1381,0
40534,0,1381,0
40536,0,1379,0
40538,0,1381,0
40540,0,1375,0
40542,0,1379,0
40544,0,1379,0
40546,0,1379,0
40548,0,1379,0
40550,0,1379,0
40552,66177,1379,1
40554,0,1380,0
40556,0,1379,0
40558,0,1381,0
40560,0,1379,0
40562,0,1379,0
40564,0,1379,0
40566,0,1379,0
40568,0,1381,0
40570,0,1379,0
40572,0,1379,0
40574,0,1379,0
40576,0,1379,0
40578,0,1379,0
40580,0,1379,0
40582,0,1379,0
40584,0,1379,0
40586,0,1381,0
40588,0,1382,0
40590,0,1381,0
40592,66189,1380,1
40594,0,1379,0
40596,0,1380,0
40598,0,1380,0
40600,0,1381,0
40602,0,1381,0
40604,0,1381,0
40606,0,1379,0
40608,0,1380,0
40610,0,1380,0
40612,0,1380,0
40614,0,1381,0
40616,0,1380,0
40618,0,1381,0
40620,0,1381,0
40622,0,1380,0
40624,0,1381,0
40626,0,1381,0
40628,0,1381,0
40630,0,1381,0
40632,66199,1381,1
40634,0,1381,0
40636,0,1381,0
40638,0,1379,0
40640,0,1381,0
40642,0,1380,0
40644,0,1381,0
40646,0,1381,0
40648,0,1381,0
40650,0,1381,0
40652,0,1385,0
40654,0,1381,0
40656,0,1379,0
40658,0,1381,0
40660,0,1380,0
40662,0,1379,0
40664,0,1381,0
40666,0,1381,0
40668,0,1381,0
40670,0,1380,0
40672,66197,1379,1
40674,0,1381,0
40676,0,1381,0
40678,0,1381,0
40680,0,1380,0
40682,0,1366,0
40684,0,1379,0
40686,0,1381,0
40688,0,1381,0
40690,0,1379,0
40692,0,1381,0
40694,0,1379,0
40696,0,1381,0
40698,0,1381,0
40700,0,1381,0
40702,0,1378,0
40704,0,1381,0
40706,0,1381,0
40708,0,1381,0
40710,0,1381,0
40712,66204,1381,1
40714,0,1382,0
40716,0,1379,0
40718,0,1379,0
40720,0,1379,0
40722,0,1381,0
40724,0,1380,0
40726,0,1380,0
40728,0,1381,0
40730,0,1381,0
40732,0,1381,0
40734,0,1381,0
40736,0,1381,0
40738,0,1381,0
40740,0,1380,0
40742,0,1381,0
40744,0,1381,0
40746,0,1379,0
40748,0,1381,0
40750,0,1381,0
40752,66214,1381,1
40754,0,1379,0
40756,0,1379,0
40758,0,1381,0
40760,0,1366,0
40762,0,1381,0
40764,0,1379,0
40766,0,1382,0
40768,0,1382,0
40770,0,1381,0
40772,0,1379,0
40774,0,1383,0
40776,0,1383,0
40778,0,1381,0
40780,0,1380,0
40782,0,1381,0
40784,0,1381,0
40786,0,1379,0
40788,0,1379,0
40790,0,1381,0
40792,66229,1381,1
40794,0,1381,0
40796,0,1383,0
40798,0,1380,0
40800,0,1375,0
40802,0,1381,0
40804,0,1380,0
40806,0,1381,0
40808,0,1381,0
40810,0,1372,0
40812,0,1381,0
40814,0,1380,0
40816,0,1383,0
40818,0,1381,0
40820,0,1381,0
40822,0,1381,0
40824,0,1382,0
40826,0,1379,0
40828,0,1380,0
40830,0,1381,0
40832,66195,1381,1
40834,0,1381,0
40836,0,1381,0
40838,0,1380,0
40840,0,1383,0
40842,0,1381,0
40844,0,1381,0
40846,0,1380,0
40848,0,1381,0
40850,0,1381,0
40852,0,1381,0
40854,0,1383,0
40856,0,1381,0
40858,0,1381,0
40860,0,1381,0
40862,0,1384,0
40864,0,1381,0
40866,0,1381,0
40868,0,1381,0
40870,0,1381,0
40872,66166,1380,1
40874,0,1383,0
40876,0,1383,0
40878,0,1381,0
40880,0,1381,0
40882,0,1381,0
40884,0,1379,0
40886,0,1382,0
40888,0,1383,0
40890,0,1381,0
40892,0,1381,0
40894,0,1384,0
40896,0,1381,0
40898,0,1381,0
40900,0,1381,0
40902,0,1381,0
40904,0,1383,0
40906,0,1381,0
40908,0,1381,0
40910,66177,1383,1
40912,0,1381,0
40914,0,1381,0
40916,0,1381,0
40918,0,1382,0
40920,0,1381,0
40922,0,1381,0
40924,0,1380,0
40926,0,1385,0
40928,0,1381,0
40930,0,1381,0
40932,0,1383,0
40934,0,1382,0
40936,0,1381,0
40938,0,1381,0
40940,0,1381,0
40942,0,1381,0
40944,0,1381,0
40946,0,1381,0
40948,0,1380,0
40950,66195,1381,1
40952,0,1383,0
40954,0,1383,0
40956,0,1379,0
40958,0,1383,0
40960,0,1381,0
40962,0,1386,0
40964,0,1381,0
40966,0,1381,0
40968,0,1381,0
40970,0,1382,0
40972,0,1381,0
40974,0,1380,0
40976,0,1382,0
40978,0,1381,0
40980,0,1381,0
40982,0,1382,0
40984,0,1382,0
40986,0,1381,0
40988,0,1382,0
40990,66216,1381,1
40992,0,1382,0
40994,0,1379,0
40996,0,1382,0
40998,0,1381,0
41000,0,1382,0
41002,0,1383,0
41004,0,1383,0
41006,0,1380,0
41008,0,1381,0
41010,0,1380,0
41012,0,1381,0
41014,0,1382,0
41016,0,1381,0
41018,0,1381,0
41020,0,1379,0
41022,0,1381,0
41024,0,1382,0
41026,0,1381,0
41028,0,1381,0
41030,66212,1380,1
41032,0,1383,0
41034,0,1382,0
41036,0,1379,0
41038,0,1383,0
41040,0,1381,0
41042,0,1383,0
41044,0,1381,0
41046,0,1381,0
41048,0,1385,0
41050,0,1383,0
41052,0,1381,0
41054,0,1381,0
41056,0,1384,0
41058,0,1388,0
41060,0,1380,0
41062,0,1383,0
41064,0,1381,0
41066,0,1381,0
41068,0,1382,0
41070,66215,1381,1
41072,0,1383,0
41074,0,1383,0
41076,0,1385,0
41078,0,1381,0
41080,0,1383,0
41082,0,1381,0
41084,0,1382,0
41086,0,1383,0
41088,0,1379,0
41090,0,1381,0
41092,0,1381,0
41094,0,1382,0
41096,0,1383,0
41098,0,1382,0
41100,0,1381,0
41102,0,1383,0
41104,0,1382,0
41106,0,1383,0
41108,0,1379,0
41110,66209,1381,1
41112,0,1381,0
41114,0,1383,0
41116,0,1383,0
41118,0,1381,0
41120,0,1383,0
41122,0,1381,0
41124,0,1383,0
41126,0,1384,0
41128,0,1383,0
41130,0,1381,0
41132,0,1381,0
41134,0,1376,0
41136,0,1384,0
41138,0,1383,0
41140,0,1379,0
41142,0,1382,0
41144,0,1383,0
41146,0,1381,0
41148,0,1381,0
41150,66218,1381,1
41152,0,1383,0
41154,0,1385,0
41156,0,1383,0
41158,0,1381,0
41160,0,1383,0
41162,0,1381,0
41164,0,1382,0
41166,0,1383,0
41168,0,1383,0
41170,0,1381,0
41172,0,1383,0
41174,0,1381,0
41176,0,1385,0
41178,0,1383,0
41180,0,1383,0
41182,0,1383,0
41184,0,1381,0
41186,0,1383,0
41188,0,1387,0
41190,66247,1381,1
41192,0,1383,0
41194,0,1381,0
41196,0,1382,0
41198,0,1383,0
41200,0,1383,0
41202,0,1381,0
41204,0,1382,0
41206,0,1381,0
41208,0,1383,0
41210,0,1381,0
41212,0,1383,0
41214,0,1383,0
41216,0,1383,0
41218,0,1383,0
41220,0,1385,0
41222,0,1383,0
41224,0,1383,0
41226,0,1383,0
41228,0,1381,0
41230,66225,1382,1
41232,0,1383,0
41234,0,1383,0
41236,0,1383,0
41238,0,1381,0
41240,0,1383,0
41242,0,1384,0
41244,0,1383,0
41246,0,1383,0
41248,0,1383,0
41250,0,1383,0
41252,0,1385,0
41254,0,1383,0
41256,0,1383,0
41258,0,1383,0
41260,0,1382,0
41262,0,1385,0
41264,0,1383,0
41266,0,1384,0
41268,0,1381,0
41270,66195,1383,1
41272,0,1383,0
41274,0,1383,0
41276,0,1383,0
41278,0,1381,0
41280,0,1383,0
41282,0,1383,0
41284,0,1383,0
41286,0,1383,0
41288,0,1383,0
41290,0,1382,0
41292,0,1383,0
41294,0,1383,0
41296,0,1383,0
41298,0,1383,0
41300,0,1381,0
41302,0,1381,0
41304,0,1371,0
41306,0,1382,0
41308,0,1381,0
41310,66207,1383,1
41312,0,1383,0
41314,0,1383,0
41316,0,1383,0
41318,0,1381,0
41320,0,1383,0
41322,0,1382,0
41324,0,1380,0
41326,0,1383,0
41328,0,1381,0
41330,0,1381,0
41332,0,1383,0
41334,0,1383,0
41336,0,1383,0
41338,0,1383,0
41340,0,1380,0
41342,0,1382,0
41344,0,1383,0
41346,0,1382,0
41348,66235,1383,1
41350,0,1381,0
41352,0,1382,0
41354,0,1381,0
41356,0,1381,0
41358,0,1381,0
41360,0,1383,0
41362,0,1381,0
41364,0,1381,0
41366,0,1382,0
41368,0,1383,0
41370,0,1382,0
41372,0,1383,0
41374,0,1383,0
41376,0,1379,0
41378,0,1384,0
41380,0,1383,0
41382,0,1383,0
41384,0,1382,0
41386,0,1383,0
41388,66246,1382,1
41390,0,1382,0
41392,0,1382,0
41394,0,1384,0
41396,0,1383,0
41398,0,1383,0
41400,0,1382,0
41402,0,1383,0
41404,0,1383,0
41406,0,1383,0
41408,0,1383,0
41410,0,1383,0
41412,0,1383,0
41414,0,1383,0
41416,0,1383,0
41418,0,1381,0
41420,0,1383,0
41422,0,1383,0
41424,0,1383,0
41426,0,1383,0
41428,66252,1383,1
41430,0,1381,0
41432,0,1382,0
41434,0,1383,0
41436,0,1383,0
41438,0,1383,0
41440,0,1383,0
41442,0,1383,0
41444,0,1383,0
41446,0,1383,0
41448,0,1384,0
41450,0,1383,0
41452,0,1383,0
41454,0,1383,0
41456,0,1381,0
41458,0,1383,0
41460,0,1383,0
41462,0,1381,0
41464,0,1380,0
41466,0,1383,0
41468,66257,1383,1
41470,0,1385,0
41472,0,1383,0
41474,0,1383,0
41476,0,1382,0
41478,0,1382,0
41480,0,1383,0
41482,0,1383,0
41484,0,1384,0
41486,0,1383,0
41488,0,1383,0
41490,0,1383,0
41492,0,1382,0
41494,0,1382,0
41496,0,1381,0
41498,0,1384,0
41500,0,1382,0
41502,0,1383,0
41504,0,1381,0
41506,0,1385,0
41508,66263,1382,1
41510,0,1383,0
41512,0,1383,0
41514,0,1383,0
41516,0,1383,0
41518,0,1384,0
41520,0,1383,0
41522,0,1383,0
41524,0,1383,0
41526,0,1383,0
41528,0,1385,0
41530,0,1387,0
41532,0,1383,0
41534,0,1383,0
41536,0,1381,0
41538,0,1383,0
41540,0,1385,0
41542,0,1383,0
41544,0,1383,0
41546,0,1383,0
41548,66284,1383,1
41550,0,1384,0
41552,0,1383,0
41554,0,1383,0
41556,0,1383,0
41558,0,1383,0
41560,0,1383,0
41562,0,1382,0
41564,0,1383,0
41566,0,1383,0
41568,0,1383,0
41570,0,1383,0
41572,0,1383,0
41574,0,1383,0
41576,0,1383,0
41578,0,1384,0
41580,0,1383,0
41582,0,1379,0
41584,0,1381,0
41586,0,1383,0
41588,66303,1383,1
41590,0,1383,0
41592,0,1384,0
41594,0,1382,0
41596,0,1381,0
41598,0,1383,0
41600,0,1383,0
41602,0,1384,0
41604,0,1383,0
41606,0,1383,0
41608,0,1383,0
41610,0,1383,0
41612,0,1383,0
41614,0,1383,0
41616,0,1383,0
41618,0,1383,0
41620,0,1383,0
41622,0,1383,0
41624,0,1383,0
41626,0,1383,0
41628,66288,1383,1
41630,0,1382,0
41632,0,1383,0
41634,0,1383,0
41636,0,1383,0
41638,0,1383,0
41640,0,1381,0
41642,0,1381,0
41644,0,1382,0
41646,0,1383,0
41648,0,1385,0
41650,0,1383,0
41652,0,1382,0
41654,0,1384,0
41656,0,1381,0
41658,0,1383,0
41660,0,1384,0
41662,0,1383,0
41664,0,1381,0
41666,0,1383,0
41668,66239,1383,1
41670,0,1384,0
41672,0,1383,0
41674,0,1385,0
41676,0,1383,0
41678,0,1384,0
41680,0,1383,0
41682,0,1383,0
41684,0,1383,0
41686,0,1384,0
41688,0,1383,0
41690,0,1383,0
41692,0,1384,0
41694,0,1383,0
41696,0,1384,0
41698,0,1383,0
41700,0,1384,0
41702,0,1383,0
41704,0,1383,0
41706,0,1383,0
41708,66249,1384,1
41710,0,1384,0
41712,0,1383,0
41714,0,1383,0
41716,0,1383,0
41718,0,1383,0
41720,0,1384,0
41722,0,1383,0
41724,0,1383,0
41726,0,1383,0
41728,0,1384,0
41730,0,1383,0
41732,0,1383,0
41734,0,1383,0
41736,0,1382,0
41738,0,1385,0
41740,0,1385,0
41742,0,1381,0
41744,0,1383,0
41746,66269,1383,1
41748,0,1384,0
41750,0,1383,0
41752,0,1383,0
41754,0,1384,0
41756,0,1384,0
41758,0,1383,0
41760,0,1384,0
41762,0,1383,0
41764,0,1383,0
41766,0,1384,0
41768,0,1383,0
41770,0,1383,0
41772,0,1385,0
41774,0,1383,0
41776,0,1385,0
41778,0,1384,0
41780,0,1384,0
41782,0,1385,0
41784,0,1383,0
41786,66271,1384,1
41788,0,1384,0
41790,0,1385,0
41792,0,1384,0
41794,0,1383,0
41796,0,1383,0
41798,0,1383,0
41800,0,1383,0
41802,0,1383,0
41804,0,1379,0
41806,0,1384,0
41808,0,1384,0
41810,0,1383,0
41812,0,1383,0
41814,0,1383,0
41816,0,1385,0
41818,0,1381,0
41820,0,1384,0
41822,0,1383,0
41824,0,1383,0
41826,66285,1381,1
41828,0,1384,0
41830,0,1381,0
41832,0,1383,0
41834,0,1384,0
41836,0,1383,0
41838,0,1383,0
41840,0,1383,0
41842,0,1383,0
41844,0,1383,0
41846,0,1383,0
41848,0,1384,0
41850,0,1383,0
41852,0,1384,0
41854,0,1385,0
41856,0,1383,0
41858,0,1385,0
41860,0,1383,0
41862,0,1383,0
41864,0,1384,0
41866,66281,1383,1
41868,0,1384,0
41870,0,1384,0
41872,0,1384,0
41874,0,1383,0
41876,0,1384,0
41878,0,1385,0
41880,0,1385,0
41882,0,1385,0
41884,0,1383,0
41886,0,1385,0
41888,0,1384,0
41890,0,1385,0
41892,0,1383,0
41894,0,1384,0
41896,0,1387,0
41898,0,1385,0
41900,0,1384,0
41902,0,1385,0
41904,0,1383,0
41906,66297,1383,1
41908,0,1383,0
41910,0,1383,0
41912,0,1383,0
41914,0,1383,0
41916,0,1385,0
41918,0,1384,0
41920,0,1383,0
41922,0,1383,0
41924,0,1382,0
41926,0,1385,0
41928,0,1384,0
41930,0,1385,0
41932,0,1385,0
41934,0,1383,0
41936,0,1385,0
41938,0,1383,0
41940,0,1384,0
41942,0,1384,0
41944,0,1383,0
41946,66284,1385,1
41948,0,1385,0
41950,0,1382,0
41952,0,1385,0
41954,0,1385,0
41956,0,1385,0
41958,0,1384,0
41960,0,1385,0
41962,0,1388,0
41964,0,1385,0
41966,0,1383,0
41968,0,1384,0
41970,0,1383,0
41972,0,1383,0
41974,0,1385,0
41976,0,1385,0
41978,0,1385,0
41980,0,1385,0
41982,0,1384,0
41984,0,1385,0
41986,66311,1384,1
41988,0,1386,0
41990,0,1384,0
41992,0,1384,0
41994,0,1385,0
41996,0,1383,0
41998,0,1384,0
42000,0,1384,0
42002,0,1383,0
42004,0,1385,0
42006,0,1384,0
42008,0,1384,0
42010,0,1385,0
42012,0,1385,0
42014,0,1383,0
42016,0,1384,0
42018,0,1383,0
42020,0,1385,0
42022,0,1385,0
42024,0,1386,0
42026,66302,1384,1
42028,0,1385,0
42030,0,1383,0
42032,0,1385,0
42034,0,1385,0
42036,0,1385,0
42038,0,1385,0
42040,0,1384,0
42042,0,1384,0
42044,0,1385,0
42046,0,1385,0
42048,0,1385,0
42050,0,1385,0
42052,0,1384,0
42054,0,1384,0
42056,0,1385,0
42058,0,1383,0
42060,0,1384,0
42062,0,1384,0
42064,0,1384,0
42066,66260,1384,1
42068,0,1385,0
42070,0,1384,0
42072,0,1383,0
42074,0,1385,0
42076,0,1384,0
42078,0,1383,0
42080,0,1384,0
42082,0,1385,0
42084,0,1385,0
42086,0,1385,0
42088,0,1384,0
42090,0,1387,0
42092,0,1383,0
42094,0,1384,0
42096,0,1384,0
42098,0,1384,0
42100,0,1385,0
42102,0,1384,0
42104,0,1383,0
42106,66246,1383,1
42108,0,1383,0
42110,0,1384,0
42112,0,1385,0
42114,0,1385,0
42116,0,1385,0
42118,0,1385,0
42120,0,1386,0
42122,0,1385,0
42124,0,1383,0
42126,0,1385,0
42128,0,1384,0
42130,0,1382,0
42132,0,1382,0
42134,0,1388,0
42136,0,1385,0
42138,0,1385,0
42140,0,1384,0
42142,0,1385,0
42144,66283,1385,1
42146,0,1384,0
42148,0,1384,0
42150,0,1385,0
42152,0,1385,0
42154,0,1385,0
42156,0,1384,0
42158,0,1385,0
42160,0,1384,0
42162,0,1383,0
42164,0,1383,0
42166,0,1387,0
42168,0,1385,0
42170,0,1385,0
42172,0,1385,0
42174,0,1385,0
42176,0,1383,0
42178,0,1385,0
42180,0,1383,0
42182,0,1385,0
42184,66289,1384,1
42186,0,1386,0
42188,0,1383,0
42190,0,1385,0
42192,0,1385,0
42194,0,1383,0
42196,0,1383,0
42198,0,1385,0
42200,0,1383,0
42202,0,1385,0
42204,0,1383,0
42206,0,1385,0
42208,0,1386,0
42210,0,1384,0
42212,0,1383,0
42214,0,1385,0
42217,0,1384,0
42219,0,1383,0
42221,0,1385,0
42223,0,1384,0
42225,66279,1385,1
42227,0,1385,0
42229,0,1383,0
42231,0,1385,0
42233,0,1385,0
42235,0,1386,0
42237,0,1385,0
42239,0,1384,0
42241,0,1386,0
42243,0,1384,0
42245,0,1387,0
42247,0,1386,0
42249,0,1386,0
42251,0,1383,0
42253,0,1386,0
42255,0,1385,0
42257,0,1385,0
42259,0,1384,0
42261,0,1385,0
42263,0,1385,0
42265,66285,1385,1
42267,0,1385,0
42269,0,1387,0
42271,0,1384,0
42273,0,1385,0
42275,0,1385,0
42277,0,1387,0
42279,0,1385,0
42281,0,1383,0
42283,0,1387,0
42285,0,1389,0
42287,0,1384,0
42289,0,1385,0
42291,0,1385,0
42293,0,1385,0
42295,0,1386,0
42297,0,1384,0
42299,0,1385,0
42301,0,1385,0
42303,0,1385,0
42305,66283,1386,1
42307,0,1387,0
42309,0,1387,0
42311,0,1384,0
42313,0,1384,0
42315,0,1387,0
42317,0,1385,0
42319,0,1385,0
42321,0,1385,0
42323,0,1391,0
42325,0,1386,0
42327,0,1385,0
42329,0,1385,0
42331,0,1383,0
42333,0,1386,0
42335,0,1387,0
42337,0,1385,0
42339,0,1385,0
42341,0,1383,0
42343,0,1387,0
42345,66291,1385,1
42347,0,1385,0
42349,0,1385,0
42351,0,1387,0
42353,0,1385,0
42355,0,1384,0
42357,0,1385,0
42359,0,1385,0
42361,0,1385,0
42363,0,1385,0
42365,0,1385,0
42367,0,1387,0
42369,0,1387,0
42371,0,1383,0
42373,0,1387,0
42375,0,1385,0
42377,0,1387,0
42379,0,1385,0
42381,0,1385,0
42383,0,1386,0
42385,66336,1387,1
42387,0,1385,0
42389,0,1385,0
42391,0,1387,0
42393,0,1383,0
42395,0,1385,0
42397,0,1383,0
42399,0,1385,0
42401,0,1385,0
42403,0,1386,0
42405,0,1385,0
42407,0,1387,0
42409,0,1378,0
42411,0,1385,0
42413,0,1385,0
42415,0,1385,0
42417,0,1386,0
42419,0,1387,0
42421,0,1387,0
42423,0,1383,0
42425,66341,1387,1
42427,0,1386,0
42429,0,1387,0
42431,0,1385,0
42433,0,1385,0
42435,0,1387,0
42437,0,1387,0
42439,0,1385,0
42441,0,1384,0
42443,0,1385,0
42445,0,1385,0
42447,0,1387,0
42449,0,1385,0
42451,0,1386,0
42453,0,1387,0
42455,0,1384,0
42457,0,1385,0
42459,0,1385,0
42461,0,1385,0
42463,0,1387,0
42465,66286,1387,1
42467,0,1387,0
42469,0,1386,0
42471,0,1387,0
42473,0,1385,0
42475,0,1379,0
42477,0,1385,0
42479,0,1387,0
42481,0,1387,0
42483,0,1388,0
42485,0,1387,0
42487,0,1385,0
42489,0,1387,0
42491,0,1387,0
42493,0,1385,0
42495,0,1386,0
42497,0,1386,0
42499,0,1387,0
42501,0,1387,0
42503,0,1384,0
42505,66272,1387,1
42507,0,1387,0
42509,0,1387,0
42511,0,1386,0
42513,0,1386,0
42515,0,1385,0
42517,0,1380,0
42519,0,1387,0
42521,0,1387,0
42523,0,1389,0
42525,0,1387,0
42527,0,1387,0
42529,0,1385,0
42531,0,1386,0
42533,0,1387,0
42535,0,1385,0
42537,0,1385,0
42539,0,1387,0
42541,0,1386,0
42543,66303,1386,1
42545,0,1385,0
42547,0,1385,0
42549,0,1387,0
42551,0,1385,0
42553,0,1386,0
42555,0,1385,0
42557,0,1385,0
42559,0,1387,0
42561,0,1386,0
42563,0,1387,0
42565,0,1389,0
42567,0,1387,0
42569,0,1387,0
42571,0,1387,0
42573,0,1387,0
42575,0,1385,0
42577,0,1387,0
42579,0,1386,0
42581,0,1385,0
42583,66305,1387,1
42585,0,1386,0
42587,0,1387,0
42589,0,1387,0
42591,0,1387,0
42593,0,1387,0
42595,0,1387,0
42597,0,1387,0
42599,0,1387,0
42601,0,1385,0
42603,0,1387,0
42605,0,1385,0
42607,0,1387,0
42609,0,1387,0
42611,0,1387,0
42613,0,1387,0
42615,0,1387,0
42617,0,1389,0
42619,0,1388,0
42621,0,1387,0
42623,66306,1386,1
42625,0,1386,0
42627,0,1386,0
42629,0,1386,0
42631,0,1387,0
42633,0,1387,0
42635,0,1385,0
42637,0,1388,0
42639,0,1388,0
42641,0,1385,0
42643,0,1385,0
42645,0,1387,0
42647,0,1387,0
42649,0,1386,0
42651,0,1385,0
42653,0,1387,0
42655,0,1386,0
42657,0,1388,0
42659,0,1386,0
42661,0,1387,0
42663,66323,1387,1
42665,0,1387,0
42667,0,1384,0
42669,0,1388,0
42671,0,1387,0
42673,0,1387,0
42675,0,1388,0
42677,0,1387,0
42679,0,1387,0
42681,0,1387,0
42683,0,1385,0
42685,0,1387,0
42687,0,1387,0
42689,0,1385,0
42691,0,1387,0
42693,0,1387,0
42695,0,1389,0
42697,0,1386,0
42699,0,1387,0
42701,0,1389,0
42703,66337,1388,1
42705,0,1391,0
42707,0,1387,0
42709,0,1388,0
42711,0,1387,0
42713,0,1387,0
42715,0,1388,0
42717,0,1387,0
42719,0,1386,0
42721,0,1387,0
42723,0,1388,0
42725,0,1389,0
42727,0,1386,0
42729,0,1388,0
42731,0,1389,0
42733,0,1388,0
42735,0,1388,0
42737,0,1388,0
42739,0,1389,0
42741,0,1389,0
42743,66329,1387,1
42745,0,1387,0
42747,0,1387,0
42749,0,1387,0
42751,0,1389,0
42753,0,1387,0
42755,0,1387,0
42757,0,1387,0
42759,0,1387,0
42761,0,1387,0
42763,0,1388,0
42765,0,1387,0
42767,0,1387,0
42769,0,1389,0
42771,0,1389,0
42773,0,1385,0
42775,0,1389,0
42777,0,1389,0
42779,0,1387,0
42781,0,1387,0
42783,66364,1389,1
42785,0,1387,0
42787,0,1388,0
42789,0,1388,0
42791,0,1387,0
42793,0,1386,0
42795,0,1387,0
42797,0,1384,0
42799,0,1388,0
42801,0,1387,0
42803,0,1388,0
42805,0,1387,0
42807,0,1391,0
42809,0,1389,0
42811,0,1387,0
42813,0,1389,0
42815,0,1387,0
42817,0,1389,0
42819,0,1387,0
42821,0,1387,0
42823,66365,1389,1
42825,0,1387,0
42827,0,1388,0
42829,0,1389,0
42831,0,1389,0
42833,0,1388,0
42835,0,1386,0
42837,0,1388,0
42839,0,1387,0
42841,0,1387,0
42843,0,1387,0
42845,0,1386,0
42847,0,1386,0
42849,0,1391,0
42851,0,1388,0
42853,0,1387,0
42855,0,1389,0
42857,0,1391,0
42859,0,1387,0
42861,0,1401,0
42863,66325,1387,1
42865,0,1389,0
42867,0,1389,0
42869,0,1390,0
42871,0,1389,0
42873,0,1389,0
42875,0,1388,0
42877,0,1389,0
42879,0,1388,0
42881,0,1391,0
42883,0,1387,0
42885,0,1389,0
42887,0,1388,0
42889,0,1389,0
42891,0,1387,0
42893,0,1389,0
42895,0,1387,0
42897,0,1387,0
42899,0,1389,0
42901,0,1387,0
42903,66301,1389,1
42905,0,1389,0
42907,0,1389,0
42909,0,1387,0
42911,0,1389,0
42913,0,1389,0
42915,0,1389,0
42917,0,1389,0
42919,0,1389,0
42921,0,1389,0
42923,0,1391,0
42925,0,1387,0
42927,0,1389,0
42929,0,1389,0
42931,0,1389,0
42933,0,1383,0
42935,0,1388,0
42937,0,1389,0
42939,0,1389,0
42941,66334,1389,1
42943,0,1389,0
42945,0,1398,0
42947,0,1387,0
42949,0,1387,0
42951,0,1389,0
42953,0,1387,0
42955,0,1389,0
42957,0,1389,0
42959,0,1389,0
42961,0,1388,0
42963,0,1387,0
42965,0,1391,0
42967,0,1389,0
42969,0,1389,0
42971,0,1390,0
42973,0,1389,0
42975,0,1389,0
42977,0,1389,0
42979,0,1389,0
42981,66360,1387,1
42983,0,1387,0
42985,0,1388,0
42987,0,1388,0
42989,0,1388,0
42991,0,1387,0
42993,0,1389,0
42995,0,1389,0
42997,0,1387,0
42999,0,1387,0
43001,0,1389,0
43003,0,1390,0
43005,0,1390,0
43007,0,1388,0
43009,0,1389,0
43011,0,1389,0
43013,0,1388,0
43015,0,1388,0
43017,0,1389,0
43019,0,1387,0
43021,66369,1389,1
43023,0,1397,0
43025,0,1389,0
43027,0,1389,0
43029,0,1387,0
43031,0,1389,0
43033,0,1388,0
43035,0,1389,0
43037,0,1391,0
43039,0,1387,0
43041,0,1390,0
43043,0,1389,0
43045,0,1389,0
43047,0,1389,0
43049,0,1390,0
43051,0,1391,0
43053,0,1387,0
43055,0,1389,0
43057,0,1389,0
43059,0,1389,0
43061,66367,1388,1
43063,0,1391,0
43065,0,1388,0
43067,0,1389,0
43069,0,1387,0
43071,0,1391,0
43073,0,1389,0
43075,0,1389,0
43077,0,1389,0
43079,0,1387,0
43081,0,1388,0
43083,0,1389,0
43085,0,1390,0
43087,0,1389,0
43089,0,1391,0
43091,0,1388,0
43093,0,1389,0
43095,0,1386,0
43097,0,1389,0
43099,0,1388,0
43101,66373,1389,1
43103,0,1389,0
43105,0,1389,0
43107,0,1390,0
43109,0,1388,0
43111,0,1389,0
43113,0,1390,0
43115,0,1391,0
43117,0,1389,0
43119,0,1389,0
43121,0,1388,0
43123,0,1389,0
43125,0,1389,0
43127,0,1387,0
43129,0,1391,0
43131,0,1389,0
43133,0,1390,0
43135,0,1391,0
43137,0,1387,0
43139,0,1391,0
43141,66380,1387,1
43143,0,1389,0
43145,0,1391,0
43147,0,1391,0
43149,0,1389,0
43151,0,1389,0
43153,0,1387,0
43155,0,1389,0
43157,0,1389,0
43159,0,1389,0
43161,0,1391,0
43163,0,1389,0
43165,0,1388,0
43167,0,1391,0
43169,0,1391,0
43171,0,1389,0
43173,0,1389,0
43175,0,1389,0
43177,0,1389,0
43179,0,1391,0
43181,66397,1389,1
43183,0,1389,0
43185,0,1389,0
43187,0,1389,0
43189,0,1389,0
43191,0,1389,0
43193,0,1391,0
43195,0,1389,0
43197,0,1387,0
43199,0,1391,0
43201,0,1389,0
43203,0,1389,0
43205,0,1391,0
43207,0,1390,0
43209,0,1389,0
43211,0,1389,0
43213,0,1391,0
43215,0,1390,0
43217,0,1389,0
43219,0,1389,0
43221,66412,1391,1
43223,0,1391,0
43225,0,1387,0
43227,0,1390,0
43229,0,1389,0
43231,0,1389,0
43233,0,1390,0
43235,0,1391,0
43237,0,1389,0
43239,0,1391,0
43241,0,1390,0
43243,0,1389,0
43245,0,1389,0
43247,0,1389,0
43249,0,1389,0
43251,0,1391,0
43253,0,1395,0
43255,0,1389,0
43257,0,1389,0
43259,0,1389,0
43261,66383,1391,1
43263,0,1389,0
43265,0,1390,0
43267,0,1389,0
43269,0,1391,0
43271,0,1391,0
43273,0,1389,0
43275,0,1389,0
43277,0,1390,0
43279,0,1389,0
43281,0,1389,0
43283,0,1389,0
43285,0,1390,0
43287,0,1388,0
43289,0,1389,0
43291,0,1389,0
43293,0,1389,0
43295,0,1389,0
43297,0,1389,0
43299,0,1391,0
43301,66352,1391,1
43303,0,1389,0
43305,0,1391,0
43307,0,1390,0
43309,0,1391,0
43311,0,1389,0
43313,0,1389,0
43315,0,1389,0
43317,0,1389,0
43319,0,1389,0
43321,0,1389,0
43323,0,1391,0
43325,0,1391,0
43327,0,1389,0
43329,0,1389,0
43331,0,1391,0
43333,0,1390,0
43335,0,1389,0
43337,0,1389,0
43339,66359,1391,1
43341,0,1389,0
43343,0,1389,0
43345,0,1391,0
43347,0,1391,0
43349,0,1389,0
43351,0,1389,0
43353,0,1391,0
43355,0,1389,0
43357,0,1390,0
43359,0,1391,0
43361,0,1388,0
43363,0,1389,0
43365,0,1391,0
43367,0,1391,0
43369,0,1391,0
43371,0,1391,0
43373,0,1390,0
43375,0,1389,0
43377,0,1390,0
43379,66383,1391,1
43381,0,1391,0
43383,0,1390,0
43385,0,1389,0
43387,0,1389,0
43389,0,1390,0
43391,0,1391,0
43393,0,1389,0
43395,0,1390,0
43397,0,1390,0
43399,0,1391,0
43401,0,1389,0
43403,0,1389,0
43405,0,1391,0
43407,0,1391,0
43409,0,1389,0
43411,0,1389,0
43413,0,1389,0
43415,0,1389,0
43417,0,1391,0
43419,66388,1391,1
43421,0,1400,0
43423,0,1387,0
43425,0,1391,0
43427,0,1391,0
43429,0,1391,0
43431,0,1391,0
43433,0,1389,0
43435,0,1391,0
43437,0,1391,0
43439,0,1391,0
43441,0,1390,0
43443,0,1391,0
43445,0,1391,0
43447,0,1389,0
43449,0,1391,0
43451,0,1390,0
43453,0,1388,0
43455,0,1385,0
43457,0,1391,0
43459,66392,1391,1
43461,0,1391,0
43463,0,1391,0
43465,0,1389,0
43467,0,1391,0
43469,0,1389,0
43471,0,1389,0
43473,0,1390,0
43475,0,1389,0
43477,0,1390,0
43479,0,1391,0
43481,0,1391,0
43483,0,1391,0
43485,0,1389,0
43487,0,1391,0
43489,0,1389,0
43491,0,1391,0
43493,0,1404,0
43495,0,1391,0
43497,0,1388,0
43499,66396,1390,1
43501,0,1391,0
43503,0,1389,0
43505,0,1391,0
43507,0,1391,0
43509,0,1389,0
43511,0,1389,0
43513,0,1389,0
43515,0,1391,0
43517,0,1391,0
43519,0,1390,0
43521,0,1391,0
43523,0,1393,0
43525,0,1390,0
43527,0,1389,0
43529,0,1391,0
43531,0,1391,0
43533,0,1391,0
43535,0,1389,0
43537,0,1391,0
43539,66407,1391,1
43541,0,1391,0
43543,0,1391,0
43545,0,1393,0
43547,0,1385,0
43549,0,1391,0
43551,0,1389,0
43553,0,1391,0
43555,0,1391,0
43557,0,1391,0
43559,0,1393,0
43561,0,1389,0
43563,0,1390,0
43565,0,1391,0
43567,0,1389,0
43569,0,1390,0
43571,0,1390,0
43573,0,1389,0
43575,0,1390,0
43577,0,1391,0
43579,66431,1390,1
43581,0,1390,0
43583,0,1391,0
43585,0,1389,0
43587,0,1389,0
43589,0,1391,0
43591,0,1391,0
43593,0,1391,0
43595,0,1390,0
43597,0,1390,0
43599,0,1391,0
43601,0,1390,0
43603,0,1391,0
43605,0,1391,0
43607,0,1390,0
43609,0,1390,0
43611,0,1389,0
43613,0,1389,0
43615,0,1391,0
43617,0,1391,0
43619,66445,1391,1
43621,0,1395,0
43623,0,1391,0
43625,0,1391,0
43627,0,1393,0
43629,0,1391,0
43631,0,1391,0
43633,0,1389,0
43635,0,1391,0
43637,0,1391,0
43639,0,1391,0
43641,0,1396,0
43643,0,1391,0
43645,0,1391,0
43647,0,1391,0
43649,0,1391,0
43651,0,1389,0
43653,0,1391,0
43655,0,1388,0
43657,0,1389,0
43659,66428,1390,1
43661,0,1391,0
43663,0,1391,0
43665,0,1391,0
43667,0,1391,0
43669,0,1391,0
43671,0,1393,0
43673,0,1390,0
43675,0,1392,0
43677,0,1391,0
43679,0,1391,0
43681,0,1391,0
43683,0,1389,0
43685,0,1389,0
43687,0,1389,0
43689,0,1391,0
43691,0,1389,0
43693,0,1391,0
43695,0,1391,0
43697,0,1390,0
43699,66396,1390,1
43701,0,1389,0
43703,0,1391,0
43705,0,1387,0
43707,0,1391,0
43709,0,1391,0
43711,0,1395,0
43713,0,1384,0
43715,0,1397,0
43717,0,1395,0
43719,0,1391,0
43721,0,1391,0
43723,0,1392,0
43725,0,1389,0
43727,0,1391,0
43729,0,1391,0
43731,0,1391,0
43733,0,1391,0
43735,0,1389,0
43737,66426,1389,1
43739,0,1390,0
43741,0,1389,0
43743,0,1391,0
43745,0,1391,0
43747,0,1390,0
43749,0,1399,0
43751,0,1391,0
43753,0,1391,0
43755,0,1391,0
43757,0,1391,0
43759,0,1397,0
43761,0,1389,0
43763,0,1391,0
43765,0,1389,0
43767,0,1389,0
43769,0,1391,0
43771,0,1391,0
43773,0,1391,0
43775,0,1391,0
43777,66440,1391,1
43779,0,1390,0
43781,0,1391,0
43783,0,1391,0
43785,0,1391,0
43787,0,1390,0
43789,0,1390,0
43791,0,1391,0
43793,0,1388,0
43795,0,1391,0
43797,0,1391,0
43799,0,1391,0
43801,0,1391,0
43803,0,1394,0
43805,0,1389,0
43807,0,1391,0
43809,0,1391,0
43811,0,1386,0
43813,0,1391,0
43815,0,1388,0
43817,66451,1391,1
43819,0,1390,0
43821,0,1389,0
43823,0,1395,0
43825,0,1387,0
43827,0,1390,0
43829,0,1391,0
43831,0,1391,0
43833,0,1391,0
43835,0,1391,0
43837,0,1391,0
43839,0,1390,0
43841,0,1387,0
43843,0,1391,0
43845,0,1387,0
43847,0,1391,0
43849,0,1390,0
43851,0,1389,0
43853,0,1391,0
43855,0,1390,0
43857,66452,1390,1
43859,0,1391,0
43861,0,1389,0
43863,0,1391,0
43865,0,1389,0
43867,0,1391,0
43869,0,1391,0
43871,0,1389,0
43873,0,1391,0
43875,0,1389,0
43877,0,1387,0
43879,0,1395,0
43881,0,1391,0
43883,0,1390,0
43885,0,1391,0
43887,0,1388,0
43889,0,1391,0
43891,0,1389,0
43893,0,1389,0
43895,0,1391,0
43897,66466,1393,1
43899,0,1389,0
43901,0,1391,0
43903,0,1390,0
43905,0,1389,0
43907,0,1389,0
43909,0,1389,0
43911,0,1390,0
43913,0,1389,0
43915,0,1390,0
43917,0,1391,0
43919,0,1391,0
43921,0,1388,0
43923,0,1389,0
43925,0,1391,0
43927,0,1391,0
43929,0,1389,0
43931,0,1390,0
43933,0,1390,0
43935,0,1389,0
43937,66464,1391,1
43939,0,1390,0
43941,0,1389,0
43943,0,1385,0
43945,0,1390,0
43947,0,1391,0
43949,0,1391,0
43951,0,1393,0
43953,0,1390,0
43955,0,1391,0
43957,0,1391,0
43959,0,1389,0
43961,0,1389,0
43963,0,1391,0
43965,0,1387,0
43967,0,1389,0
43969,0,1390,0
43971,0,1391,0
43973,0,1389,0
43975,0,1389,0
43977,66490,1389,1
43979,0,1391,0
43981,0,1390,0
43983,0,1383,0
43985,0,1391,0
43987,0,1390,0
43989,0,1389,0
43991,0,1391,0
43993,0,1389,0
43995,0,1391,0
43997,0,1391,0
43999,0,1391,0
44001,0,1390,0
44003,0,1389,0
44005,0,1392,0
44007,0,1390,0
44009,0,1391,0
44011,0,1390,0
44013,0,1390,0
44015,0,1387,0
44017,66541,1389,1
44019,0,1389,0
44021,0,1390,0
44023,0,1390,0
44025,0,1390,0
44027,0,1391,0
44029,0,1389,0
44031,0,1391,0
44033,0,1389,0
44035,0,1390,0
44037,0,1389,0
44039,0,1391,0
44041,0,1387,0
44043,0,1389,0
44045,0,1391,0
44047,0,1385,0
44049,0,1391,0
44051,0,1391,0
44053,0,1391,0
44055,0,1390,0
44057,66533,1391,1
44059,0,1391,0
44062,0,1388,0
44064,0,1390,0
44066,0,1389,0
44068,0,1390,0
44070,0,1389,0
44072,0,1397,0
44074,0,1391,0
44076,0,1390,0
44078,0,1390,0
44080,0,1391,0
44082,0,1391,0
44084,0,1389,0
44086,0,1389,0
44088,0,1389,0
44090,0,1389,0
44092,0,1390,0
44094,0,1391,0
44096,0,1389,0
44098,66493,1388,1
44100,0,1389,0
44102,0,1389,0
44104,0,1389,0
44106,0,1389,0
44108,0,1389,0
44110,0,1389,0
44112,0,1389,0
44114,0,1390,0
44116,0,1389,0
44118,0,1389,0
44120,0,1390,0
44122,0,1389,0
44124,0,1389,0
44126,0,1389,0
44128,0,1388,0
44130,0,1389,0
44132,0,1388,0
44134,0,1388,0
44136,0,1387,0
44138,66503,1389,1
44140,0,1391,0
44142,0,1389,0
44144,0,1389,0
44146,0,1389,0
44148,0,1389,0
44150,0,1389,0
44152,0,1390,0
44154,0,1391,0
44156,0,1389,0
44158,0,1389,0
44160,0,1387,0
44162,0,1387,0
44164,0,1389,0
44166,0,1388,0
44168,0,1387,0
44170,0,1389,0
44172,0,1388,0
44174,0,1389,0
44176,66514,1391,1
44178,0,1389,0
44180,0,1389,0
44182,0,1388,0
44184,0,1389,0
44186,0,1387,0
44188,0,1389,0
44190,0,1391,0
44192,0,1389,0
44194,0,1389,0
44196,0,1389,0
44198,0,1388,0
44200,0,1389,0
44202,0,1385,0
44204,0,1387,0
44206,0,1388,0
44208,0,1389,0
44210,0,1387,0
44212,0,1389,0
44214,0,1388,0
44216,66521,1387,1
44218,0,1389,0
44220,0,1389,0
44222,0,1389,0
44224,0,1383,0
44226,0,1389,0
44228,0,1387,0
44230,0,1389,0
44232,0,1389,0
44234,0,1387,0
44236,0,1387,0
44238,0,1389,0
44240,0,1390,0
44242,0,1387,0
44244,0,1388,0
44246,0,1387,0
44248,0,1389,0
44250,0,1389,0
44252,0,1387,0
44254,0,1387,0
44256,66509,1387,1
44258,0,1388,0
44260,0,1389,0
44262,0,1387,0
44264,0,1388,0
44266,0,1387,0
44268,0,1389,0
44270,0,1389,0
44272,0,1389,0
44274,0,1390,0
44276,0,1386,0
44278,0,1389,0
44280,0,1387,0
44282,0,1389,0
44284,0,1388,0
44286,0,1389,0
44288,0,1389,0
44290,0,1389,0
44292,0,1389,0
44294,0,1389,0
44296,66502,1386,1
44298,0,1385,0
44300,0,1385,0
44302,0,1387,0
44304,0,1387,0
44306,0,1387,0
44308,0,1396,0
44310,0,1387,0
44312,0,1387,0
44314,0,1387,0
44316,0,1387,0
44318,0,1385,0
44320,0,1390,0
44322,0,1386,0
44324,0,1387,0
44326,0,1388,0
44328,0,1385,0
44330,0,1385,0
44332,0,1387,0
44334,0,1385,0
44336,66498,1387,1
44338,0,1387,0
44340,0,1387,0
44342,0,1388,0
44344,0,1389,0
44346,0,1387,0
44348,0,1387,0
44350,0,1387,0
44352,0,1387,0
44354,0,1387,0
44356,0,1385,0
44358,0,1387,0
44360,0,1385,0
44362,0,1387,0
44364,0,1386,0
44366,0,1387,0
44368,0,1387,0
44370,0,1387,0
44372,0,1386,0
44374,0,1387,0
44376,66505,1389,1
44378,0,1387,0
44380,0,1387,0
44382,0,1385,0
44384,0,1385,0
44386,0,1386,0
44388,0,1383,0
44390,0,1387,0
44392,0,1385,0
44394,0,1385,0
44396,0,1386,0
44398,0,1385,0
44400,0,1385,0
44402,0,1386,0
44404,0,1387,0
44406,0,1385,0
44408,0,1387,0
44410,0,1385,0
44412,0,1384,0
44414,0,1383,0
44416,66525,1384,1
44418,0,1384,0
44420,0,1385,0
44422,0,1387,0
44424,0,1385,0
44426,0,1387,0
44428,0,1385,0
44430,0,1387,0
44432,0,1385,0
44434,0,1385,0
44436,0,1385,0
44438,0,1385,0
44440,0,1385,0
44442,0,1387,0
44444,0,1383,0
44446,0,1385,0
44448,0,1385,0
44450,0,1386,0
44452,0,1386,0
44454,0,1385,0
44456,66527,1385,1
44458,0,1385,0
44460,0,1383,0
44462,0,1385,0
44464,0,1387,0
44466,0,1387,0
44468,0,1385,0
44470,0,1385,0
44472,0,1385,0
44474,0,1385,0
44476,0,1379,0
44478,0,1391,0
44480,0,1384,0
44482,0,1383,0
44484,0,1385,0
44486,0,1385,0
44488,0,1383,0
44490,0,1383,0
44492,0,1385,0
44494,0,1384,0
44496,66484,1385,1
44498,0,1383,0
44500,0,1384,0
44502,0,1385,0
44504,0,1385,0
44506,0,1383,0
44508,0,1385,0
44510,0,1383,0
44512,0,1384,0
44514,0,1381,0
44516,0,1382,0
44518,0,1386,0
44520,0,1384,0
44522,0,1385,0
44524,0,1384,0
44526,0,1385,0
44528,0,1383,0
44530,0,1384,0
44532,0,1385,0
44534,0,1383,0
44536,66505,1383,1
44538,0,1381,0
44540,0,1385,0
44542,0,1385,0
44544,0,1383,0
44546,0,1387,0
44548,0,1383,0
44550,0,1384,0
44552,0,1383,0
44554,0,1383,0
44556,0,1369,0
44558,0,1383,0
44560,0,1383,0
44562,0,1383,0
44564,0,1383,0
44566,0,1384,0
44568,0,1383,0
44570,0,1385,0
44572,0,1383,0
44574,66516,1384,1
44576,0,1383,0
44578,0,1385,0
44580,0,1383,0
44582,0,1382,0
44584,0,1387,0
44586,0,1383,0
44588,0,1383,0
44590,0,1381,0
44592,0,1381,0
44594,0,1384,0
44596,0,1383,0
44598,0,1381,0
44600,0,1383,0
44602,0,1383,0
44604,0,1383,0
44606,0,1383,0
44608,0,1384,0
44610,0,1381,0
44612,0,1383,0
44614,66533,1381,1
44616,0,1381,0
44618,0,1381,0
44620,0,1383,0
44622,0,1384,0
44624,0,1383,0
44626,0,1381,0
44628,0,1383,0
44630,0,1383,0
44632,0,1383,0
44634,0,1385,0
44636,0,1383,0
44638,0,1381,0
44640,0,1383,0
44642,0,1381,0
44644,0,1381,0
44646,0,1385,0
44648,0,1381,0
44650,0,1383,0
44652,0,1383,0
44654,66531,1383,1
44656,0,1381,0
44658,0,1382,0
44660,0,1382,0
44662,0,1380,0
44664,0,1380,0
44666,0,1381,0
44668,0,1381,0
44670,0,1383,0
44672,0,1381,0
44674,0,1375,0
44676,0,1381,0
44678,0,1381,0
44680,0,1381,0
44682,0,1381,0
44684,0,1381,0
44686,0,1381,0
44688,0,1381,0
44690,0,1381,0
44692,0,1380,0
44694,66537,1379,1
44696,0,1383,0
44698,0,1381,0
44700,0,1380,0
44702,0,1381,0
44704,0,1379,0
44706,0,1379,0
44708,0,1379,0
44710,0,1381,0
44712,0,1381,0
44714,0,1374,0
44716,0,1381,0
44718,0,1379,0
44720,0,1382,0
44722,0,1379,0
44724,0,1381,0
44726,0,1381,0
44728,0,1380,0
44730,0,1381,0
44732,0,1380,0
44734,66542,1380,1
44736,0,1374,0
44738,0,1381,0
44740,0,1379,0
44742,0,1379,0
44744,0,1379,0
44746,0,1379,0
44748,0,1380,0
44750,0,1379,0
44752,0,1380,0
44754,0,1381,0
44756,0,1381,0
44758,0,1379,0
44760,0,1380,0
44762,0,1379,0
44764,0,1379,0
44766,0,1379,0
44768,0,1379,0
44770,0,1379,0
44772,0,1380,0
44774,66548,1381,1
44776,0,1379,0
44778,0,1379,0
44780,0,1379,0
44782,0,1379,0
44784,0,1378,0
44786,0,1380,0
44788,0,1379,0
44790,0,1379,0
44792,0,1379,0
44794,0,1379,0
44796,0,1379,0
44798,0,1375,0
44800,0,1379,0
44802,0,1380,0
44804,0,1379,0
44806,0,1380,0
44808,0,1379,0
44810,0,1379,0
44812,0,1379,0
44814,66582,1379,1
44816,0,1379,0
44818,0,1379,0
44820,0,1375,0
44822,0,1376,0
44824,0,1379,0
44826,0,1379,0
44828,0,1375,0
44830,0,1375,0
44832,0,1378,0
44834,0,1379,0
44836,0,1379,0
44838,0,1379,0
44840,0,1379,0
44842,0,1375,0
44844,0,1375,0
44846,0,1375,0
44848,0,1378,0
44850,0,1375,0
44852,0,1379,0
44854,66591,1377,1
44856,0,1375,0
44858,0,1379,0
44860,0,1375,0
44862,0,1375,0
44864,0,1379,0
44866,0,1379,0
44868,0,1377,0
44870,0,1375,0
44872,0,1374,0
44874,0,1375,0
44876,0,1375,0
44878,0,1375,0
44880,0,1375,0
44882,0,1378,0
44884,0,1378,0
44886,0,1374,0
44888,0,1375,0
44890,0,1373,0
44892,0,1375,0
44894,66535,1375,1
44896,0,1381,0
44898,0,1377,0
44900,0,1373,0
44902,0,1375,0
44904,0,1375,0
44906,0,1373,0
44908,0,1372,0
44910,0,1379,0
44912,0,1374,0
44914,0,1375,0
44916,0,1375,0
44918,0,1375,0
44920,0,1375,0
44922,0,1377,0
44924,0,1378,0
44926,0,1372,0
44928,0,1374,0
44930,0,1376,0
44932,0,1375,0
44934,66537,1375,1
44936,0,1373,0
44938,0,1373,0
44940,0,1375,0
44942,0,1373,0
44944,0,1373,0
44946,0,1375,0
44948,0,1375,0
44950,0,1375,0
44952,0,1373,0
44954,0,1373,0
44956,0,1375,0
44958,0,1373,0
44960,0,1374,0
44962,0,1375,0
44964,0,1375,0
44966,0,1373,0
44968,0,1375,0
44970,0,1375,0
44972,66558,1374,1
44974,0,1374,0
44976,0,1374,0
44978,0,1375,0
44980,0,1375,0
44982,0,1373,0
44984,0,1375,0
44986,0,1373,0
44988,0,1373,0
44990,0,1373,0
44992,0,1373,0
44994,0,1372,0
44996,0,1373,0
44998,0,1373,0
45000,0,1373,0
45002,0,1373,0
45004,0,1374,0
45006,0,1373,0
45008,0,1375,0
45010,0,1373,0
45012,66569,1375,1
45014,0,1375,0
45016,0,1375,0
45018,0,1373,0
45020,0,1375,0
45022,0,1373,0
45024,0,1375,0
45026,0,1373,0
45028,0,1373,0
45030,0,1373,0
45032,0,1373,0
45034,0,1372,0
45036,0,1373,0
45038,0,1374,0
45040,0,1373,0
45042,0,1371,0
45044,0,1373,0
45046,0,1374,0
45048,0,1373,0
45050,0,1374,0
45052,66578,1372,1
45054,0,1373,0
45056,0,1373,0
45058,0,1373,0
45060,0,1373,0
45062,0,1373,0
45064,0,1371,0
45066,0,1373,0
45068,0,1373,0
45070,0,1373,0
45072,0,1373,0
45074,0,1373,0
45076,0,1373,0
45078,0,1373,0
45080,0,1371,0
45082,0,1373,0
45084,0,1371,0
45086,0,1378,0
45088,0,1371,0
45090,0,1373,0
45092,66576,1373,1
45094,0,1377,0
45096,0,1372,0
45098,0,1373,0
45100,0,1371,0
45102,0,1373,0
45104,0,1372,0
45106,0,1371,0
45108,0,1371,0
45110,0,1371,0
45112,0,1372,0
45114,0,1369,0
45116,0,1373,0
45118,0,1372,0
45120,0,1371,0
45122,0,1371,0
45124,0,1371,0
45126,0,1373,0
45128,0,1371,0
45130,0,1372,0
45132,66584,1371,1
45134,0,1372,0
45136,0,1371,0
45138,0,1371,0
45140,0,1370,0
45142,0,1371,0
45144,0,1371,0
45146,0,1373,0
45148,0,1371,0
45150,0,1371,0
45152,0,1371,0
45154,0,1372,0
45156,0,1371,0
45158,0,1369,0
45160,0,1369,0
45162,0,1369,0
45164,0,1369,0
45166,0,1371,0
45168,0,1370,0
45170,0,1369,0
45172,66587,1371,1
45174,0,1370,0
45176,0,1371,0
45178,0,1370,0
45180,0,1371,0
45182,0,1370,0
45184,0,1387,0
45186,0,1372,0
45188,0,1371,0
45190,0,1371,0
45192,0,1371,0
45194,0,1371,0
45196,0,1371,0
45198,0,1369,0
45200,0,1369,0
45202,0,1370,0
45204,0,1369,0
45206,0,1368,0
45208,0,1369,0
45210,0,1369,0
45212,66618,1370,1
45214,0,1369,0
45216,0,1375,0
45218,0,1371,0
45220,0,1369,0
45222,0,1371,0
45224,0,1371,0
45226,0,1371,0
45228,0,1371,0
45230,0,1371,0
45232,0,1371,0
45234,0,1370,0
45236,0,1369,0
45238,0,1367,0
45240,0,1371,0
45242,0,1371,0
45244,0,1371,0
45246,0,1369,0
45248,0,1370,0
45250,0,1370,0
45252,66618,1371,1
45254,0,1371,0
45256,0,1369,0
45258,0,1358,0
45260,0,1369,0
45262,0,1371,0
45264,0,1371,0
45266,0,1370,0
45268,0,1369,0
45270,0,1369,0
45272,0,1371,0
45274,0,1372,0
45276,0,1370,0
45278,0,1371,0
45280,0,1368,0
45282,0,1371,0
45284,0,1371,0
45286,0,1371,0
45288,0,1369,0
45290,0,1371,0
45292,66567,1370,1
45294,0,1369,0
45296,0,1369,0
45298,0,1369,0
45300,0,1369,0
45302,0,1370,0
45304,0,1369,0
45306,0,1371,0
45308,0,1369,0
45310,0,1370,0
45312,0,1369,0
45314,0,1370,0
45316,0,1369,0
45318,0,1369,0
45320,0,1369,0
45322,0,1369,0
45324,0,1369,0
45326,0,1369,0
45328,0,1369,0
45330,0,1369,0
45332,66552,1374,1
45334,0,1369,0
45336,0,1369,0
45338,0,1369,0
45340,0,1369,0
45342,0,1368,0
45344,0,1368,0
45346,0,1368,0
45348,0,1369,0
45350,0,1369,0
45352,0,1371,0
45354,0,1369,0
45356,0,1368,0
45358,0,1369,0
45360,0,1368,0
45362,0,1369,0
45364,0,1367,0
45366,0,1368,0
45368,0,1369,0
45370,66573,1369,1
45372,0,1368,0
45374,0,1366,0
45376,0,1374,0
45378,0,1369,0
45380,0,1369,0
45382,0,1368,0
45384,0,1369,0
45386,0,1369,0
45388,0,1369,0
45390,0,1369,0
45392,0,1368,0
45394,0,1367,0
45396,0,1369,0
45398,0,1369,0
45400,0,1369,0
45402,0,1367,0
45404,0,1368,0
45406,0,1369,0
45408,0,1368,0
45410,66587,1368,1
45412,0,1369,0
45414,0,1367,0
45416,0,1363,0
45418,0,1371,0
45420,0,1369,0
45422,0,1368,0
45424,0,1369,0
45426,0,1369,0
45428,0,1370,0
45430,0,1369,0
45432,0,1368,0
45434,0,1368,0
45436,0,1370,0
45438,0,1368,0
45440,0,1367,0
45442,0,1369,0
45444,0,1369,0
45446,0,1369,0
45448,0,1367,0
45450,66594,1369,1
45452,0,1367,0
45454,0,1368,0
45456,0,1366,0
45458,0,1367,0
45460,0,1368,0
45462,0,1371,0
45464,0,1367,0
45466,0,1366,0
45468,0,1368,0
45470,0,1368,0
45472,0,1367,0
45474,0,1369,0
45476,0,1367,0
45478,0,1367,0
45480,0,1368,0
45482,0,1369,0
45484,0,1367,0
45486,0,1368,0
45488,0,1365,0
45490,66592,1368,1
45492,0,1368,0
45494,0,1367,0
45496,0,1367,0
45498,0,1367,0
45500,0,1364,0
45502,0,1368,0
45504,0,1369,0
45506,0,1367,0
45508,0,1367,0
45510,0,1366,0
45512,0,1367,0
45514,0,1363,0
45516,0,1368,0
45518,0,1367,0
45520,0,1366,0
45522,0,1367,0
45524,0,1367,0
45526,0,1367,0
45528,0,1369,0
45530,66617,1367,1
45532,0,1369,0
45534,0,1369,0
45536,0,1367,0
45538,0,1369,0
45540,0,1367,0
45542,0,1367,0
45544,0,1367,0
45546,0,1368,0
45548,0,1367,0
45550,0,1366,0
45552,0,1367,0
45554,0,1368,0
45556,0,1365,0
45558,0,1367,0
45560,0,1367,0
45562,0,1369,0
45564,0,1368,0
45566,0,1367,0
45568,0,1367,0
45570,66612,1367,1
45572,0,1365,0
45574,0,1366,0
45576,0,1367,0
45578,0,1367,0
45580,0,1365,0
45582,0,1367,0
45584,0,1367,0
45586,0,1365,0
45588,0,1368,0
45590,0,1369,0
45592,0,1368,0
45594,0,1367,0
45596,0,1371,0
45598,0,1367,0
45600,0,1367,0
45602,0,1365,0
45604,0,1367,0
45606,0,1369,0
45608,0,1367,0
45610,66624,1367,1
45612,0,1367,0
45614,0,1367,0
45616,0,1369,0
45618,0,1367,0
45620,0,1367,0
45622,0,1365,0
45624,0,1367,0
45626,0,1368,0
45628,0,1373,0
45630,0,1365,0
45632,0,1365,0
45634,0,1365,0
45636,0,1371,0
45638,0,1367,0
45640,0,1367,0
45642,0,1367,0
45644,0,1366,0
45646,0,1367,0
45648,0,1366,0
45650,66638,1365,1
45652,0,1367,0
45654,0,1365,0
45656,0,1366,0
45658,0,1367,0
45660,0,1366,0
45662,0,1366,0
45664,0,1366,0
45666,0,1367,0
45668,0,1367,0
45670,0,1355,0
45672,0,1367,0
45674,0,1367,0
45676,0,1367,0
45678,0,1367,0
45680,0,1365,0
45682,0,1367,0
45684,0,1367,0
45686,0,1367,0
45688,0,1369,0
45690,66604,1364,1
45692,0,1367,0
45694,0,1367,0
45696,0,1367,0
45698,0,1367,0
45700,0,1367,0
45702,0,1358,0
45704,0,1367,0
45706,0,1367,0
45708,0,1367,0
45710,0,1366,0
45712,0,1359,0
45714,0,1367,0
45716,0,1367,0
45718,0,1363,0
45720,0,1367,0
45722,0,1365,0
45724,0,1365,0
45726,0,1366,0
45728,0,1366,0
45730,66598,1366,1
45732,0,1364,0
45734,0,1367,0
45736,0,1365,0
45738,0,1367,0
45740,0,1367,0
45742,0,1367,0
45744,0,1367,0
45746,0,1367,0
45748,0,1367,0
45750,0,1366,0
45752,0,1365,0
45754,0,1367,0
45756,0,1364,0
45758,0,1366,0
45760,0,1366,0
45762,0,1365,0
45764,0,1365,0
45766,0,1366,0
45768,66613,1363,1
45770,0,1365,0
45772,0,1365,0
45774,0,1363,0
45776,0,1365,0
45778,0,1366,0
45780,0,1365,0
45782,0,1366,0
45784,0,1367,0
45786,0,1367,0
45788,0,1364,0
45790,0,1365,0
45792,0,1367,0
45794,0,1367,0
45796,0,1365,0
45798,0,1352,0
45800,0,1366,0
45802,0,1367,0
45804,0,1365,0
45806,0,1367,0
45808,66628,1365,1
45810,0,1367,0
45812,0,1367,0
45814,0,1367,0
45816,0,1365,0
45818,0,1366,0
45820,0,1367,0
45822,0,1365,0
45824,0,1365,0
45826,0,1367,0
45828,0,1365,0
45830,0,1367,0
45832,0,1367,0
45834,0,1367,0
45836,0,1367,0
45838,0,1365,0
45840,0,1367,0
45842,0,1365,0
45844,0,1365,0
45846,0,1366,0
45848,66619,1365,1
45850,0,1367,0
45852,0,1367,0
45854,0,1365,0
45856,0,1366,0
45858,0,1365,0
45860,0,1365,0
45862,0,1364,0
45864,0,1366,0
45866,0,1365,0
45868,0,1364,0
45870,0,1367,0
45872,0,1365,0
45874,0,1365,0
45876,0,1365,0
45878,0,1365,0
45880,0,1365,0
45882,0,1365,0
45884,0,1367,0
45886,0,1361,0
45888,66618,1369,1
45890,0,1365,0
45892,0,1367,0
45894,0,1366,0
45896,0,1365,0
45898,0,1365,0
45900,0,1367,0
45903,0,1365,0
45905,0,1365,0
45907,0,1365,0
45909,0,1365,0
45911,0,1366,0
45913,0,1363,0
45915,0,1363,0
45917,0,1364,0
45919,0,1366,0
45921,0,1362,0
45923,0,1365,0
45925,0,1364,0
45927,0,1366,0
45929,66611,1365,1
45931,0,1365,0
45933,0,1363,0
45935,0,1364,0
45937,0,1365,0
45939,0,1365,0
45941,0,1367,0
45943,0,1365,0
45945,0,1365,0
45947,0,1365,0
45949,0,1365,0
45951,0,1367,0
45953,0,1365,0
45955,0,1365,0
45957,0,1363,0
45959,0,1363,0
45961,0,1364,0
45963,0,1362,0
45965,0,1367,0
45967,0,1365,0
45969,66619,1365,1
45971,0,1363,0
45973,0,1365,0
45975,0,1365,0
45977,0,1367,0
45979,0,1365,0
45981,0,1366,0
45983,0,1365,0
45985,0,1364,0
45987,0,1363,0
45989,0,1365,0
45991,0,1365,0
45993,0,1365,0
45995,0,1365,0
45997,0,1366,0
45999,0,1365,0
46001,0,1366,0
46003,0,1365,0
46005,0,1365,0
46007,0,1365,0
46009,66637,1365,1
46011,0,1367,0
46013,0,1358,0
46015,0,1367,0
46017,0,1367,0
46019,0,1363,0
46021,0,1366,0
46023,0,1365,0
46025,0,1353,0
46027,0,1365,0
46029,0,1367,0
46031,0,1365,0
46033,0,1363,0
46035,0,1365,0
46037,0,1366,0
46039,0,1365,0
46041,0,1364,0
46043,0,1363,0
46045,0,1365,0
46047,0,1367,0
46049,66654,1365,1
46051,0,1365,0
46053,0,1365,0
46055,0,1367,0
46057,0,1365,0
46059,0,1365,0
46061,0,1365,0
46063,0,1366,0
46065,0,1365,0
46067,0,1367,0
46069,0,1365,0
46071,0,1365,0
46073,0,1367,0
46075,0,1367,0
46077,0,1363,0
46079,0,1361,0
46081,0,1365,0
46083,0,1365,0
46085,0,1367,0
46087,0,1366,0
46089,66610,1364,1
46091,0,1365,0
46093,0,1364,0
46095,0,1365,0
46097,0,1366,0
46099,0,1365,0
46101,0,1365,0
46103,0,1365,0
46105,0,1365,0
46107,0,1365,0
46109,0,1365,0
46111,0,1365,0
46113,0,1367,0
46115,0,1365,0
46117,0,1365,0
46119,0,1365,0
46121,0,1367,0
46123,0,1361,0
46125,0,1367,0
46127,0,1367,0
46129,66573,1365,1
46131,0,1367,0
46133,0,1367,0
46135,0,1365,0
46137,0,1365,0
46139,0,1364,0
46141,0,1367,0
46143,0,1364,0
46145,0,1365,0
46147,0,1367,0
46149,0,1365,0
46151,0,1365,0
46153,0,1365,0
46155,0,1364,0
46157,0,1365,0
46159,0,1363,0
46161,0,1365,0
46163,0,1364,0
46165,0,1365,0
46167,66597,1366,1
46169,0,1367,0
46171,0,1364,0
46173,0,1367,0
46175,0,1371,0
46177,0,1365,0
46179,0,1367,0
46181,0,1365,0
46183,0,1365,0
46185,0,1366,0
46187,0,1365,0
46189,0,1365,0
46191,0,1365,0
46193,0,1365,0
46195,0,1365,0
46197,0,1365,0
46199,0,1363,0
46201,0,1364,0
46203,0,1365,0
46205,0,1364,0
46207,66617,1365,1
46209,0,1365,0
46211,0,1365,0
46213,0,1367,0
46215,0,1365,0
46217,0,1367,0
46219,0,1367,0
46221,0,1365,0
46223,0,1365,0
46225,0,1365,0
46227,0,1365,0
46229,0,1367,0
46231,0,1366,0
46233,0,1363,0
46235,0,1365,0
46237,0,1366,0
46239,0,1366,0
46241,0,1365,0
46243,0,1364,0
46245,0,1366,0
46247,66628,1366,1
46249,0,1365,0
46251,0,1365,0
46253,0,1364,0
46255,0,1366,0
46257,0,1365,0
46259,0,1367,0
46261,0,1367,0
46263,0,1367,0
46265,0,1367,0
46267,0,1366,0
46269,0,1365,0
46271,0,1365,0
46273,0,1367,0
46275,0,1367,0
46277,0,1367,0
46279,0,1365,0
46281,0,1365,0
46283,0,1367,0
46285,0,1365,0
46287,66632,1363,1
46289,0,1363,0
46291,0,1367,0
46293,0,1366,0
46295,0,1365,0
46297,0,1367,0
46299,0,1367,0
46301,0,1367,0
46303,0,1365,0
46305,0,1366,0
46307,0,1365,0
46309,0,1367,0
46311,0,1365,0
46313,0,1365,0
46315,0,1365,0
46317,0,1365,0
46319,0,1365,0
46321,0,1367,0
46323,0,1366,0
46325,0,1365,0
46327,66634,1365,1
46329,0,1365,0
46331,0,1367,0
46333,0,1365,0
46335,0,1367,0
46337,0,1367,0
46339,0,1365,0
46341,0,1367,0
46343,0,1365,0
46345,0,1363,0
46347,0,1366,0
46349,0,1367,0
46351,0,1365,0
46353,0,1366,0
46355,0,1365,0
46357,0,1367,0
46359,0,1362,0
46361,0,1365,0
46363,0,1366,0
46365,0,1365,0
46367,66624,1367,1
46369,0,1365,0
46371,0,1365,0
46373,0,1365,0
46375,0,1365,0
46377,0,1365,0
46379,0,1367,0
46381,0,1367,0
46383,0,1365,0
46385,0,1363,0
46387,0,1366,0
46389,0,1365,0
46391,0,1363,0
46393,0,1365,0
46395,0,1365,0
46397,0,1366,0
46399,0,1365,0
46401,0,1365,0
46403,0,1365,0
46405,0,1366,0
46407,66636,1366,1
46409,0,1367,0
46411,0,1367,0
46413,0,1366,0
46415,0,1365,0
46417,0,1366,0
46419,0,1365,0
46421,0,1366,0
46423,0,1367,0
46425,0,1366,0
46427,0,1367,0
46429,0,1367,0
46431,0,1367,0
46433,0,1367,0
46435,0,1363,0
46437,0,1365,0
46439,0,1366,0
46441,0,1365,0
46443,0,1367,0
46445,0,1366,0
46447,66659,1367,1
46449,0,1367,0
46451,0,1365,0
46453,0,1367,0
46455,0,1367,0
46457,0,1367,0
46459,0,1365,0
46461,0,1367,0
46463,0,1367,0
46465,0,1366,0
46467,0,1367,0
46469,0,1367,0
46471,0,1365,0
46473,0,1367,0
46475,0,1367,0
46477,0,1367,0
46479,0,1366,0
46481,0,1367,0
46483,0,1367,0
46485,0,1365,0
46487,66660,1367,1
46489,0,1366,0
46491,0,1367,0
46493,0,1364,0
46495,0,1365,0
46497,0,1367,0
46499,0,1367,0
46501,0,1367,0
46503,0,1368,0
46505,0,1366,0
46507,0,1366,0
46509,0,1366,0
46511,0,1365,0
46513,0,1366,0
46515,0,1367,0
46517,0,1367,0
46519,0,1367,0
46521,0,1367,0
46523,0,1367,0
46525,0,1369,0
46527,66620,1367,1
46529,0,1366,0
46531,0,1367,0
46533,0,1366,0
46535,0,1367,0
46537,0,1365,0
46539,0,1367,0
46541,0,1367,0
46543,0,1367,0
46545,0,1363,0
46547,0,1369,0
46549,0,1365,0
46551,0,1367,0
46553,0,1365,0
46555,0,1367,0
46557,0,1367,0
46559,0,1367,0
46561,0,1367,0
46563,0,1371,0
46565,0,1367,0
46567,66627,1366,1
46569,0,1367,0
46571,0,1366,0
46573,0,1366,0
46575,0,1367,0
46577,0,1367,0
46579,0,1367,0
46581,0,1366,0
46583,0,1367,0
46585,0,1363,0
46587,0,1365,0
46589,0,1367,0
46591,0,1367,0
46593,0,1365,0
46595,0,1367,0
46597,0,1368,0
46599,0,1368,0
46601,0,1367,0
46603,0,1367,0
46605,66633,1367,1
46607,0,1367,0
46609,0,1368,0
46611,0,1367,0
46613,0,1367,0
46615,0,1367,0
46617,0,1369,0
46619,0,1365,0
46621,0,1365,0
46623,0,1365,0
46625,0,1367,0
46627,0,1366,0
46629,0,1367,0
46631,0,1368,0
46633,0,1367,0
46635,0,1367,0
46637,0,1367,0
46639,0,1367,0
46641,0,1367,0
46643,0,1367,0
46645,66633,1367,1
46647,0,1367,0
46649,0,1367,0
46651,0,1367,0
46653,0,1368,0
46655,0,1367,0
46657,0,1367,0
46659,0,1367,0
46661,0,1367,0
46663,0,1369,0
46665,0,1368,0
46667,0,1367,0
46669,0,1367,0
46671,0,1367,0
46673,0,1367,0
46675,0,1369,0
46677,0,1367,0
46679,0,1367,0
46681,0,1367,0
46683,0,1366,0
46685,66623,1366,1
46687,0,1367,0
46689,0,1367,0
46691,0,1367,0
46693,0,1367,0
46695,0,1367,0
46697,0,1365,0
46699,0,1367,0
46701,0,1367,0
46703,0,1369,0
46705,0,1367,0
46707,0,1367,0
46709,0,1367,0
46711,0,1367,0
46713,0,1367,0
46715,0,1366,0
46717,0,1367,0
46719,0,1367,0
46721,0,1369,0
46723,0,1367,0
46725,66621,1367,1
46727,0,1367,0
46729,0,1368,0
46731,0,1367,0
46733,0,1365,0
46735,0,1367,0
46737,0,1367,0
46739,0,1369,0
46741,0,1368,0
46743,0,1367,0
46745,0,1368,0
46747,0,1369,0
46749,0,1367,0
46751,0,1368,0
46753,0,1367,0
46755,0,1368,0
46757,0,1367,0
46759,0,1368,0
46761,0,1367,0
46763,0,1367,0
46765,66624,1367,1
46767,0,1367,0
46769,0,1367,0
46771,0,1367,0
46773,0,1367,0
46775,0,1369,0
46777,0,1368,0
46779,0,1368,0
46781,0,1368,0
46783,0,1367,0
46785,0,1366,0
46787,0,1369,0
46789,0,1368,0
46791,0,1367,0
46793,0,1367,0
46795,0,1367,0
46797,0,1368,0
46799,0,1368,0
46801,0,1368,0
46803,0,1369,0
46805,66626,1367,1
46807,0,1365,0
46809,0,1369,0
46811,0,1367,0
46813,0,1368,0
46815,0,1368,0
46817,0,1367,0
46819,0,1369,0
46821,0,1367,0
46823,0,1367,0
46825,0,1367,0
46827,0,1368,0
46829,0,1369,0
46831,0,1367,0
46833,0,1367,0
46835,0,1367,0
46837,0,1367,0
46839,0,1369,0
46841,0,1368,0
46843,0,1369,0
46845,66661,1367,1
46847,0,1367,0
46849,0,1367,0
46851,0,1367,0
46853,0,1369,0
46855,0,1367,0
46857,0,1368,0
46859,0,1369,0
46861,0,1369,0
46863,0,1367,0
46865,0,1368,0
46867,0,1368,0
46869,0,1367,0
46871,0,1363,0
46873,0,1368,0
46875,0,1368,0
46877,0,1367,0
46879,0,1368,0
46881,0,1368,0
46883,0,1368,0
46885,66670,1367,1
46887,0,1367,0
46889,0,1368,0
46891,0,1367,0
46893,0,1367,0
46895,0,1367,0
46897,0,1369,0
46899,0,1369,0
46901,0,1364,0
46903,0,1368,0
46905,0,1369,0
46907,0,1370,0
46909,0,1369,0
46911,0,1368,0
46913,0,1368,0
46915,0,1368,0
46917,0,1369,0
46919,0,1368,0
46921,0,1371,0
46923,0,1369,0
46925,66623,1369,1
46927,0,1368,0
46929,0,1367,0
46931,0,1367,0
46933,0,1369,0
46935,0,1368,0
46937,0,1369,0
46939,0,1369,0
46941,0,1373,0
46943,0,1367,0
46945,0,1369,0
46947,0,1369,0
46949,0,1369,0
46951,0,1368,0
46953,0,1369,0
46955,0,1369,0
46957,0,1369,0
46959,0,1369,0
46961,0,1369,0
46963,0,1367,0
46965,66620,1368,1
46967,0,1367,0
46969,0,1368,0
46971,0,1369,0
46973,0,1365,0
46975,0,1369,0
46977,0,1367,0
46979,0,1369,0
46981,0,1369,0
46983,0,1369,0
46985,0,1369,0
46987,0,1369,0
46989,0,1370,0
46991,0,1369,0
46993,0,1369,0
46995,0,1369,0
46997,0,1371,0
46999,0,1369,0
47001,0,1369,0
47003,66652,1370,1
47005,0,1369,0
47007,0,1369,0
47009,0,1369,0
47011,0,1369,0
47013,0,1369,0
47015,0,1369,0
47017,0,1369,0
47019,0,1369,0
47021,0,1369,0
47023,0,1369,0
47025,0,1371,0
47027,0,1369,0
47029,0,1369,0
47031,0,1369,0
47033,0,1369,0
47035,0,1370,0
47037,0,1369,0
47039,0,1368,0
47041,0,1370,0
47043,66664,1369,1
47045,0,1369,0
47047,0,1371,0
47049,0,1369,0
47051,0,1369,0
47053,0,1369,0
47055,0,1368,0
47057,0,1369,0
47059,0,1369,0
47061,0,1369,0
47063,0,1368,0
47065,0,1369,0
47067,0,1368,0
47069,0,1369,0
47071,0,1369,0
47073,0,1371,0
47075,0,1369,0
47077,0,1369,0
47079,0,1371,0
47081,0,1369,0
47083,66664,1370,1
47085,0,1369,0
47087,0,1371,0
47089,0,1369,0
47091,0,1371,0
47093,0,1369,0
47095,0,1369,0
47097,0,1369,0
47099,0,1369,0
47101,0,1369,0
47103,0,1369,0
47105,0,1369,0
47107,0,1370,0
47109,0,1371,0
47111,0,1369,0
47113,0,1368,0
47115,0,1369,0
47117,0,1371,0
47119,0,1370,0
47121,0,1371,0
47123,66672,1371,1
47125,0,1369,0
47127,0,1370,0
47129,0,1369,0
47131,0,1370,0
47133,0,1371,0
47135,0,1371,0
47137,0,1369,0
47139,0,1370,0
47141,0,1369,0
47143,0,1369,0
47145,0,1371,0
47147,0,1371,0
47149,0,1371,0
47151,0,1369,0
47153,0,1371,0
47155,0,1371,0
47157,0,1369,0
47159,0,1369,0
47161,0,1369,0
47163,66684,1369,1
47165,0,1371,0
47167,0,1369,0
47169,0,1370,0
47171,0,1369,0
47173,0,1367,0
47175,0,1370,0
47177,0,1370,0
47179,0,1371,0
47181,0,1370,0
47183,0,1370,0
47185,0,1371,0
47187,0,1371,0
47189,0,1372,0
47191,0,1371,0
47193,0,1371,0
47195,0,1371,0
47197,0,1371,0
47199,0,1369,0
47201,0,1371,0
47203,66700,1371,1
47205,0,1369,0
47207,0,1370,0
47209,0,1370,0
47211,0,1371,0
47213,0,1372,0
47215,0,1370,0
47217,0,1371,0
47219,0,1371,0
47221,0,1370,0
47223,0,1370,0
47225,0,1371,0
47227,0,1371,0
47229,0,1371,0
47231,0,1371,0
47233,0,1371,0
47235,0,1371,0
47237,0,1371,0
47239,0,1372,0
47241,0,1373,0
47243,66731,1371,1
47245,0,1370,0
47247,0,1371,0
47249,0,1370,0
47251,0,1371,0
47253,0,1371,0
47255,0,1369,0
47257,0,1371,0
47259,0,1371,0
47261,0,1371,0
47263,0,1371,0
47265,0,1371,0
47267,0,1371,0
47269,0,1371,0
47271,0,1372,0
47273,0,1371,0
47275,0,1371,0
47277,0,1372,0
47279,0,1343,0
47281,0,1371,0
47283,66736,1371,1
47285,0,1373,0
47287,0,1371,0
47289,0,1372,0
47291,0,1371,0
47293,0,1372,0
47295,0,1371,0
47297,0,1370,0
47299,0,1371,0
47301,0,1372,0
47303,0,1373,0
47305,0,1371,0
47307,0,1371,0
47309,0,1372,0
47311,0,1368,0
47313,0,1371,0
47315,0,1371,0
47317,0,1373,0
47319,0,1371,0
47321,0,1371,0
47323,66687,1371,1
47325,0,1371,0
47327,0,1372,0
47329,0,1371,0
47331,0,1371,0
47333,0,1371,0
47335,0,1371,0
47337,0,1373,0
47339,0,1371,0
47341,0,1372,0
47343,0,1373,0
47345,0,1373,0
47347,0,1372,0
47349,0,1371,0
47351,0,1380,0
47353,0,1371,0
47355,0,1371,0
47357,0,1373,0
47359,0,1371,0
47361,0,1369,0
47363,66661,1359,1
47365,0,1371,0
47367,0,1373,0
47369,0,1370,0
47371,0,1373,0
47373,0,1373,0
47375,0,1373,0
47377,0,1371,0
47379,0,1373,0
47381,0,1371,0
47383,0,1375,0
47385,0,1371,0
47387,0,1373,0
47389,0,1372,0
47391,0,1373,0
47393,0,1370,0
47395,0,1373,0
47397,0,1373,0
47399,0,1373,0
47401,66685,1373,1
47403,0,1373,0
47405,0,1371,0
47407,0,1372,0
47409,0,1373,0
47411,0,1373,0
47413,0,1372,0
47415,0,1373,0
47417,0,1371,0
47419,0,1373,0
47421,0,1373,0
47423,0,1371,0
47425,0,1373,0
47427,0,1372,0
47429,0,1371,0
47431,0,1371,0
47433,0,1371,0
47435,0,1373,0
47437,0,1366,0
47439,0,1372,0
47441,66699,1373,1
47443,0,1373,0
47445,0,1372,0
47447,0,1372,0
47449,0,1371,0
47451,0,1371,0
47453,0,1373,0
47455,0,1371,0
47457,0,1371,0
47459,0,1373,0
47461,0,1370,0
47463,0,1373,0
47465,0,1372,0
47467,0,1371,0
47469,0,1371,0
47471,0,1373,0
47473,0,1372,0
47475,0,1373,0
47477,0,1371,0
47479,0,1372,0
47481,66697,1373,1
47483,0,1373,0
47485,0,1372,0
47487,0,1373,0
47489,0,1372,0
47491,0,1374,0
47493,0,1371,0
47495,0,1375,0
47497,0,1372,0
47499,0,1387,0
47501,0,1373,0
47503,0,1371,0
47505,0,1373,0
47507,0,1373,0
47509,0,1374,0
47511,0,1373,0
47513,0,1375,0
47515,0,1373,0
47517,0,1372,0
47519,0,1371,0
47521,66701,1375,1
47523,0,1373,0
47525,0,1373,0
47527,0,1373,0
47529,0,1375,0
47531,0,1373,0
47533,0,1373,0
47535,0,1373,0
47537,0,1373,0
47539,0,1374,0
47541,0,1371,0
47543,0,1375,0
47545,0,1373,0
47547,0,1373,0
47549,0,1373,0
47551,0,1373,0
47553,0,1374,0
47555,0,1372,0
47557,0,1373,0
47559,0,1373,0
47561,66704,1373,1
47563,0,1373,0
47565,0,1373,0
47567,0,1373,0
47569,0,1372,0
47571,0,1374,0
47573,0,1373,0
47575,0,1373,0
47577,0,1373,0
47579,0,1373,0
47581,0,1373,0
47583,0,1373,0
47585,0,1373,0
47587,0,1373,0
47589,0,1372,0
47591,0,1373,0
47593,0,1373,0
47595,0,1372,0
47597,0,1373,0
47599,0,1373,0
47601,66693,1373,1
47603,0,1374,0
47605,0,1373,0
47607,0,1373,0
47609,0,1375,0
47611,0,1373,0
47613,0,1371,0
47615,0,1373,0
47617,0,1381,0
47619,0,1373,0
47621,0,1374,0
47623,0,1373,0
47625,0,1374,0
47627,0,1375,0
47629,0,1373,0
47631,0,1373,0
47633,0,1375,0
47635,0,1375,0
47637,0,1373,0
47639,0,1373,0
47641,66703,1374,1
47643,0,1373,0
47645,0,1375,0
47647,0,1374,0
47649,0,1375,0
47651,0,1373,0
47653,0,1375,0
47655,0,1374,0
47657,0,1375,0
47659,0,1374,0
47661,0,1372,0
47663,0,1375,0
47665,0,1374,0
47667,0,1373,0
47669,0,1373,0
47671,0,1375,0
47673,0,1375,0
47675,0,1375,0
47677,0,1373,0
47679,0,1375,0
47681,66712,1375,1
47683,0,1374,0
47685,0,1375,0
47687,0,1373,0
47689,0,1373,0
47691,0,1375,0
47693,0,1373,0
47695,0,1374,0
47697,0,1375,0
47699,0,1375,0
47701,0,1375,0
47703,0,1375,0
47705,0,1373,0
47707,0,1367,0
47709,0,1379,0
47711,0,1375,0
47713,0,1373,0
47715,0,1377,0
47717,0,1373,0
47719,0,1375,0
47721,66673,1379,1
47723,0,1378,0
47725,0,1374,0
47727,0,1377,0
47729,0,1383,0
47731,0,1374,0
47733,0,1375,0
47735,0,1373,0
47737,0,1375,0
47739,0,1371,0
47741,0,1373,0
47743,0,1378,0
47745,0,1378,0
47748,0,1377,0
47750,0,1373,0
47752,0,1374,0
47754,0,1374,0
47756,0,1375,0
47758,0,1374,0
47760,0,1373,0
47762,66654,1372,1
47764,0,1373,0
47766,0,1379,0
47768,0,1375,0
47770,0,1374,0
47772,0,1379,0
47774,0,1375,0
47776,0,1375,0
47778,0,1375,0
47780,0,1375,0
47782,0,1373,0
47784,0,1373,0
47786,0,1375,0
47788,0,1379,0
47790,0,1375,0
47792,0,1375,0
47794,0,1379,0
47796,0,1379,0
47798,0,1374,0
47800,66674,1374,1
47802,0,1376,0
47804,0,1378,0
47806,0,1373,0
47808,0,1375,0
47810,0,1375,0
47812,0,1375,0
47814,0,1375,0
47816,0,1375,0
47818,0,1375,0
47820,0,1378,0
47822,0,1375,0
47824,0,1376,0
47826,0,1374,0
47828,0,1375,0
47830,0,1375,0
47832,0,1375,0
47834,0,1373,0
47836,0,1375,0
47838,0,1375,0
47840,66692,1378,1
47842,0,1375,0
47844,0,1374,0
47846,0,1375,0
47848,0,1375,0
47850,0,1377,0
47852,0,1377,0
47854,0,1374,0
47856,0,1375,0
47858,0,1375,0
47860,0,1383,0
47862,0,1375,0
47864,0,1377,0
47866,0,1377,0
47868,0,1375,0
47870,0,1375,0
47872,0,1377,0
47874,0,1378,0
47876,0,1377,0
47878,0,1376,0
47880,66693,1378,1
47882,0,1375,0
47884,0,1375,0
47886,0,1374,0
47888,0,1379,0
47890,0,1378,0
47892,0,1381,0
47894,0,1379,0
47896,0,1377,0
47898,0,1379,0
47900,0,1379,0
47902,0,1378,0
47904,0,1375,0
47906,0,1378,0
47908,0,1375,0
47910,0,1377,0
47912,0,1375,0
47914,0,1379,0
47916,0,1375,0
47918,0,1375,0
47920,66697,1377,1
47922,0,1379,0
47924,0,1374,0
47926,0,1379,0
47928,0,1379,0
47930,0,1375,0
47932,0,1379,0
47934,0,1375,0
47936,0,1375,0
47938,0,1379,0
47940,0,1379,0
47942,0,1377,0
47944,0,1379,0
47946,0,1379,0
47948,0,1379,0
47950,0,1378,0
47952,0,1373,0
47954,0,1374,0
47956,0,1378,0
47958,0,1378,0
47960,66703,1375,1
47962,0,1377,0
47964,0,1379,0
47966,0,1377,0
47968,0,1375,0
47970,0,1378,0
47972,0,1379,0
47974,0,1379,0
47976,0,1375,0
47978,0,1379,0
47980,0,1378,0
47982,0,1375,0
47984,0,1376,0
47986,0,1378,0
47988,0,1379,0
47990,0,1379,0
47992,0,1379,0
47994,0,1379,0
47996,0,1379,0
47998,0,1379,0
48000,66705,1378,1
48002,0,1379,0
48004,0,1380,0
48006,0,1379,0
48008,0,1375,0
48010,0,1378,0
48012,0,1383,0
48014,0,1379,0
48016,0,1374,0
48018,0,1379,0
48020,0,1379,0
48022,0,1379,0
48024,0,1380,0
48026,0,1380,0
48028,0,1379,0
48030,0,1379,0
48032,0,1379,0
48034,0,1375,0
48036,0,1371,0
48038,0,1381,0
48040,66719,1379,1
48042,0,1376,0
48044,0,1379,0
48046,0,1379,0
48048,0,1379,0
48050,0,1379,0
48052,0,1379,0
48054,0,1375,0
48056,0,1379,0
48058,0,1375,0
48060,0,1379,0
48062,0,1379,0
48064,0,1379,0
48066,0,1375,0
48068,0,1375,0
48070,0,1379,0
48072,0,1379,0
48074,0,1379,0
48076,0,1378,0
48078,0,1379,0
48080,66730,1379,1
48082,0,1379,0
48084,0,1379,0
48086,0,1376,0
48088,0,1379,0
48090,0,1379,0
48092,0,1379,0
48094,0,1379,0
48096,0,1379,0
48098,0,1380,0
48100,0,1379,0
48102,0,1379,0
48104,0,1380,0
48106,0,1379,0
48108,0,1379,0
48110,0,1381,0
48112,0,1380,0
48114,0,1379,0
48116,0,1381,0
48118,0,1379,0
48120,66700,1371,1
48122,0,1381,0
48124,0,1379,0
48126,0,1381,0
48128,0,1381,0
48130,0,1379,0
48132,0,1379,0
48134,0,1379,0
48136,0,1380,0
48138,0,1379,0
48140,0,1379,0
48142,0,1379,0
48144,0,1380,0
48146,0,1381,0
48148,0,1380,0
48150,0,1379,0
48152,0,1380,0
48154,0,1382,0
48156,0,1379,0
48158,0,1380,0
48160,66664,1379,1
48162,0,1381,0
48164,0,1380,0
48166,0,1379,0
48168,0,1379,0
48170,0,1379,0
48172,0,1379,0
48174,0,1369,0
48176,0,1379,0
48178,0,1380,0
48180,0,1380,0
48182,0,1380,0
48184,0,1376,0
48186,0,1381,0
48188,0,1387,0
48190,0,1380,0
48192,0,1380,0
48194,0,1380,0
48196,0,1376,0
48198,66659,1380,1
48200,0,1379,0
48202,0,1381,0
48204,0,1379,0
48206,0,1381,0
48208,0,1380,0
48210,0,1381,0
48212,0,1379,0
48214,0,1382,0
48216,0,1383,0
48218,0,1381,0
48220,0,1380,0
48222,0,1379,0
48224,0,1380,0
48226,0,1379,0
48228,0,1379,0
48230,0,1381,0
48232,0,1381,0
48234,0,1381,0
48236,0,1381,0
48238,66683,1381,1
48240,0,1381,0
48242,0,1379,0
48244,0,1380,0
48246,0,1379,0
48248,0,1379,0
48250,0,1381,0
48252,0,1380,0
48254,0,1380,0
48256,0,1381,0
48258,0,1381,0
48260,0,1381,0
48262,0,1381,0
48264,0,1380,0
48266,0,1383,0
48268,0,1379,0
48270,0,1379,0
48272,0,1381,0
48274,0,1379,0
48276,0,1379,0
48278,66687,1369,1
48280,0,1381,0
48282,0,1381,0
48284,0,1381,0
48286,0,1414,0
48288,0,1382,0
48290,0,1379,0
48292,0,1380,0
48294,0,1380,0
48296,0,1384,0
48298,0,1380,0
48300,0,1379,0
48302,0,1381,0
48304,0,1379,0
48306,0,1382,0
48308,0,1379,0
48310,0,1381,0
48312,0,1381,0
48314,0,1381,0
48316,0,1381,0
48318,66690,1383,1
48320,0,1381,0
48322,0,1381,0
48324,0,1380,0
48326,0,1381,0
48328,0,1381,0
48330,0,1379,0
48332,0,1381,0
48334,0,1381,0
48336,0,1381,0
48338,0,1381,0
48340,0,1381,0
48342,0,1379,0
48344,0,1381,0
48346,0,1381,0
48348,0,1381,0
48350,0,1380,0
48352,0,1379,0
48354,0,1379,0
48356,0,1381,0
48358,66701,1382,1
48360,0,1383,0
48362,0,1381,0
48364,0,1381,0
48366,0,1379,0
48368,0,1381,0
48370,0,1381,0
48372,0,1381,0
48374,0,1381,0
48376,0,1381,0
48378,0,1381,0
48380,0,1381,0
48382,0,1381,0
48384,0,1381,0
48386,0,1381,0
48388,0,1381,0
48390,0,1381,0
48392,0,1383,0
48394,0,1381,0
48396,0,1381,0
48398,66708,1381,1
48400,0,1380,0
48402,0,1381,0
48404,0,1379,0
48406,0,1381,0
48408,0,1382,0
48410,0,1381,0
48412,0,1381,0
48414,0,1381,0
48416,0,1381,0
48418,0,1381,0
48420,0,1381,0
48422,0,1383,0
48424,0,1383,0
48426,0,1382,0
48428,0,1383,0
48430,0,1381,0
48432,0,1381,0
48434,0,1381,0
48436,0,1381,0
48438,66710,1381,1
48440,0,1381,0
48442,0,1381,0
48444,0,1381,0
48446,0,1383,0
48448,0,1383,0
48450,0,1382,0
48452,0,1382,0
48454,0,1383,0
48456,0,1383,0
48458,0,1383,0
48460,0,1383,0
48462,0,1383,0
48464,0,1383,0
48466,0,1381,0
48468,0,1381,0
48470,0,1379,0
48472,0,1382,0
48474,0,1383,0
48476,0,1382,0
48478,66741,1383,1
48480,0,1382,0
48482,0,1383,0
48484,0,1383,0
48486,0,1380,0
48488,0,1383,0
48490,0,1381,0
48492,0,1383,0
48494,0,1381,0
48496,0,1383,0
48498,0,1381,0
48500,0,1382,0
48502,0,1382,0
48504,0,1383,0
48506,0,1384,0
48508,0,1383,0
48510,0,1382,0
48512,0,1381,0
48514,0,1383,0
48516,0,1383,0
48518,66707,1382,1
48520,0,1381,0
48522,0,1381,0
48524,0,1382,0
48526,0,1381,0
48528,0,1382,0
48530,0,1381,0
48532,0,1381,0
48534,0,1383,0
48536,0,1382,0
48538,0,1382,0
48540,0,1383,0
48542,0,1382,0
48544,0,1383,0
48546,0,1383,0
48548,0,1383,0
48550,0,1383,0
48552,0,1381,0
48554,0,1383,0
48556,0,1382,0
48558,66676,1381,1
48560,0,1383,0
48562,0,1379,0
48564,0,1381,0
48566,0,1383,0
48568,0,1383,0
48570,0,1381,0
48572,0,1383,0
48574,0,1383,0
48576,0,1382,0
48578,0,1381,0
48580,0,1383,0
48582,0,1384,0
48584,0,1383,0
48586,0,1383,0
48588,0,1383,0
48590,0,1382,0
48592,0,1383,0
48594,0,1381,0
48596,66711,1383,1
48598,0,1381,0
48600,0,1382,0
48602,0,1381,0
48604,0,1385,0
48606,0,1383,0
48608,0,1381,0
48610,0,1383,0
48612,0,1384,0
48614,0,1383,0
48616,0,1383,0
48618,0,1381,0
48620,0,1384,0
48622,0,1383,0
48624,0,1385,0
48626,0,1381,0
48628,0,1384,0
48630,0,1383,0
48632,0,1381,0
48634,0,1383,0
48636,66723,1383,1
48638,0,1382,0
48640,0,1383,0
48642,0,1384,0
48644,0,1383,0
48646,0,1383,0
48648,0,1383,0
48650,0,1384,0
48652,0,1383,0
48654,0,1382,0
48656,0,1382,0
48658,0,1379,0
48660,0,1384,0
48662,0,1383,0
48664,0,1385,0
48666,0,1384,0
48668,0,1381,0
48670,0,1384,0
48672,0,1384,0
48674,0,1385,0
48676,66726,1381,1
48678,0,1383,0
48680,0,1381,0
48682,0,1384,0
48684,0,1383,0
48686,0,1381,0
48688,0,1383,0
48690,0,1383,0
48692,0,1383,0
48694,0,1384,0
48696,0,1384,0
48698,0,1383,0
48700,0,1387,0
48702,0,1385,0
48704,0,1384,0
48706,0,1383,0
48708,0,1385,0
48710,0,1383,0
48712,0,1381,0
48714,0,1383,0
48716,66735,1384,1
48718,0,1385,0
48720,0,1383,0
48722,0,1385,0
48724,0,1385,0
48726,0,1384,0
48728,0,1383,0
48730,0,1384,0
48732,0,1384,0
48734,0,1384,0
48736,0,1382,0
48738,0,1383,0
48740,0,1384,0
48742,0,1383,0
48744,0,1382,0
48746,0,1384,0
48748,0,1384,0
48750,0,1384,0
48752,0,1383,0
48754,0,1384,0
48756,66727,1384,1
48758,0,1382,0
48760,0,1382,0
48762,0,1386,0
48764,0,1384,0
48766,0,1384,0
48768,0,1385,0
48770,0,1385,0
48772,0,1383,0
48774,0,1383,0
48776,0,1383,0
48778,0,1384,0
48780,0,1385,0
48782,0,1383,0
48784,0,1384,0
48786,0,1383,0
48788,0,1384,0
48790,0,1385,0
48792,0,1383,0
48794,0,1385,0
48796,66735,1385,1
48798,0,1382,0
48800,0,1381,0
48802,0,1385,0
48804,0,1383,0
48806,0,1383,0
48808,0,1385,0
48810,0,1385,0
48812,0,1384,0
48814,0,1385,0
48816,0,1381,0
48818,0,1385,0
48820,0,1385,0
48822,0,1383,0
48824,0,1385,0
48826,0,1384,0
48828,0,1385,0
48830,0,1385,0
48832,0,1385,0
48834,0,1385,0
48836,66739,1384,1
48838,0,1383,0
48840,0,1383,0
48842,0,1385,0
48844,0,1385,0
48846,0,1384,0
48848,0,1384,0
48850,0,1384,0
48852,0,1385,0
48854,0,1387,0
48856,0,1385,0
48858,0,1385,0
48860,0,1385,0
48862,0,1385,0
48864,0,1385,0
48866,0,1385,0
48868,0,1384,0
48870,0,1385,0
48872,0,1385,0
48874,0,1386,0
48876,66768,1385,1
48878,0,1385,0
48880,0,1383,0
48882,0,1386,0
48884,0,1387,0
48886,0,1383,0
48888,0,1385,0
48890,0,1386,0
48892,0,1385,0
48894,0,1386,0
48896,0,1385,0
48898,0,1385,0
48900,0,1385,0
48902,0,1384,0
48904,0,1387,0
48906,0,1385,0
48908,0,1387,0
48910,0,1387,0
48912,0,1385,0
48914,0,1385,0
48916,66754,1384,1
48918,0,1385,0
48920,0,1385,0
48922,0,1383,0
48924,0,1385,0
48926,0,1387,0
48928,0,1385,0
48930,0,1385,0
48932,0,1385,0
48934,0,1385,0
48936,0,1387,0
48938,0,1387,0
48940,0,1385,0
48942,0,1385,0
48944,0,1387,0
48946,0,1387,0
48948,0,1387,0
48950,0,1385,0
48952,0,1385,0
48954,0,1386,0
48956,66715,1384,1
48958,0,1387,0
48960,0,1385,0
48962,0,1385,0
48964,0,1384,0
48966,0,1385,0
48968,0,1387,0
48970,0,1385,0
48972,0,1386,0
48974,0,1385,0
48976,0,1385,0
48978,0,1385,0
48980,0,1383,0
48982,0,1385,0
48984,0,1385,0
48986,0,1385,0
48988,0,1385,0
48990,0,1385,0
48992,0,1386,0
48994,0,1387,0
48996,66729,1385,1
48998,0,1385,0
49000,0,1386,0
49002,0,1386,0
49004,0,1385,0
49006,0,1387,0
49008,0,1387,0
49010,0,1388,0
49012,0,1387,0
49014,0,1385,0
49016,0,1387,0
49018,0,1385,0
49020,0,1387,0
49022,0,1386,0
49024,0,1385,0
49026,0,1385,0
49028,0,1388,0
49030,0,1387,0
49032,0,1386,0
49034,66756,1385,1
49036,0,1390,0
49038,0,1387,0
49040,0,1389,0
49042,0,1386,0
49044,0,1385,0
49046,0,1387,0
49048,0,1387,0
49050,0,1385,0
49052,0,1387,0
49054,0,1386,0
49056,0,1391,0
49058,0,1385,0
49060,0,1388,0
49062,0,1389,0
49064,0,1387,0
49066,0,1385,0
49068,0,1386,0
49070,0,1385,0
49072,0,1386,0
49074,66772,1387,1
49076,0,1385,0
49078,0,1384,0
49080,0,1386,0
49082,0,1387,0
49084,0,1387,0
49086,0,1387,0
49088,0,1387,0
49090,0,1387,0
49092,0,1385,0
49094,0,1385,0
49096,0,1386,0
49098,0,1385,0
49100,0,1387,0
49102,0,1387,0
49104,0,1387,0
49106,0,1383,0
49108,0,1389,0
49110,0,1387,0
49112,0,1385,0
49114,66783,1387,1
49116,0,1387,0
49118,0,1386,0
49120,0,1387,0
49122,0,1389,0
49124,0,1387,0
49126,0,1388,0
49128,0,1387,0
49130,0,1387,0
49132,0,1388,0
49134,0,1388,0
49136,0,1386,0
49138,0,1386,0
49140,0,1389,0
49142,0,1387,0
49144,0,1385,0
49146,0,1385,0
49148,0,1387,0
49150,0,1387,0
49152,0,1387,0
49154,66784,1386,1
49156,0,1387,0
49158,0,1386,0
49160,0,1386,0
49162,0,1387,0
49164,0,1387,0
49166,0,1387,0
49168,0,1387,0
49170,0,1385,0
49172,0,1387,0
49174,0,1388,0
49176,0,1387,0
49178,0,1387,0
49180,0,1389,0
49182,0,1388,0
49184,0,1389,0
49186,0,1389,0
49188,0,1391,0
49190,0,1387,0
49192,0,1386,0
49194,66789,1387,1
49196,0,1387,0
49198,0,1387,0
49200,0,1387,0
49202,0,1387,0
49204,0,1387,0
49206,0,1389,0
49208,0,1387,0
49210,0,1386,0
49212,0,1385,0
49214,0,1387,0
49216,0,1388,0
49218,0,1387,0
49220,0,1385,0
49222,0,1389,0
49224,0,1389,0
49226,0,1387,0
49228,0,1388,0
49230,0,1389,0
49232,0,1387,0
49234,66791,1387,1
49236,0,1389,0
49238,0,1388,0
49240,0,1388,0
49242,0,1385,0
49244,0,1387,0
49246,0,1388,0
49248,0,1387,0
49250,0,1389,0
49252,0,1387,0
49254,0,1387,0
49256,0,1388,0
49258,0,1387,0
49260,0,1388,0
49262,0,1389,0
49264,0,1387,0
49266,0,1387,0
49268,0,1387,0
49270,0,1387,0
49272,0,1390,0
49274,66820,1389,1
49276,0,1387,0
49278,0,1375,0
49280,0,1388,0
49282,0,1387,0
49284,0,1388,0
49286,0,1386,0
49288,0,1389,0
49290,0,1391,0
49292,0,1388,0
49294,0,1387,0
49296,0,1389,0
49298,0,1389,0
49300,0,1387,0
49302,0,1389,0
49304,0,1387,0
49306,0,1387,0
49308,0,1386,0
49310,0,1388,0
49312,0,1388,0
49314,66813,1389,1
49316,0,1389,0
49318,0,1387,0
49320,0,1389,0
49322,0,1388,0
49324,0,1389,0
49326,0,1389,0
49328,0,1389,0
49330,0,1386,0
49332,0,1389,0
49334,0,1387,0
49336,0,1389,0
49338,0,1389,0
49340,0,1389,0
49342,0,1389,0
49344,0,1387,0
49346,0,1382,0
49348,0,1389,0
49350,0,1389,0
49352,0,1389,0
49354,66752,1387,1
49356,0,1389,0
49358,0,1395,0
49360,0,1389,0
49362,0,1389,0
49364,0,1389,0
49366,0,1387,0
49368,0,1396,0
49370,0,1389,0
49372,0,1389,0
49374,0,1389,0
49376,0,1404,0
49378,0,1389,0
49380,0,1389,0
49382,0,1387,0
49384,0,1388,0
49386,0,1389,0
49388,0,1388,0
49390,0,1381,0
49392,0,1389,0
49394,66742,1389,1
49396,0,1391,0
49398,0,1389,0
49400,0,1389,0
49402,0,1389,0
49404,0,1389,0
49406,0,1389,0
49408,0,1385,0
49410,0,1390,0
49412,0,1389,0
49414,0,1389,0
49416,0,1389,0
49418,0,1389,0
49420,0,1387,0
49422,0,1388,0
49424,0,1387,0
49426,0,1390,0
49428,0,1389,0
49430,0,1387,0
49432,66771,1389,1
49434,0,1389,0
49436,0,1389,0
49438,0,1391,0
49440,0,1397,0
49442,0,1387,0
49444,0,1389,0
49446,0,1387,0
49448,0,1388,0
49450,0,1391,0
49452,0,1389,0
49454,0,1389,0
49456,0,1388,0
49458,0,1388,0
49460,0,1389,0
49462,0,1389,0
49464,0,1388,0
49466,0,1390,0
49468,0,1390,0
49470,0,1389,0
49472,66772,1387,1
49474,0,1392,0
49476,0,1391,0
49478,0,1389,0
49480,0,1389,0
49482,0,1389,0
49484,0,1389,0
49486,0,1395,0
49488,0,1389,0
49490,0,1388,0
49492,0,1389,0
49494,0,1390,0
49496,0,1390,0
49498,0,1389,0
49500,0,1389,0
49502,0,1389,0
49504,0,1389,0
49506,0,1388,0
49508,0,1391,0
49510,0,1389,0
49512,66786,1389,1
49514,0,1389,0
49516,0,1390,0
49518,0,1389,0
49520,0,1387,0
49522,0,1385,0
49524,0,1389,0
49526,0,1389,0
49528,0,1390,0
49530,0,1391,0
49532,0,1389,0
49534,0,1389,0
49536,0,1389,0
49538,0,1390,0
49540,0,1389,0
49542,0,1389,0
49544,0,1391,0
49546,0,1391,0
49548,0,1389,0
49550,0,1395,0
49552,66768,1391,1
49554,0,1389,0
49556,0,1390,0
49558,0,1391,0
49560,0,1387,0
49562,0,1388,0
49564,0,1389,0
49566,0,1389,0
49568,0,1388,0
49570,0,1389,0
49572,0,1389,0
49574,0,1389,0
49576,0,1389,0
49578,0,1391,0
49580,0,1391,0
49582,0,1390,0
49584,0,1391,0
49586,0,1391,0
49588,0,1391,0
49590,0,1389,0
49592,66764,1389,1
49594,0,1391,0
49596,0,1391,0
49599,0,1391,0
49601,0,1391,0
49603,0,1389,0
49605,0,1391,0
49607,0,1391,0
49609,0,1391,0
49611,0,1391,0
49613,0,1389,0
49615,0,1390,0
49617,0,1388,0
49619,0,1389,0
49621,0,1391,0
49623,0,1391,0
49625,0,1391,0
49627,0,1389,0
49629,0,1390,0
49631,0,1389,0
49633,66765,1397,1
49635,0,1391,0
49637,0,1391,0
49639,0,1389,0
49641,0,1391,0
49643,0,1391,0
49645,0,1391,0
49647,0,1389,0
49649,0,1390,0
49651,0,1390,0
49653,0,1391,0
49655,0,1390,0
49657,0,1389,0
49659,0,1384,0
49661,0,1391,0
49663,0,1391,0
49665,0,1389,0
49667,0,1391,0
49669,0,1391,0
49671,0,1387,0
49673,66784,1390,1
49675,0,1391,0
49677,0,1391,0
49679,0,1391,0
49681,0,1391,0
49683,0,1391,0
49685,0,1390,0
49687,0,1391,0
49689,0,1389,0
49691,0,1391,0
49693,0,1391,0
49695,0,1391,0
49697,0,1391,0
49699,0,1391,0
49701,0,1390,0
49703,0,1391,0
49705,0,1390,0
49707,0,1391,0
49709,0,1391,0
49711,0,1389,0
49713,66781,1390,1
49715,0,1391,0
49717,0,1391,0
49719,0,1390,0
49721,0,1391,0
49723,0,1391,0
49725,0,1391,0
49727,0,1389,0
49729,0,1391,0
49731,0,1395,0
49733,0,1389,0
49735,0,1388,0
49737,0,1390,0
49739,0,1391,0
49741,0,1391,0
49743,0,1391,0
49745,0,1389,0
49747,0,1389,0
49749,0,1399,0
49751,0,1389,0
49753,66738,1391,1
49755,0,1395,0
49757,0,1392,0
49759,0,1393,0
49761,0,1390,0
49763,0,1392,0
49765,0,1391,0
49767,0,1391,0
49769,0,1395,0
49771,0,1391,0
49773,0,1391,0
49775,0,1390,0
49777,0,1391,0
49779,0,1391,0
49781,0,1393,0
49783,0,1389,0
49785,0,1391,0
49787,0,1389,0
49789,0,1393,0
49791,0,1391,0
49793,66719,1391,1
49795,0,1391,0
49797,0,1390,0
49799,0,1390,0
49801,0,1391,0
49803,0,1389,0
49805,0,1391,0
49807,0,1391,0
49809,0,1391,0
49811,0,1388,0
49813,0,1390,0
49815,0,1391,0
49817,0,1391,0
49819,0,1391,0
49821,0,1390,0
49823,0,1391,0
49825,0,1403,0
49827,0,1391,0
49829,0,1391,0
49831,66729,1391,1
49833,0,1391,0
49835,0,1395,0
49837,0,1391,0
49839,0,1389,0
49841,0,1391,0
49843,0,1391,0
49845,0,1391,0
49847,0,1395,0
49849,0,1391,0
49851,0,1391,0
49853,0,1392,0
49855,0,1389,0
49857,0,1393,0
49859,0,1391,0
49861,0,1391,0
49863,0,1394,0
49865,0,1397,0
49867,0,1393,0
49869,0,1391,0
49871,66736,1395,1
49873,0,1391,0
49875,0,1391,0
49877,0,1391,0
49879,0,1391,0
49881,0,1391,0
49883,0,1391,0
49885,0,1391,0
49887,0,1391,0
49889,0,1392,0
49891,0,1392,0
49893,0,1392,0
49895,0,1394,0
49897,0,1391,0
49899,0,1391,0
49901,0,1389,0
49903,0,1394,0
49905,0,1391,0
49907,0,1391,0
49909,0,1391,0
49911,66732,1391,1
49913,0,1391,0
49915,0,1391,0
49917,0,1391,0
49919,0,1391,0
49921,0,1391,0
49923,0,1391,0
49925,0,1391,0
49927,0,1391,0
49929,0,1389,0
49931,0,1391,0
49933,0,1391,0
49935,0,1390,0
49937,0,1391,0
49939,0,1392,0
49941,0,1391,0
49943,0,1392,0
49945,0,1397,0
49947,0,1386,0
49949,0,1395,0
49951,66732,1391,1
49953,0,1391,0
49955,0,1397,0
49957,0,1392,0
49959,0,1395,0
49961,0,1392,0
49963,0,1391,0
49965,0,1391,0
49967,0,1397,0
49969,0,1395,0
49971,0,1393,0
49973,0,1392,0
49975,0,1392,0
49977,0,1395,0
49979,0,1391,0
49981,0,1391,0
49983,0,1391,0
49985,0,1391,0
49987,0,1392,0
49989,0,1391,0
49991,66731,1395,1
49993,0,1391,0
49995,0,1391,0
49997,0,1392,0
49999,0,1395,0
50001,0,1391,0
50003,0,1392,0
50005,0,1391,0
50007,0,1399,0
50009,0,1391,0
50011,0,1391,0
50013,0,1391,0
50015,0,1395,0
50017,0,1391,0
50019,0,1395,0
50021,0,1391,0
50023,0,1391,0
50025,0,1395,0
50027,0,1395,0
50029,0,1395,0
50031,66736,1391,1
50033,0,1391,0
50035,0,1395,0
50037,0,1392,0
50039,0,1391,0
50041,0,1391,0
50043,0,1395,0
50045,0,1395,0
50047,0,1391,0
50049,0,1394,0
50051,0,1395,0
50053,0,1395,0
50055,0,1395,0
50057,0,1391,0
50059,0,1391,0
50061,0,1391,0
50063,0,1391,0
50065,0,1395,0
50067,0,1391,0
50069,0,1395,0
50071,66752,1395,1
50073,0,1396,0
50075,0,1392,0
50077,0,1391,0
50079,0,1395,0
50081,0,1391,0
50083,0,1391,0
50085,0,1391,0
50087,0,1395,0
50089,0,1391,0
50091,0,1392,0
50093,0,1395,0
50095,0,1391,0
50097,0,1391,0
50099,0,1391,0
50101,0,1395,0
50103,0,1395,0
50105,0,1394,0
50107,0,1391,0
50109,0,1391,0
50111,66769,1392,1
50113,0,1395,0
50115,0,1392,0
50117,0,1395,0
50119,0,1391,0
50121,0,1394,0
50123,0,1391,0
50125,0,1396,0
50127,0,1395,0
50129,0,1391,0
50131,0,1395,0
50133,0,1391,0
50135,0,1399,0
50137,0,1394,0
50139,0,1391,0
50141,0,1391,0
50143,0,1395,0
50145,0,1395,0
50147,0,1396,0
50149,0,1395,0
50151,66720,1395,1
50153,0,1396,0
50155,0,1395,0
50157,0,1395,0
50159,0,1391,0
50161,0,1395,0
50163,0,1391,0
50165,0,1395,0
50167,0,1392,0
50169,0,1395,0
50171,0,1391,0
50173,0,1395,0
50175,0,1393,0
50177,0,1395,0
50179,0,1395,0
50181,0,1395,0
50183,0,1391,0
50185,0,1392,0
50187,0,1401,0
50189,0,1391,0
50191,66710,1395,1
50193,0,1395,0
50195,0,1391,0
50197,0,1394,0
50199,0,1395,0
50201,0,1395,0
50203,0,1397,0
50205,0,1395,0
50207,0,1396,0
50209,0,1395,0
50211,0,1394,0
50213,0,1392,0
50215,0,1395,0
50217,0,1395,0
50219,0,1395,0
50221,0,1395,0
50223,0,1392,0
50225,0,1407,0
50227,0,1395,0
50229,66724,1395,1
50231,0,1395,0
50233,0,1395,0
50235,0,1395,0
50237,0,1395,0
50239,0,1392,0
50241,0,1395,0
50243,0,1395,0
50245,0,1391,0
50247,0,1395,0
50249,0,1396,0
50251,0,1395,0
50253,0,1397,0
50255,0,1395,0
50257,0,1397,0
50259,0,1397,0
50261,0,1396,0
50263,0,1397,0
50265,0,1397,0
50267,0,1392,0
50269,66727,1396,1
50271,0,1396,0
50273,0,1395,0
50275,0,1395,0
50277,0,1397,0
50279,0,1395,0
50281,0,1397,0
50283,0,1397,0
50285,0,1395,0
50287,0,1395,0
50289,0,1395,0
50291,0,1396,0
50293,0,1395,0
50295,0,1397,0
50297,0,1394,0
50299,0,1395,0
50301,0,1395,0
50303,0,1391,0
50305,0,1396,0
50307,0,1392,0
50309,66720,1396,1
50311,0,1395,0
50313,0,1395,0
50315,0,1395,0
50317,0,1392,0
50319,0,1393,0
50321,0,1395,0
50323,0,1391,0
50325,0,1395,0
50327,0,1394,0
50329,0,1395,0
50331,0,1391,0
50333,0,1395,0
50335,0,1396,0
50337,0,1396,0
50339,0,1395,0
50341,0,1396,0
50343,0,1395,0
50345,0,1395,0
50347,0,1395,0
50349,66727,1396,1
50351,0,1395,0
50353,0,1397,0
50355,0,1395,0
50357,0,1395,0
50359,0,1396,0
50361,0,1396,0
50363,0,1395,0
50365,0,1397,0
50367,0,1397,0
50369,0,1397,0
50371,0,1396,0
50373,0,1397,0
50375,0,1395,0
50377,0,1395,0
50379,0,1395,0
50381,0,1395,0
50383,0,1401,0
50385,0,1396,0
50387,0,1396,0
50389,66729,1397,1
50391,0,1395,0
50393,0,1397,0
50395,0,1396,0
50397,0,1395,0
50399,0,1397,0
50401,0,1396,0
50403,0,1397,0
50405,0,1400,0
50407,0,1397,0
50409,0,1395,0
50411,0,1397,0
50413,0,1395,0
50415,0,1403,0
50417,0,1397,0
50419,0,1397,0
50421,0,1395,0
50423,0,1397,0
50425,0,1395,0
50427,0,1395,0
50429,66734,1395,1
50431,0,1397,0
50433,0,1397,0
50435,0,1396,0
50437,0,1397,0
50439,0,1395,0
50441,0,1396,0
50443,0,1392,0
50445,0,1395,0
50447,0,1395,0
50449,0,1396,0
50451,0,1395,0
50453,0,1396,0
50455,0,1399,0
50457,0,1397,0
50459,0,1397,0
50461,0,1397,0
50463,0,1399,0
50465,0,1396,0
50467,0,1395,0
50469,66743,1398,1
50471,0,1395,0
50473,0,1395,0
50475,0,1384,0
50477,0,1400,0
50479,0,1395,0
50481,0,1395,0
50483,0,1395,0
50485,0,1392,0
50487,0,1391,0
50489,0,1397,0
50491,0,1395,0
50493,0,1395,0
50495,0,1398,0
50497,0,1396,0
50499,0,1397,0
50501,0,1397,0
50503,0,1396,0
50505,0,1397,0
50507,0,1399,0
50509,66752,1398,1
50511,0,1397,0
50513,0,1396,0
50515,0,1397,0
50517,0,1397,0
50519,0,1397,0
50521,0,1395,0
50523,0,1397,0
50525,0,1398,0
50527,0,1396,0
50529,0,1395,0
50531,0,1398,0
50533,0,1397,0
50535,0,1395,0
50537,0,1395,0
50539,0,1397,0
50541,0,1397,0
50543,0,1399,0
50545,0,1397,0
50547,0,1395,0
50549,66730,1397,1
50551,0,1399,0
50553,0,1399,0
50555,0,1397,0
50557,0,1397,0
50559,0,1395,0
50561,0,1397,0
50563,0,1401,0
50565,0,1399,0
50567,0,1397,0
50569,0,1397,0
50571,0,1398,0
50573,0,1397,0
50575,0,1396,0
50577,0,1397,0
50579,0,1397,0
50581,0,1397,0
50583,0,1397,0
50585,0,1397,0
50587,0,1397,0
50589,66716,1399,1
50591,0,1397,0
50593,0,1396,0
50595,0,1403,0
50597,0,1399,0
50599,0,1399,0
50601,0,1399,0
50603,0,1397,0
50605,0,1399,0
50607,0,1397,0
50609,0,1397,0
50611,0,1399,0
50613,0,1397,0
50615,0,1397,0
50617,0,1395,0
50619,0,1396,0
50621,0,1397,0
50623,0,1395,0
50625,0,1398,0
50627,66720,1397,1
50629,0,1397,0
50631,0,1397,0
50633,0,1397,0
50635,0,1397,0
50637,0,1397,0
50639,0,1397,0
50641,0,1399,0
50643,0,1395,0
50645,0,1397,0
50647,0,1397,0
50649,0,1397,0
50651,0,1395,0
50653,0,1400,0
50655,0,1398,0
50657,0,1396,0
50659,0,1395,0
50661,0,1397,0
50663,0,1397,0
50665,0,1397,0
50667,66735,1397,1
50669,0,1398,0
50671,0,1397,0
50673,0,1398,0
50675,0,1397,0
50677,0,1397,0
50679,0,1397,0
50681,0,1397,0
50683,0,1397,0
50685,0,1397,0
50687,0,1397,0
50689,0,1398,0
50691,0,1399,0
50693,0,1397,0
50695,0,1399,0
50697,0,1398,0
50699,0,1396,0
50701,0,1395,0
50703,0,1398,0
50705,0,1397,0
50707,66748,1396,1
50709,0,1396,0
50711,0,1397,0
50713,0,1397,0
50715,0,1397,0
50717,0,1397,0
50719,0,1397,0
50721,0,1397,0
50723,0,1399,0
50725,0,1396,0
50727,0,1397,0
50729,0,1397,0
50731,0,1397,0
50733,0,1400,0
50735,0,1399,0
50737,0,1398,0
50739,0,1399,0
50741,0,1399,0
50743,0,1397,0
50745,0,1396,0
50747,66749,1394,1
50749,0,1397,0
50751,0,1397,0
50753,0,1399,0
50755,0,1397,0
50757,0,1397,0
50759,0,1397,0
50761,0,1397,0
50763,0,1396,0
50765,0,1399,0
50767,0,1397,0
50769,0,1398,0
50771,0,1397,0
50773,0,1398,0
50775,0,1401,0
50777,0,1397,0
50779,0,1399,0
50781,0,1399,0
50783,0,1397,0
50785,0,1399,0
50787,66749,1397,1
50789,0,1389,0
50791,0,1398,0
50793,0,1399,0
50795,0,1399,0
50797,0,1397,0
50799,0,1397,0
50801,0,1397,0
50803,0,1399,0
50805,0,1397,0
50807,0,1397,0
50809,0,1397,0
50811,0,1399,0
50813,0,1399,0
50815,0,1399,0
50817,0,1397,0
50819,0,1399,0
50821,0,1399,0
50823,0,1397,0
50825,0,1397,0
50827,66763,1404,1
50829,0,1397,0
50831,0,1398,0
50833,0,1398,0
50835,0,1398,0
50837,0,1397,0
50839,0,1399,0
50841,0,1399,0
50843,0,1399,0
50845,0,1399,0
50847,0,1399,0
50849,0,1399,0
50851,0,1398,0
50853,0,1399,0
50855,0,1399,0
50857,0,1397,0
50859,0,1399,0
50861,0,1397,0
50863,0,1397,0
50865,0,1399,0
50867,66760,1399,1
50869,0,1399,0
50871,0,1397,0
50873,0,1399,0
50875,0,1398,0
50877,0,1397,0
50879,0,1399,0
50881,0,1400,0
50883,0,1399,0
50885,0,1399,0
50887,0,1397,0
50889,0,1397,0
50891,0,1397,0
50893,0,1398,0
50895,0,1397,0
50897,0,1399,0
50899,0,1399,0
50901,0,1397,0
50903,0,1406,0
50905,0,1399,0
50907,66777,1399,1
50909,0,1399,0
50911,0,1398,0
50913,0,1400,0
50915,0,1399,0
50917,0,1397,0
50919,0,1399,0
50921,0,1399,0
50923,0,1399,0
50925,0,1398,0
50927,0,1399,0
50929,0,1399,0
50931,0,1398,0
50933,0,1399,0
50935,0,1398,0
50937,0,1399,0
50939,0,1399,0
50941,0,1397,0
50943,0,1399,0
50945,0,1399,0
50947,66768,1399,1
50949,0,1398,0
50951,0,1397,0
50953,0,1398,0
50955,0,1399,0
50957,0,1397,0
50959,0,1399,0
50961,0,1401,0
50963,0,1399,0
50965,0,1399,0
50967,0,1398,0
50969,0,1400,0
50971,0,1397,0
50973,0,1397,0
50975,0,1397,0
50977,0,1399,0
50979,0,1399,0
50981,0,1397,0
50983,0,1397,0
50985,0,1400,0
50987,66732,1399,1
50989,0,1399,0
50991,0,1399,0
50993,0,1400,0
50995,0,1400,0
50997,0,1401,0
50999,0,1400,0
51001,0,1401,0
51003,0,1399,0
51005,0,1399,0
51007,0,1399,0
51009,0,1399,0
51011,0,1381,0
51013,0,1399,0
51015,0,1399,0
51017,0,1399,0
51019,0,1399,0
51021,0,1399,0
51023,0,1398,0
51025,0,1399,0
51027,66734,1399,1
51029,0,1400,0
51031,0,1397,0
51033,0,1399,0
51035,0,1399,0
51037,0,1399,0
51039,0,1399,0
51041,0,1399,0
51043,0,1397,0
51045,0,1400,0
51047,0,1399,0
51049,0,1399,0
51051,0,1399,0
51053,0,1400,0
51055,0,1400,0
51057,0,1399,0
51059,0,1401,0
51061,0,1398,0
51063,0,1398,0
51065,66758,1401,1
51067,0,1399,0
51069,0,1399,0
51071,0,1397,0
51073,0,1399,0
51075,0,1399,0
51077,0,1399,0
51079,0,1399,0
51081,0,1399,0
51083,0,1397,0
51085,0,1399,0
51087,0,1399,0
51089,0,1399,0
51091,0,1399,0
51093,0,1401,0
51095,0,1399,0
51097,0,1399,0
51099,0,1399,0
51101,0,1400,0
51103,0,1400,0
51105,66747,1391,1
51107,0,1399,0
51109,0,1399,0
51111,0,1399,0
51113,0,1400,0
51115,0,1399,0
51117,0,1399,0
51119,0,1399,0
51121,0,1399,0
51123,0,1401,0
51125,0,1400,0
51127,0,1399,0
51129,0,1399,0
51131,0,1400,0
51133,0,1399,0
51135,0,1399,0
51137,0,1399,0
51139,0,1400,0
51141,0,1401,0
51143,0,1399,0
51145,66752,1400,1
51147,0,1401,0
51149,0,1400,0
51151,0,1397,0
51153,0,1399,0
51155,0,1398,0
51157,0,1399,0
51159,0,1399,0
51161,0,1399,0
51163,0,1398,0
51165,0,1399,0
51167,0,1399,0
51169,0,1400,0
51171,0,1399,0
51173,0,1399,0
51175,0,1398,0
51177,0,1399,0
51179,0,1399,0
51181,0,1397,0
51183,0,1399,0
51185,66756,1399,1
51187,0,1401,0
51189,0,1399,0
51191,0,1398,0
51193,0,1400,0
51195,0,1399,0
51197,0,1401,0
51199,0,1401,0
51201,0,1399,0
51203,0,1401,0
51205,0,1399,0
51207,0,1399,0
51209,0,1401,0
51211,0,1399,0
51213,0,1403,0
51215,0,1399,0
51217,0,1399,0
51219,0,1400,0
51221,0,1399,0
51223,0,1401,0
51225,66749,1399,1
51227,0,1398,0
51229,0,1401,0
51231,0,1400,0
51233,0,1400,0
51235,0,1400,0
51237,0,1400,0
51239,0,1399,0
51241,0,1401,0
51243,0,1400,0
51245,0,1400,0
51247,0,1400,0
51249,0,1399,0
51251,0,1401,0
51253,0,1400,0
51255,0,1399,0
51257,0,1401,0
51259,0,1399,0
51261,0,1399,0
51263,0,1401,0
51265,66763,1400,1
51267,0,1399,0
51269,0,1400,0
51271,0,1401,0
51273,0,1400,0
51275,0,1399,0
51277,0,1399,0
51279,0,1400,0
51281,0,1401,0
51283,0,1399,0
51285,0,1399,0
51287,0,1401,0
51289,0,1400,0
51291,0,1399,0
51293,0,1401,0
51295,0,1401,0
51297,0,1400,0
51299,0,1400,0
51301,0,1400,0
51303,0,1400,0
51305,66794,1401,1
51307,0,1401,0
51309,0,1401,0
51311,0,1401,0
51313,0,1399,0
51315,0,1401,0
51317,0,1401,0
51319,0,1400,0
51321,0,1399,0
51323,0,1400,0
51325,0,1400,0
51327,0,1405,0
51329,0,1400,0
51331,0,1400,0
51333,0,1401,0
51335,0,1401,0
51337,0,1401,0
51339,0,1401,0
51341,0,1400,0
51343,0,1401,0
51345,66804,1400,1
51347,0,1401,0
51349,0,1402,0
51351,0,1401,0
51353,0,1401,0
51355,0,1401,0
51357,0,1400,0
51359,0,1399,0
51361,0,1400,0
51363,0,1401,0
51365,0,1401,0
51367,0,1400,0
51369,0,1399,0
51371,0,1405,0
51373,0,1403,0
51375,0,1401,0
51377,0,1401,0
51379,0,1400,0
51381,0,1401,0
51383,0,1401,0
51385,66764,1401,1
51387,0,1400,0
51389,0,1400,0
51391,0,1401,0
51393,0,1397,0
51395,0,1399,0
51397,0,1401,0
51399,0,1401,0
51401,0,1402,0
51403,0,1401,0
51405,0,1399,0
51407,0,1401,0
51409,0,1401,0
51411,0,1400,0
51413,0,1399,0
51415,0,1405,0
51417,0,1401,0
51419,0,1401,0
51421,0,1401,0
51423,0,1401,0
51425,66758,1401,1
51427,0,1401,0
51429,0,1401,0
51431,0,1399,0
51434,0,1401,0
51436,0,1399,0
51438,0,1403,0
51440,0,1401,0
51442,0,1401,0
51444,0,1401,0
51446,0,1401,0
51448,0,1401,0
51450,0,1401,0
51452,0,1401,0
51454,0,1401,0
51456,0,1401,0
51458,0,1401,0
51460,0,1403,0
51462,0,1401,0
51464,66782,1401,1
51466,0,1401,0
51468,0,1400,0
51470,0,1400,0
51472,0,1399,0
51474,0,1401,0
51476,0,1400,0
51478,0,1401,0
51480,0,1399,0
51482,0,1401,0
51484,0,1401,0
51486,0,1401,0
51488,0,1401,0
51490,0,1400,0
51492,0,1403,0
51494,0,1417,0
51496,0,1400,0
51498,0,1401,0
51500,0,1401,0
51502,0,1401,0
51504,66797,1400,1
51506,0,1401,0
51508,0,1401,0
51510,0,1399,0
51512,0,1403,0
51514,0,1401,0
51516,0,1400,0
51518,0,1401,0
51520,0,1403,0
51522,0,1403,0
51524,0,1401,0
51526,0,1399,0
51528,0,1398,0
51530,0,1401,0
51532,0,1401,0
51534,0,1401,0
51536,0,1400,0
51538,0,1400,0
51540,0,1401,0
51542,0,1401,0
51544,66802,1401,1
51546,0,1401,0
51548,0,1403,0
51550,0,1401,0
51552,0,1400,0
51554,0,1401,0
51556,0,1401,0
51558,0,1401,0
51560,0,1401,0
51562,0,1406,0
51564,0,1401,0
51566,0,1401,0
51568,0,1399,0
51570,0,1400,0
51572,0,1401,0
51574,0,1397,0
51576,0,1400,0
51578,0,1399,0
51580,0,1401,0
51582,0,1401,0
51584,66811,1399,1
51586,0,1399,0
51588,0,1400,0
51590,0,1401,0
51592,0,1401,0
51594,0,1401,0
51596,0,1400,0
51598,0,1402,0
51600,0,1401,0
51602,0,1401,0
51604,0,1401,0
51606,0,1399,0
51608,0,1401,0
51610,0,1399,0
51612,0,1399,0
51614,0,1401,0
51616,0,1401,0
51618,0,1402,0
51620,0,1399,0
51622,0,1401,0
51624,66807,1403,1
51626,0,1403,0
51628,0,1401,0
51630,0,1401,0
51632,0,1401,0
51634,0,1402,0
51636,0,1401,0
51638,0,1399,0
51640,0,1399,0
51642,0,1401,0
51644,0,1401,0
51646,0,1401,0
51648,0,1401,0
51650,0,1401,0
51652,0,1403,0
51654,0,1401,0
51656,0,1401,0
51658,0,1402,0
51660,0,1401,0
51662,0,1400,0
51664,66780,1399,1
51666,0,1401,0
51668,0,1401,0
51670,0,1401,0
51672,0,1401,0
51674,0,1401,0
51676,0,1402,0
51678,0,1401,0
51680,0,1401,0
51682,0,1399,0
51684,0,1401,0
51686,0,1401,0
51688,0,1401,0
51690,0,1401,0
51692,0,1399,0
51694,0,1401,0
51696,0,1400,0
51698,0,1403,0
51700,0,1401,0
51702,0,1400,0
51704,66805,1399,1
51706,0,1402,0
51708,0,1401,0
51710,0,1401,0
51712,0,1401,0
51714,0,1400,0
51716,0,1401,0
51718,0,1399,0
51720,0,1401,0
51722,0,1401,0
51724,0,1401,0
51726,0,1401,0
51728,0,1401,0
51730,0,1401,0
51732,0,1399,0
51734,0,1399,0
51736,0,1401,0
51738,0,1399,0
51740,0,1401,0
51742,0,1401,0
51744,66813,1400,1
51746,0,1399,0
51748,0,1401,0
51750,0,1403,0
51752,0,1401,0
51754,0,1399,0
51756,0,1401,0
51758,0,1400,0
51760,0,1401,0
51762,0,1400,0
51764,0,1399,0
51766,0,1401,0
51768,0,1399,0
51770,0,1400,0
51772,0,1399,0
51774,0,1401,0
51776,0,1401,0
51778,0,1401,0
51780,0,1401,0
51782,0,1401,0
51784,66778,1400,1
51786,0,1401,0
51788,0,1399,0
51790,0,1401,0
51792,0,1400,0
51794,0,1399,0
51796,0,1400,0
51798,0,1401,0
51800,0,1401,0
51802,0,1401,0
51804,0,1403,0
51806,0,1399,0
51808,0,1401,0
51810,0,1400,0
51812,0,1401,0
51814,0,1401,0
51816,0,1401,0
51818,0,1399,0
51820,0,1400,0
51822,0,1401,0
51824,66761,1401,1
51826,0,1401,0
51828,0,1399,0
51830,0,1400,0
51832,0,1398,0
51834,0,1400,0
51836,0,1400,0
51838,0,1401,0
51840,0,1399,0
51842,0,1384,0
51844,0,1401,0
51846,0,1399,0
51848,0,1397,0
51850,0,1401,0
51852,0,1401,0
51854,0,1401,0
51856,0,1400,0
51858,0,1401,0
51860,0,1400,0
51862,66778,1401,1
51864,0,1399,0
51866,0,1399,0
51868,0,1400,0
51870,0,1399,0
51872,0,1399,0
51874,0,1399,0
51876,0,1400,0
51878,0,1401,0
51880,0,1400,0
51882,0,1401,0
51884,0,1400,0
51886,0,1397,0
51888,0,1399,0
51890,0,1401,0
51892,0,1400,0
51894,0,1399,0
51896,0,1401,0
51898,0,1401,0
51900,0,1401,0
51902,66788,1399,1
51904,0,1399,0
51906,0,1400,0
51908,0,1400,0
51910,0,1399,0
51912,0,1399,0
51914,0,1401,0
51916,0,1399,0
51918,0,1401,0
51920,0,1399,0
51922,0,1399,0
51924,0,1399,0
51926,0,1400,0
51928,0,1400,0
51930,0,1400,0
51932,0,1400,0
51934,0,1400,0
51936,0,1399,0
51938,0,1399,0
51940,0,1400,0
51942,66786,1401,1
51944,0,1399,0
51946,0,1399,0
51948,0,1399,0
51950,0,1399,0
51952,0,1400,0
51954,0,1399,0
51956,0,1399,0
51958,0,1399,0
51960,0,1401,0
51962,0,1399,0
51964,0,1401,0
51966,0,1399,0
51968,0,1397,0
51970,0,1399,0
51972,0,1399,0
51974,0,1401,0
51976,0,1400,0
51978,0,1400,0
51980,0,1399,0
51982,66793,1401,1
51984,0,1399,0
51986,0,1400,0
51988,0,1399,0
51990,0,1399,0
51992,0,1400,0
51994,0,1400,0
51996,0,1400,0
51998,0,1399,0
52000,0,1400,0
52002,0,1401,0
52004,0,1400,0
52006,0,1399,0
52008,0,1398,0
52010,0,1399,0
52012,0,1399,0
52014,0,1399,0
52016,0,1401,0
52018,0,1399,0
52020,0,1399,0
52022,66800,1399,1
52024,0,1399,0
52026,0,1398,0
52028,0,1403,0
52030,0,1401,0
52032,0,1401,0
52034,0,1401,0
52036,0,1401,0
52038,0,1401,0
52040,0,1400,0
52042,0,1399,0
52044,0,1399,0
52046,0,1400,0
52048,0,1399,0
52050,0,1399,0
52052,0,1399,0
52054,0,1399,0
52056,0,1399,0
52058,0,1399,0
52060,0,1401,0
52062,66804,1399,1
52064,0,1399,0
52066,0,1400,0
52068,0,1400,0
52070,0,1401,0
52072,0,1400,0
52074,0,1399,0
52076,0,1400,0
52078,0,1399,0
52080,0,1400,0
52082,0,1400,0
52084,0,1399,0
52086,0,1400,0
52088,0,1401,0
52090,0,1403,0
52092,0,1399,0
52094,0,1399,0
52096,0,1401,0
52098,0,1399,0
52100,0,1399,0
52102,66834,1399,1
52104,0,1399,0
52106,0,1399,0
52108,0,1400,0
52110,0,1399,0
52112,0,1402,0
52114,0,1399,0
52116,0,1401,0
52118,0,1399,0
52120,0,1399,0
52122,0,1397,0
52124,0,1399,0
52126,0,1399,0
52128,0,1399,0
52130,0,1397,0
52132,0,1399,0
52134,0,1399,0
52136,0,1399,0
52138,0,1399,0
52140,0,1399,0
52142,66839,1398,1
52144,0,1399,0
52146,0,1399,0
52148,0,1399,0
52150,0,1397,0
52152,0,1399,0
52154,0,1399,0
52156,0,1401,0
52158,0,1399,0
52160,0,1398,0
52162,0,1399,0
52164,0,1401,0
52166,0,1399,0
52168,0,1399,0
52170,0,1400,0
52172,0,1400,0
52174,0,1400,0
52176,0,1399,0
52178,0,1399,0
52180,0,1399,0
52182,66805,1399,1
52184,0,1399,0
52186,0,1399,0
52188,0,1399,0
52190,0,1399,0
52192,0,1397,0
52194,0,1398,0
52196,0,1398,0
52198,0,1399,0
52200,0,1399,0
52202,0,1397,0
52204,0,1399,0
52206,0,1399,0
52208,0,1402,0
52210,0,1400,0
52212,0,1397,0
52214,0,1398,0
52216,0,1396,0
52218,0,1399,0
52220,0,1399,0
52222,66797,1400,1
52224,0,1397,0
52226,0,1399,0
52228,0,1399,0
52230,0,1398,0
52232,0,1399,0
52234,0,1399,0
52236,0,1398,0
52238,0,1399,0
52240,0,1397,0
52242,0,1407,0
52244,0,1399,0
52246,0,1397,0
52248,0,1399,0
52250,0,1397,0
52252,0,1399,0
52254,0,1403,0
52256,0,1399,0
52258,0,1397,0
52260,66826,1396,1
52262,0,1397,0
52264,0,1399,0
52266,0,1399,0
52268,0,1397,0
52270,0,1397,0
52272,0,1397,0
52274,0,1397,0
52276,0,1399,0
52278,0,1397,0
52280,0,1398,0
52282,0,1398,0
52284,0,1399,0
52286,0,1396,0
52288,0,1399,0
52290,0,1400,0
52292,0,1395,0
52294,0,1397,0
52296,0,1398,0
52298,0,1399,0
52300,66837,1397,1
52302,0,1397,0
52304,0,1397,0
52306,0,1399,0
52308,0,1397,0
52310,0,1398,0
52312,0,1396,0
52314,0,1399,0
52316,0,1397,0
52318,0,1398,0
52320,0,1399,0
52322,0,1399,0
52324,0,1397,0
52326,0,1398,0
52328,0,1399,0
52330,0,1397,0
52332,0,1396,0
52334,0,1399,0
52336,0,1397,0
52338,0,1397,0
52340,66840,1399,1
52342,0,1395,0
52344,0,1396,0
52346,0,1397,0
52348,0,1397,0
52350,0,1397,0
52352,0,1399,0
52354,0,1396,0
52356,0,1399,0
52358,0,1398,0
52360,0,1398,0
52362,0,1397,0
52364,0,1397,0
52366,0,1397,0
52368,0,1397,0
52370,0,1396,0
52372,0,1397,0
52374,0,1398,0
52376,0,1397,0
52378,0,1397,0
52380,66831,1397,1
52382,0,1397,0
52384,0,1397,0
52386,0,1397,0
52388,0,1399,0
52390,0,1397,0
52392,0,1391,0
52394,0,1397,0
52396,0,1397,0
52398,0,1403,0
52400,0,1396,0
52402,0,1397,0
52404,0,1398,0
52406,0,1396,0
52408,0,1397,0
52410,0,1395,0
52412,0,1401,0
52414,0,1397,0
52416,0,1397,0
52418,0,1397,0
52420,66826,1397,1
52422,0,1396,0
52424,0,1397,0
52426,0,1397,0
52428,0,1397,0
52430,0,1397,0
52432,0,1395,0
52434,0,1395,0
52436,0,1396,0
52438,0,1397,0
52440,0,1397,0
52442,0,1395,0
52444,0,1397,0
52446,0,1397,0
52448,0,1395,0
52450,0,1400,0
52452,0,1397,0
52454,0,1397,0
52456,0,1396,0
52458,0,1395,0
52460,66819,1399,1
52462,0,1397,0
52464,0,1399,0
52466,0,1395,0
52468,0,1397,0
52470,0,1395,0
52472,0,1397,0
52474,0,1397,0
52476,0,1397,0
52478,0,1397,0
52480,0,1395,0
52482,0,1399,0
52484,0,1397,0
52486,0,1397,0
52488,0,1396,0
52490,0,1396,0
52492,0,1396,0
52494,0,1397,0
52496,0,1396,0
52498,0,1395,0
52500,66828,1397,1
52502,0,1397,0
52504,0,1395,0
52506,0,1395,0
52508,0,1395,0
52510,0,1395,0
52512,0,1395,0
52514,0,1396,0
52516,0,1389,0
52518,0,1395,0
52520,0,1395,0
52522,0,1395,0
52524,0,1395,0
52526,0,1394,0
52528,0,1397,0
52530,0,1395,0
52532,0,1397,0
52534,0,1397,0
52536,0,1395,0
52538,0,1396,0
52540,66859,1395,1
52542,0,1395,0
52544,0,1396,0
52546,0,1396,0
52548,0,1395,0
52550,0,1397,0
52552,0,1397,0
52554,0,1395,0
52556,0,1391,0
52558,0,1396,0
52560,0,1396,0
52562,0,1396,0
52564,0,1395,0
52566,0,1399,0
52568,0,1395,0
52570,0,1395,0
52572,0,1396,0
52574,0,1395,0
52576,0,1397,0
52578,0,1395,0
52580,66857,1395,1
52582,0,1396,0
52584,0,1396,0
52586,0,1395,0
52588,0,1396,0
52590,0,1397,0
52592,0,1397,0
52594,0,1395,0
52596,0,1397,0
52598,0,1397,0
52600,0,1391,0
52602,0,1395,0
52604,0,1395,0
52606,0,1395,0
52608,0,1396,0
52610,0,1391,0
52612,0,1395,0
52614,0,1396,0
52616,0,1395,0
52618,0,1391,0
52620,66829,1395,1
52622,0,1395,0
52624,0,1401,0
52626,0,1395,0
52628,0,1395,0
52630,0,1395,0
52632,0,1391,0
52634,0,1395,0
52636,0,1396,0
52638,0,1395,0
52640,0,1397,0
52642,0,1389,0
52644,0,1391,0
52646,0,1392,0
52648,0,1391,0
52650,0,1397,0
52652,0,1395,0
52654,0,1396,0
52656,0,1391,0
52658,66843,1395,1
52660,0,1391,0
52662,0,1392,0
52664,0,1391,0
52666,0,1391,0
52668,0,1394,0
52670,0,1391,0
52672,0,1391,0
52674,0,1391,0
52676,0,1395,0
52678,0,1395,0
52680,0,1394,0
52682,0,1395,0
52684,0,1393,0
52686,0,1389,0
52688,0,1391,0
52690,0,1391,0
52692,0,1395,0
52694,0,1401,0
52696,0,1391,0
52698,66863,1395,1
52700,0,1392,0
52702,0,1394,0
52704,0,1393,0
52706,0,1391,0
52708,0,1395,0
52710,0,1391,0
52712,0,1395,0
52714,0,1390,0
52716,0,1391,0
52718,0,1395,0
52720,0,1391,0
52722,0,1395,0
52724,0,1391,0
52726,0,1390,0
52728,0,1390,0
52730,0,1391,0
52732,0,1392,0
52734,0,1395,0
52736,0,1391,0
52738,66860,1391,1
52740,0,1394,0
52742,0,1395,0
52744,0,1391,0
52746,0,1391,0
52748,0,1389,0
52750,0,1395,0
52752,0,1394,0
52754,0,1391,0
52756,0,1395,0
52758,0,1389,0
52760,0,1391,0
52762,0,1395,0
52764,0,1391,0
52766,0,1391,0
52768,0,1394,0
52770,0,1394,0
52772,0,1391,0
52774,0,1391,0
52776,0,1389,0
52778,66846,1389,1
52780,0,1391,0
52782,0,1391,0
52784,0,1391,0
52786,0,1391,0
52788,0,1389,0
52790,0,1391,0
52792,0,1391,0
52794,0,1394,0
52796,0,1392,0
52798,0,1397,0
52800,0,1387,0
52802,0,1391,0
52804,0,1395,0
52806,0,1390,0
52808,0,1391,0
52810,0,1391,0
52812,0,1395,0
52814,0,1389,0
52816,0,1395,0
52818,66851,1391,1
52820,0,1391,0
52822,0,1393,0
52824,0,1391,0
52826,0,1392,0
52828,0,1390,0
52830,0,1390,0
52832,0,1390,0
52834,0,1395,0
52836,0,1391,0
52838,0,1391,0
52840,0,1390,0
52842,0,1390,0
52844,0,1391,0
52846,0,1390,0
52848,0,1391,0
52850,0,1391,0
52852,0,1390,0
52854,0,1391,0
52856,0,1395,0
52858,66858,1391,1
52860,0,1391,0
52862,0,1391,0
52864,0,1394,0
52866,0,1389,0
52868,0,1387,0
52870,0,1391,0
52872,0,1389,0
52874,0,1391,0
52876,0,1391,0
52878,0,1391,0
52880,0,1389,0
52882,0,1391,0
52884,0,1391,0
52886,0,1389,0
52888,0,1391,0
52890,0,1391,0
52892,0,1391,0
52894,0,1391,0
52896,0,1391,0
52898,66865,1390,1
52900,0,1391,0
52902,0,1389,0
52904,0,1390,0
52906,0,1391,0
52908,0,1391,0
52910,0,1387,0
52912,0,1391,0
52914,0,1391,0
52916,0,1389,0
52918,0,1390,0
52920,0,1390,0
52922,0,1391,0
52924,0,1391,0
52926,0,1391,0
52928,0,1387,0
52930,0,1391,0
52932,0,1387,0
52934,0,1390,0
52936,0,1391,0
52938,66895,1391,1
52940,0,1392,0
52942,0,1396,0
52944,0,1391,0
52946,0,1390,0
52948,0,1390,0
52950,0,1390,0
52952,0,1395,0
52954,0,1389,0
52956,0,1391,0
52958,0,1390,0
52960,0,1391,0
52962,0,1389,0
52964,0,1397,0
52966,0,1391,0
52968,0,1390,0
52970,0,1391,0
52972,0,1389,0
52974,0,1391,0
52976,0,1391,0
52978,66886,1389,1
52980,0,1391,0
52982,0,1390,0
52984,0,1391,0
52986,0,1405,0
52988,0,1391,0
52990,0,1390,0
52992,0,1389,0
52994,0,1389,0
52996,0,1389,0
52998,0,1391,0
53000,0,1389,0
53002,0,1389,0
53004,0,1390,0
53006,0,1389,0
53008,0,1389,0
53010,0,1389,0
53012,0,1389,0
53014,0,1388,0
53016,0,1389,0
53018,66847,1391,1
53020,0,1389,0
53022,0,1389,0
53024,0,1391,0
53026,0,1389,0
53028,0,1389,0
53030,0,1387,0
53032,0,1389,0
53034,0,1389,0
53036,0,1388,0
53038,0,1373,0
53040,0,1390,0
53042,0,1388,0
53044,0,1389,0
53046,0,1389,0
53048,0,1391,0
53050,0,1388,0
53052,0,1389,0
53054,0,1388,0
53056,0,1390,0
53058,66840,1389,1
53060,0,1389,0
53062,0,1389,0
53064,0,1389,0
53066,0,1390,0
53068,0,1389,0
53070,0,1389,0
53072,0,1389,0
53074,0,1387,0
53076,0,1389,0
53078,0,1389,0
53080,0,1389,0
53082,0,1397,0
53084,0,1389,0
53086,0,1389,0
53088,0,1389,0
53090,0,1387,0
53092,0,1389,0
53094,0,1387,0
53096,66851,1389,1
53098,0,1387,0
53100,0,1388,0
53102,0,1389,0
53104,0,1388,0
53106,0,1391,0
53108,0,1388,0
53110,0,1387,0
53112,0,1387,0
53114,0,1389,0
53116,0,1389,0
53118,0,1389,0
53120,0,1388,0
53122,0,1389,0
53124,0,1388,0
53126,0,1391,0
53128,0,1389,0
53130,0,1389,0
53132,0,1387,0
53134,0,1389,0
53136,66845,1389,1
53138,0,1388,0
53140,0,1389,0
53142,0,1388,0
53144,0,1389,0
53146,0,1383,0
53148,0,1388,0
53150,0,1389,0
53152,0,1389,0
53154,0,1389,0
53156,0,1389,0
53158,0,1388,0
53160,0,1391,0
53162,0,1389,0
53164,0,1389,0
53166,0,1389,0
53168,0,1388,0
53170,0,1389,0
53172,0,1389,0
53174,0,1389,0
53176,66849,1388,1
53178,0,1387,0
53180,0,1387,0
53182,0,1390,0
53184,0,1391,0
53186,0,1387,0
53188,0,1389,0
53190,0,1387,0
53192,0,1389,0
53194,0,1388,0
53196,0,1389,0
53198,0,1387,0
53200,0,1388,0
53202,0,1389,0
53204,0,1387,0
53206,0,1388,0
53208,0,1387,0
53210,0,1386,0
53212,0,1389,0
53214,0,1389,0
53216,66850,1387,1
53218,0,1389,0
53220,0,1388,0
53222,0,1391,0
53224,0,1387,0
53226,0,1387,0
53228,0,1389,0
53230,0,1387,0
53232,0,1386,0
53234,0,1387,0
53236,0,1387,0
53238,0,1388,0
53240,0,1388,0
53242,0,1388,0
53244,0,1387,0
53246,0,1387,0
53248,0,1389,0
53250,0,1389,0
53252,0,1388,0
53254,0,1387,0
53256,66861,1387,1
53258,0,1385,0
53260,0,1387,0
53262,0,1387,0
53264,0,1387,0
53266,0,1387,0
53268,0,1389,0
53270,0,1385,0
53272,0,1387,0
53274,0,1387,0
53276,0,1391,0
53278,0,1388,0
53280,0,1387,0
53282,0,1389,0
53284,0,1385,0
53286,0,1387,0
53288,0,1387,0
53290,0,1388,0
53292,0,1387,0
53294,0,1387,0
53296,66889,1387,1
53298,0,1386,0
53300,0,1388,0
53302,0,1387,0
53304,0,1387,0
53307,0,1387,0
53309,0,1387,0
53311,0,1387,0
53313,0,1389,0
53315,0,1387,0
53317,0,1387,0
53319,0,1387,0
53321,0,1387,0
53323,0,1387,0
53325,0,1388,0
53327,0,1387,0
53329,0,1386,0
53331,0,1386,0
53333,0,1385,0
53335,0,1387,0
53337,66929,1387,1
53339,0,1387,0
53341,0,1388,0
53343,0,1387,0
53345,0,1387,0
53347,0,1385,0
53349,0,1387,0
53351,0,1389,0
53353,0,1386,0
53355,0,1387,0
53357,0,1387,0
53359,0,1387,0
53361,0,1386,0
53363,0,1387,0
53365,0,1385,0
53367,0,1386,0
53369,0,1385,0
53371,0,1389,0
53373,0,1389,0
53375,0,1387,0
53377,66935,1389,1
53379,0,1387,0
53381,0,1387,0
53383,0,1387,0
53385,0,1387,0
53387,0,1387,0
53389,0,1385,0
53391,0,1389,0
53393,0,1385,0
53395,0,1385,0
53397,0,1385,0
53399,0,1385,0
53401,0,1387,0
53403,0,1387,0
53405,0,1387,0
53407,0,1387,0
53409,0,1385,0
53411,0,1385,0
53413,0,1387,0
53415,0,1387,0
53417,66888,1387,1
53419,0,1389,0
53421,0,1387,0
53423,0,1388,0
53425,0,1387,0
53427,0,1385,0
53429,0,1386,0
53431,0,1386,0
53433,0,1387,0
53435,0,1387,0
53437,0,1387,0
53439,0,1387,0
53441,0,1387,0
53443,0,1388,0
53445,0,1387,0
53447,0,1387,0
53449,0,1385,0
53451,0,1387,0
53453,0,1387,0
53455,0,1387,0
53457,66874,1385,1
53459,0,1387,0
53461,0,1386,0
53463,0,1385,0
53465,0,1385,0
53467,0,1385,0
53469,0,1387,0
53471,0,1387,0
53473,0,1387,0
53475,0,1387,0
53477,0,1386,0
53479,0,1385,0
53481,0,1389,0
53483,0,1387,0
53485,0,1386,0
53487,0,1386,0
53489,0,1387,0
53491,0,1386,0
53493,0,1387,0
53495,66877,1385,1
53497,0,1388,0
53499,0,1385,0
53501,0,1387,0
53503,0,1387,0
53505,0,1387,0
53507,0,1387,0
53509,0,1387,0
53511,0,1388,0
53513,0,1387,0
53515,0,1385,0
53517,0,1387,0
53519,0,1386,0
53521,0,1385,0
53523,0,1387,0
53525,0,1387,0
53527,0,1385,0
53529,0,1388,0
53531,0,1386,0
53533,0,1386,0
53535,66864,1389,1
53537,0,1387,0
53539,0,1387,0
53541,0,1387,0
53543,0,1387,0
53545,0,1387,0
53547,0,1387,0
53549,0,1385,0
53551,0,1384,0
53553,0,1387,0
53555,0,1387,0
53557,0,1387,0
53559,0,1385,0
53561,0,1385,0
53563,0,1387,0
53565,0,1387,0
53567,0,1387,0
53569,0,1385,0
53571,0,1386,0
53573,0,1387,0
53575,66838,1386,1
53577,0,1385,0
53579,0,1387,0
53581,0,1385,0
53583,0,1388,0
53585,0,1388,0
53587,0,1385,0
53589,0,1385,0
53591,0,1387,0
53593,0,1387,0
53595,0,1387,0
53597,0,1385,0
53599,0,1385,0
53601,0,1386,0
53603,0,1387,0
53605,0,1385,0
53607,0,1387,0
53609,0,1386,0
53611,0,1387,0
53613,0,1387,0
53615,66820,1387,1
53617,0,1385,0
53619,0,1386,0
53621,0,1385,0
53623,0,1387,0
53625,0,1387,0
53627,0,1387,0
53629,0,1386,0
53631,0,1387,0
53633,0,1386,0
53635,0,1388,0
53637,0,1385,0
53639,0,1387,0
53641,0,1386,0
53643,0,1386,0
53645,0,1385,0
53647,0,1387,0
53649,0,1387,0
53651,0,1387,0
53653,0,1385,0
53655,66815,1385,1
53657,0,1385,0
53659,0,1385,0
53661,0,1385,0
53663,0,1387,0
53665,0,1386,0
53667,0,1387,0
53669,0,1388,0
53671,0,1385,0
53673,0,1385,0
53675,0,1387,0
53677,0,1387,0
53679,0,1385,0
53681,0,1385,0
53683,0,1379,0
53685,0,1387,0
53687,0,1385,0
53689,0,1386,0
53691,0,1385,0
53693,0,1387,0
53695,66833,1385,1
53697,0,1385,0
53699,0,1387,0
53701,0,1384,0
53703,0,1387,0
53705,0,1387,0
53707,0,1387,0
53709,0,1386,0
53711,0,1384,0
53713,0,1387,0
53715,0,1391,0
53717,0,1386,0
53719,0,1385,0
53721,0,1387,0
53723,0,1387,0
53725,0,1387,0
53727,0,1387,0
53729,0,1385,0
53731,0,1387,0
53733,0,1387,0
53735,66855,1387,1
53737,0,1386,0
53739,0,1385,0
53741,0,1387,0
53743,0,1386,0
53745,0,1385,0
53747,0,1387,0
53749,0,1387,0
53751,0,1387,0
53753,0,1387,0
53755,0,1387,0
53757,0,1384,0
53759,0,1385,0
53761,0,1385,0
53763,0,1385,0
53765,0,1386,0
53767,0,1385,0
53769,0,1385,0
53771,0,1385,0
53773,0,1386,0
53775,66847,1386,1
53777,0,1387,0
53779,0,1387,0
53781,0,1385,0
53783,0,1385,0
53785,0,1386,0
53787,0,1385,0
53789,0,1385,0
53791,0,1385,0
53793,0,1387,0
53795,0,1386,0
53797,0,1387,0
53799,0,1387,0
53801,0,1387,0
53803,0,1385,0
53805,0,1386,0
53807,0,1383,0
53809,0,1381,0
53811,0,1385,0
53813,0,1386,0
53815,66793,1385,1
53817,0,1385,0
53819,0,1387,0
53821,0,1387,0
53823,0,1386,0
53825,0,1384,0
53827,0,1385,0
53829,0,1384,0
53831,0,1385,0
53833,0,1387,0
53835,0,1387,0
53837,0,1385,0
53839,0,1383,0
53841,0,1385,0
53843,0,1389,0
53845,0,1385,0
53847,0,1385,0
53849,0,1385,0
53851,0,1386,0
53853,0,1383,0
53855,66776,1385,1
53857,0,1385,0
53859,0,1388,0
53861,0,1386,0
53863,0,1387,0
53865,0,1385,0
53867,0,1386,0
53869,0,1387,0
53871,0,1385,0
53873,0,1386,0
53875,0,1385,0
53877,0,1387,0
53879,0,1385,0
53881,0,1385,0
53883,0,1385,0
53885,0,1389,0
53887,0,1387,0
53889,0,1385,0
53891,0,1387,0
53893,66792,1384,1
53895,0,1387,0
53897,0,1387,0
53899,0,1385,0
53901,0,1387,0
53903,0,1385,0
53905,0,1386,0
53907,0,1387,0
53909,0,1387,0
53911,0,1385,0
53913,0,1385,0
53915,0,1385,0
53917,0,1385,0
53919,0,1385,0
53921,0,1385,0
53923,0,1385,0
53925,0,1386,0
53927,0,1387,0
53929,0,1387,0
53931,0,1386,0
53933,66804,1384,1
53935,0,1385,0
53937,0,1386,0
53939,0,1385,0
53941,0,1385,0
53943,0,1385,0
53945,0,1386,0
53947,0,1385,0
53949,0,1387,0
53951,0,1387,0
53953,0,1385,0
53955,0,1388,0
53957,0,1387,0
53959,0,1385,0
53961,0,1385,0
53963,0,1387,0
53965,0,1388,0
53967,0,1388,0
53969,0,1386,0
53971,0,1385,0
53973,66797,1385,1
53975,0,1385,0
53977,0,1387,0
53979,0,1386,0
53981,0,1385,0
53983,0,1384,0
53985,0,1384,0
53987,0,1385,0
53989,0,1385,0
53991,0,1386,0
53993,0,1385,0
53995,0,1385,0
53997,0,1390,0
53999,0,1385,0
54001,0,1386,0
54003,0,1387,0
54005,0,1385,0
54007,0,1387,0
54009,0,1386,0
54011,0,1387,0
54013,66787,1383,1
54015,0,1386,0
54017,0,1379,0
54019,0,1387,0
54021,0,1385,0
54023,0,1386,0
54025,0,1385,0
54027,0,1386,0
54029,0,1385,0
54031,0,1387,0
54033,0,1386,0
54035,0,1385,0
54037,0,1386,0
54039,0,1385,0
54041,0,1386,0
54043,0,1388,0
54045,0,1387,0
54047,0,1387,0
54049,0,1387,0
54051,0,1387,0
54053,66807,1386,1
54055,0,1387,0
54057,0,1385,0
54059,0,1385,0
54061,0,1385,0
54063,0,1385,0
54065,0,1387,0
54067,0,1386,0
54069,0,1387,0
54071,0,1387,0
54073,0,1385,0
54075,0,1387,0
54077,0,1386,0
54079,0,1387,0
54081,0,1387,0
54083,0,1384,0
54085,0,1385,0
54087,0,1387,0
54089,0,1387,0
54091,0,1385,0
54093,66825,1387,1
54095,0,1387,0
54097,0,1384,0
54099,0,1385,0
54101,0,1387,0
54103,0,1386,0
54105,0,1386,0
54107,0,1387,0
54109,0,1385,0
54111,0,1385,0
54113,0,1385,0
54115,0,1385,0
54117,0,1386,0
54119,0,1385,0
54121,0,1386,0
54123,0,1386,0
54125,0,1385,0
54127,0,1385,0
54129,0,1385,0
54131,0,1387,0
54133,66838,1385,1
54135,0,1385,0
54137,0,1387,0
54139,0,1387,0
54141,0,1387,0
54143,0,1385,0
54145,0,1387,0
54147,0,1387,0
54149,0,1388,0
54151,0,1386,0
54153,0,1387,0
54155,0,1387,0
54157,0,1385,0
54159,0,1386,0
54161,0,1381,0
54163,0,1384,0
54165,0,1387,0
54167,0,1386,0
54169,0,1387,0
54171,0,1385,0
54173,66838,1387,1
54175,0,1387,0
54177,0,1389,0
54179,0,1387,0
54181,0,1387,0
54183,0,1387,0
54185,0,1387,0
54187,0,1388,0
54189,0,1386,0
54191,0,1385,0
54193,0,1385,0
54195,0,1387,0
54197,0,1387,0
54199,0,1385,0
54201,0,1385,0
54203,0,1385,0
54205,0,1386,0
54207,0,1387,0
54209,0,1386,0
54211,0,1385,0
54213,66802,1391,1
54215,0,1386,0
54217,0,1387,0
54219,0,1385,0
54221,0,1389,0
54223,0,1386,0
54225,0,1387,0
54227,0,1384,0
54229,0,1386,0
54231,0,1385,0
54233,0,1387,0
54235,0,1383,0
54237,0,1387,0
54239,0,1387,0
54241,0,1385,0
54243,0,1387,0
54245,0,1387,0
54247,0,1391,0
54249,0,1385,0
54251,0,1385,0
54253,66801,1388,1
54255,0,1385,0
54257,0,1388,0
54259,0,1387,0
54261,0,1387,0
54263,0,1387,0
54265,0,1383,0
54267,0,1385,0
54269,0,1386,0
54271,0,1385,0
54273,0,1387,0
54275,0,1387,0
54277,0,1387,0
54279,0,1387,0
54281,0,1385,0
54283,0,1387,0
54285,0,1387,0
54287,0,1387,0
54289,0,1387,0
54291,66838,1387,1
54293,0,1387,0
54295,0,1388,0
54297,0,1387,0
54299,0,1387,0
54301,0,1387,0
54303,0,1387,0
54305,0,1386,0
54307,0,1386,0
54309,0,1389,0
54311,0,1386,0
54313,0,1387,0
54315,0,1388,0
54317,0,1387,0
54319,0,1385,0
54321,0,1387,0
54323,0,1387,0
54325,0,1387,0
54327,0,1385,0
54329,0,1385,0
54331,66866,1388,1
54333,0,1388,0
54335,0,1386,0
54337,0,1387,0
54339,0,1385,0
54341,0,1387,0
54343,0,1387,0
54345,0,1387,0
54347,0,1387,0
54349,0,1387,0
54351,0,1387,0
54353,0,1387,0
54355,0,1387,0
54357,0,1388,0
54359,0,1387,0
54361,0,1387,0
54363,0,1388,0
54365,0,1387,0
54367,0,1387,0
54369,0,1382,0
54371,66875,1385,1
54373,0,1386,0
54375,0,1387,0
54377,0,1387,0
54379,0,1387,0
54381,0,1387,0
54383,0,1388,0
54385,0,1387,0
54387,0,1387,0
54389,0,1385,0
54391,0,1387,0
54393,0,1387,0
54395,0,1387,0
54397,0,1385,0
54399,0,1387,0
54401,0,1396,0
54403,0,1387,0
54405,0,1387,0
54407,0,1389,0
54409,0,1387,0
54411,66863,1387,1
54413,0,1387,0
54415,0,1387,0
54417,0,1387,0
54419,0,1387,0
54421,0,1389,0
54423,0,1387,0
54425,0,1387,0
54427,0,1388,0
54429,0,1387,0
54431,0,1386,0
54433,0,1387,0
54435,0,1387,0
54437,0,1387,0
54439,0,1388,0
54441,0,1388,0
54443,0,1387,0
54445,0,1387,0
54447,0,1386,0
54449,0,1387,0
54451,66865,1387,1
54453,0,1388,0
54455,0,1387,0
54457,0,1387,0
54459,0,1387,0
54461,0,1388,0
54463,0,1387,0
54465,0,1389,0
54467,0,1387,0
54469,0,1388,0
54471,0,1387,0
54473,0,1389,0
54475,0,1387,0
54477,0,1388,0
54479,0,1387,0
54481,0,1387,0
54483,0,1389,0
54485,0,1387,0
54487,0,1387,0
54489,0,1388,0
54491,66862,1387,1
54493,0,1387,0
54495,0,1387,0
54497,0,1389,0
54499,0,1389,0
54501,0,1387,0
54503,0,1387,0
54505,0,1388,0
54507,0,1387,0
54509,0,1388,0
54511,0,1388,0
54513,0,1378,0
54515,0,1389,0
54517,0,1387,0
54519,0,1387,0
54521,0,1388,0
54523,0,1386,0
54525,0,1389,0
54527,0,1383,0
54529,0,1388,0
54531,66888,1389,1
54533,0,1387,0
54535,0,1388,0
54537,0,1389,0
54539,0,1389,0
54541,0,1387,0
54543,0,1389,0
54545,0,1387,0
54547,0,1391,0
54549,0,1387,0
54551,0,1387,0
54553,0,1385,0
54555,0,1387,0
54557,0,1387,0
54559,0,1389,0
54561,0,1387,0
54563,0,1387,0
54565,0,1388,0
54567,0,1388,0
54569,0,1388,0
54571,66897,1384,1
54573,0,1387,0
54575,0,1389,0
54577,0,1389,0
54579,0,1387,0
54581,0,1375,0
54583,0,1389,0
54585,0,1387,0
54587,0,1387,0
54589,0,1389,0
54591,0,1387,0
54593,0,1387,0
54595,0,1387,0
54597,0,1389,0
54599,0,1387,0
54601,0,1389,0
54603,0,1387,0
54605,0,1388,0
54607,0,1389,0
54609,0,1388,0
54611,66888,1389,1
54613,0,1387,0
54615,0,1387,0
54617,0,1388,0
54619,0,1389,0
54621,0,1389,0
54623,0,1388,0
54625,0,1391,0
54627,0,1388,0
54629,0,1389,0
54631,0,1391,0
54633,0,1389,0
54635,0,1393,0
54637,0,1389,0
54639,0,1389,0
54641,0,1387,0
54643,0,1389,0
54645,0,1388,0
54647,0,1387,0
54649,0,1388,0
54651,66846,1389,1
54653,0,1387,0
54655,0,1389,0
54657,0,1389,0
54659,0,1389,0
54661,0,1388,0
54663,0,1389,0
54665,0,1388,0
54667,0,1391,0
54669,0,1389,0
54671,0,1387,0
54673,0,1388,0
54675,0,1389,0
54677,0,1389,0
54679,0,1389,0
54681,0,1387,0
54683,0,1390,0
54685,0,1391,0
54687,0,1389,0
54689,66862,1389,1
54691,0,1388,0
54693,0,1389,0
54695,0,1389,0
54697,0,1389,0
54699,0,1389,0
54701,0,1388,0
54703,0,1389,0
54705,0,1389,0
54707,0,1389,0
54709,0,1389,0
54711,0,1389,0
54713,0,1389,0
54715,0,1389,0
54717,0,1387,0
54719,0,1389,0
54721,0,1389,0
54723,0,1389,0
54725,0,1389,0
54727,0,1389,0
54729,66883,1389,1
54731,0,1388,0
54733,0,1388,0
54735,0,1388,0
54737,0,1387,0
54739,0,1389,0
54741,0,1391,0
54743,0,1391,0
54745,0,1387,0
54747,0,1389,0
54749,0,1388,0
54751,0,1388,0
54753,0,1389,0
54755,0,1389,0
54757,0,1389,0
54759,0,1389,0
54761,0,1390,0
54763,0,1389,0
54765,0,1389,0
54767,0,1391,0
54769,66898,1390,1
54771,0,1388,0
54773,0,1390,0
54775,0,1388,0
54777,0,1391,0
54779,0,1389,0
54781,0,1391,0
54783,0,1389,0
54785,0,1389,0
54787,0,1389,0
54789,0,1391,0
54791,0,1389,0
54793,0,1390,0
54795,0,1389,0
54797,0,1387,0
54799,0,1391,0
54801,0,1390,0
54803,0,1388,0
54805,0,1391,0
54807,0,1387,0
54809,66897,1395,1
54811,0,1389,0
54813,0,1389,0
54815,0,1389,0
54817,0,1389,0
54819,0,1400,0
54821,0,1390,0
54823,0,1391,0
54825,0,1389,0
54827,0,1391,0
54829,0,1389,0
54831,0,1391,0
54833,0,1389,0
54835,0,1389,0
54837,0,1390,0
54839,0,1391,0
54841,0,1389,0
54843,0,1389,0
54845,0,1390,0
54847,0,1391,0
54849,66894,1391,1
54851,0,1395,0
54853,0,1389,0
54855,0,1390,0
54857,0,1389,0
54859,0,1392,0
54861,0,1390,0
54863,0,1388,0
54865,0,1389,0
54867,0,1389,0
54869,0,1389,0
54871,0,1390,0
54873,0,1390,0
54875,0,1389,0
54877,0,1391,0
54879,0,1389,0
54881,0,1391,0
54883,0,1389,0
54885,0,1389,0
54887,0,1391,0
54889,66901,1391,1
54891,0,1391,0
54893,0,1390,0
54895,0,1390,0
54897,0,1387,0
54899,0,1391,0
54901,0,1391,0
54903,0,1389,0
54905,0,1391,0
54907,0,1389,0
54909,0,1389,0
54911,0,1390,0
54913,0,1391,0
54915,0,1388,0
54917,0,1390,0
54919,0,1391,0
54921,0,1390,0
54923,0,1391,0
54925,0,1391,0
54927,0,1391,0
54929,66913,1390,1
54931,0,1389,0
54933,0,1391,0
54935,0,1390,0
54937,0,1390,0
54939,0,1391,0
54941,0,1389,0
54943,0,1389,0
54945,0,1389,0
54947,0,1389,0
54949,0,1384,0
54951,0,1391,0
54953,0,1389,0
54955,0,1389,0
54957,0,1389,0
54959,0,1389,0
54961,0,1389,0
54963,0,1389,0
54965,0,1389,0
54967,0,1390,0
54969,66932,1388,1
54971,0,1391,0
54973,0,1389,0
54975,0,1391,0
54977,0,1391,0
54979,0,1390,0
54981,0,1389,0
54983,0,1391,0
54985,0,1391,0
54987,0,1391,0
54989,0,1389,0
54991,0,1390,0
54993,0,1390,0
54995,0,1391,0
54997,0,1391,0
54999,0,1391,0
55001,0,1391,0
55003,0,1390,0
55005,0,1387,0
55007,0,1389,0
55009,66923,1391,1
55011,0,1390,0
55013,0,1395,0
55015,0,1391,0
55017,0,1391,0
55019,0,1391,0
55021,0,1391,0
55023,0,1391,0
55025,0,1389,0
55027,0,1390,0
55029,0,1386,0
55031,0,1391,0
55033,0,1391,0
55035,0,1391,0
55037,0,1391,0
55039,0,1391,0
55041,0,1391,0
55043,0,1391,0
55045,0,1392,0
55047,0,1391,0
55049,66880,1388,1
55051,0,1391,0
55053,0,1391,0
55055,0,1391,0
55057,0,1389,0
55059,0,1389,0
55061,0,1391,0
55063,0,1389,0
55065,0,1389,0
55067,0,1391,0
55069,0,1390,0
55071,0,1390,0
55073,0,1391,0
55075,0,1397,0
55077,0,1390,0
55079,0,1391,0
55081,0,1389,0
55083,0,1389,0
55085,0,1390,0
55087,0,1390,0
55089,66892,1391,1
55091,0,1391,0
55093,0,1389,0
55095,0,1392,0
55097,0,1389,0
55099,0,1391,0
55101,0,1392,0
55103,0,1391,0
55105,0,1391,0
55107,0,1391,0
55109,0,1391,0
55111,0,1391,0
55113,0,1390,0
55115,0,1391,0
55117,0,1391,0
55119,0,1391,0
55121,0,1391,0
55123,0,1391,0
55125,0,1391,0
55127,66910,1389,1
55129,0,1389,0
55131,0,1391,0
55133,0,1391,0
55135,0,1392,0
55137,0,1391,0
55139,0,1395,0
55141,0,1391,0
55143,0,1395,0
55145,0,1391,0
55147,0,1392,0
55149,0,1390,0
55151,0,1391,0
55153,0,1391,0
55155,0,1391,0
55157,0,1391,0
55159,0,1390,0
55161,0,1392,0
55163,0,1391,0
55165,0,1391,0
55167,66915,1394,1
55169,0,1392,0
55172,0,1391,0
55174,0,1391,0
55176,0,1391,0
55178,0,1395,0
55180,0,1394,0
55182,0,1391,0
55184,0,1390,0
55186,0,1391,0
55188,0,1392,0
55190,0,1391,0
55192,0,1391,0
55194,0,1391,0
55196,0,1391,0
55198,0,1392,0
55200,0,1391,0
55202,0,1391,0
55204,0,1391,0
55206,0,1391,0
55208,66908,1391,1
55210,0,1391,0
55212,0,1392,0
55214,0,1391,0
55216,0,1390,0
55218,0,1391,0
55220,0,1391,0
55222,0,1389,0
55224,0,1391,0
55226,0,1391,0
55228,0,1391,0
55230,0,1391,0
55232,0,1391,0
55234,0,1391,0
55236,0,1391,0
55238,0,1391,0
55240,0,1391,0
55242,0,1391,0
55244,0,1391,0
55246,0,1395,0
55248,66921,1391,1
55250,0,1391,0
55252,0,1395,0
55254,0,1391,0
55256,0,1392,0
55258,0,1395,0
55260,0,1393,0
55262,0,1391,0
55264,0,1391,0
55266,0,1391,0
55268,0,1389,0
55270,0,1396,0
55272,0,1395,0
55274,0,1392,0
55276,0,1393,0
55278,0,1391,0
55280,0,1395,0
55282,0,1391,0
55284,0,1391,0
55286,0,1391,0
55288,66908,1391,1
55290,0,1391,0
55292,0,1391,0
55294,0,1391,0
55296,0,1391,0
55298,0,1395,0
55300,0,1391,0
55302,0,1392,0
55304,0,1389,0
55306,0,1390,0
55308,0,1391,0
55310,0,1395,0
55312,0,1395,0
55314,0,1389,0
55316,0,1394,0
55318,0,1392,0
55320,0,1391,0
55322,0,1395,0
55324,0,1395,0
55326,0,1391,0
55328,66896,1391,1
55330,0,1391,0
55332,0,1389,0
55334,0,1391,0
55336,0,1395,0
55338,0,1391,0
55340,0,1391,0
55342,0,1391,0
55344,0,1391,0
55346,0,1391,0
55348,0,1395,0
55350,0,1395,0
55352,0,1391,0
55354,0,1391,0
55356,0,1395,0
55358,0,1395,0
55360,0,1391,0
55362,0,1395,0
55364,0,1392,0
55366,0,1391,0
55368,66913,1392,1
55370,0,1392,0
55372,0,1394,0
55374,0,1391,0
55376,0,1391,0
55378,0,1396,0
55380,0,1391,0
55382,0,1391,0
55384,0,1392,0
55386,0,1391,0
55388,0,1395,0
55390,0,1394,0
55392,0,1395,0
55394,0,1392,0
55396,0,1394,0
55398,0,1391,0
55400,0,1394,0
55402,0,1391,0
55404,0,1391,0
55406,0,1395,0
55408,66897,1391,1
55410,0,1391,0
55412,0,1395,0
55414,0,1391,0
55416,0,1395,0
55418,0,1391,0
55420,0,1395,0
55422,0,1395,0
55424,0,1395,0
55426,0,1395,0
55428,0,1395,0
55430,0,1395,0
55432,0,1395,0
55434,0,1395,0
55436,0,1395,0
55438,0,1394,0
55440,0,1395,0
55442,0,1394,0
55444,0,1390,0
55446,0,1395,0
55448,66861,1391,1
55450,0,1395,0
55452,0,1391,0
55454,0,1391,0
55456,0,1391,0
55458,0,1391,0
55460,0,1394,0
55462,0,1397,0
55464,0,1391,0
55466,0,1395,0
55468,0,1395,0
55470,0,1391,0
55472,0,1394,0
55474,0,1391,0
55476,0,1387,0
55478,0,1394,0
55480,0,1395,0
55482,0,1395,0
55484,0,1395,0
55486,0,1391,0
55488,66851,1394,1
55490,0,1395,0
55492,0,1391,0
55494,0,1395,0
55496,0,1397,0
55498,0,1397,0
55500,0,1395,0
55502,0,1395,0
55504,0,1397,0
55506,0,1393,0
55508,0,1391,0
55510,0,1395,0
55512,0,1396,0
55514,0,1395,0
55516,0,1396,0
55518,0,1396,0
55520,0,1396,0
55522,0,1397,0
55524,0,1391,0
55526,66884,1391,1
55528,0,1394,0
55530,0,1395,0
55532,0,1395,0
55534,0,1391,0
55536,0,1396,0
55538,0,1395,0
55540,0,1395,0
55542,0,1396,0
55544,0,1396,0
55546,0,1396,0
55548,0,1395,0
55550,0,1392,0
55552,0,1395,0
55554,0,1396,0
55556,0,1394,0
55558,0,1397,0
55560,0,1395,0
55562,0,1395,0
55564,0,1395,0
55566,66895,1392,1
55568,0,1395,0
55570,0,1397,0
55572,0,1397,0
55574,0,1395,0
55576,0,1395,0
55578,0,1395,0
55580,0,1395,0
55582,0,1396,0
55584,0,1395,0
55586,0,1395,0
55588,0,1395,0
55590,0,1395,0
55592,0,1397,0
55594,0,1395,0
55596,0,1396,0
55598,0,1400,0
55600,0,1394,0
55602,0,1392,0
55604,0,1395,0
55606,66911,1395,1
55608,0,1397,0
55610,0,1395,0
55612,0,1391,0
55614,0,1391,0
55616,0,1395,0
55618,0,1395,0
55620,0,1379,0
55622,0,1395,0
55624,0,1391,0
55626,0,1395,0
55628,0,1396,0
55630,0,1396,0
55632,0,1395,0
55634,0,1397,0
55636,0,1396,0
55638,0,1396,0
55640,0,1392,0
55642,0,1391,0
55644,0,1395,0
55646,66919,1395,1
55648,0,1397,0
55650,0,1395,0
55652,0,1395,0
55654,0,1395,0
55656,0,1397,0
55658,0,1395,0
55660,0,1397,0
55662,0,1395,0
55664,0,1392,0
55666,0,1395,0
55668,0,1392,0
55670,0,1396,0
55672,0,1391,0
55674,0,1395,0
55676,0,1395,0
55678,0,1397,0
55680,0,1400,0
55682,0,1397,0
55684,0,1396,0
55686,66914,1397,1
55688,0,1397,0
55690,0,1396,0
55692,0,1397,0
55694,0,1396,0
55696,0,1397,0
55698,0,1396,0
55700,0,1396,0
55702,0,1395,0
55704,0,1395,0
55706,0,1395,0
55708,0,1394,0
55710,0,1397,0
55712,0,1396,0
55714,0,1395,0
55716,0,1398,0
55718,0,1395,0
55720,0,1397,0
55722,0,1399,0
55724,0,1396,0
55726,66923,1395,1
55728,0,1395,0
55730,0,1397,0
55732,0,1396,0
55734,0,1395,0
55736,0,1395,0
55738,0,1397,0
55740,0,1395,0
55742,0,1391,0
55744,0,1396,0
55746,0,1395,0
55748,0,1397,0
55750,0,1395,0
55752,0,1397,0
55754,0,1397,0
55756,0,1397,0
55758,0,1397,0
55760,0,1397,0
55762,0,1397,0
55764,0,1395,0
55766,66955,1396,1
55768,0,1396,0
55770,0,1397,0
55772,0,1395,0
55774,0,1397,0
55776,0,1397,0
55778,0,1397,0
55780,0,1397,0
55782,0,1392,0
55784,0,1394,0
55786,0,1397,0
55788,0,1396,0
55790,0,1397,0
55792,0,1398,0
55794,0,1395,0
55796,0,1391,0
55798,0,1397,0
55800,0,1398,0
55802,0,1395,0
55804,0,1395,0
55806,66971,1397,1
55808,0,1396,0
55810,0,1397,0
55812,0,1397,0
55814,0,1396,0
55816,0,1389,0
55818,0,1397,0
55820,0,1397,0
55822,0,1397,0
55824,0,1397,0
55826,0,1396,0
55828,0,1395,0
55830,0,1397,0
55832,0,1397,0
55834,0,1399,0
55836,0,1402,0
55838,0,1397,0
55840,0,1395,0
55842,0,1395,0
55844,0,1396,0
55846,66921,1397,1
55848,0,1395,0
55850,0,1397,0
55852,0,1397,0
55854,0,1401,0
55856,0,1397,0
55858,0,1396,0
55860,0,1396,0
55862,0,1396,0
55864,0,1397,0
55866,0,1397,0
55868,0,1397,0
55870,0,1397,0
55872,0,1396,0
55874,0,1397,0
55876,0,1397,0
55878,0,1397,0
55880,0,1397,0
55882,0,1396,0
55884,0,1397,0
55886,66902,1395,1
55888,0,1397,0
55890,0,1397,0
55892,0,1398,0
55894,0,1397,0
55896,0,1397,0
55898,0,1397,0
55900,0,1397,0
55902,0,1398,0
55904,0,1397,0
55906,0,1396,0
55908,0,1397,0
55910,0,1395,0
55912,0,1396,0
55914,0,1392,0
55916,0,1397,0
55918,0,1397,0
55920,0,1396,0
55922,0,1398,0
55924,66912,1397,1
55926,0,1396,0
55928,0,1397,0
55930,0,1397,0
55932,0,1396,0
55934,0,1387,0
55936,0,1396,0
55938,0,1397,0
55940,0,1397,0
55942,0,1399,0
55944,0,1397,0
55946,0,1399,0
55948,0,1399,0
55950,0,1398,0
55952,0,1398,0
55954,0,1395,0
55956,0,1397,0
55958,0,1397,0
55960,0,1397,0
55962,0,1397,0
55964,66931,1397,1
55966,0,1397,0
55968,0,1397,0
55970,0,1399,0
55972,0,1396,0
55974,0,1399,0
55976,0,1397,0
55978,0,1399,0
55980,0,1397,0
55982,0,1397,0
55984,0,1400,0
55986,0,1397,0
55988,0,1397,0
55990,0,1397,0
55992,0,1399,0
55994,0,1396,0
55996,0,1399,0
55998,0,1399,0
56000,0,1397,0
56002,0,1397,0
56004,66943,1397,1
56006,0,1395,0
56008,0,1397,0
56010,0,1399,0
56012,0,1396,0
56014,0,1397,0
56016,0,1399,0
56018,0,1397,0
56020,0,1399,0
56022,0,1398,0
56024,0,1399,0
56026,0,1399,0
56028,0,1397,0
56030,0,1397,0
56032,0,1398,0
56034,0,1397,0
56036,0,1397,0
56038,0,1397,0
56040,0,1399,0
56042,0,1397,0
56044,66953,1399,1
56046,0,1398,0
56048,0,1397,0
56050,0,1391,0
56052,0,1397,0
56054,0,1398,0
56056,0,1397,0
56058,0,1395,0
56060,0,1397,0
56062,0,1396,0
56064,0,1397,0
56066,0,1397,0
56068,0,1397,0
56070,0,1397,0
56072,0,1397,0
56074,0,1397,0
56076,0,1397,0
56078,0,1399,0
56080,0,1399,0
56082,0,1398,0
56084,66961,1399,1
56086,0,1399,0
56088,0,1399,0
56090,0,1397,0
56092,0,1397,0
56094,0,1399,0
56096,0,1399,0
56098,0,1396,0
56100,0,1397,0
56102,0,1398,0
56104,0,1399,0
56106,0,1397,0
56108,0,1398,0
56110,0,1399,0
56112,0,1397,0
56114,0,1398,0
56116,0,1399,0
56118,0,1397,0
56120,0,1399,0
56122,0,1398,0
56124,66965,1399,1
56126,0,1397,0
56128,0,1400,0
56130,0,1392,0
56132,0,1399,0
56134,0,1397,0
56136,0,1399,0
56138,0,1399,0
56140,0,1398,0
56142,0,1397,0
56144,0,1398,0
56146,0,1399,0
56148,0,1399,0
56150,0,1397,0
56152,0,1399,0
56154,0,1397,0
56156,0,1397,0
56158,0,1395,0
56160,0,1397,0
56162,0,1399,0
56164,66990,1399,1
56166,0,1397,0
56168,0,1399,0
56170,0,1392,0
56172,0,1397,0
56174,0,1397,0
56176,0,1396,0
56178,0,1398,0
56180,0,1399,0
56182,0,1398,0
56184,0,1397,0
56186,0,1399,0
56188,0,1398,0
56190,0,1398,0
56192,0,1399,0
56194,0,1397,0
56196,0,1399,0
56198,0,1399,0
56200,0,1399,0
56202,0,1399,0
56204,66984,1398,1
56206,0,1399,0
56208,0,1399,0
56210,0,1398,0
56212,0,1399,0
56214,0,1399,0
56216,0,1397,0
56218,0,1399,0
56220,0,1398,0
56222,0,1397,0
56224,0,1399,0
56226,0,1399,0
56228,0,1398,0
56230,0,1399,0
56232,0,1399,0
56234,0,1399,0
56236,0,1400,0
56238,0,1399,0
56240,0,1397,0
56242,0,1399,0
56244,66917,1399,1
56246,0,1399,0
56248,0,1398,0
56250,0,1399,0
56252,0,1399,0
56254,0,1399,0
56256,0,1399,0
56258,0,1399,0
56260,0,1401,0
56262,0,1399,0
56264,0,1399,0
56266,0,1399,0
56268,0,1399,0
56270,0,1398,0
56272,0,1397,0
56274,0,1400,0
56276,0,1396,0
56278,0,1400,0
56280,0,1399,0
56282,0,1400,0
56284,66921,1399,1
56286,0,1399,0
56288,0,1397,0
56290,0,1397,0
56292,0,1399,0
56294,0,1399,0
56296,0,1399,0
56298,0,1398,0
56300,0,1399,0
56302,0,1399,0
56304,0,1399,0
56306,0,1399,0
56308,0,1399,0
56310,0,1398,0
56312,0,1397,0
56314,0,1397,0
56316,0,1399,0
56318,0,1399,0
56320,0,1397,0
56322,66943,1398,1
56324,0,1398,0
56326,0,1399,0
56328,0,1399,0
56330,0,1401,0
56332,0,1399,0
56334,0,1399,0
56336,0,1399,0
56338,0,1397,0
56340,0,1395,0
56342,0,1397,0
56344,0,1399,0
56346,0,1399,0
56348,0,1399,0
56350,0,1399,0
56352,0,1399,0
56354,0,1399,0
56356,0,1400,0
56358,0,1398,0
56360,0,1399,0
56362,66956,1399,1
56364,0,1395,0
56366,0,1399,0
56368,0,1400,0
56370,0,1400,0
56372,0,1399,0
56374,0,1398,0
56376,0,1399,0
56378,0,1400,0
56380,0,1399,0
56382,0,1399,0
56384,0,1399,0
56386,0,1400,0
56388,0,1400,0
56390,0,1399,0
56392,0,1401,0
56394,0,1400,0
56396,0,1399,0
56398,0,1399,0
56400,0,1400,0
56402,66967,1399,1
56404,0,1399,0
56406,0,1399,0
56408,0,1401,0
56410,0,1397,0
56412,0,1399,0
56414,0,1399,0
56416,0,1403,0
56418,0,1397,0
56420,0,1399,0
56422,0,1399,0
56424,0,1399,0
56426,0,1399,0
56428,0,1401,0
56430,0,1400,0
56432,0,1400,0
56434,0,1399,0
56436,0,1401,0
56438,0,1401,0
56440,0,1400,0
56442,66961,1401,1
56444,0,1400,0
56446,0,1401,0
56448,0,1400,0
56450,0,1401,0
56452,0,1397,0
56454,0,1399,0
56456,0,1399,0
56458,0,1400,0
56460,0,1399,0
56462,0,1399,0
56464,0,1401,0
56466,0,1400,0
56468,0,1400,0
56470,0,1400,0
56472,0,1399,0
56474,0,1400,0
56476,0,1400,0
56478,0,1399,0
56480,0,1399,0
56482,66965,1399,1
56484,0,1399,0
56486,0,1399,0
56488,0,1401,0
56490,0,1400,0
56492,0,1401,0
56494,0,1399,0
56496,0,1400,0
56498,0,1400,0
56500,0,1400,0
56502,0,1400,0
56504,0,1399,0
56506,0,1401,0
56508,0,1397,0
56510,0,1400,0
56512,0,1401,0
56514,0,1399,0
56516,0,1398,0
56518,0,1400,0
56520,0,1401,0
56522,66949,1399,1
56524,0,1399,0
56526,0,1399,0
56528,0,1399,0
56530,0,1400,0
56532,0,1401,0
56534,0,1399,0
56536,0,1401,0
56538,0,1400,0
56540,0,1399,0
56542,0,1400,0
56544,0,1401,0
56546,0,1396,0
56548,0,1399,0
56550,0,1400,0
56552,0,1397,0
56554,0,1399,0
56556,0,1401,0
56558,0,1400,0
56560,0,1401,0
56562,66959,1399,1
56564,0,1401,0
56566,0,1399,0
56568,0,1399,0
56570,0,1401,0
56572,0,1401,0
56574,0,1401,0
56576,0,1401,0
56578,0,1401,0
56580,0,1399,0
56582,0,1391,0
56584,0,1400,0
56586,0,1400,0
56588,0,1399,0
56590,0,1399,0
56592,0,1400,0
56594,0,1400,0
56596,0,1400,0
56598,0,1399,0
56600,0,1399,0
56602,66959,1399,1
56604,0,1401,0
56606,0,1399,0
56608,0,1401,0
56610,0,1400,0
56612,0,1401,0
56614,0,1401,0
56616,0,1399,0
56618,0,1399,0
56620,0,1399,0
56622,0,1400,0
56624,0,1399,0
56626,0,1401,0
56628,0,1401,0
56630,0,1401,0
56632,0,1401,0
56634,0,1399,0
56636,0,1401,0
56638,0,1399,0
56640,0,1400,0
56642,66908,1402,1
56644,0,1401,0
56646,0,1401,0
56648,0,1401,0
56650,0,1400,0
56652,0,1400,0
56654,0,1400,0
56656,0,1401,0
56658,0,1401,0
56660,0,1401,0
56662,0,1401,0
56664,0,1399,0
56666,0,1400,0
56668,0,1401,0
56670,0,1401,0
56672,0,1401,0
56674,0,1400,0
56676,0,1401,0
56678,0,1403,0
56680,0,1401,0
56682,66902,1400,1
56684,0,1403,0
56686,0,1401,0
56688,0,1402,0
56690,0,1401,0
56692,0,1399,0
56694,0,1403,0
56696,0,1400,0
56698,0,1401,0
56700,0,1400,0
56702,0,1400,0
56704,0,1400,0
56706,0,1399,0
56708,0,1400,0
56710,0,1402,0
56712,0,1401,0
56714,0,1401,0
56716,0,1401,0
56718,0,1398,0
56720,66932,1400,1
56722,0,1401,0
56724,0,1401,0
56726,0,1400,0
56728,0,1403,0
56730,0,1401,0
56732,0,1401,0
56734,0,1399,0
56736,0,1401,0
56738,0,1400,0
56740,0,1401,0
56742,0,1399,0
56744,0,1400,0
56746,0,1401,0
56748,0,1401,0
56750,0,1401,0
56752,0,1399,0
56754,0,1401,0
56756,0,1401,0
56758,0,1401,0
56760,66961,1402,1
56762,0,1401,0
56764,0,1402,0
56766,0,1401,0
56768,0,1398,0
56770,0,1399,0
56772,0,1401,0
56774,0,1401,0
56776,0,1402,0
56778,0,1403,0
56780,0,1402,0
56782,0,1399,0
56784,0,1403,0
56786,0,1403,0
56788,0,1402,0
56790,0,1401,0
56792,0,1401,0
56794,0,1400,0
56796,0,1403,0
56798,0,1403,0
56800,66960,1401,1
56802,0,1401,0
56804,0,1401,0
56806,0,1401,0
56808,0,1400,0
56810,0,1401,0
56812,0,1401,0
56814,0,1401,0
56816,0,1401,0
56818,0,1400,0
56820,0,1402,0
56822,0,1399,0
56824,0,1401,0
56826,0,1401,0
56828,0,1399,0
56830,0,1401,0
56832,0,1401,0
56834,0,1399,0
56836,0,1401,0
56838,0,1402,0
56840,66962,1400,1
56842,0,1401,0
56844,0,1401,0
56846,0,1402,0
56848,0,1401,0
56850,0,1400,0
56852,0,1401,0
56854,0,1401,0
56856,0,1403,0
56858,0,1401,0
56860,0,1401,0
56862,0,1400,0
56864,0,1401,0
56866,0,1401,0
56868,0,1401,0
56870,0,1401,0
56872,0,1401,0
56874,0,1401,0
56876,0,1399,0
56878,0,1401,0
56880,66964,1403,1
56882,0,1401,0
56884,0,1401,0
56886,0,1402,0
56888,0,1401,0
56890,0,1400,0
56892,0,1403,0
56894,0,1402,0
56896,0,1401,0
56898,0,1401,0
56900,0,1401,0
56902,0,1401,0
56904,0,1402,0
56906,0,1401,0
56908,0,1401,0
56910,0,1403,0
56912,0,1401,0
56914,0,1401,0
56916,0,1402,0
56918,0,1402,0
56920,66972,1401,1
56922,0,1397,0
56924,0,1401,0
56926,0,1401,0
56928,0,1401,0
56930,0,1401,0
56932,0,1401,0
56934,0,1402,0
56936,0,1403,0
56938,0,1400,0
56940,0,1403,0
56942,0,1402,0
56944,0,1401,0
56946,0,1402,0
56948,0,1407,0
56950,0,1401,0
56952,0,1401,0
56954,0,1402,0
56956,0,1403,0
56958,0,1401,0
56960,66991,1403,1
56962,0,1401,0
56964,0,1403,0
56966,0,1400,0
56968,0,1402,0
56970,0,1401,0
56972,0,1400,0
56974,0,1401,0
56976,0,1401,0
56978,0,1401,0
56980,0,1401,0
56982,0,1401,0
56984,0,1401,0
56986,0,1401,0
56988,0,1403,0
56990,0,1401,0
56992,0,1403,0
56994,0,1401,0
56996,0,1403,0
56998,0,1403,0
57000,67005,1403,1
57002,0,1402,0
57004,0,1387,0
57006,0,1403,0
57008,0,1401,0
57010,0,1401,0
57012,0,1403,0
57015,0,1400,0
57017,0,1403,0
57019,0,1403,0
57021,0,1401,0
57023,0,1401,0
57025,0,1401,0
57027,0,1402,0
57029,0,1403,0
57031,0,1403,0
57033,0,1403,0
57035,0,1402,0
57037,0,1403,0
57039,0,1403,0
57041,66972,1401,1
57043,0,1401,0
57045,0,1403,0
57047,0,1403,0
57049,0,1403,0
57051,0,1401,0
57053,0,1401,0
57055,0,1403,0
57057,0,1403,0
57059,0,1407,0
57061,0,1405,0
57063,0,1402,0
57065,0,1403,0
57067,0,1403,0
57069,0,1403,0
57071,0,1402,0
57073,0,1402,0
57075,0,1402,0
57077,0,1403,0
57079,0,1403,0
57081,66943,1402,1
57083,0,1403,0
57085,0,1401,0
57087,0,1403,0
57089,0,1403,0
57091,0,1402,0
57093,0,1403,0
57095,0,1403,0
57097,0,1403,0
57099,0,1405,0
57101,0,1401,0
57103,0,1403,0
57105,0,1403,0
57107,0,1401,0
57109,0,1406,0
57111,0,1402,0
57113,0,1401,0
57115,0,1399,0
57117,0,1403,0
57119,66956,1401,1
57121,0,1389,0
57123,0,1401,0
57125,0,1401,0
57127,0,1403,0
57129,0,1402,0
57131,0,1403,0
57133,0,1403,0
57135,0,1403,0
57137,0,1401,0
57139,0,1403,0
57141,0,1403,0
57143,0,1403,0
57145,0,1403,0
57147,0,1403,0
57149,0,1404,0
57151,0,1403,0
57153,0,1402,0
57155,0,1403,0
57157,0,1401,0
57159,66972,1401,1
57161,0,1403,0
57163,0,1402,0
57165,0,1401,0
57167,0,1403,0
57169,0,1402,0
57171,0,1404,0
57173,0,1402,0
57175,0,1403,0
57177,0,1403,0
57179,0,1403,0
57181,0,1403,0
57183,0,1403,0
57185,0,1401,0
57187,0,1404,0
57189,0,1403,0
57191,0,1403,0
57193,0,1403,0
57195,0,1403,0
57197,0,1402,0
57199,66971,1403,1
57201,0,1403,0
57203,0,1404,0
57205,0,1403,0
57207,0,1405,0
57209,0,1403,0
57211,0,1403,0
57213,0,1401,0
57215,0,1403,0
57217,0,1403,0
57219,0,1403,0
57221,0,1401,0
57223,0,1404,0
57225,0,1403,0
57227,0,1401,0
57229,0,1403,0
57231,0,1403,0
57233,0,1403,0
57235,0,1403,0
57237,0,1390,0
57239,66975,1403,1
57241,0,1403,0
57243,0,1404,0
57245,0,1402,0
57247,0,1402,0
57249,0,1403,0
57251,0,1403,0
57253,0,1404,0
57255,0,1403,0
57257,0,1403,0
57259,0,1403,0
57261,0,1405,0
57263,0,1401,0
57265,0,1403,0
57267,0,1402,0
57269,0,1403,0
57271,0,1403,0
57273,0,1403,0
57275,0,1403,0
57277,0,1403,0
57279,66977,1404,1
57281,0,1402,0
57283,0,1403,0
57285,0,1403,0
57287,0,1403,0
57289,0,1405,0
57291,0,1404,0
57293,0,1403,0
57295,0,1405,0
57297,0,1403,0
57299,0,1403,0
57301,0,1403,0
57303,0,1405,0
57305,0,1404,0
57307,0,1404,0
57309,0,1402,0
57311,0,1404,0
57313,0,1403,0
57315,0,1402,0
57317,0,1404,0
57319,66978,1402,1
57321,0,1403,0
57323,0,1403,0
57325,0,1404,0
57327,0,1403,0
57329,0,1403,0
57331,0,1403,0
57333,0,1403,0
57335,0,1401,0
57337,0,1403,0
57339,0,1403,0
57341,0,1403,0
57343,0,1405,0
57345,0,1403,0
57347,0,1403,0
57349,0,1403,0
57351,0,1403,0
57353,0,1403,0
57355,0,1403,0
57357,0,1403,0
57359,66997,1404,1
57361,0,1401,0
57363,0,1403,0
57365,0,1403,0
57367,0,1403,0
57369,0,1403,0
57371,0,1403,0
57373,0,1402,0
57375,0,1405,0
57377,0,1403,0
57379,0,1403,0
57381,0,1402,0
57383,0,1403,0
57385,0,1404,0
57387,0,1390,0
57389,0,1403,0
57391,0,1403,0
57393,0,1403,0
57395,0,1402,0
57397,0,1404,0
57399,67010,1403,1
57401,0,1404,0
57403,0,1402,0
57405,0,1403,0
57407,0,1405,0
57409,0,1405,0
57411,0,1404,0
57413,0,1405,0
57415,0,1403,0
57417,0,1404,0
57419,0,1403,0
57421,0,1405,0
57423,0,1404,0
57425,0,1403,0
57427,0,1404,0
57429,0,1415,0
57431,0,1405,0
57433,0,1405,0
57435,0,1403,0
57437,0,1403,0
57439,66979,1403,1
57441,0,1403,0
57443,0,1403,0
57445,0,1403,0
57447,0,1403,0
57449,0,1405,0
57451,0,1404,0
57453,0,1403,0
57455,0,1403,0
57457,0,1407,0
57459,0,1403,0
57461,0,1403,0
57463,0,1403,0
57465,0,1405,0
57467,0,1406,0
57469,0,1403,0
57471,0,1403,0
57473,0,1404,0
57475,0,1403,0
57477,0,1404,0
57479,66943,1405,1
57481,0,1404,0
57483,0,1405,0
57485,0,1402,0
57487,0,1403,0
57489,0,1403,0
57491,0,1405,0
57493,0,1404,0
57495,0,1401,0
57497,0,1403,0
57499,0,1403,0
57501,0,1402,0
57503,0,1405,0
57505,0,1403,0
57507,0,1405,0
57509,0,1403,0
57511,0,1403,0
57513,0,1403,0
57515,0,1404,0
57517,66973,1404,1
57519,0,1403,0
57521,0,1405,0
57523,0,1403,0
57525,0,1404,0
57527,0,1403,0
57529,0,1403,0
57531,0,1404,0
57533,0,1403,0
57535,0,1403,0
57537,0,1403,0
57539,0,1405,0
57541,0,1406,0
57543,0,1404,0
57545,0,1405,0
57547,0,1402,0
57549,0,1403,0
57551,0,1407,0
57553,0,1406,0
57555,0,1403,0
57557,66987,1403,1
57559,0,1404,0
57561,0,1403,0
57563,0,1405,0
57565,0,1405,0
57567,0,1389,0
57569,0,1404,0
57571,0,1403,0
57573,0,1405,0
57575,0,1405,0
57577,0,1403,0
57579,0,1405,0
57581,0,1405,0
57583,0,1403,0
57585,0,1403,0
57587,0,1403,0
57589,0,1403,0
57591,0,1405,0
57593,0,1405,0
57595,0,1405,0
57597,66987,1404,1
57599,0,1403,0
57601,0,1405,0
57603,0,1404,0
57605,0,1405,0
57607,0,1404,0
57609,0,1403,0
57611,0,1405,0
57613,0,1405,0
57615,0,1403,0
57617,0,1404,0
57619,0,1404,0
57621,0,1390,0
57623,0,1405,0
57625,0,1404,0
57627,0,1403,0
57629,0,1405,0
57631,0,1403,0
57633,0,1405,0
57635,0,1403,0
57637,66991,1405,1
57639,0,1403,0
57641,0,1405,0
57643,0,1403,0
57645,0,1404,0
57647,0,1403,0
57649,0,1403,0
57651,0,1400,0
57653,0,1405,0
57655,0,1405,0
57657,0,1403,0
57659,0,1405,0
57661,0,1405,0
57663,0,1407,0
57665,0,1405,0
57667,0,1404,0
57669,0,1404,0
57671,0,1405,0
57673,0,1404,0
57675,0,1405,0
57677,67001,1403,1
57679,0,1404,0
57681,0,1403,0
57683,0,1402,0
57685,0,1404,0
57687,0,1405,0
57689,0,1406,0
57691,0,1402,0
57693,0,1402,0
57695,0,1403,0
57697,0,1404,0
57699,0,1405,0
57701,0,1403,0
57703,0,1403,0
57705,0,1401,0
57707,0,1407,0
57709,0,1405,0
57711,0,1405,0
57713,0,1404,0
57715,0,1417,0
57717,67001,1405,1
57719,0,1404,0
57721,0,1406,0
57723,0,1405,0
57725,0,1405,0
57727,0,1401,0
57729,0,1405,0
57731,0,1405,0
57733,0,1403,0
57735,0,1403,0
57737,0,1403,0
57739,0,1403,0
57741,0,1403,0
57743,0,1405,0
57745,0,1404,0
57747,0,1407,0
57749,0,1404,0
57751,0,1405,0
57753,0,1405,0
57755,0,1405,0
57757,67022,1401,1
57759,0,1405,0
57761,0,1405,0
57763,0,1405,0
57765,0,1405,0
57767,0,1403,0
57769,0,1405,0
57771,0,1403,0
57773,0,1405,0
57775,0,1405,0
57777,0,1405,0
57779,0,1404,0
57781,0,1404,0
57783,0,1403,0
57785,0,1404,0
57787,0,1405,0
57789,0,1405,0
57791,0,1404,0
57793,0,1407,0
57795,0,1405,0
57797,67040,1405,1
57799,0,1404,0
57801,0,1405,0
57803,0,1405,0
57805,0,1404,0
57807,0,1406,0
57809,0,1404,0
57811,0,1405,0
57813,0,1404,0
57815,0,1404,0
57817,0,1403,0
57819,0,1405,0
57821,0,1403,0
57823,0,1407,0
57825,0,1405,0
57827,0,1405,0
57829,0,1402,0
57831,0,1405,0
57833,0,1405,0
57835,0,1405,0
57837,67008,1405,1
57839,0,1407,0
57841,0,1405,0
57843,0,1405,0
57845,0,1404,0
57847,0,1405,0
57849,0,1405,0
57851,0,1403,0
57853,0,1406,0
57855,0,1405,0
57857,0,1405,0
57859,0,1405,0
57861,0,1404,0
57863,0,1405,0
57865,0,1406,0
57867,0,1407,0
57869,0,1404,0
57871,0,1403,0
57873,0,1403,0
57875,0,1407,0
57877,66984,1405,1
57879,0,1405,0
57881,0,1404,0
57883,0,1406,0
57885,0,1405,0
57887,0,1405,0
57889,0,1404,0
57891,0,1404,0
57893,0,1405,0
57895,0,1403,0
57897,0,1403,0
57899,0,1403,0
57901,0,1405,0
57903,0,1407,0
57905,0,1405,0
57907,0,1403,0
57909,0,1403,0
57911,0,1404,0
57913,0,1405,0
57915,66991,1403,1
57917,0,1405,0
57919,0,1407,0
57921,0,1404,0
57923,0,1406,0
57925,0,1405,0
57927,0,1406,0
57929,0,1405,0
57931,0,1403,0
57933,0,1407,0
57935,0,1405,0
57937,0,1406,0
57939,0,1405,0
57941,0,1405,0
57943,0,1405,0
57945,0,1405,0
57947,0,1405,0
57949,0,1405,0
57951,0,1404,0
57953,0,1404,0
57955,67001,1405,1
57957,0,1405,0
57959,0,1405,0
57961,0,1405,0
57963,0,1406,0
57965,0,1406,0
57967,0,1407,0
57969,0,1405,0
57971,0,1404,0
57973,0,1405,0
57975,0,1405,0
57977,0,1405,0
57979,0,1405,0
57981,0,1417,0
57983,0,1405,0
57985,0,1404,0
57987,0,1404,0
57989,0,1404,0
57991,0,1405,0
57993,0,1407,0
57995,67016,1407,1
57997,0,1403,0
57999,0,1406,0
58001,0,1405,0
58003,0,1405,0
58005,0,1403,0
58007,0,1406,0
58009,0,1405,0
58011,0,1403,0
58013,0,1405,0
58015,0,1405,0
58017,0,1405,0
58019,0,1403,0
58021,0,1407,0
58023,0,1407,0
58025,0,1406,0
58027,0,1407,0
58029,0,1405,0
58031,0,1404,0
58033,0,1408,0
58035,67020,1405,1
58037,0,1404,0
58039,0,1404,0
58041,0,1405,0
58043,0,1406,0
58045,0,1405,0
58047,0,1405,0
58049,0,1403,0
58051,0,1405,0
58053,0,1407,0
58055,0,1405,0
58057,0,1405,0
58059,0,1407,0
58061,0,1405,0
58063,0,1405,0
58065,0,1405,0
58067,0,1405,0
58069,0,1407,0
58071,0,1403,0
58073,0,1406,0
58075,67016,1406,1
58077,0,1407,0
58079,0,1405,0
58081,0,1405,0
58083,0,1407,0
58085,0,1405,0
58087,0,1407,0
58089,0,1407,0
58091,0,1403,0
58093,0,1405,0
58095,0,1406,0
58097,0,1406,0
58099,0,1407,0
58101,0,1405,0
58103,0,1405,0
58105,0,1407,0
58107,0,1405,0
58109,0,1405,0
58111,0,1405,0
58113,0,1405,0
58115,67020,1405,1
58117,0,1405,0
58119,0,1407,0
58121,0,1407,0
58123,0,1415,0
58125,0,1405,0
58127,0,1407,0
58129,0,1403,0
58131,0,1407,0
58133,0,1405,0
58135,0,1405,0
58137,0,1405,0
58139,0,1405,0
58141,0,1406,0
58143,0,1407,0
58145,0,1405,0
58147,0,1406,0
58149,0,1405,0
58151,0,1407,0
58153,0,1407,0
58155,67038,1407,1
58157,0,1407,0
58159,0,1405,0
58161,0,1405,0
58163,0,1407,0
58165,0,1407,0
58167,0,1405,0
58169,0,1405,0
58171,0,1406,0
58173,0,1406,0
58175,0,1407,0
58177,0,1405,0
58179,0,1407,0
58181,0,1407,0
58183,0,1405,0
58185,0,1407,0
58187,0,1406,0
58189,0,1405,0
58191,0,1405,0
58193,0,1407,0
58195,67049,1407,1
58197,0,1405,0
58199,0,1407,0
58201,0,1406,0
58203,0,1407,0
58205,0,1405,0
58207,0,1405,0
58209,0,1405,0
58211,0,1407,0
58213,0,1407,0
58215,0,1405,0
58217,0,1407,0
58219,0,1405,0
58221,0,1407,0
58223,0,1405,0
58225,0,1407,0
58227,0,1405,0
58229,0,1405,0
58231,0,1406,0
58233,0,1405,0
58235,67030,1407,1
58237,0,1405,0
58239,0,1406,0
58241,0,1407,0
58243,0,1405,0
58245,0,1405,0
58247,0,1405,0
58249,0,1406,0
58251,0,1405,0
58253,0,1407,0
58255,0,1405,0
58257,0,1407,0
58259,0,1406,0
58261,0,1405,0
58263,0,1405,0
58265,0,1407,0
58267,0,1405,0
58269,0,1405,0
58271,0,1405,0
58273,0,1405,0
58275,66983,1406,1
58277,0,1405,0
58279,0,1407,0
58281,0,1407,0
58283,0,1407,0
58285,0,1407,0
58287,0,1405,0
58289,0,1407,0
58291,0,1407,0
58293,0,1407,0
58295,0,1407,0
58297,0,1407,0
58299,0,1407,0
58301,0,1405,0
58303,0,1405,0
58305,0,1405,0
58307,0,1407,0
58309,0,1405,0
58311,0,1405,0
58313,0,1406,0
58315,67005,1407,1
58317,0,1405,0
58319,0,1405,0
58321,0,1405,0
58323,0,1407,0
58325,0,1405,0
58327,0,1405,0
58329,0,1405,0
58331,0,1407,0
58333,0,1406,0
58335,0,1407,0
58337,0,1405,0
58339,0,1405,0
58341,0,1407,0
58343,0,1407,0
58345,0,1407,0
58347,0,1405,0
58349,0,1405,0
58351,0,1408,0
58353,67020,1407,1
58355,0,1405,0
58357,0,1406,0
58359,0,1406,0
58361,0,1407,0
58363,0,1405,0
58365,0,1407,0
58367,0,1407,0
58369,0,1405,0
58371,0,1406,0
58373,0,1405,0
58375,0,1405,0
58377,0,1407,0
58379,0,1403,0
58381,0,1407,0
58383,0,1407,0
58385,0,1405,0
58387,0,1407,0
58389,0,1405,0
58391,0,1405,0
58393,67029,1407,1
58395,0,1407,0
58397,0,1407,0
58399,0,1415,0
58401,0,1407,0
58403,0,1407,0
58405,0,1407,0
58407,0,1404,0
58409,0,1405,0
58411,0,1407,0
58413,0,1407,0
58415,0,1405,0
58417,0,1405,0
58419,0,1405,0
58421,0,1406,0
58423,0,1407,0
58425,0,1407,0
58427,0,1407,0
58429,0,1407,0
58431,0,1406,0
58433,67036,1406,1
58435,0,1407,0
58437,0,1407,0
58439,0,1404,0
58441,0,1405,0
58443,0,1407,0
58445,0,1407,0
58447,0,1407,0
58449,0,1407,0
58451,0,1407,0
58453,0,1407,0
58455,0,1405,0
58457,0,1407,0
58459,0,1407,0
58461,0,1406,0
58463,0,1406,0
58465,0,1415,0
58467,0,1407,0
58469,0,1405,0
58471,0,1405,0
58473,67038,1406,1
58475,0,1407,0
58477,0,1413,0
58479,0,1405,0
58481,0,1406,0
58483,0,1407,0
58485,0,1407,0
58487,0,1405,0
58489,0,1407,0
58491,0,1407,0
58493,0,1405,0
58495,0,1407,0
58497,0,1407,0
58499,0,1407,0
58501,0,1405,0
58503,0,1407,0
58505,0,1407,0
58507,0,1404,0
58509,0,1408,0
58511,0,1407,0
58513,67038,1407,1
58515,0,1407,0
58517,0,1407,0
58519,0,1407,0
58521,0,1413,0
58523,0,1407,0
58525,0,1405,0
58527,0,1407,0
58529,0,1407,0
58531,0,1407,0
58533,0,1406,0
58535,0,1407,0
58537,0,1407,0
58539,0,1407,0
58541,0,1407,0
58543,0,1407,0
58545,0,1407,0
58547,0,1407,0
58549,0,1408,0
58551,0,1405,0
58553,67057,1407,1
58555,0,1407,0
58557,0,1407,0
58559,0,1413,0
58561,0,1407,0
58563,0,1407,0
58565,0,1408,0
58567,0,1405,0
58569,0,1407,0
58571,0,1407,0
58573,0,1407,0
58575,0,1407,0
58577,0,1406,0
58579,0,1407,0
58581,0,1407,0
58583,0,1407,0
58585,0,1407,0
58587,0,1405,0
58589,0,1407,0
58591,0,1407,0
58593,67095,1406,1
58595,0,1405,0
58597,0,1407,0
58599,0,1407,0
58601,0,1407,0
58603,0,1407,0
58605,0,1407,0
58607,0,1413,0
58609,0,1407,0
58611,0,1407,0
58613,0,1407,0
58615,0,1407,0
58617,0,1415,0
58619,0,1406,0
58621,0,1407,0
58623,0,1405,0
58625,0,1408,0
58627,0,1407,0
58629,0,1407,0
58631,0,1407,0
58633,67086,1406,1
58635,0,1404,0
58637,0,1407,0
58639,0,1405,0
58641,0,1407,0
58643,0,1407,0
58645,0,1407,0
58647,0,1406,0
58649,0,1413,0
58651,0,1406,0
58653,0,1413,0
58655,0,1407,0
58657,0,1413,0
58659,0,1398,0
58661,0,1408,0
58663,0,1407,0
58665,0,1405,0
58667,0,1407,0
58669,0,1405,0
58671,0,1407,0
58673,67034,1407,1
58675,0,1405,0
58677,0,1405,0
58679,0,1406,0
58681,0,1405,0
58683,0,1407,0
58685,0,1407,0
58687,0,1407,0
58689,0,1407,0
58691,0,1407,0
58693,0,1407,0
58695,0,1407,0
58697,0,1405,0
58699,0,1407,0
58701,0,1407,0
58703,0,1407,0
58705,0,1407,0
58707,0,1407,0
58709,0,1405,0
58711,0,1407,0
58713,67048,1407,1
58715,0,1405,0
58717,0,1407,0
58719,0,1406,0
58721,0,1407,0
58723,0,1405,0
58725,0,1413,0
58727,0,1407,0
58729,0,1407,0
58731,0,1407,0
58733,0,1407,0
58735,0,1407,0
58737,0,1407,0
58739,0,1405,0
58741,0,1405,0
58743,0,1407,0
58745,0,1406,0
58747,0,1407,0
58749,0,1407,0
58751,67073,1405,1
58753,0,1400,0
58755,0,1406,0
58757,0,1407,0
58759,0,1407,0
58761,0,1407,0
58763,0,1406,0
58765,0,1413,0
58767,0,1407,0
58769,0,1407,0
58771,0,1407,0
58773,0,1405,0
58775,0,1407,0
58777,0,1408,0
58779,0,1407,0
58781,0,1407,0
58783,0,1405,0
58785,0,1407,0
58787,0,1407,0
58789,0,1407,0
58791,67071,1405,1
58793,0,1407,0
58795,0,1406,0
58797,0,1406,0
58799,0,1404,0
58801,0,1407,0
58803,0,1405,0
58805,0,1407,0
58807,0,1407,0
58809,0,1405,0
58811,0,1406,0
58813,0,1407,0
58815,0,1407,0
58817,0,1407,0
58819,0,1407,0
58821,0,1406,0
58823,0,1407,0
58825,0,1407,0
58827,0,1407,0
58829,0,1407,0
58831,67060,1407,1
58833,0,1407,0
58835,0,1405,0
58837,0,1406,0
58839,0,1405,0
58841,0,1407,0
58843,0,1407,0
58845,0,1406,0
58847,0,1407,0
58849,0,1407,0
58851,0,1405,0
58853,0,1407,0
58855,0,1407,0
58857,0,1405,0
58859,0,1405,0
58861,0,1407,0
58864,0,1405,0
58866,0,1405,0
58868,0,1406,0
58870,0,1407,0
58872,67060,1407,1
58874,0,1405,0
58876,0,1405,0
58878,0,1403,0
58880,0,1407,0
58882,0,1406,0
58884,0,1405,0
58886,0,1405,0
58888,0,1407,0
58890,0,1405,0
58892,0,1406,0
58894,0,1407,0
58896,0,1405,0
58898,0,1406,0
58900,0,1405,0
58902,0,1407,0
58904,0,1405,0
58906,0,1407,0
58908,0,1405,0
58910,0,1415,0
58912,67067,1405,1
58914,0,1407,0
58916,0,1406,0
58918,0,1407,0
58920,0,1400,0
58922,0,1407,0
58924,0,1407,0
58926,0,1407,0
58928,0,1407,0
58930,0,1407,0
58932,0,1405,0
58934,0,1405,0
58936,0,1406,0
58938,0,1406,0
58940,0,1405,0
58942,0,1407,0
58944,0,1407,0
58946,0,1407,0
58948,0,1407,0
58950,0,1405,0
58952,67073,1405,1
58954,0,1415,0
58956,0,1405,0
58958,0,1405,0
58960,0,1407,0
58962,0,1407,0
58964,0,1407,0
58966,0,1405,0
58968,0,1407,0
58970,0,1405,0
58972,0,1413,0
58974,0,1407,0
58976,0,1393,0
58978,0,1405,0
58980,0,1407,0
58982,0,1407,0
58984,0,1407,0
58986,0,1407,0
58988,0,1405,0
58990,0,1405,0
58992,67103,1406,1
58994,0,1407,0
58996,0,1407,0
58998,0,1405,0
59000,0,1406,0
59002,0,1405,0
59004,0,1406,0
59006,0,1405,0
59008,0,1405,0
59010,0,1407,0
59012,0,1407,0
59014,0,1407,0
59016,0,1407,0
59018,0,1406,0
59020,0,1407,0
59022,0,1407,0
59024,0,1405,0
59026,0,1404,0
59028,0,1407,0
59030,0,1413,0
59032,67088,1406,1
59034,0,1407,0
59036,0,1406,0
59038,0,1405,0
59040,0,1407,0
59042,0,1407,0
59044,0,1405,0
59046,0,1405,0
59048,0,1405,0
59050,0,1407,0
59052,0,1405,0
59054,0,1407,0
59056,0,1406,0
59058,0,1405,0
59060,0,1407,0
59062,0,1406,0
59064,0,1407,0
59066,0,1407,0
59068,0,1406,0
59070,0,1405,0
59072,67044,1407,1
59074,0,1413,0
59076,0,1405,0
59078,0,1407,0
59080,0,1407,0
59082,0,1406,0
59084,0,1404,0
59086,0,1407,0
59088,0,1407,0
59090,0,1407,0
59092,0,1403,0
59094,0,1407,0
59096,0,1406,0
59098,0,1407,0
59100,0,1407,0
59102,0,1406,0
59104,0,1406,0
59106,0,1407,0
59108,0,1405,0
59110,0,1407,0
59112,67047,1406,1
59114,0,1407,0
59116,0,1413,0
59118,0,1407,0
59120,0,1408,0
59122,0,1407,0
59124,0,1405,0
59126,0,1407,0
59128,0,1405,0
59130,0,1406,0
59132,0,1405,0
59134,0,1407,0
59136,0,1405,0
59138,0,1407,0
59140,0,1406,0
59142,0,1404,0
59144,0,1404,0
59146,0,1405,0
59148,0,1406,0
59150,67072,1406,1
59152,0,1407,0
59154,0,1406,0
59156,0,1406,0
59158,0,1405,0
59160,0,1407,0
59162,0,1407,0
59164,0,1407,0
59166,0,1406,0
59168,0,1407,0
59170,0,1406,0
59172,0,1407,0
59174,0,1407,0
59176,0,1413,0
59178,0,1406,0
59180,0,1407,0
59182,0,1407,0
59184,0,1405,0
59186,0,1407,0
59188,0,1407,0
59190,67079,1407,1
59192,0,1405,0
59194,0,1406,0
59196,0,1405,0
59198,0,1407,0
59200,0,1407,0
59202,0,1407,0
59204,0,1407,0
59206,0,1406,0
59208,0,1406,0
59210,0,1406,0
59212,0,1407,0
59214,0,1405,0
59216,0,1407,0
59218,0,1406,0
59220,0,1407,0
59222,0,1407,0
59224,0,1407,0
59226,0,1405,0
59228,0,1407,0
59230,67092,1405,1
59232,0,1403,0
59234,0,1407,0
59236,0,1406,0
59238,0,1407,0
59240,0,1405,0
59242,0,1407,0
59244,0,1405,0
59246,0,1406,0
59248,0,1397,0
59250,0,1405,0
59252,0,1406,0
59254,0,1405,0
59256,0,1404,0
59258,0,1407,0
59260,0,1405,0
59262,0,1406,0
59264,0,1407,0
59266,0,1407,0
59268,0,1406,0
59270,67102,1405,1
59272,0,1406,0
59274,0,1406,0
59276,0,1407,0
59278,0,1405,0
59280,0,1406,0
59282,0,1407,0
59284,0,1405,0
59286,0,1405,0
59288,0,1405,0
59290,0,1404,0
59292,0,1407,0
59294,0,1402,0
59296,0,1407,0
59298,0,1405,0
59300,0,1395,0
59302,0,1407,0
59304,0,1413,0
59306,0,1405,0
59308,0,1405,0
59310,67117,1406,1
59312,0,1407,0
59314,0,1406,0
59316,0,1405,0
59318,0,1405,0
59320,0,1406,0
59322,0,1407,0
59324,0,1407,0
59326,0,1405,0
59328,0,1407,0
59330,0,1404,0
59332,0,1407,0
59334,0,1407,0
59336,0,1405,0
59338,0,1405,0
59340,0,1405,0
59342,0,1407,0
59344,0,1405,0
59346,0,1407,0
59348,0,1405,0
59350,67123,1407,1
59352,0,1404,0
59354,0,1405,0
59356,0,1405,0
59358,0,1405,0
59360,0,1406,0
59362,0,1406,0
59364,0,1406,0
59366,0,1407,0
59368,0,1405,0
59370,0,1405,0
59372,0,1407,0
59374,0,1404,0
59376,0,1406,0
59378,0,1405,0
59380,0,1405,0
59382,0,1405,0
59384,0,1411,0
59386,0,1406,0
59388,0,1407,0
59390,67159,1405,1
59392,0,1407,0
59394,0,1405,0
59396,0,1407,0
59398,0,1405,0
59400,0,1405,0
59402,0,1405,0
59404,0,1405,0
59406,0,1405,0
59408,0,1405,0
59410,0,1405,0
59412,0,1407,0
59414,0,1405,0
59416,0,1406,0
59418,0,1391,0
59420,0,1407,0
59422,0,1407,0
59424,0,1405,0
59426,0,1406,0
59428,0,1404,0
59430,67155,1406,1
59432,0,1406,0
59434,0,1406,0
59436,0,1407,0
59438,0,1405,0
59440,0,1407,0
59442,0,1407,0
59444,0,1407,0
59446,0,1407,0
59448,0,1406,0
59450,0,1407,0
59452,0,1407,0
59454,0,1407,0
59456,0,1407,0
59458,0,1405,0
59460,0,1405,0
59462,0,1405,0
59464,0,1407,0
59466,0,1405,0
59468,0,1407,0
59470,67108,1403,1
59472,0,1407,0
59474,0,1406,0
59476,0,1407,0
59478,0,1404,0
59480,0,1407,0
59482,0,1405,0
59484,0,1406,0
59486,0,1405,0
59488,0,1407,0
59490,0,1405,0
59492,0,1405,0
59494,0,1405,0
59496,0,1407,0
59498,0,1404,0
59500,0,1407,0
59502,0,1405,0
59504,0,1403,0
59506,0,1405,0
59508,0,1405,0
59510,67115,1405,1
59512,0,1407,0
59514,0,1401,0
59516,0,1407,0
59518,0,1406,0
59520,0,1405,0
59522,0,1405,0
59524,0,1406,0
59526,0,1405,0
59528,0,1405,0
59530,0,1405,0
59532,0,1407,0
59534,0,1403,0
59536,0,1413,0
59538,0,1405,0
59540,0,1405,0
59542,0,1405,0
59544,0,1405,0
59546,0,1407,0
59548,67133,1405,1
59550,0,1405,0
59552,0,1407,0
59554,0,1406,0
59556,0,1406,0
59558,0,1405,0
59560,0,1405,0
59562,0,1407,0
59564,0,1406,0
59566,0,1405,0
59568,0,1406,0
59570,0,1404,0
59572,0,1405,0
59574,0,1405,0
59576,0,1405,0
59578,0,1407,0
59580,0,1405,0
59582,0,1405,0
59584,0,1405,0
59586,0,1406,0
59588,67148,1406,1
59590,0,1405,0
59592,0,1407,0
59594,0,1406,0
59596,0,1405,0
59598,0,1407,0
59600,0,1405,0
59602,0,1407,0
59604,0,1407,0
59606,0,1405,0
59608,0,1407,0
59610,0,1404,0
59612,0,1403,0
59614,0,1405,0
59616,0,1407,0
59618,0,1405,0
59620,0,1406,0
59622,0,1407,0
59624,0,1404,0
59626,0,1407,0
59628,67133,1408,1
59630,0,1407,0
59632,0,1407,0
59634,0,1405,0
59636,0,1405,0
59638,0,1406,0
59640,0,1407,0
59642,0,1405,0
59644,0,1405,0
59646,0,1405,0
59648,0,1405,0
59650,0,1405,0
59652,0,1417,0
59654,0,1405,0
59656,0,1406,0
59658,0,1406,0
59660,0,1407,0
59662,0,1406,0
59664,0,1391,0
59666,0,1405,0
59668,67122,1406,1
59670,0,1406,0
59672,0,1404,0
59674,0,1406,0
59676,0,1405,0
59678,0,1404,0
59680,0,1405,0
59682,0,1405,0
59684,0,1404,0
59686,0,1403,0
59688,0,1405,0
59690,0,1405,0
59692,0,1405,0
59694,0,1405,0
59696,0,1405,0
59698,0,1406,0
59700,0,1405,0
59702,0,1405,0
59704,0,1405,0
59706,0,1405,0
59708,67130,1407,1
59710,0,1405,0
59712,0,1404,0
59714,0,1406,0
59716,0,1405,0
59718,0,1405,0
59720,0,1406,0
59722,0,1405,0
59724,0,1405,0
59726,0,1405,0
59728,0,1406,0
59730,0,1405,0
59732,0,1407,0
59734,0,1405,0
59736,0,1405,0
59738,0,1405,0
59740,0,1407,0
59742,0,1404,0
59744,0,1405,0
59746,0,1405,0
59748,67143,1405,1
59750,0,1407,0
59752,0,1404,0
59754,0,1405,0
59756,0,1404,0
59758,0,1407,0
59760,0,1405,0
59762,0,1407,0
59764,0,1407,0
59766,0,1404,0
59768,0,1404,0
59770,0,1405,0
59772,0,1405,0
59774,0,1405,0
59776,0,1407,0
59778,0,1406,0
59780,0,1403,0
59782,0,1405,0
59784,0,1406,0
59786,0,1405,0
59788,67164,1406,1
59790,0,1405,0
59792,0,1405,0
59794,0,1403,0
59796,0,1404,0
59798,0,1405,0
59800,0,1404,0
59802,0,1404,0
59804,0,1406,0
59806,0,1405,0
59808,0,1407,0
59810,0,1405,0
59812,0,1405,0
59814,0,1406,0
59816,0,1403,0
59818,0,1405,0
59820,0,1405,0
59822,0,1405,0
59824,0,1407,0
59826,0,1404,0
59828,67177,1405,1
59830,0,1406,0
59832,0,1405,0
59834,0,1407,0
59836,0,1405,0
59838,0,1404,0
59840,0,1405,0
59842,0,1405,0
59844,0,1405,0
59846,0,1405,0
59848,0,1406,0
59850,0,1405,0
59852,0,1406,0
59854,0,1406,0
59856,0,1405,0
59858,0,1405,0
59860,0,1405,0
59862,0,1405,0
59864,0,1404,0
59866,0,1407,0
59868,67132,1405,1
59870,0,1407,0
59872,0,1405,0
59874,0,1403,0
59876,0,1407,0
59878,0,1405,0
59880,0,1406,0
59882,0,1403,0
59884,0,1403,0
59886,0,1407,0
59888,0,1406,0
59890,0,1406,0
59892,0,1405,0
59894,0,1405,0
59896,0,1405,0
59898,0,1404,0
59900,0,1407,0
59902,0,1406,0
59904,0,1405,0
59906,0,1404,0
59908,67105,1407,1
59910,0,1407,0
59912,0,1405,0
59914,0,1405,0
59916,0,1405,0
59918,0,1407,0
59920,0,1405,0
59922,0,1405,0
59924,0,1405,0
59926,0,1403,0
59928,0,1405,0
59930,0,1407,0
59932,0,1404,0
59934,0,1405,0
59936,0,1404,0
59938,0,1403,0
59940,0,1405,0
59942,0,1405,0
59944,0,1405,0
59946,67141,1405,1
59948,0,1405,0
59950,0,1407,0
59952,0,1405,0
59954,0,1404,0
59956,0,1405,0
59958,0,1405,0
59960,0,1417,0
59962,0,1405,0
59964,0,1405,0
59966,0,1405,0
59968,0,1405,0
59970,0,1407,0
59972,0,1405,0
59974,0,1405,0
59976,0,1403,0
59978,0,1405,0
59980,0,1405,0
59982,0,1405,0
59984,0,1405,0
59986,67154,1404,1
59988,0,1405,0
59990,0,1405,0
59992,0,1417,0
59994,0,1405,0
59996,0,1405,0
59998,0,1403,0
60000,0,1406,0
60002,0,1404,0
60004,0,1405,0
60006,0,1405,0
60008,0,1405,0
60010,0,1405,0
60012,0,1405,0
60014,0,1403,0
60016,0,1405,0
60018,0,1405,0
60020,0,1407,0
60022,0,1405,0
60024,0,1405,0
60026,67156,1405,1
60028,0,1405,0
60030,0,1406,0
60032,0,1405,0
60034,0,1407,0
60036,0,1407,0
60038,0,1404,0
60040,0,1404,0
60042,0,1405,0
60044,0,1407,0
60046,0,1406,0
60048,0,1405,0
60050,0,1405,0
60052,0,1405,0
60054,0,1407,0
60056,0,1405,0
60058,0,1404,0
60060,0,1411,0
60062,0,1413,0
60064,0,1405,0
60066,67153,1405,1
60068,0,1405,0
60070,0,1404,0
60072,0,1406,0
60074,0,1415,0
60076,0,1405,0
60078,0,1405,0
60080,0,1405,0
60082,0,1405,0
60084,0,1405,0
60086,0,1404,0
60088,0,1405,0
60090,0,1405,0
60092,0,1404,0
60094,0,1406,0
60096,0,1404,0
60098,0,1404,0
60100,0,1405,0
60102,0,1405,0
60104,0,1405,0
60106,67145,1405,1
60108,0,1403,0
60110,0,1405,0
60112,0,1405,0
60114,0,1405,0
60116,0,1405,0
60118,0,1405,0
60120,0,1405,0
60122,0,1405,0
60124,0,1403,0
60126,0,1403,0
60128,0,1405,0
60130,0,1407,0
60132,0,1407,0
60134,0,1405,0
60136,0,1406,0
60138,0,1407,0
60140,0,1405,0
60142,0,1405,0
60144,0,1406,0
60146,67156,1405,1
60148,0,1405,0
60150,0,1407,0
60152,0,1407,0
60154,0,1405,0
60156,0,1404,0
60158,0,1405,0
60160,0,1403,0
60162,0,1405,0
60164,0,1403,0
60166,0,1403,0
60168,0,1405,0
60170,0,1406,0
60172,0,1405,0
60174,0,1405,0
60176,0,1404,0
60178,0,1405,0
60180,0,1405,0
60182,0,1405,0
60184,0,1403,0
60186,67185,1404,1
60188,0,1406,0
60190,0,1405,0
60192,0,1406,0
60194,0,1405,0
60196,0,1405,0
60198,0,1405,0
60200,0,1405,0
60202,0,1403,0
60204,0,1405,0
60206,0,1407,0
60208,0,1405,0
60210,0,1403,0
60212,0,1405,0
60214,0,1405,0
60216,0,1406,0
60218,0,1403,0
60220,0,1405,0
60222,0,1405,0
60224,0,1406,0
60226,67181,1405,1
60228,0,1403,0
60230,0,1405,0
60232,0,1405,0
60234,0,1405,0
60236,0,1405,0
60238,0,1405,0
60240,0,1405,0
60242,0,1405,0
60244,0,1405,0
60246,0,1405,0
60248,0,1405,0
60250,0,1404,0
60252,0,1404,0
60254,0,1405,0
60256,0,1404,0
60258,0,1405,0
60260,0,1405,0
60262,0,1405,0
60264,0,1404,0
60266,67123,1407,1
60268,0,1404,0
60270,0,1407,0
60272,0,1405,0
60274,0,1405,0
60276,0,1405,0
60278,0,1405,0
60280,0,1405,0
60282,0,1407,0
60284,0,1405,0
60286,0,1405,0
60288,0,1405,0
60290,0,1405,0
60292,0,1405,0
60294,0,1406,0
60296,0,1404,0
60298,0,1405,0
60300,0,1405,0
60302,0,1405,0
60304,0,1403,0
60306,67129,1407,1
60308,0,1405,0
60310,0,1415,0
60312,0,1406,0
60314,0,1406,0
60316,0,1403,0
60318,0,1405,0
60320,0,1413,0
60322,0,1400,0
60324,0,1405,0
60326,0,1406,0
60328,0,1407,0
60330,0,1405,0
60332,0,1405,0
60334,0,1403,0
60336,0,1405,0
60338,0,1406,0
60340,0,1405,0
60342,0,1405,0
60344,67166,1405,1
60346,0,1406,0
60348,0,1405,0
60350,0,1414,0
60352,0,1405,0
60354,0,1405,0
60356,0,1405,0
60358,0,1405,0
60360,0,1405,0
60362,0,1407,0
60364,0,1405,0
60366,0,1405,0
60368,0,1405,0
60370,0,1407,0
60372,0,1404,0
60374,0,1405,0
60376,0,1405,0
60378,0,1403,0
60380,0,1405,0
60382,0,1405,0
60384,67173,1405,1
60386,0,1405,0
60388,0,1407,0
60390,0,1405,0
60392,0,1405,0
60394,0,1406,0
60396,0,1405,0
60398,0,1405,0
60400,0,1405,0
60402,0,1405,0
60404,0,1403,0
60406,0,1403,0
60408,0,1405,0
60410,0,1405,0
60412,0,1405,0
60414,0,1413,0
60416,0,1405,0
60418,0,1405,0
60420,0,1405,0
60422,0,1407,0
60424,67166,1403,1
60426,0,1407,0
60428,0,1405,0
60430,0,1405,0
60432,0,1404,0
60434,0,1405,0
60436,0,1405,0
60438,0,1406,0
60440,0,1403,0
60442,0,1405,0
60444,0,1406,0
60446,0,1407,0
60448,0,1405,0
60450,0,1405,0
60452,0,1404,0
60454,0,1402,0
60456,0,1405,0
60458,0,1405,0
60460,0,1404,0
60462,0,1404,0
60464,67157,1405,1
60466,0,1407,0
60468,0,1405,0
60470,0,1406,0
60472,0,1405,0
60474,0,1405,0
60476,0,1403,0
60478,0,1405,0
60480,0,1405,0
60482,0,1404,0
60484,0,1405,0
60486,0,1405,0
60488,0,1406,0
60490,0,1405,0
60492,0,1405,0
60494,0,1405,0
60496,0,1407,0
60498,0,1406,0
60500,0,1404,0
60502,0,1403,0
60504,67156,1403,1
60506,0,1405,0
60508,0,1405,0
60510,0,1406,0
60512,0,1405,0
60514,0,1405,0
60516,0,1405,0
60518,0,1405,0
60520,0,1405,0
60522,0,1406,0
60524,0,1405,0
60526,0,1407,0
60528,0,1405,0
60530,0,1405,0
60532,0,1404,0
60534,0,1405,0
60536,0,1405,0
60538,0,1407,0
60540,0,1404,0
60542,0,1405,0
60544,67164,1404,1
60546,0,1405,0
60548,0,1415,0
60550,0,1405,0
60552,0,1405,0
60554,0,1405,0
60556,0,1405,0
60558,0,1406,0
60560,0,1404,0
60562,0,1405,0
60564,0,1405,0
60566,0,1405,0
60568,0,1405,0
60570,0,1404,0
60572,0,1405,0
60574,0,1405,0
60576,0,1405,0
60578,0,1405,0
60580,0,1405,0
60582,0,1405,0
60584,67176,1406,1
60586,0,1405,0
60588,0,1405,0
60590,0,1405,0
60592,0,1404,0
60594,0,1406,0
60596,0,1405,0
60598,0,1404,0
60600,0,1405,0
60602,0,1416,0
60604,0,1403,0
60606,0,1406,0
60608,0,1405,0
60610,0,1405,0
60612,0,1405,0
60614,0,1405,0
60616,0,1403,0
60618,0,1405,0
60620,0,1405,0
60622,0,1405,0
60624,67187,1405,1
60626,0,1407,0
60628,0,1405,0
60630,0,1405,0
60632,0,1405,0
60634,0,1413,0
60636,0,1405,0
60638,0,1405,0
60640,0,1405,0
60642,0,1406,0
60644,0,1405,0
60646,0,1405,0
60648,0,1404,0
60650,0,1406,0
60652,0,1405,0
60654,0,1404,0
60656,0,1405,0
60658,0,1405,0
60660,0,1407,0
60662,0,1405,0
60664,67138,1405,1
60666,0,1404,0
60668,0,1405,0
60670,0,1405,0
60672,0,1405,0
60674,0,1403,0
60676,0,1405,0
60678,0,1405,0
60680,0,1406,0
60682,0,1405,0
60684,0,1405,0
60686,0,1405,0
60688,0,1405,0
60690,0,1405,0
60692,0,1405,0
60694,0,1405,0
60696,0,1405,0
60698,0,1405,0
60700,0,1405,0
60702,0,1407,0
60704,67139,1405,1
60706,0,1405,0
60708,0,1405,0
60710,0,1405,0
60712,0,1404,0
60714,0,1405,0
60716,0,1405,0
60718,0,1406,0
60720,0,1405,0
60722,0,1403,0
60724,0,1405,0
60726,0,1405,0
60728,0,1403,0
60730,0,1405,0
60732,0,1405,0
60734,0,1403,0
60737,0,1405,0
60739,0,1405,0
60741,0,1405,0
60743,67142,1405,1
60745,0,1404,0
60747,0,1407,0
60749,0,1407,0
60751,0,1406,0
60753,0,1405,0
60755,0,1405,0
60757,0,1405,0
60759,0,1406,0
60761,0,1405,0
60763,0,1405,0
60765,0,1401,0
60767,0,1403,0
60769,0,1405,0
60771,0,1407,0
60773,0,1405,0
60775,0,1405,0
60777,0,1405,0
60779,0,1405,0
60781,0,1407,0
60783,67160,1405,1
60785,0,1407,0
60787,0,1405,0
60789,0,1407,0
60791,0,1405,0
60793,0,1405,0
60795,0,1407,0
60797,0,1405,0
60799,0,1405,0
60801,0,1405,0
60803,0,1405,0
60805,0,1405,0
60807,0,1406,0
60809,0,1403,0
60811,0,1403,0
60813,0,1403,0
60815,0,1405,0
60817,0,1405,0
60819,0,1406,0
60821,0,1407,0
60823,67160,1405,1
60825,0,1403,0
60827,0,1407,0
60829,0,1406,0
60831,0,1405,0
60833,0,1407,0
60835,0,1406,0
60837,0,1405,0
60839,0,1406,0
60841,0,1403,0
60843,0,1405,0
60845,0,1405,0
60847,0,1405,0
60849,0,1405,0
60851,0,1403,0
60853,0,1405,0
60855,0,1419,0
60857,0,1405,0
60859,0,1403,0
60861,0,1406,0
60863,67159,1403,1
60865,0,1405,0
60867,0,1406,0
60869,0,1405,0
60871,0,1406,0
60873,0,1405,0
60875,0,1413,0
60877,0,1407,0
60879,0,1405,0
60881,0,1403,0
60883,0,1407,0
60885,0,1405,0
60887,0,1405,0
60889,0,1404,0
60891,0,1405,0
60893,0,1405,0
60895,0,1403,0
60897,0,1405,0
60899,0,1405,0
60901,0,1405,0
60903,67170,1405,1
60905,0,1405,0
60907,0,1405,0
60909,0,1403,0
60911,0,1404,0
60913,0,1406,0
60915,0,1405,0
60917,0,1403,0
60919,0,1406,0
60921,0,1405,0
60923,0,1405,0
60925,0,1405,0
60927,0,1405,0
60929,0,1405,0
60931,0,1404,0
60933,0,1403,0
60935,0,1406,0
60937,0,1407,0
60939,0,1405,0
60941,0,1404,0
60943,67176,1403,1
60945,0,1403,0
60947,0,1405,0
60949,0,1405,0
60951,0,1405,0
60953,0,1405,0
60955,0,1405,0
60957,0,1405,0
60959,0,1405,0
60961,0,1405,0
60963,0,1405,0
60965,0,1405,0
60967,0,1405,0
60969,0,1405,0
60971,0,1404,0
60973,0,1404,0
60975,0,1404,0
60977,0,1405,0
60979,0,1406,0
60981,0,1405,0
60983,67199,1406,1
60985,0,1407,0
60987,0,1405,0
60989,0,1405,0
60991,0,1405,0
60993,0,1405,0
60995,0,1405,0
60997,0,1405,0
60999,0,1405,0
61001,0,1405,0
61003,0,1405,0
61005,0,1407,0
61007,0,1405,0
61009,0,1405,0
61011,0,1405,0
61013,0,1405,0
61015,0,1406,0
61017,0,1405,0
61019,0,1405,0
61021,0,1405,0
61023,67207,1405,1
61025,0,1405,0
61027,0,1406,0
61029,0,1421,0
61031,0,1405,0
61033,0,1405,0
61035,0,1405,0
61037,0,1405,0
61039,0,1405,0
61041,0,1405,0
61043,0,1407,0
61045,0,1404,0
61047,0,1406,0
61049,0,1405,0
61051,0,1405,0
61053,0,1407,0
61055,0,1407,0
61057,0,1404,0
61059,0,1405,0
61061,0,1404,0
61063,67168,1405,1
61065,0,1405,0
61067,0,1406,0
61069,0,1405,0
61071,0,1407,0
61073,0,1405,0
61075,0,1405,0
61077,0,1405,0
61079,0,1415,0
61081,0,1405,0
61083,0,1407,0
61085,0,1407,0
61087,0,1405,0
61089,0,1405,0
61091,0,1407,0
61093,0,1407,0
61095,0,1407,0
61097,0,1405,0
61099,0,1406,0
61101,0,1405,0
61103,67150,1404,1
61105,0,1405,0
61107,0,1405,0
61109,0,1406,0
61111,0,1407,0
61113,0,1406,0
61115,0,1405,0
61117,0,1407,0
61119,0,1405,0
61121,0,1405,0
61123,0,1405,0
61125,0,1405,0
61127,0,1405,0
61129,0,1404,0
61131,0,1405,0
61133,0,1415,0
61135,0,1405,0
61137,0,1407,0
61139,0,1405,0
61141,67162,1405,1
61143,0,1407,0
61145,0,1405,0
61147,0,1404,0
61149,0,1406,0
61151,0,1405,0
61153,0,1406,0
61155,0,1404,0
61157,0,1407,0
61159,0,1405,0
61161,0,1404,0
61163,0,1404,0
61165,0,1405,0
61167,0,1405,0
61169,0,1407,0
61171,0,1405,0
61173,0,1405,0
61175,0,1405,0
61177,0,1407,0
61179,0,1407,0
61181,67166,1407,1
61183,0,1405,0
61185,0,1407,0
61187,0,1405,0
61189,0,1402,0
61191,0,1404,0
61193,0,1406,0
61195,0,1407,0
61197,0,1407,0
61199,0,1405,0
61201,0,1405,0
61203,0,1405,0
61205,0,1405,0
61207,0,1405,0
61209,0,1405,0
61211,0,1405,0
61213,0,1407,0
61215,0,1405,0
61217,0,1406,0
61219,0,1406,0
61221,67177,1407,1
61223,0,1405,0
61225,0,1404,0
61227,0,1406,0
61229,0,1405,0
61231,0,1415,0
61233,0,1405,0
61235,0,1406,0
61237,0,1405,0
61239,0,1407,0
61241,0,1405,0
61243,0,1405,0
61245,0,1405,0
61247,0,1405,0
61249,0,1406,0
61251,0,1405,0
61253,0,1407,0
61255,0,1405,0
61257,0,1405,0
61259,0,1404,0
61261,67171,1405,1
61263,0,1405,0
61265,0,1415,0
61267,0,1404,0
61269,0,1405,0
61271,0,1406,0
61273,0,1404,0
61275,0,1417,0
61277,0,1405,0
61279,0,1407,0
61281,0,1405,0
61283,0,1407,0
61285,0,1405,0
61287,0,1405,0
61289,0,1405,0
61291,0,1407,0
61293,0,1407,0
61295,0,1405,0
61297,0,1406,0
61299,0,1404,0
61301,67169,1405,1
61303,0,1406,0
61305,0,1407,0
61307,0,1407,0
61309,0,1405,0
61311,0,1405,0
61313,0,1405,0
61315,0,1404,0
61317,0,1405,0
61319,0,1405,0
61321,0,1406,0
61323,0,1403,0
61325,0,1407,0
61327,0,1407,0
61329,0,1407,0
61331,0,1405,0
61333,0,1404,0
61335,0,1407,0
61337,0,1404,0
61339,0,1405,0
61341,67167,1407,1
61343,0,1407,0
61345,0,1405,0
61347,0,1407,0
61349,0,1405,0
61351,0,1407,0
61353,0,1406,0
61355,0,1404,0
61357,0,1407,0
61359,0,1405,0
61361,0,1405,0
61363,0,1405,0
61365,0,1405,0
61367,0,1406,0
61369,0,1407,0
61371,0,1407,0
61373,0,1405,0
61375,0,1407,0
61377,0,1407,0
61379,0,1405,0
61381,67191,1415,1
61383,0,1405,0
61385,0,1405,0
61387,0,1404,0
61389,0,1406,0
61391,0,1406,0
61393,0,1405,0
61395,0,1407,0
61397,0,1405,0
61399,0,1406,0
61401,0,1405,0
61403,0,1405,0
61405,0,1407,0
61407,0,1405,0
61409,0,1405,0
61411,0,1406,0
61413,0,1406,0
61415,0,1406,0
61417,0,1407,0
61419,0,1405,0
61421,67195,1405,1
61423,0,1404,0
61425,0,1406,0
61427,0,1405,0
61429,0,1405,0
61431,0,1405,0
61433,0,1405,0
61435,0,1405,0
61437,0,1405,0
61439,0,1404,0
61441,0,1405,0
61443,0,1416,0
61445,0,1404,0
61447,0,1405,0
61449,0,1405,0
61451,0,1407,0
61453,0,1406,0
61455,0,1405,0
61457,0,1407,0
61459,0,1407,0
61461,67173,1405,1
61463,0,1402,0
61465,0,1406,0
61467,0,1407,0
61469,0,1405,0
61471,0,1405,0
61473,0,1407,0
61475,0,1405,0
61477,0,1405,0
61479,0,1405,0
61481,0,1405,0
61483,0,1405,0
61485,0,1407,0
61487,0,1403,0
61489,0,1407,0
61491,0,1405,0
61493,0,1406,0
61495,0,1404,0
61497,0,1407,0
61499,0,1407,0
61501,67143,1406,1
61503,0,1405,0
61505,0,1405,0
61507,0,1404,0
61509,0,1407,0
61511,0,1405,0
61513,0,1406,0
61515,0,1407,0
61517,0,1407,0
61519,0,1405,0
61521,0,1405,0
61523,0,1407,0
61525,0,1405,0
61527,0,1405,0
61529,0,1405,0
61531,0,1405,0
61533,0,1405,0
61535,0,1405,0
61537,0,1405,0
61539,67166,1405,1
61541,0,1415,0
61543,0,1406,0
61545,0,1406,0
61547,0,1405,0
61549,0,1405,0
61551,0,1407,0
61553,0,1405,0
61555,0,1407,0
61557,0,1405,0
61559,0,1405,0
61561,0,1405,0
61563,0,1413,0
61565,0,1405,0
61567,0,1403,0
61569,0,1405,0
61571,0,1404,0
61573,0,1405,0
61575,0,1405,0
61577,0,1407,0
61579,67184,1407,1
61581,0,1406,0
61583,0,1402,0
61585,0,1404,0
61587,0,1407,0
61589,0,1405,0
61591,0,1404,0
61593,0,1405,0
61595,0,1405,0
61597,0,1405,0
61599,0,1405,0
61601,0,1405,0
61603,0,1406,0
61605,0,1407,0
61607,0,1405,0
61609,0,1405,0
61611,0,1407,0
61613,0,1406,0
61615,0,1405,0
61617,0,1407,0
61619,67177,1407,1
61621,0,1407,0
61623,0,1403,0
61625,0,1404,0
61627,0,1407,0
61629,0,1404,0
61631,0,1405,0
61633,0,1405,0
61635,0,1405,0
61637,0,1407,0
61639,0,1407,0
61641,0,1407,0
61643,0,1407,0
61645,0,1406,0
61647,0,1406,0
61649,0,1405,0
61651,0,1405,0
61653,0,1406,0
61655,0,1405,0
61657,0,1407,0
61659,67179,1405,1
61661,0,1407,0
61663,0,1405,0
61665,0,1405,0
61667,0,1405,0
61669,0,1405,0
61671,0,1407,0
61673,0,1404,0
61675,0,1407,0
61677,0,1405,0
61679,0,1405,0
61681,0,1403,0
61683,0,1407,0
61685,0,1407,0
61687,0,1407,0
61689,0,1405,0
61691,0,1407,0
61693,0,1407,0
61695,0,1405,0
61697,0,1404,0
61699,67185,1407,1
61701,0,1404,0
61703,0,1405,0
61705,0,1406,0
61707,0,1407,0
61709,0,1406,0
61711,0,1406,0
61713,0,1415,0
61715,0,1407,0
61717,0,1405,0
61719,0,1405,0
61721,0,1406,0
61723,0,1405,0
61725,0,1405,0
61727,0,1407,0
61729,0,1404,0
61731,0,1407,0
61733,0,1407,0
61735,0,1403,0
61737,0,1405,0
61739,67200,1405,1
61741,0,1407,0
61743,0,1407,0
61745,0,1407,0
61747,0,1406,0
61749,0,1405,0
61751,0,1407,0
61753,0,1405,0
61755,0,1407,0
61757,0,1404,0
61759,0,1404,0
61761,0,1407,0
61763,0,1407,0
61765,0,1405,0
61767,0,1407,0
61769,0,1405,0
61771,0,1407,0
61773,0,1405,0
61775,0,1405,0
61777,0,1405,0
61779,67197,1405,1
61781,0,1405,0
61783,0,1405,0
61785,0,1405,0
61787,0,1407,0
61789,0,1403,0
61791,0,1407,0
61793,0,1407,0
61795,0,1405,0
61797,0,1405,0
61799,0,1407,0
61801,0,1405,0
61803,0,1407,0
61805,0,1391,0
61807,0,1405,0
61809,0,1407,0
61811,0,1405,0
61813,0,1406,0
61815,0,1405,0
61817,0,1406,0
61819,67206,1405,1
61821,0,1407,0
61823,0,1407,0
61825,0,1407,0
61827,0,1405,0
61829,0,1406,0
61831,0,1406,0
61833,0,1405,0
61835,0,1405,0
61837,0,1407,0
61839,0,1405,0
61841,0,1407,0
61843,0,1404,0
61845,0,1405,0
61847,0,1404,0
61849,0,1407,0
61851,0,1406,0
61853,0,1405,0
61855,0,1415,0
61857,0,1406,0
61859,67178,1405,1
61861,0,1407,0
61863,0,1407,0
61865,0,1405,0
61867,0,1407,0
61869,0,1405,0
61871,0,1407,0
61873,0,1407,0
61875,0,1407,0
61877,0,1407,0
61879,0,1407,0
61881,0,1405,0
61883,0,1407,0
61885,0,1406,0
61887,0,1407,0
61889,0,1405,0
61891,0,1405,0
61893,0,1407,0
61895,0,1405,0
61897,0,1407,0
61899,67161,1407,1
61901,0,1405,0
61903,0,1406,0
61905,0,1405,0
61907,0,1405,0
61909,0,1407,0
61911,0,1407,0
61913,0,1406,0
61915,0,1406,0
61917,0,1405,0
61919,0,1407,0
61921,0,1405,0
61923,0,1405,0
61925,0,1405,0
61927,0,1407,0
61929,0,1406,0
61931,0,1407,0
61933,0,1405,0
61935,0,1405,0
61937,67183,1405,1
61939,0,1406,0
61941,0,1407,0
61943,0,1407,0
61945,0,1407,0
61947,0,1406,0
61949,0,1407,0
61951,0,1405,0
61953,0,1406,0
61955,0,1407,0
61957,0,1407,0
61959,0,1405,0
61961,0,1407,0
61963,0,1407,0
61965,0,1407,0
61967,0,1407,0
61969,0,1407,0
61971,0,1407,0
61973,0,1405,0
61975,0,1407,0
61977,67198,1405,1
61979,0,1407,0
61981,0,1406,0
61983,0,1407,0
61985,0,1407,0
61987,0,1405,0
61989,0,1406,0
61991,0,1407,0
61993,0,1407,0
61995,0,1407,0
61997,0,1407,0
61999,0,1407,0
62001,0,1407,0
62003,0,1407,0
62005,0,1413,0
62007,0,1407,0
62009,0,1405,0
62011,0,1407,0
62013,0,1406,0
62015,0,1407,0
62017,67204,1404,1
62019,0,1406,0
62021,0,1407,0
62023,0,1406,0
62025,0,1405,0
62027,0,1406,0
62029,0,1405,0
62031,0,1407,0
62033,0,1407,0
62035,0,1406,0
62037,0,1406,0
62039,0,1413,0
62041,0,1407,0
62043,0,1407,0
62045,0,1407,0
62047,0,1405,0
62049,0,1407,0
62051,0,1405,0
62053,0,1407,0
62055,0,1405,0
62057,67195,1407,1
62059,0,1413,0
62061,0,1405,0
62063,0,1405,0
62065,0,1405,0
62067,0,1406,0
62069,0,1407,0
62071,0,1405,0
62073,0,1407,0
62075,0,1405,0
62077,0,1405,0
62079,0,1407,0
62081,0,1406,0
62083,0,1407,0
62085,0,1407,0
62087,0,1405,0
62089,0,1403,0
62091,0,1407,0
62093,0,1407,0
62095,0,1406,0
62097,67187,1407,1
62099,0,1407,0
62101,0,1407,0
62103,0,1407,0
62105,0,1405,0
62107,0,1407,0
62109,0,1405,0
62111,0,1406,0
62113,0,1403,0
62115,0,1405,0
62117,0,1407,0
62119,0,1405,0
62121,0,1406,0
62123,0,1405,0
62125,0,1407,0
62127,0,1405,0
62129,0,1405,0
62131,0,1406,0
62133,0,1406,0
62135,0,1406,0
62137,67196,1407,1
62139,0,1406,0
62141,0,1405,0
62143,0,1407,0
62145,0,1406,0
62147,0,1407,0
62149,0,1406,0
62151,0,1407,0
62153,0,1407,0
62155,0,1407,0
62157,0,1407,0
62159,0,1407,0
62161,0,1405,0
62163,0,1407,0
62165,0,1405,0
62167,0,1407,0
62169,0,1406,0
62171,0,1405,0
62173,0,1407,0
62175,0,1407,0
62177,67198,1406,1
62179,0,1407,0
62181,0,1407,0
62183,0,1407,0
62185,0,1406,0
62187,0,1405,0
62189,0,1412,0
62191,0,1414,0
62193,0,1407,0
62195,0,1406,0
62197,0,1407,0
62199,0,1405,0
62201,0,1397,0
62203,0,1407,0
62205,0,1407,0
62207,0,1407,0
62209,0,1407,0
62211,0,1405,0
62213,0,1417,0
62215,0,1405,0
62217,67221,1407,1
62219,0,1405,0
62221,0,1413,0
62223,0,1405,0
62225,0,1406,0
62227,0,1407,0
62229,0,1406,0
62231,0,1406,0
62233,0,1405,0
62235,0,1405,0
62237,0,1405,0
62239,0,1405,0
62241,0,1405,0
62243,0,1415,0
62245,0,1398,0
62247,0,1406,0
62249,0,1407,0
62251,0,1412,0
62253,0,1407,0
62255,0,1405,0
62257,67212,1407,1
62259,0,1413,0
62261,0,1407,0
62263,0,1416,0
62265,0,1414,0
62267,0,1405,0
62269,0,1405,0
62271,0,1406,0
62273,0,1407,0
62275,0,1406,0
62277,0,1405,0
62279,0,1407,0
62281,0,1407,0
62283,0,1407,0
62285,0,1405,0
62287,0,1407,0
62289,0,1407,0
62291,0,1407,0
62293,0,1405,0
62295,0,1414,0
62297,67173,1407,1
62299,0,1407,0
62301,0,1407,0
62303,0,1405,0
62305,0,1406,0
62307,0,1407,0
62309,0,1406,0
62311,0,1407,0
62313,0,1407,0
62315,0,1407,0
62317,0,1405,0
62319,0,1413,0
62321,0,1407,0
62323,0,1406,0
62325,0,1407,0
62327,0,1407,0
62329,0,1407,0
62331,0,1405,0
62333,0,1407,0
62335,0,1405,0
62337,67192,1407,1
62339,0,1405,0
62341,0,1407,0
62343,0,1406,0
62345,0,1405,0
62347,0,1407,0
62349,0,1402,0
62351,0,1406,0
62353,0,1407,0
62355,0,1407,0
62357,0,1406,0
62359,0,1405,0
62361,0,1407,0
62363,0,1405,0
62365,0,1407,0
62367,0,1407,0
62369,0,1408,0
62371,0,1407,0
62373,0,1407,0
62375,67214,1407,1
62377,0,1407,0
62379,0,1404,0
62381,0,1405,0
62383,0,1407,0
62385,0,1407,0
62387,0,1406,0
62389,0,1406,0
62391,0,1407,0
62393,0,1405,0
62395,0,1407,0
62397,0,1406,0
62399,0,1407,0
62401,0,1405,0
62403,0,1405,0
62405,0,1407,0
62407,0,1407,0
62409,0,1407,0
62411,0,1407,0
62413,0,1407,0
62415,67224,1407,1
62417,0,1405,0
62419,0,1405,0
62421,0,1407,0
62423,0,1404,0
62425,0,1413,0
62427,0,1405,0
62429,0,1407,0
62431,0,1407,0
62433,0,1407,0
62435,0,1405,0
62437,0,1407,0
62439,0,1407,0
62441,0,1413,0
62443,0,1405,0
62445,0,1405,0
62447,0,1406,0
62449,0,1407,0
62451,0,1407,0
62453,0,1407,0
62455,67220,1407,1
62457,0,1414,0
62459,0,1407,0
62461,0,1407,0
62463,0,1407,0
62465,0,1413,0
62467,0,1413,0
62469,0,1407,0
62471,0,1407,0
62473,0,1407,0
62475,0,1405,0
62477,0,1407,0
62479,0,1407,0
62481,0,1407,0
62483,0,1412,0
62485,0,1412,0
62487,0,1407,0
62489,0,1407,0
62491,0,1407,0
62493,0,1407,0
62495,67238,1407,1
62497,0,1417,0
62499,0,1407,0
62501,0,1407,0
62503,0,1406,0
62505,0,1408,0
62507,0,1407,0
62509,0,1407,0
62511,0,1408,0
62513,0,1407,0
62515,0,1407,0
62517,0,1406,0
62519,0,1407,0
62521,0,1419,0
62523,0,1403,0
62525,0,1406,0
62527,0,1408,0
62529,0,1413,0
62531,0,1407,0
62533,0,1401,0
62535,67243,1407,1
62537,0,1407,0
62539,0,1407,0
62541,0,1405,0
62543,0,1412,0
62545,0,1406,0
62547,0,1407,0
62549,0,1407,0
62551,0,1407,0
62553,0,1407,0
62555,0,1405,0
62557,0,1407,0
62559,0,1408,0
62561,0,1405,0
62563,0,1407,0
62565,0,1415,0
62567,0,1407,0
62569,0,1407,0
62571,0,1407,0
62573,0,1405,0
62575,67246,1407,1
62577,0,1407,0
62579,0,1407,0
62581,0,1407,0
62583,0,1407,0
62585,0,1406,0
62587,0,1406,0
62589,0,1407,0
62591,0,1407,0
62593,0,1406,0
62595,0,1407,0
62597,0,1406,0
62599,0,1407,0
62601,0,1405,0
62603,0,1405,0
62605,0,1407,0
62608,0,1407,0
62610,0,1415,0
62612,0,1407,0
62614,0,1406,0
62616,67275,1413,1
62618,0,1407,0
62620,0,1412,0
62622,0,1407,0
62624,0,1407,0
62626,0,1407,0
62628,0,1407,0
62630,0,1404,0
62632,0,1403,0
62634,0,1407,0
62636,0,1407,0
62638,0,1407,0
62640,0,1405,0
62642,0,1411,0
62644,0,1407,0
62646,0,1407,0
62648,0,1407,0
62650,0,1407,0
62652,0,1406,0
62654,0,1413,0
62656,67256,1407,1
62658,0,1414,0
62660,0,1407,0
62662,0,1405,0
62664,0,1407,0
62666,0,1407,0
62668,0,1407,0
62670,0,1413,0
62672,0,1413,0
62674,0,1407,0
62676,0,1405,0
62678,0,1407,0
62680,0,1407,0
62682,0,1407,0
62684,0,1407,0
62686,0,1408,0
62688,0,1407,0
62690,0,1405,0
62692,0,1413,0
62694,0,1407,0
62696,67200,1407,1
62698,0,1407,0
62700,0,1413,0
62702,0,1407,0
62704,0,1407,0
62706,0,1413,0
62708,0,1407,0
62710,0,1407,0
62712,0,1407,0
62714,0,1407,0
62716,0,1407,0
62718,0,1407,0
62720,0,1407,0
62722,0,1406,0
62724,0,1413,0
62726,0,1407,0
62728,0,1406,0
62730,0,1406,0
62732,0,1407,0
62734,0,1407,0
62736,67218,1407,1
62738,0,1407,0
62740,0,1407,0
62742,0,1407,0
62744,0,1407,0
62746,0,1407,0
62748,0,1407,0
62750,0,1408,0
62752,0,1407,0
62754,0,1408,0
62756,0,1407,0
62758,0,1407,0
62760,0,1407,0
62762,0,1406,0
62764,0,1407,0
62766,0,1407,0
62768,0,1407,0
62770,0,1407,0
62772,0,1408,0
62774,67252,1407,1
62776,0,1419,0
62778,0,1406,0
62780,0,1407,0
62782,0,1407,0
62784,0,1406,0
62786,0,1414,0
62788,0,1407,0
62790,0,1407,0
62792,0,1406,0
62794,0,1407,0
62796,0,1406,0
62798,0,1405,0
62800,0,1407,0
62802,0,1407,0
62804,0,1405,0
62806,0,1408,0
62808,0,1408,0
62810,0,1407,0
62812,0,1407,0
62814,67256,1407,1
62816,0,1407,0
62818,0,1407,0
62820,0,1405,0
62822,0,1407,0
62824,0,1406,0
62826,0,1407,0
62828,0,1407,0
62830,0,1413,0
62832,0,1407,0
62834,0,1407,0
62836,0,1407,0
62838,0,1405,0
62840,0,1406,0
62842,0,1407,0
62844,0,1407,0
62846,0,1407,0
62848,0,1413,0
62850,0,1407,0
62852,0,1415,0
62854,67252,1407,1
62856,0,1407,0
62858,0,1407,0
62860,0,1407,0
62862,0,1407,0
62864,0,1407,0
62866,0,1407,0
62868,0,1407,0
62870,0,1413,0
62872,0,1407,0
62874,0,1416,0
62876,0,1407,0
62878,0,1407,0
62880,0,1407,0
62882,0,1407,0
62884,0,1408,0
62886,0,1407,0
62888,0,1406,0
62890,0,1413,0
62892,0,1408,0
62894,67260,1413,1
62896,0,1407,0
62898,0,1407,0
62900,0,1407,0
62902,0,1407,0
62904,0,1406,0
62906,0,1407,0
62908,0,1407,0
62910,0,1407,0
62912,0,1413,0
62914,0,1413,0
62916,0,1413,0
62918,0,1407,0
62920,0,1407,0
62922,0,1407,0
62924,0,1416,0
62926,0,1406,0
62928,0,1408,0
62930,0,1413,0
62932,0,1407,0
62934,67253,1406,1
62936,0,1413,0
62938,0,1407,0
62940,0,1407,0
62942,0,1407,0
62944,0,1406,0
62946,0,1413,0
62948,0,1407,0
62950,0,1407,0
62952,0,1406,0
62954,0,1407,0
62956,0,1413,0
62958,0,1407,0
62960,0,1407,0
62962,0,1405,0
62964,0,1407,0
62966,0,1403,0
62968,0,1407,0
62970,0,1407,0
62972,0,1413,0
62974,67258,1407,1
62976,0,1408,0
62978,0,1407,0
62980,0,1404,0
62982,0,1405,0
62984,0,1407,0
62986,0,1407,0
62988,0,1405,0
62990,0,1407,0
62992,0,1406,0
62994,0,1407,0
62996,0,1405,0
62998,0,1406,0
63000,0,1407,0
63002,0,1404,0
63004,0,1406,0
63006,0,1407,0
63008,0,1407,0
63010,0,1413,0
63012,0,1402,0
63014,67275,1407,1
63016,0,1407,0
63018,0,1407,0
63020,0,1406,0
63022,0,1408,0
63024,0,1405,0
63026,0,1407,0
63028,0,1408,0
63030,0,1407,0
63032,0,1406,0
63034,0,1416,0
63036,0,1407,0
63038,0,1413,0
63040,0,1407,0
63042,0,1407,0
63044,0,1413,0
63046,0,1414,0
63048,0,1413,0
63050,0,1407,0
63052,0,1405,0
63054,67281,1411,1
63056,0,1407,0
63058,0,1407,0
63060,0,1407,0
63062,0,1407,0
63064,0,1405,0
63066,0,1407,0
63068,0,1407,0
63070,0,1406,0
63072,0,1407,0
63074,0,1407,0
63076,0,1407,0
63078,0,1407,0
63080,0,1407,0
63082,0,1407,0
63084,0,1406,0
63086,0,1405,0
63088,0,1415,0
63090,0,1407,0
63092,0,1407,0
63094,67246,1407,1
63096,0,1405,0
63098,0,1405,0
63100,0,1405,0
63102,0,1407,0
63104,0,1407,0
63106,0,1407,0
63108,0,1406,0
63110,0,1411,0
63112,0,1405,0
63114,0,1413,0
63116,0,1413,0
63118,0,1407,0
63120,0,1407,0
63122,0,1406,0
63124,0,1407,0
63126,0,1407,0
63128,0,1413,0
63130,0,1407,0
63132,0,1407,0
63134,67244,1396,1
63136,0,1405,0
63138,0,1405,0
63140,0,1407,0
63142,0,1407,0
63144,0,1407,0
63146,0,1408,0
63148,0,1405,0
63150,0,1405,0
63152,0,1407,0
63154,0,1407,0
63156,0,1405,0
63158,0,1414,0
63160,0,1407,0
63162,0,1407,0
63164,0,1404,0
63166,0,1413,0
63168,0,1408,0
63170,0,1405,0
63172,67277,1407,1
63174,0,1407,0
63176,0,1405,0
63178,0,1407,0
63180,0,1447,0
63182,0,1407,0
63184,0,1407,0
63186,0,1406,0
63188,0,1406,0
63190,0,1413,0
63192,0,1407,0
63194,0,1407,0
63196,0,1407,0
63198,0,1407,0
63200,0,1407,0
63202,0,1407,0
63204,0,1412,0
63206,0,1405,0
63208,0,1402,0
63210,0,1407,0
63212,67279,1407,1
63214,0,1407,0
63216,0,1408,0
63218,0,1407,0
63220,0,1407,0
63222,0,1407,0
63224,0,1407,0
63226,0,1407,0
63228,0,1406,0
63230,0,1406,0
63232,0,1407,0
63234,0,1407,0
63236,0,1407,0
63238,0,1397,0
63240,0,1405,0
63242,0,1405,0
63244,0,1407,0
63246,0,1406,0
63248,0,1407,0
63250,0,1407,0
63252,67277,1406,1
63254,0,1407,0
63256,0,1405,0
63258,0,1407,0
63260,0,1406,0
63262,0,1407,0
63264,0,1407,0
63266,0,1405,0
63268,0,1427,0
63270,0,1408,0
63272,0,1407,0
63274,0,1407,0
63276,0,1406,0
63278,0,1408,0
63280,0,1407,0
63282,0,1406,0
63284,0,1405,0
63286,0,1406,0
63288,0,1403,0
63290,0,1407,0
63292,67277,1407,1
63294,0,1407,0
63296,0,1413,0
63298,0,1407,0
63300,0,1407,0
63302,0,1407,0
63304,0,1407,0
63306,0,1406,0
63308,0,1407,0
63310,0,1405,0
63312,0,1407,0
63314,0,1406,0
63316,0,1407,0
63318,0,1405,0
63320,0,1413,0
63322,0,1413,0
63324,0,1407,0
63326,0,1407,0
63328,0,1406,0
63330,0,1405,0
63332,67278,1407,1
63334,0,1407,0
63336,0,1407,0
63338,0,1407,0
63340,0,1406,0
63342,0,1408,0
63344,0,1405,0
63346,0,1407,0
63348,0,1407,0
63350,0,1407,0
63352,0,1401,0
63354,0,1406,0
63356,0,1407,0
63358,0,1407,0
63360,0,1407,0
63362,0,1407,0
63364,0,1412,0
63366,0,1407,0
63368,0,1413,0
63370,0,1407,0
63372,67281,1407,1
63374,0,1407,0
63376,0,1407,0
63378,0,1407,0
63380,0,1407,0
63382,0,1407,0
63384,0,1405,0
63386,0,1407,0
63388,0,1407,0
63390,0,1407,0
63392,0,1407,0
63394,0,1407,0
63396,0,1406,0
63398,0,1406,0
63400,0,1407,0
63402,0,1407,0
63404,0,1407,0
63406,0,1406,0
63408,0,1405,0
63410,0,1407,0
63412,67301,1413,1
63414,0,1405,0
63416,0,1407,0
63418,0,1413,0
63420,0,1405,0
63422,0,1406,0
63424,0,1407,0
63426,0,1406,0
63428,0,1407,0
63430,0,1406,0
63432,0,1406,0
63434,0,1407,0
63436,0,1406,0
63438,0,1407,0
63440,0,1407,0
63442,0,1407,0
63444,0,1407,0
63446,0,1403,0
63448,0,1405,0
63450,0,1406,0
63452,67320,1408,1
63454,0,1405,0
63456,0,1407,0
63458,0,1414,0
63460,0,1407,0
63462,0,1407,0
63464,0,1407,0
63466,0,1406,0
63468,0,1407,0
63470,0,1403,0
63472,0,1407,0
63474,0,1406,0
63476,0,1406,0
63478,0,1407,0
63480,0,1405,0
63482,0,1405,0
63484,0,1407,0
63486,0,1407,0
63488,0,1407,0
63490,0,1407,0
63492,67286,1407,1
63494,0,1406,0
63496,0,1407,0
63498,0,1407,0
63500,0,1407,0
63502,0,1405,0
63504,0,1405,0
63506,0,1407,0
63508,0,1407,0
63510,0,1405,0
63512,0,1406,0
63514,0,1407,0
63516,0,1405,0
63518,0,1406,0
63520,0,1407,0
63522,0,1407,0
63524,0,1407,0
63526,0,1407,0
63528,0,1407,0
63530,0,1405,0
63532,67274,1407,1
63534,0,1407,0
63536,0,1407,0
63538,0,1406,0
63540,0,1407,0
63542,0,1405,0
63544,0,1407,0
63546,0,1407,0
63548,0,1406,0
63550,0,1403,0
63552,0,1405,0
63554,0,1407,0
63556,0,1405,0
63558,0,1407,0
63560,0,1407,0
63562,0,1407,0
63564,0,1405,0
63566,0,1407,0
63568,0,1407,0
63570,67291,1405,1
63572,0,1407,0
63574,0,1406,0
63576,0,1407,0
63578,0,1405,0
63580,0,1407,0
63582,0,1408,0
63584,0,1407,0
63586,0,1405,0
63588,0,1404,0
63590,0,1406,0
63592,0,1405,0
63594,0,1404,0
63596,0,1405,0
63598,0,1405,0
63600,0,1407,0
63602,0,1405,0
63604,0,1405,0
63606,0,1405,0
63608,0,1407,0
63610,67301,1405,1
63612,0,1405,0
63614,0,1407,0
63616,0,1397,0
63618,0,1405,0
63620,0,1407,0
63622,0,1407,0
63624,0,1405,0
63626,0,1405,0
63628,0,1405,0
63630,0,1407,0
63632,0,1407,0
63634,0,1407,0
63636,0,1406,0
63638,0,1407,0
63640,0,1405,0
63642,0,1407,0
63644,0,1407,0
63646,0,1407,0
63648,0,1407,0
63650,67300,1407,1
63652,0,1407,0
63654,0,1406,0
63656,0,1405,0
63658,0,1405,0
63660,0,1405,0
63662,0,1407,0
63664,0,1405,0
63666,0,1406,0
63668,0,1406,0
63670,0,1407,0
63672,0,1405,0
63674,0,1405,0
63676,0,1405,0
63678,0,1404,0
63680,0,1405,0
63682,0,1405,0
63684,0,1405,0
63686,0,1413,0
63688,0,1404,0
63690,67290,1405,1
63692,0,1407,0
63694,0,1405,0
63696,0,1405,0
63698,0,1406,0
63700,0,1406,0
63702,0,1406,0
63704,0,1406,0
63706,0,1405,0
63708,0,1406,0
63710,0,1405,0
63712,0,1406,0
63714,0,1405,0
63716,0,1405,0
63718,0,1406,0
63720,0,1405,0
63722,0,1406,0
63724,0,1405,0
63726,0,1405,0
63728,0,1407,0
63730,67287,1406,1
63732,0,1407,0
63734,0,1405,0
63736,0,1405,0
63738,0,1405,0
63740,0,1405,0
63742,0,1405,0
63744,0,1415,0
63746,0,1410,0
63748,0,1405,0
63750,0,1406,0
63752,0,1406,0
63754,0,1405,0
63756,0,1407,0
63758,0,1407,0
63760,0,1406,0
63762,0,1405,0
63764,0,1407,0
63766,0,1405,0
63768,0,1414,0
63770,67275,1406,1
63772,0,1406,0
63774,0,1403,0
63776,0,1408,0
63778,0,1405,0
63780,0,1405,0
63782,0,1405,0
63784,0,1407,0
63786,0,1405,0
63788,0,1405,0
63790,0,1405,0
63792,0,1405,0
63794,0,1405,0
63796,0,1405,0
63798,0,1406,0
63800,0,1405,0
63802,0,1405,0
63804,0,1405,0
63806,0,1407,0
63808,0,1405,0
63810,67289,1406,1
63812,0,1404,0
63814,0,1405,0
63816,0,1405,0
63818,0,1403,0
63820,0,1406,0
63822,0,1405,0
63824,0,1407,0
63826,0,1407,0
63828,0,1405,0
63830,0,1404,0
63832,0,1407,0
63834,0,1405,0
63836,0,1405,0
63838,0,1404,0
63840,0,1411,0
63842,0,1405,0
63844,0,1405,0
63846,0,1405,0
63848,0,1407,0
63850,67279,1406,1
63852,0,1405,0
63854,0,1405,0
63856,0,1405,0
63858,0,1405,0
63860,0,1405,0
63862,0,1405,0
63864,0,1404,0
63866,0,1405,0
63868,0,1405,0
63870,0,1406,0
63872,0,1405,0
63874,0,1405,0
63876,0,1405,0
63878,0,1406,0
63880,0,1405,0
63882,0,1405,0
63884,0,1405,0
63886,0,1405,0
63888,0,1403,0
63890,67236,1405,1
63892,0,1405,0
63894,0,1407,0
63896,0,1405,0
63898,0,1405,0
63900,0,1407,0
63902,0,1404,0
63904,0,1405,0
63906,0,1405,0
63908,0,1405,0
63910,0,1405,0
63912,0,1401,0
63914,0,1405,0
63916,0,1403,0
63918,0,1405,0
63920,0,1405,0
63922,0,1405,0
63924,0,1405,0
63926,0,1405,0
63928,0,1405,0
63930,67230,1404,1
63932,0,1405,0
63934,0,1406,0
63936,0,1405,0
63938,0,1404,0
63940,0,1407,0
63942,0,1405,0
63944,0,1405,0
63946,0,1403,0
63948,0,1405,0
63950,0,1405,0
63952,0,1405,0
63954,0,1405,0
63956,0,1415,0
63958,0,1405,0
63960,0,1405,0
63962,0,1405,0
63964,0,1407,0
63966,0,1404,0
63968,67253,1405,1
63970,0,1407,0
63972,0,1405,0
63974,0,1405,0
63976,0,1405,0
63978,0,1405,0
63980,0,1407,0
63982,0,1413,0
63984,0,1403,0
63986,0,1407,0
63988,0,1405,0
63990,0,1404,0
63992,0,1421,0
63994,0,1405,0
63996,0,1406,0
63998,0,1405,0
64000,0,1405,0
64002,0,1405,0
64004,0,1405,0
64006,0,1406,0
64008,67265,1404,1
64010,0,1405,0
64012,0,1405,0
64014,0,1405,0
64016,0,1405,0
64018,0,1405,0
64020,0,1403,0
64022,0,1405,0
64024,0,1405,0
64026,0,1405,0
64028,0,1405,0
64030,0,1405,0
64032,0,1405,0
64034,0,1407,0
64036,0,1405,0
64038,0,1404,0
64040,0,1406,0
64042,0,1407,0
64044,0,1403,0
64046,0,1404,0
64048,67260,1405,1
64050,0,1405,0
64052,0,1405,0
64054,0,1402,0
64056,0,1405,0
64058,0,1403,0
64060,0,1405,0
64062,0,1405,0
64064,0,1405,0
64066,0,1405,0
64068,0,1404,0
64070,0,1407,0
64072,0,1407,0
64074,0,1404,0
64076,0,1403,0
64078,0,1406,0
64080,0,1405,0
64082,0,1405,0
64084,0,1405,0
64086,0,1405,0
64088,67250,1405,1
64090,0,1403,0
64092,0,1405,0
64094,0,1407,0
64096,0,1405,0
64098,0,1404,0
64100,0,1404,0
64102,0,1405,0
64104,0,1404,0
64106,0,1405,0
64108,0,1405,0
64110,0,1405,0
64112,0,1407,0
64114,0,1404,0
64116,0,1405,0
64118,0,1405,0
64120,0,1406,0
64122,0,1407,0
64124,0,1404,0
64126,0,1405,0
64128,67246,1405,1
64130,0,1403,0
64132,0,1404,0
64134,0,1405,0
64136,0,1405,0
64138,0,1404,0
64140,0,1405,0
64142,0,1401,0
64144,0,1405,0
64146,0,1405,0
64148,0,1405,0
64150,0,1403,0
64152,0,1403,0
64154,0,1405,0
64156,0,1405,0
64158,0,1404,0
64160,0,1403,0
64162,0,1405,0
64164,0,1407,0
64166,0,1403,0
64168,67243,1405,1
64170,0,1405,0
64172,0,1405,0
64174,0,1403,0
64176,0,1405,0
64178,0,1405,0
64180,0,1404,0
64182,0,1405,0
64184,0,1403,0
64186,0,1404,0
64188,0,1403,0
64190,0,1405,0
64192,0,1405,0
64194,0,1406,0
64196,0,1404,0
64198,0,1403,0
64200,0,1405,0
64202,0,1405,0
64204,0,1405,0
64206,0,1403,0
64208,67251,1403,1
64210,0,1403,0
64212,0,1403,0
64214,0,1403,0
64216,0,1405,0
64218,0,1405,0
64220,0,1405,0
64222,0,1403,0
64224,0,1403,0
64226,0,1404,0
64228,0,1403,0
64230,0,1405,0
64232,0,1404,0
64234,0,1405,0
64236,0,1405,0
64238,0,1428,0
64240,0,1403,0
64242,0,1403,0
64244,0,1405,0
64246,0,1405,0
64248,67263,1405,1
64250,0,1403,0
64252,0,1405,0
64254,0,1405,0
64256,0,1405,0
64258,0,1407,0
64260,0,1403,0
64262,0,1406,0
64264,0,1403,0
64266,0,1404,0
64268,0,1403,0
64270,0,1403,0
64272,0,1404,0
64274,0,1403,0
64276,0,1405,0
64278,0,1405,0
64280,0,1406,0
64282,0,1405,0
64284,0,1404,0
64286,0,1403,0
64288,67233,1405,1
64290,0,1404,0
64292,0,1403,0
64294,0,1402,0
64296,0,1405,0
64298,0,1405,0
64300,0,1405,0
64302,0,1405,0
64304,0,1405,0
64306,0,1405,0
64308,0,1403,0
64310,0,1403,0
64312,0,1407,0
64314,0,1403,0
64316,0,1403,0
64318,0,1404,0
64320,0,1403,0
64322,0,1404,0
64324,0,1404,0
64326,0,1405,0
64328,67219,1405,1
64330,0,1405,0
64332,0,1403,0
64334,0,1405,0
64336,0,1417,0
64338,0,1405,0
64340,0,1403,0
64342,0,1405,0
64344,0,1403,0
64346,0,1399,0
64348,0,1405,0
64350,0,1403,0
64352,0,1404,0
64354,0,1403,0
64356,0,1404,0
64358,0,1419,0
64360,0,1405,0
64362,0,1403,0
64364,0,1405,0
64366,67231,1405,1
64368,0,1403,0
64370,0,1403,0
64372,0,1404,0
64374,0,1404,0
64376,0,1405,0
64378,0,1403,0
64380,0,1405,0
64382,0,1405,0
64384,0,1405,0
64386,0,1405,0
64388,0,1404,0
64390,0,1403,0
64392,0,1404,0
64394,0,1403,0
64396,0,1405,0
64398,0,1405,0
64400,0,1403,0
64402,0,1405,0
64404,0,1405,0
64406,67229,1405,1
64408,0,1405,0
64410,0,1402,0
64412,0,1403,0
64414,0,1405,0
64416,0,1405,0
64418,0,1405,0
64420,0,1405,0
64422,0,1403,0
64424,0,1404,0
64426,0,1405,0
64428,0,1405,0
64430,0,1403,0
64432,0,1407,0
64434,0,1405,0
64436,0,1405,0
64438,0,1403,0
64440,0,1404,0
64442,0,1404,0
64444,0,1403,0
64446,67240,1403,1
64448,0,1403,0
64450,0,1403,0
64452,0,1405,0
64454,0,1405,0
64456,0,1405,0
64458,0,1403,0
64460,0,1405,0
64462,0,1405,0
64464,0,1403,0
64466,0,1404,0
64468,0,1405,0
64471,0,1405,0
64473,0,1404,0
64475,0,1405,0
64477,0,1405,0
64479,0,1400,0
64481,0,1403,0
64483,0,1405,0
64485,0,1403,0
64487,67229,1404,1
64489,0,1403,0
64491,0,1403,0
64493,0,1403,0
64495,0,1405,0
64497,0,1405,0
64499,0,1403,0
64501,0,1405,0
64503,0,1405,0
64505,0,1403,0
64507,0,1403,0
64509,0,1400,0
64511,0,1404,0
64513,0,1404,0
64515,0,1405,0
64517,0,1403,0
64519,0,1405,0
64521,0,1403,0
64523,0,1404,0
64525,0,1405,0
64527,67236,1405,1
64529,0,1403,0
64531,0,1404,0
64533,0,1405,0
64535,0,1402,0
64537,0,1403,0
64539,0,1405,0
64541,0,1407,0
64543,0,1403,0
64545,0,1405,0
64547,0,1404,0
64549,0,1405,0
64551,0,1403,0
64553,0,1405,0
64555,0,1404,0
64557,0,1404,0
64559,0,1404,0
64561,0,1401,0
64563,0,1403,0
64565,0,1403,0
64567,67219,1406,1
64569,0,1404,0
64571,0,1405,0
64573,0,1397,0
64575,0,1405,0
64577,0,1405,0
64579,0,1404,0
64581,0,1403,0
64583,0,1403,0
64585,0,1403,0
64587,0,1405,0
64589,0,1404,0
64591,0,1403,0
64593,0,1404,0
64595,0,1403,0
64597,0,1403,0
64599,0,1405,0
64601,0,1403,0
64603,0,1405,0
64605,0,1405,0
64607,67233,1403,1
64609,0,1405,0
64611,0,1403,0
64613,0,1403,0
64615,0,1403,0
64617,0,1403,0
64619,0,1405,0
64621,0,1405,0
64623,0,1405,0
64625,0,1403,0
64627,0,1405,0
64629,0,1403,0
64631,0,1405,0
64633,0,1405,0
64635,0,1403,0
64637,0,1403,0
64639,0,1405,0
64641,0,1403,0
64643,0,1415,0
64645,0,1403,0
64647,67246,1405,1
64649,0,1403,0
64651,0,1405,0
64653,0,1404,0
64655,0,1404,0
64657,0,1404,0
64659,0,1403,0
64661,0,1405,0
64663,0,1405,0
64665,0,1403,0
64667,0,1405,0
64669,0,1405,0
64671,0,1405,0
64673,0,1403,0
64675,0,1405,0
64677,0,1403,0
64679,0,1404,0
64681,0,1405,0
64683,0,1407,0
64685,0,1405,0
64687,67217,1405,1
64689,0,1405,0
64691,0,1403,0
64693,0,1403,0
64695,0,1405,0
64697,0,1404,0
64699,0,1404,0
64701,0,1405,0
64703,0,1403,0
64705,0,1399,0
64707,0,1404,0
64709,0,1405,0
64711,0,1405,0
64713,0,1405,0
64715,0,1405,0
64717,0,1406,0
64719,0,1403,0
64721,0,1405,0
64723,0,1403,0
64725,0,1405,0
64727,67203,1405,1
64729,0,1403,0
64731,0,1404,0
64733,0,1403,0
64735,0,1404,0
64737,0,1404,0
64739,0,1405,0
64741,0,1403,0
64743,0,1405,0
64745,0,1405,0
64747,0,1405,0
64749,0,1404,0
64751,0,1405,0
64753,0,1405,0
64755,0,1404,0
64757,0,1405,0
64759,0,1403,0
64761,0,1405,0
64763,0,1406,0
64765,67218,1405,1
64767,0,1403,0
64769,0,1403,0
64771,0,1403,0
64773,0,1405,0
64775,0,1403,0
64777,0,1403,0
64779,0,1405,0
64781,0,1405,0
64783,0,1403,0
64785,0,1405,0
64787,0,1405,0
64789,0,1391,0
64791,0,1405,0
64793,0,1404,0
64795,0,1403,0
64797,0,1404,0
64799,0,1403,0
64801,0,1407,0
64803,0,1405,0
64805,67228,1403,1
64807,0,1405,0
64809,0,1403,0
64811,0,1405,0
64813,0,1403,0
64815,0,1403,0
64817,0,1405,0
64819,0,1406,0
64821,0,1403,0
64823,0,1403,0
64825,0,1405,0
64827,0,1405,0
64829,0,1405,0
64831,0,1405,0
64833,0,1405,0
64835,0,1403,0
64837,0,1404,0
64839,0,1405,0
64841,0,1404,0
64843,0,1405,0
64845,67210,1405,1
64847,0,1407,0
64849,0,1404,0
64851,0,1405,0
64853,0,1405,0
64855,0,1404,0
64857,0,1405,0
64859,0,1403,0
64861,0,1405,0
64863,0,1405,0
64865,0,1405,0
64867,0,1405,0
64869,0,1405,0
64871,0,1403,0
64873,0,1405,0
64875,0,1405,0
64877,0,1404,0
64879,0,1403,0
64881,0,1405,0
64883,0,1404,0
64885,67223,1415,1
64887,0,1405,0
64889,0,1405,0
64891,0,1407,0
64893,0,1403,0
64895,0,1403,0
64897,0,1406,0
64899,0,1405,0
64901,0,1403,0
64903,0,1404,0
64905,0,1406,0
64907,0,1404,0
64909,0,1403,0
64911,0,1405,0
64913,0,1404,0
64915,0,1404,0
64917,0,1405,0
64919,0,1403,0
64921,0,1403,0
64923,0,1405,0
64925,67201,1406,1
64927,0,1405,0
64929,0,1407,0
64931,0,1405,0
64933,0,1403,0
64935,0,1405,0
64937,0,1405,0
64939,0,1404,0
64941,0,1405,0
64943,0,1405,0
64945,0,1403,0
64947,0,1404,0
64949,0,1405,0
64951,0,1404,0
64953,0,1405,0
64955,0,1407,0
64957,0,1405,0
64959,0,1406,0
64961,0,1405,0
64963,0,1405,0
64965,67203,1403,1
64967,0,1405,0
64969,0,1405,0
64971,0,1406,0
64973,0,1405,0
64975,0,1405,0
64977,0,1403,0
64979,0,1403,0
64981,0,1405,0
64983,0,1405,0
64985,0,1404,0
64987,0,1403,0
64989,0,1406,0
64991,0,1405,0
64993,0,1403,0
64995,0,1404,0
64997,0,1404,0
64999,0,1405,0
65001,0,1404,0
65003,0,1405,0
65005,67226,1405,1
65007,0,1405,0
65009,0,1404,0
65011,0,1405,0
65013,0,1403,0
65015,0,1405,0
65017,0,1404,0
65019,0,1413,0
65021,0,1405,0
65023,0,1405,0
65025,0,1405,0
65027,0,1403,0
65029,0,1403,0
65031,0,1404,0
65033,0,1404,0
65035,0,1403,0
65037,0,1405,0
65039,0,1405,0
65041,0,1405,0
65043,0,1404,0
65045,67258,1402,1
65047,0,1403,0
65049,0,1403,0
65051,0,1405,0
65053,0,1403,0
65055,0,1405,0
65057,0,1402,0
65059,0,1405,0
65061,0,1403,0
65063,0,1405,0
65065,0,1405,0
65067,0,1403,0
65069,0,1404,0
65071,0,1407,0
65073,0,1403,0
65075,0,1403,0
65077,0,1405,0
65079,0,1405,0
65081,0,1405,0
65083,0,1405,0
65085,67238,1405,1
65087,0,1405,0
65089,0,1403,0
65091,0,1406,0
65093,0,1405,0
65095,0,1404,0
65097,0,1405,0
65099,0,1404,0
65101,0,1407,0
65103,0,1405,0
65105,0,1405,0
65107,0,1405,0
65109,0,1407,0
65111,0,1403,0
65113,0,1405,0
65115,0,1405,0
65117,0,1405,0
65119,0,1391,0
65121,0,1404,0
65123,0,1404,0
65125,67213,1405,1
65127,0,1405,0
65129,0,1401,0
65131,0,1401,0
65133,0,1401,0
65135,0,1405,0
65137,0,1405,0
65139,0,1405,0
65141,0,1417,0
65143,0,1403,0
65145,0,1404,0
65147,0,1403,0
65149,0,1406,0
65151,0,1398,0
65153,0,1403,0
65155,0,1403,0
65157,0,1403,0
65159,0,1404,0
65161,0,1404,0
65163,67239,1405,1
65165,0,1405,0
65167,0,1405,0
65169,0,1404,0
65171,0,1403,0
65173,0,1405,0
65175,0,1405,0
65177,0,1401,0
65179,0,1405,0
65181,0,1405,0
65183,0,1405,0
65185,0,1407,0
65187,0,1405,0
65189,0,1403,0
65191,0,1405,0
65193,0,1405,0
65195,0,1405,0
65197,0,1405,0
65199,0,1406,0
65201,0,1403,0
65203,67254,1405,1
65205,0,1405,0
65207,0,1405,0
65209,0,1403,0
65211,0,1405,0
65213,0,1405,0
65215,0,1406,0
65217,0,1403,0
65219,0,1403,0
65221,0,1405,0
65223,0,1406,0
65225,0,1405,0
65227,0,1405,0
65229,0,1404,0
65231,0,1415,0
65233,0,1405,0
65235,0,1405,0
65237,0,1405,0
65239,0,1405,0
65241,0,1405,0
65243,67250,1405,1
65245,0,1404,0
65247,0,1405,0
65249,0,1404,0
65251,0,1406,0
65253,0,1403,0
65255,0,1407,0
65257,0,1405,0
65259,0,1405,0
65261,0,1405,0
65263,0,1403,0
65265,0,1404,0
65267,0,1403,0
65269,0,1405,0
65271,0,1405,0
65273,0,1405,0
65275,0,1405,0
65277,0,1403,0
65279,0,1405,0
65281,0,1407,0
65283,67257,1404,1
65285,0,1404,0
65287,0,1405,0
65289,0,1405,0
65291,0,1403,0
65293,0,1405,0
65295,0,1404,0
65297,0,1405,0
65299,0,1404,0
65301,0,1405,0
65303,0,1403,0
65305,0,1405,0
65307,0,1406,0
65309,0,1405,0
65311,0,1405,0
65313,0,1405,0
65315,0,1403,0
65317,0,1407,0
65319,0,1406,0
65321,0,1404,0
65323,67256,1407,1
65325,0,1405,0
65327,0,1405,0
65329,0,1405,0
65331,0,1405,0
65333,0,1405,0
65335,0,1405,0
65337,0,1406,0
65339,0,1403,0
65341,0,1405,0
65343,0,1405,0
65345,0,1405,0
65347,0,1405,0
65349,0,1405,0
65351,0,1407,0
65353,0,1405,0
65355,0,1405,0
65357,0,1407,0
65359,0,1405,0
65361,0,1405,0
65363,67260,1406,1
65365,0,1405,0
65367,0,1405,0
65369,0,1403,0
65371,0,1403,0
65373,0,1405,0
65375,0,1405,0
65377,0,1406,0
65379,0,1406,0
65381,0,1405,0
65383,0,1405,0
65385,0,1403,0
65387,0,1406,0
65389,0,1405,0
65391,0,1405,0
65393,0,1405,0
65395,0,1405,0
65397,0,1405,0
65399,0,1405,0
65401,0,1407,0
65403,67263,1405,1
65405,0,1405,0
65407,0,1406,0
65409,0,1405,0
65411,0,1404,0
65413,0,1405,0
65415,0,1403,0
65417,0,1405,0
65419,0,1404,0
65421,0,1405,0
65423,0,1403,0
65425,0,1405,0
65427,0,1405,0
65429,0,1406,0
65431,0,1405,0
65433,0,1403,0
65435,0,1405,0
65437,0,1404,0
65439,0,1405,0
65441,0,1406,0
65443,67271,1405,1
65445,0,1405,0
65447,0,1405,0
65449,0,1405,0
65451,0,1405,0
65453,0,1407,0
65455,0,1407,0
65457,0,1405,0
65459,0,1405,0
65461,0,1405,0
65463,0,1405,0
65465,0,1405,0
65467,0,1404,0
65469,0,1407,0
65471,0,1405,0
65473,0,1407,0
65475,0,1405,0
65477,0,1405,0
65479,0,1405,0
65481,0,1405,0
65483,67249,1403,1
65485,0,1407,0
65487,0,1406,0
65489,0,1405,0
65491,0,1405,0
65493,0,1407,0
65495,0,1405,0
65497,0,1406,0
65499,0,1405,0
65501,0,1405,0
65503,0,1413,0
65505,0,1405,0
65507,0,1405,0
65509,0,1405,0
65511,0,1405,0
65513,0,1403,0
65515,0,1405,0
65517,0,1407,0
65519,0,1405,0
65521,0,1407,0
65523,67200,1407,1
65525,0,1405,0
65527,0,1406,0
65529,0,1405,0
65531,0,1404,0
65533,0,1405,0
65535,0,1405,0
65537,0,1407,0
65539,0,1407,0
65541,0,1405,0
65543,0,1408,0
65545,0,1395,0
65547,0,1415,0
65549,0,1405,0
65551,0,1404,0
65553,0,1405,0
65555,0,1405,0
65557,0,1407,0
65559,0,1405,0
65561,67213,1406,1
65563,0,1403,0
65565,0,1407,0
65567,0,1405,0
65569,0,1405,0
65571,0,1405,0
65573,0,1406,0
65575,0,1405,0
65577,0,1405,0
65579,0,1404,0
65581,0,1405,0
65583,0,1405,0
65585,0,1406,0
65587,0,1406,0
65589,0,1405,0
65591,0,1404,0
65593,0,1405,0
65595,0,1405,0
65597,0,1404,0
65599,0,1407,0
65601,67222,1405,1
65603,0,1406,0
65605,0,1407,0
65607,0,1405,0
65609,0,1407,0
65611,0,1404,0
65613,0,1405,0
65615,0,1404,0
65617,0,1392,0
65619,0,1405,0
65621,0,1407,0
65623,0,1407,0
65625,0,1406,0
65627,0,1406,0
65629,0,1405,0
65631,0,1407,0
65633,0,1407,0
65635,0,1406,0
65637,0,1406,0
65639,0,1405,0
65641,67222,1405,1
65643,0,1405,0
65645,0,1407,0
65647,0,1405,0
65649,0,1405,0
65651,0,1403,0
65653,0,1407,0
65655,0,1405,0
65657,0,1404,0
65659,0,1407,0
65661,0,1405,0
65663,0,1405,0
65665,0,1407,0
65667,0,1406,0
65669,0,1405,0
65671,0,1405,0
65673,0,1406,0
65675,0,1405,0
65677,0,1406,0
65679,0,1404,0
65681,67231,1405,1
65683,0,1407,0
65685,0,1405,0
65687,0,1405,0
65689,0,1415,0
65691,0,1407,0
65693,0,1405,0
65695,0,1405,0
65697,0,1405,0
65699,0,1406,0
65701,0,1405,0
65703,0,1405,0
65705,0,1407,0
65707,0,1407,0
65709,0,1407,0
65711,0,1405,0
65713,0,1406,0
65715,0,1405,0
65717,0,1404,0
65719,0,1407,0
65721,67231,1405,1
65723,0,1405,0
65725,0,1405,0
65727,0,1405,0
65729,0,1405,0
65731,0,1406,0
65733,0,1407,0
65735,0,1405,0
65737,0,1404,0
65739,0,1407,0
65741,0,1405,0
65743,0,1405,0
65745,0,1406,0
65747,0,1407,0
65749,0,1407,0
65751,0,1403,0
65753,0,1405,0
65755,0,1407,0
65757,0,1405,0
65759,0,1405,0
65761,67235,1415,1
65763,0,1407,0
65765,0,1407,0
65767,0,1407,0
65769,0,1407,0
65771,0,1405,0
65773,0,1405,0
65775,0,1401,0
65777,0,1407,0
65779,0,1405,0
65781,0,1405,0
65783,0,1407,0
65785,0,1405,0
65787,0,1407,0
65789,0,1407,0
65791,0,1407,0
65793,0,1405,0
65795,0,1405,0
65797,0,1405,0
65799,0,1407,0
65801,67246,1405,1
65803,0,1405,0
65805,0,1405,0
65807,0,1405,0
65809,0,1406,0
65811,0,1407,0
65813,0,1405,0
65815,0,1405,0
65817,0,1405,0
65819,0,1405,0
65821,0,1405,0
65823,0,1406,0
65825,0,1405,0
65827,0,1405,0
65829,0,1405,0
65831,0,1407,0
65833,0,1407,0
65835,0,1405,0
65837,0,1405,0
65839,0,1405,0
65841,67277,1407,1
65843,0,1407,0
65845,0,1405,0
65847,0,1407,0
65849,0,1404,0
65851,0,1406,0
65853,0,1406,0
65855,0,1404,0
65857,0,1406,0
65859,0,1407,0
65861,0,1405,0
65863,0,1405,0
65865,0,1405,0
65867,0,1405,0
65869,0,1406,0
65871,0,1405,0
65873,0,1405,0
65875,0,1407,0
65877,0,1411,0
65879,0,1405,0
65881,67270,1406,1
65883,0,1405,0
65885,0,1405,0
65887,0,1405,0
65889,0,1405,0
65891,0,1404,0
65893,0,1405,0
65895,0,1407,0
65897,0,1406,0
65899,0,1407,0
65901,0,1407,0
65903,0,1405,0
65905,0,1407,0
65907,0,1405,0
65909,0,1406,0
65911,0,1407,0
65913,0,1407,0
65915,0,1406,0
65917,0,1404,0
65919,0,1405,0
65921,67223,1407,1
65923,0,1407,0
65925,0,1405,0
65927,0,1405,0
65929,0,1405,0
65931,0,1406,0
65933,0,1407,0
65935,0,1405,0
65937,0,1405,0
65939,0,1405,0
65941,0,1405,0
65943,0,1405,0
65945,0,1406,0
65947,0,1405,0
65949,0,1407,0
65951,0,1407,0
65953,0,1413,0
65955,0,1405,0
65957,0,1407,0
65959,0,1405,0
65961,67229,1406,1
65963,0,1405,0
65965,0,1407,0
65967,0,1405,0
65969,0,1407,0
65971,0,1406,0
65973,0,1405,0
65975,0,1406,0
65977,0,1397,0
65979,0,1405,0
65981,0,1405,0
65983,0,1405,0
65985,0,1404,0
65987,0,1415,0
65989,0,1406,0
65991,0,1407,0
65993,0,1407,0
65995,0,1405,0
65997,0,1407,0
65999,67251,1406,1
66001,0,1407,0
66003,0,1407,0
66005,0,1407,0
66007,0,1407,0
66009,0,1406,0
66011,0,1407,0
66013,0,1405,0
66015,0,1405,0
66017,0,1405,0
66019,0,1407,0
66021,0,1407,0
66023,0,1405,0
66025,0,1406,0
66027,0,1408,0
66029,0,1405,0
66031,0,1405,0
66033,0,1405,0
66035,0,1408,0
66037,0,1407,0
66039,67261,1405,1
66041,0,1407,0
66043,0,1407,0
66045,0,1407,0
66047,0,1406,0
66049,0,1404,0
66051,0,1407,0
66053,0,1407,0
66055,0,1407,0
66057,0,1405,0
66059,0,1406,0
66061,0,1407,0
66063,0,1407,0
66065,0,1406,0
66067,0,1407,0
66069,0,1407,0
66071,0,1407,0
66073,0,1407,0
66075,0,1407,0
66077,0,1400,0
66079,67260,1407,1
66081,0,1406,0
66083,0,1407,0
66085,0,1405,0
66087,0,1407,0
66089,0,1403,0
66091,0,1407,0
66093,0,1405,0
66095,0,1407,0
66097,0,1406,0
66099,0,1403,0
66101,0,1406,0
66103,0,1406,0
66105,0,1405,0
66107,0,1407,0
66109,0,1407,0
66111,0,1405,0
66113,0,1405,0
66115,0,1405,0
66117,0,1411,0
66119,67252,1405,1
66121,0,1406,0
66123,0,1407,0
66125,0,1407,0
66127,0,1407,0
66129,0,1405,0
66131,0,1407,0
66133,0,1405,0
66135,0,1405,0
66137,0,1406,0
66139,0,1405,0
66141,0,1406,0
66143,0,1405,0
66145,0,1407,0
66147,0,1407,0
66149,0,1407,0
66151,0,1405,0
66153,0,1403,0
66155,0,1407,0
66157,0,1405,0
66159,67249,1405,1
66161,0,1407,0
66163,0,1405,0
66165,0,1407,0
66167,0,1407,0
66169,0,1407,0
66171,0,1405,0
66173,0,1406,0
66175,0,1403,0
66177,0,1405,0
66179,0,1405,0
66181,0,1405,0
66183,0,1405,0
66185,0,1412,0
66187,0,1407,0
66189,0,1405,0
66191,0,1405,0
66193,0,1407,0
66195,0,1407,0
66197,0,1406,0
66199,67244,1406,1
66201,0,1407,0
66203,0,1407,0
66205,0,1405,0
66207,0,1404,0
66209,0,1405,0
66211,0,1407,0
66213,0,1407,0
66215,0,1407,0
66217,0,1403,0
66219,0,1407,0
66221,0,1405,0
66223,0,1407,0
66225,0,1406,0
66227,0,1405,0
66229,0,1404,0
66231,0,1407,0
66233,0,1406,0
66235,0,1407,0
66237,0,1405,0
66239,67261,1405,1
66241,0,1407,0
66243,0,1406,0
66245,0,1406,0
66247,0,1407,0
66249,0,1407,0
66251,0,1427,0
66253,0,1404,0
66255,0,1407,0
66257,0,1406,0
66259,0,1404,0
66261,0,1407,0
66263,0,1407,0
66265,0,1405,0
66267,0,1405,0
66269,0,1406,0
66271,0,1405,0
66273,0,1406,0
66275,0,1405,0
66277,0,1405,0
66279,67248,1407,1
66281,0,1411,0
66283,0,1405,0
66285,0,1405,0
66287,0,1405,0
66289,0,1407,0
66291,0,1415,0
66293,0,1407,0
66295,0,1407,0
66297,0,1407,0
66299,0,1405,0
66301,0,1407,0
66303,0,1406,0
66305,0,1407,0
66307,0,1407,0
66309,0,1407,0
66312,0,1405,0
66314,0,1407,0
66316,0,1407,0
66318,0,1407,0
66320,67195,1406,1
66322,0,1407,0
66324,0,1407,0
66326,0,1406,0
66328,0,1407,0
66330,0,1407,0
66332,0,1405,0
66334,0,1404,0
66336,0,1404,0
66338,0,1405,0
66340,0,1405,0
66342,0,1405,0
66344,0,1403,0
66346,0,1407,0
66348,0,1405,0
66350,0,1407,0
66352,0,1405,0
66354,0,1413,0
66356,0,1404,0
66358,0,1407,0
66360,67205,1405,1
66362,0,1405,0
66364,0,1407,0
66366,0,1404,0
66368,0,1407,0
66370,0,1405,0
66372,0,1405,0
66374,0,1405,0
66376,0,1404,0
66378,0,1404,0
66380,0,1405,0
66382,0,1405,0
66384,0,1405,0
66386,0,1407,0
66388,0,1405,0
66390,0,1406,0
66392,0,1405,0
66394,0,1404,0
66396,0,1415,0
66398,67246,1405,1
66400,0,1406,0
66402,0,1405,0
66404,0,1406,0
66406,0,1405,0
66408,0,1411,0
66410,0,1405,0
66412,0,1404,0
66414,0,1405,0
66416,0,1405,0
66418,0,1407,0
66420,0,1406,0
66422,0,1405,0
66424,0,1405,0
66426,0,1405,0
66428,0,1405,0
66430,0,1405,0
66432,0,1405,0
66434,0,1405,0
66436,0,1405,0
66438,67239,1405,1
66440,0,1405,0
66442,0,1406,0
66444,0,1405,0
66446,0,1405,0
66448,0,1405,0
66450,0,1406,0
66452,0,1391,0
66454,0,1405,0
66456,0,1405,0
66458,0,1405,0
66460,0,1407,0
66462,0,1404,0
66464,0,1421,0
66466,0,1405,0
66468,0,1407,0
66470,0,1406,0
66472,0,1405,0
66474,0,1404,0
66476,0,1405,0
66478,67253,1405,1
66480,0,1405,0
66482,0,1405,0
66484,0,1405,0
66486,0,1413,0
66488,0,1404,0
66490,0,1405,0
66492,0,1407,0
66494,0,1405,0
66496,0,1407,0
66498,0,1405,0
66500,0,1407,0
66502,0,1406,0
66504,0,1405,0
66506,0,1405,0
66508,0,1405,0
66510,0,1405,0
66512,0,1405,0
66514,0,1405,0
66516,0,1405,0
66518,67253,1407,1
66520,0,1405,0
66522,0,1404,0
66524,0,1405,0
66526,0,1405,0
66528,0,1407,0
66530,0,1405,0
66532,0,1405,0
66534,0,1405,0
66536,0,1404,0
66538,0,1405,0
66540,0,1407,0
66542,0,1406,0
66544,0,1405,0
66546,0,1405,0
66548,0,1403,0
66550,0,1405,0
66552,0,1403,0
66554,0,1405,0
66556,0,1407,0
66558,67268,1405,1
66560,0,1403,0
66562,0,1405,0
66564,0,1405,0
66566,0,1405,0
66568,0,1405,0
66570,0,1405,0
66572,0,1415,0
66574,0,1406,0
66576,0,1403,0
66578,0,1404,0
66580,0,1405,0
66582,0,1405,0
66584,0,1405,0
66586,0,1405,0
66588,0,1405,0
66590,0,1403,0
66592,0,1388,0
66594,0,1404,0
66596,0,1406,0
66598,67270,1405,1
66600,0,1405,0
66602,0,1405,0
66604,0,1405,0
66606,0,1414,0
66608,0,1407,0
66610,0,1404,0
66612,0,1407,0
66614,0,1407,0
66616,0,1405,0
66618,0,1407,0
66620,0,1405,0
66622,0,1405,0
66624,0,1406,0
66626,0,1405,0
66628,0,1405,0
66630,0,1405,0
66632,0,1405,0
66634,0,1405,0
66636,0,1405,0
66638,67294,1403,1
66640,0,1405,0
66642,0,1405,0
66644,0,1407,0
66646,0,1406,0
66648,0,1403,0
66650,0,1407,0
66652,0,1405,0
66654,0,1405,0
66656,0,1403,0
66658,0,1405,0
66660,0,1405,0
66662,0,1404,0
66664,0,1405,0
66666,0,1405,0
66668,0,1405,0
66670,0,1403,0
66672,0,1405,0
66674,0,1404,0
66676,0,1413,0
66678,67288,1404,1
66680,0,1405,0
66682,0,1403,0
66684,0,1405,0
66686,0,1405,0
66688,0,1404,0
66690,0,1403,0
66692,0,1407,0
66694,0,1404,0
66696,0,1406,0
66698,0,1405,0
66700,0,1405,0
66702,0,1403,0
66704,0,1405,0
66706,0,1405,0
66708,0,1406,0
66710,0,1404,0
66712,0,1407,0
66714,0,1406,0
66716,0,1405,0
66718,67237,1407,1
66720,0,1404,0
66722,0,1406,0
66724,0,1407,0
66726,0,1406,0
66728,0,1405,0
66730,0,1401,0
66732,0,1405,0
66734,0,1405,0
66736,0,1403,0
66738,0,1410,0
66740,0,1405,0
66742,0,1404,0
66744,0,1405,0
66746,0,1406,0
66748,0,1405,0
66750,0,1405,0
66752,0,1405,0
66754,0,1407,0
66756,0,1405,0
66758,67247,1405,1
66760,0,1403,0
66762,0,1406,0
66764,0,1406,0
66766,0,1403,0
66768,0,1405,0
66770,0,1406,0
66772,0,1404,0
66774,0,1406,0
66776,0,1404,0
66778,0,1403,0
66780,0,1405,0
66782,0,1404,0
66784,0,1408,0
66786,0,1405,0
66788,0,1405,0
66790,0,1405,0
66792,0,1403,0
66794,0,1405,0
66796,67269,1405,1
66798,0,1404,0
66800,0,1405,0
66802,0,1405,0
66804,0,1403,0
66806,0,1404,0
66808,0,1405,0
66810,0,1405,0
66812,0,1404,0
66814,0,1404,0
66816,0,1405,0
66818,0,1405,0
66820,0,1404,0
66822,0,1403,0
66824,0,1405,0
66826,0,1405,0
66828,0,1405,0
66830,0,1405,0
66832,0,1404,0
66834,0,1405,0
66836,67280,1405,1
66838,0,1405,0
66840,0,1405,0
66842,0,1403,0
66844,0,1404,0
66846,0,1405,0
66848,0,1403,0
66850,0,1406,0
66852,0,1404,0
66854,0,1405,0
66856,0,1406,0
66858,0,1407,0
66860,0,1403,0
66862,0,1407,0
66864,0,1405,0
66866,0,1407,0
66868,0,1404,0
66870,0,1403,0
66872,0,1407,0
66874,0,1405,0
66876,67286,1406,1
66878,0,1403,0
66880,0,1403,0
66882,0,1404,0
66884,0,1404,0
66886,0,1405,0
66888,0,1404,0
66890,0,1404,0
66892,0,1405,0
66894,0,1405,0
66896,0,1405,0
66898,0,1405,0
66900,0,1405,0
66902,0,1407,0
66904,0,1405,0
66906,0,1405,0
66908,0,1405,0
66910,0,1404,0
66912,0,1405,0
66914,0,1407,0
66916,67290,1405,1
66918,0,1405,0
66920,0,1404,0
66922,0,1405,0
66924,0,1404,0
66926,0,1405,0
66928,0,1405,0
66930,0,1405,0
66932,0,1405,0
66934,0,1405,0
66936,0,1405,0
66938,0,1403,0
66940,0,1405,0
66942,0,1405,0
66944,0,1405,0
66946,0,1405,0
66948,0,1405,0
66950,0,1403,0
66952,0,1403,0
66954,0,1405,0
66956,67302,1404,1
66958,0,1405,0
66960,0,1405,0
66962,0,1403,0
66964,0,1405,0
66966,0,1406,0
66968,0,1403,0
66970,0,1403,0
66972,0,1405,0
66974,0,1404,0
66976,0,1403,0
66978,0,1405,0
66980,0,1403,0
66982,0,1405,0
66984,0,1406,0
66986,0,1405,0
66988,0,1403,0
66990,0,1405,0
66992,0,1403,0
66994,0,1403,0
66996,67309,1405,1
66998,0,1405,0
67000,0,1405,0
67002,0,1405,0
67004,0,1403,0
67006,0,1405,0
67008,0,1404,0
67010,0,1404,0
67012,0,1405,0
67014,0,1405,0
67016,0,1405,0
67018,0,1405,0
67020,0,1405,0
67022,0,1403,0
67024,0,1405,0
67026,0,1405,0
67028,0,1403,0
67030,0,1403,0
67032,0,1403,0
67034,0,1405,0
67036,67357,1405,1
67038,0,1404,0
67040,0,1405,0
67042,0,1405,0
67044,0,1405,0
67046,0,1407,0
67048,0,1403,0
67050,0,1405,0
67052,0,1405,0
67054,0,1405,0
67056,0,1405,0
67058,0,1405,0
67060,0,1405,0
67062,0,1404,0
67064,0,1406,0
67066,0,1405,0
67068,0,1405,0
67070,0,1405,0
67072,0,1405,0
67074,0,1403,0
67076,67355,1403,1
67078,0,1405,0
67080,0,1404,0
67082,0,1404,0
67084,0,1405,0
67086,0,1403,0
67088,0,1404,0
67090,0,1405,0
67092,0,1405,0
67094,0,1405,0
67096,0,1416,0
67098,0,1403,0
67100,0,1405,0
67102,0,1405,0
67104,0,1405,0
67106,0,1405,0
67108,0,1405,0
67110,0,1405,0
67112,0,1406,0
67114,0,1403,0
67116,67288,1405,1
67118,0,1403,0
67120,0,1405,0
67122,0,1405,0
67124,0,1405,0
67126,0,1405,0
67128,0,1405,0
67130,0,1405,0
67132,0,1405,0
67134,0,1403,0
67136,0,1403,0
67138,0,1403,0
67140,0,1405,0
67142,0,1405,0
67144,0,1405,0
67146,0,1405,0
67148,0,1405,0
67150,0,1406,0
67152,0,1403,0
67154,0,1406,0
67156,67262,1401,1
67158,0,1403,0
67160,0,1405,0
67162,0,1403,0
67164,0,1405,0
67166,0,1406,0
67168,0,1406,0
67170,0,1403,0
67172,0,1403,0
67174,0,1403,0
67176,0,1405,0
67178,0,1405,0
67180,0,1405,0
67182,0,1406,0
67184,0,1405,0
67186,0,1405,0
67188,0,1405,0
67190,0,1403,0
67192,0,1405,0
67194,67296,1405,1
67196,0,1405,0
67198,0,1404,0
67200,0,1403,0
67202,0,1407,0
67204,0,1403,0
67206,0,1404,0
67208,0,1405,0
67210,0,1405,0
67212,0,1404,0
67214,0,1405,0
67216,0,1405,0
67218,0,1404,0
67220,0,1405,0
67222,0,1403,0
67224,0,1403,0
67226,0,1404,0
67228,0,1405,0
67230,0,1404,0
67232,0,1405,0
67234,67293,1404,1
67236,0,1403,0
67238,0,1403,0
67240,0,1403,0
67242,0,1405,0
67244,0,1405,0
67246,0,1404,0
67248,0,1403,0
67250,0,1406,0
67252,0,1404,0
67254,0,1407,0
67256,0,1405,0
67258,0,1404,0
67260,0,1404,0
67262,0,1405,0
67264,0,1405,0
67266,0,1405,0
67268,0,1405,0
67270,0,1406,0
67272,0,1404,0
67274,67301,1405,1
67276,0,1403,0
67278,0,1404,0
67280,0,1405,0
67282,0,1403,0
67284,0,1405,0
67286,0,1405,0
67288,0,1405,0
67290,0,1405,0
67292,0,1405,0
67294,0,1403,0
67296,0,1406,0
67298,0,1403,0
67300,0,1404,0
67302,0,1405,0
67304,0,1405,0
67306,0,1404,0
67308,0,1404,0
67310,0,1405,0
67312,0,1405,0
67314,67309,1404,1
67316,0,1405,0
67318,0,1406,0
67320,0,1404,0
67322,0,1404,0
67324,0,1404,0
67326,0,1403,0
67328,0,1405,0
67330,0,1405,0
67332,0,1405,0
67334,0,1405,0
67336,0,1404,0
67338,0,1405,0
67340,0,1405,0
67342,0,1404,0
67344,0,1405,0
67346,0,1403,0
67348,0,1407,0
67350,0,1405,0
67352,0,1403,0
67354,67304,1404,1
67356,0,1405,0
67358,0,1404,0
67360,0,1403,0
67362,0,1403,0
67364,0,1404,0
67366,0,1405,0
67368,0,1404,0
67370,0,1405,0
67372,0,1403,0
67374,0,1405,0
67376,0,1403,0
67378,0,1405,0
67380,0,1405,0
67382,0,1405,0
67384,0,1405,0
67386,0,1405,0
67388,0,1404,0
67390,0,1405,0
67392,0,1405,0
67394,67314,1405,1
67396,0,1405,0
67398,0,1404,0
67400,0,1397,0
67402,0,1405,0
67404,0,1403,0
67406,0,1405,0
67408,0,1401,0
67410,0,1403,0
67412,0,1405,0
67414,0,1405,0
67416,0,1402,0
67418,0,1415,0
67420,0,1405,0
67422,0,1405,0
67424,0,1405,0
67426,0,1407,0
67428,0,1403,0
67430,0,1407,0
67432,0,1405,0
67434,67346,1405,1
67436,0,1402,0
67438,0,1403,0
67440,0,1406,0
67442,0,1405,0
67444,0,1405,0
67446,0,1403,0
67448,0,1405,0
67450,0,1401,0
67452,0,1404,0
67454,0,1403,0
67456,0,1406,0
67458,0,1406,0
67460,0,1402,0
67462,0,1405,0
67464,0,1405,0
67466,0,1405,0
67468,0,1403,0
67470,0,1405,0
67472,0,1403,0
67474,67348,1403,1
67476,0,1405,0
67478,0,1405,0
67480,0,1405,0
67482,0,1403,0
67484,0,1405,0
67486,0,1405,0
67488,0,1404,0
67490,0,1405,0
67492,0,1401,0
67494,0,1403,0
67496,0,1405,0
67498,0,1405,0
67500,0,1404,0
67502,0,1403,0
67504,0,1407,0
67506,0,1405,0
67508,0,1404,0
67510,0,1405,0
67512,0,1405,0
67514,67310,1397,1
67516,0,1405,0
67518,0,1404,0
67520,0,1405,0
67522,0,1404,0
67524,0,1416,0
67526,0,1405,0
67528,0,1406,0
67530,0,1405,0
67532,0,1403,0
67534,0,1399,0
67536,0,1404,0
67538,0,1405,0
67540,0,1404,0
67542,0,1404,0
67544,0,1405,0
67546,0,1405,0
67548,0,1402,0
67550,0,1405,0
67552,0,1404,0
67554,67298,1403,1
67556,0,1405,0
67558,0,1405,0
67560,0,1404,0
67562,0,1403,0
67564,0,1407,0
67566,0,1405,0
67568,0,1404,0
67570,0,1404,0
67572,0,1405,0
67574,0,1406,0
67576,0,1403,0
67578,0,1405,0
67580,0,1404,0
67582,0,1405,0
67584,0,1404,0
67586,0,1405,0
67588,0,1403,0
67590,0,1405,0
67592,67316,1405,1
67594,0,1404,0
67596,0,1404,0
67598,0,1404,0
67600,0,1407,0
67602,0,1405,0
67604,0,1406,0
67606,0,1405,0
67608,0,1403,0
67610,0,1405,0
67612,0,1404,0
67614,0,1405,0
67616,0,1403,0
67618,0,1405,0
67620,0,1405,0
67622,0,1405,0
67624,0,1405,0
67626,0,1405,0
67628,0,1406,0
67630,0,1401,0
67632,67333,1405,1
67634,0,1405,0
67636,0,1405,0
67638,0,1404,0
67640,0,1404,0
67642,0,1405,0
67644,0,1403,0
67646,0,1405,0
67648,0,1405,0
67650,0,1403,0
67652,0,1405,0
67654,0,1405,0
67656,0,1406,0
67658,0,1405,0
67660,0,1406,0
67662,0,1403,0
67664,0,1405,0
67666,0,1403,0
67668,0,1406,0
67670,0,1405,0
67672,67325,1405,1
67674,0,1403,0
67676,0,1404,0
67678,0,1405,0
67680,0,1405,0
67682,0,1403,0
67684,0,1405,0
67686,0,1405,0
67688,0,1403,0
67690,0,1405,0
67692,0,1405,0
67694,0,1404,0
67696,0,1404,0
67698,0,1405,0
67700,0,1391,0
67702,0,1405,0
67704,0,1404,0
67706,0,1405,0
67708,0,1405,0
67710,0,1403,0
67712,67328,1403,1
67714,0,1405,0
67716,0,1405,0
67718,0,1405,0
67720,0,1406,0
67722,0,1405,0
67724,0,1405,0
67726,0,1403,0
67728,0,1402,0
67730,0,1403,0
67732,0,1405,0
67734,0,1405,0
67736,0,1403,0
67738,0,1405,0
67740,0,1403,0
67742,0,1405,0
67744,0,1405,0
67746,0,1403,0
67748,0,1403,0
67750,0,1407,0
67752,67332,1403,1
67754,0,1404,0
67756,0,1405,0
67758,0,1405,0
67760,0,1404,0
67762,0,1414,0
67764,0,1403,0
67766,0,1406,0
67768,0,1404,0
67770,0,1405,0
67772,0,1405,0
67774,0,1405,0
67776,0,1403,0
67778,0,1405,0
67780,0,1405,0
67782,0,1404,0
67784,0,1403,0
67786,0,1405,0
67788,0,1407,0
67790,0,1403,0
67792,67336,1403,1
67794,0,1405,0
67796,0,1405,0
67798,0,1407,0
67800,0,1405,0
67802,0,1403,0
67804,0,1403,0
67806,0,1403,0
67808,0,1405,0
67810,0,1404,0
67812,0,1405,0
67814,0,1404,0
67816,0,1405,0
67818,0,1404,0
67820,0,1404,0
67822,0,1405,0
67824,0,1405,0
67826,0,1403,0
67828,0,1403,0
67830,0,1405,0
67832,67377,1405,1
67834,0,1404,0
67836,0,1405,0
67838,0,1403,0
67840,0,1403,0
67842,0,1403,0
67844,0,1403,0
67846,0,1403,0
67848,0,1406,0
67850,0,1405,0
67852,0,1405,0
67854,0,1403,0
67856,0,1405,0
67858,0,1405,0
67860,0,1404,0
67862,0,1405,0
67864,0,1405,0
67866,0,1403,0
67868,0,1405,0
67870,0,1404,0
67872,67380,1403,1
67874,0,1405,0
67876,0,1405,0
67878,0,1405,0
67880,0,1405,0
67882,0,1403,0
67884,0,1404,0
67886,0,1405,0
67888,0,1404,0
67890,0,1404,0
67892,0,1405,0
67894,0,1405,0
67896,0,1405,0
67898,0,1403,0
67900,0,1405,0
67902,0,1403,0
67904,0,1403,0
67906,0,1405,0
67908,0,1405,0
67910,0,1405,0
67912,67318,1405,1
67914,0,1407,0
67916,0,1404,0
67918,0,1405,0
67920,0,1404,0
67922,0,1403,0
67924,0,1404,0
67926,0,1405,0
67928,0,1405,0
67930,0,1403,0
67932,0,1403,0
67934,0,1405,0
67936,0,1403,0
67938,0,1404,0
67940,0,1405,0
67942,0,1403,0
67944,0,1406,0
67946,0,1404,0
67948,0,1404,0
67950,0,1405,0
67952,67303,1405,1
67954,0,1403,0
67956,0,1404,0
67958,0,1405,0
67960,0,1405,0
67962,0,1405,0
67964,0,1404,0
67966,0,1404,0
67968,0,1404,0
67970,0,1405,0
67972,0,1405,0
67974,0,1405,0
67976,0,1405,0
67978,0,1404,0
67980,0,1405,0
67982,0,1404,0
67984,0,1405,0
67986,0,1405,0
67988,0,1405,0
67990,67335,1407,1
67992,0,1405,0
67994,0,1405,0
67996,0,1404,0
67998,0,1405,0
68000,0,1403,0
68002,0,1405,0
68004,0,1403,0
68006,0,1403,0
68008,0,1405,0
68010,0,1405,0
68012,0,1405,0
68014,0,1405,0
68016,0,1405,0
68018,0,1405,0
68020,0,1405,0
68022,0,1404,0
68024,0,1405,0
68026,0,1407,0
68028,0,1405,0
68030,67341,1405,1
68032,0,1404,0
68034,0,1405,0
68036,0,1405,0
68038,0,1404,0
68040,0,1403,0
68042,0,1404,0
68044,0,1405,0
68046,0,1404,0
68048,0,1405,0
68050,0,1405,0
68052,0,1405,0
68054,0,1405,0
68056,0,1405,0
68058,0,1405,0
68060,0,1404,0
68062,0,1405,0
68064,0,1405,0
68066,0,1406,0
68068,0,1405,0
68070,67348,1403,1
68072,0,1405,0
68074,0,1404,0
68076,0,1405,0
68078,0,1405,0
68080,0,1405,0
68082,0,1405,0
68084,0,1405,0
68086,0,1403,0
68088,0,1406,0
68090,0,1404,0
68092,0,1407,0
68094,0,1407,0
68096,0,1403,0
68098,0,1406,0
68100,0,1407,0
68102,0,1405,0
68104,0,1407,0
68106,0,1405,0
68108,0,1405,0
68110,67353,1404,1
68112,0,1405,0
68114,0,1405,0
68116,0,1406,0
68118,0,1404,0
68120,0,1405,0
68122,0,1406,0
68124,0,1404,0
68126,0,1405,0
68128,0,1405,0
68130,0,1405,0
68132,0,1404,0
68134,0,1405,0
68136,0,1403,0
68138,0,1405,0
68140,0,1405,0
68142,0,1405,0
68144,0,1405,0
68146,0,1407,0
68148,0,1407,0
68150,67356,1405,1
68152,0,1405,0
68154,0,1405,0
68156,0,1405,0
68158,0,1407,0
68161,0,1405,0
68163,0,1405,0
68165,0,1405,0
68167,0,1404,0
68169,0,1404,0
68171,0,1406,0
68173,0,1405,0
68175,0,1405,0
68177,0,1405,0
68179,0,1407,0
68181,0,1405,0
68183,0,1405,0
68185,0,1407,0
68187,0,1405,0
68189,0,1396,0
68191,67360,1403,1
68193,0,1405,0
68195,0,1403,0
68197,0,1405,0
68199,0,1405,0
68201,0,1405,0
68203,0,1405,0
68205,0,1404,0
68207,0,1404,0
68209,0,1405,0
68211,0,1404,0
68213,0,1403,0
68215,0,1405,0
68217,0,1404,0
68219,0,1405,0
68221,0,1418,0
68223,0,1407,0
68225,0,1406,0
68227,0,1406,0
68229,0,1405,0
68231,67389,1404,1
68233,0,1405,0
68235,0,1405,0
68237,0,1405,0
68239,0,1404,0
68241,0,1405,0
68243,0,1407,0
68245,0,1405,0
68247,0,1405,0
68249,0,1405,0
68251,0,1405,0
68253,0,1405,0
68255,0,1405,0
68257,0,1405,0
68259,0,1404,0
68261,0,1405,0
68263,0,1407,0
68265,0,1402,0
68267,0,1405,0
68269,0,1405,0
68271,67393,1405,1
68273,0,1405,0
68275,0,1404,0
68277,0,1406,0
68279,0,1406,0
68281,0,1406,0
68283,0,1404,0
68285,0,1407,0
68287,0,1405,0
68289,0,1405,0
68291,0,1405,0
68293,0,1405,0
68295,0,1403,0
68297,0,1407,0
68299,0,1405,0
68301,0,1404,0
68303,0,1405,0
68305,0,1405,0
68307,0,1403,0
68309,0,1405,0
68311,67356,1408,1
68313,0,1404,0
68315,0,1405,0
68317,0,1405,0
68319,0,1405,0
68321,0,1407,0
68323,0,1405,0
68325,0,1405,0
68327,0,1403,0
68329,0,1407,0
68331,0,1413,0
68333,0,1406,0
68335,0,1405,0
68337,0,1405,0
68339,0,1412,0
68341,0,1405,0
68343,0,1406,0
68345,0,1405,0
68347,0,1405,0
68349,0,1407,0
68351,67355,1404,1
68353,0,1405,0
68355,0,1405,0
68357,0,1407,0
68359,0,1405,0
68361,0,1405,0
68363,0,1405,0
68365,0,1403,0
68367,0,1406,0
68369,0,1405,0
68371,0,1405,0
68373,0,1405,0
68375,0,1406,0
68377,0,1407,0
68379,0,1404,0
68381,0,1405,0
68383,0,1405,0
68385,0,1405,0
68387,0,1407,0
68389,67370,1407,1
68391,0,1406,0
68393,0,1411,0
68395,0,1405,0
68397,0,1405,0
68399,0,1405,0
68401,0,1407,0
68403,0,1407,0
68405,0,1405,0
68407,0,1407,0
68409,0,1405,0
68411,0,1405,0
68413,0,1405,0
68415,0,1405,0
68417,0,1405,0
68419,0,1405,0
68421,0,1405,0
68423,0,1405,0
68425,0,1405,0
68427,0,1405,0
68429,67381,1403,1
68431,0,1403,0
68433,0,1405,0
68435,0,1405,0
68437,0,1405,0
68439,0,1405,0
68441,0,1407,0
68443,0,1405,0
68445,0,1405,0
68447,0,1405,0
68449,0,1407,0
68451,0,1405,0
68453,0,1406,0
68455,0,1407,0
68457,0,1415,0
68459,0,1406,0
68461,0,1405,0
68463,0,1405,0
68465,0,1405,0
68467,0,1407,0
68469,67391,1407,1
68471,0,1405,0
68473,0,1405,0
68475,0,1406,0
68477,0,1405,0
68479,0,1413,0
68481,0,1407,0
68483,0,1406,0
68485,0,1405,0
68487,0,1407,0
68489,0,1407,0
68491,0,1407,0
68493,0,1407,0
68495,0,1407,0
68497,0,1405,0
68499,0,1405,0
68501,0,1407,0
68503,0,1405,0
68505,0,1406,0
68507,0,1405,0
68509,67392,1406,1
68511,0,1407,0
68513,0,1405,0
68515,0,1406,0
68517,0,1405,0
68519,0,1405,0
68521,0,1401,0
68523,0,1407,0
68525,0,1407,0
68527,0,1407,0
68529,0,1405,0
68531,0,1405,0
68533,0,1404,0
68535,0,1405,0
68537,0,1405,0
68539,0,1406,0
68541,0,1406,0
68543,0,1406,0
68545,0,1406,0
68547,0,1405,0
68549,67401,1406,1
68551,0,1407,0
68553,0,1405,0
68555,0,1405,0
68557,0,1405,0
68559,0,1407,0
68561,0,1406,0
68563,0,1407,0
68565,0,1407,0
68567,0,1405,0
68569,0,1405,0
68571,0,1405,0
68573,0,1406,0
68575,0,1406,0
68577,0,1406,0
68579,0,1407,0
68581,0,1411,0
68583,0,1406,0
68585,0,1407,0
68587,0,1406,0
68589,67397,1405,1
68591,0,1408,0
68593,0,1405,0
68595,0,1405,0
68597,0,1407,0
68599,0,1405,0
68601,0,1407,0
68603,0,1403,0
68605,0,1405,0
68607,0,1407,0
68609,0,1407,0
68611,0,1407,0
68613,0,1405,0
68615,0,1400,0
68617,0,1411,0
68619,0,1407,0
68621,0,1406,0
68623,0,1405,0
68625,0,1404,0
68627,0,1405,0
68629,67416,1407,1
68631,0,1405,0
68633,0,1405,0
68635,0,1407,0
68637,0,1411,0
68639,0,1406,0
68641,0,1407,0
68643,0,1406,0
68645,0,1407,0
68647,0,1405,0
68649,0,1407,0
68651,0,1407,0
68653,0,1405,0
68655,0,1407,0
68657,0,1405,0
68659,0,1407,0
68661,0,1407,0
68663,0,1405,0
68665,0,1405,0
68667,0,1407,0
68669,67405,1405,1
68671,0,1407,0
68673,0,1403,0
68675,0,1403,0
68677,0,1406,0
68679,0,1407,0
68681,0,1405,0
68683,0,1405,0
68685,0,1405,0
68687,0,1407,0
68689,0,1406,0
68691,0,1407,0
68693,0,1407,0
68695,0,1405,0
68697,0,1406,0
68699,0,1405,0
68701,0,1405,0
68703,0,1405,0
68705,0,1407,0
68707,0,1405,0
68709,67352,1406,1
68711,0,1407,0
68713,0,1406,0
68715,0,1405,0
68717,0,1406,0
68719,0,1406,0
68721,0,1407,0
68723,0,1407,0
68725,0,1406,0
68727,0,1405,0
68729,0,1405,0
68731,0,1405,0
68733,0,1407,0
68735,0,1407,0
68737,0,1407,0
68739,0,1407,0
68741,0,1407,0
68743,0,1405,0
68745,0,1407,0
68747,0,1405,0
68749,67337,1407,1
68751,0,1405,0
68753,0,1407,0
68755,0,1407,0
68757,0,1408,0
68759,0,1407,0
68761,0,1407,0
68763,0,1408,0
68765,0,1405,0
68767,0,1407,0
68769,0,1405,0
68771,0,1407,0
68773,0,1407,0
68775,0,1407,0
68777,0,1405,0
68779,0,1406,0
68781,0,1407,0
68783,0,1406,0
68785,0,1407,0
68787,67364,1407,1
68789,0,1407,0
68791,0,1407,0
68793,0,1413,0
68795,0,1407,0
68797,0,1407,0
68799,0,1407,0
68801,0,1405,0
68803,0,1407,0
68805,0,1407,0
68807,0,1405,0
68809,0,1406,0
68811,0,1407,0
68813,0,1405,0
68815,0,1407,0
68817,0,1406,0
68819,0,1405,0
68821,0,1407,0
68823,0,1406,0
68825,0,1407,0
68827,67394,1401,1
68829,0,1407,0
68831,0,1407,0
68833,0,1405,0
68835,0,1408,0
68837,0,1407,0
68839,0,1406,0
68841,0,1405,0
68843,0,1407,0
68845,0,1413,0
68847,0,1405,0
68849,0,1406,0
68851,0,1406,0
68853,0,1407,0
68855,0,1407,0
68857,0,1407,0
68859,0,1405,0
68861,0,1407,0
68863,0,1407,0
68865,0,1405,0
68867,67404,1413,1
68869,0,1405,0
68871,0,1405,0
68873,0,1406,0
68875,0,1406,0
68877,0,1405,0
68879,0,1405,0
68881,0,1407,0
68883,0,1407,0
68885,0,1406,0
68887,0,1405,0
68889,0,1405,0
68891,0,1406,0
68893,0,1408,0
68895,0,1405,0
68897,0,1407,0
68899,0,1405,0
68901,0,1405,0
68903,0,1407,0
68905,0,1403,0
68907,67408,1407,1
68909,0,1407,0
68911,0,1405,0
68913,0,1406,0
68915,0,1404,0
68917,0,1406,0
68919,0,1407,0
68921,0,1407,0
68923,0,1405,0
68925,0,1407,0
68927,0,1407,0
68929,0,1413,0
68931,0,1407,0
68933,0,1405,0
68935,0,1405,0
68937,0,1407,0
68939,0,1407,0
68941,0,1406,0
68943,0,1407,0
68945,0,1405,0
68947,67409,1406,1
68949,0,1407,0
68951,0,1405,0
68953,0,1407,0
68955,0,1407,0
68957,0,1407,0
68959,0,1407,0
68961,0,1412,0
68963,0,1405,0
68965,0,1407,0
68967,0,1407,0
68969,0,1407,0
68971,0,1407,0
68973,0,1405,0
68975,0,1403,0
68977,0,1407,0
68979,0,1406,0
68981,0,1407,0
68983,0,1406,0
68985,0,1407,0
68987,67407,1408,1
68989,0,1407,0
68991,0,1407,0
68993,0,1407,0
68995,0,1405,0
68997,0,1407,0
68999,0,1405,0
69001,0,1406,0
69003,0,1407,0
69005,0,1405,0
69007,0,1407,0
69009,0,1405,0
69011,0,1407,0
69013,0,1407,0
69015,0,1407,0
69017,0,1406,0
69019,0,1406,0
69021,0,1407,0
69023,0,1407,0
69025,0,1407,0
69027,67432,1405,1
69029,0,1407,0
69031,0,1407,0
69033,0,1407,0
69035,0,1406,0
69037,0,1404,0
69039,0,1407,0
69041,0,1406,0
69043,0,1406,0
69045,0,1407,0
69047,0,1407,0
69049,0,1406,0
69051,0,1417,0
69053,0,1407,0
69055,0,1407,0
69057,0,1405,0
69059,0,1406,0
69061,0,1407,0
69063,0,1407,0
69065,0,1405,0
69067,67429,1407,1
69069,0,1407,0
69071,0,1406,0
69073,0,1407,0
69075,0,1407,0
69077,0,1407,0
69079,0,1407,0
69081,0,1408,0
69083,0,1407,0
69085,0,1407,0
69087,0,1407,0
69089,0,1407,0
69091,0,1407,0
69093,0,1407,0
69095,0,1407,0
69097,0,1407,0
69099,0,1406,0
69101,0,1407,0
69103,0,1408,0
69105,0,1407,0
69107,67393,1413,1
69109,0,1408,0
69111,0,1405,0
69113,0,1407,0
69115,0,1407,0
69117,0,1407,0
69119,0,1406,0
69121,0,1413,0
69123,0,1407,0
69125,0,1407,0
69127,0,1407,0
69129,0,1407,0
69131,0,1405,0
69133,0,1415,0
69135,0,1407,0
69137,0,1407,0
69139,0,1406,0
69141,0,1405,0
69143,0,1405,0
69145,0,1407,0
69147,67387,1407,1
69149,0,1407,0
69151,0,1407,0
69153,0,1408,0
69155,0,1407,0
69157,0,1405,0
69159,0,1407,0
69161,0,1407,0
69163,0,1405,0
69165,0,1427,0
69167,0,1407,0
69169,0,1407,0
69171,0,1415,0
69173,0,1405,0
69175,0,1413,0
69177,0,1407,0
69179,0,1407,0
69181,0,1405,0
69183,0,1407,0
69185,67409,1405,1
69187,0,1406,0
69189,0,1408,0
69191,0,1408,0
69193,0,1407,0
69195,0,1407,0
69197,0,1407,0
69199,0,1407,0
69201,0,1407,0
69203,0,1415,0
69205,0,1415,0
69207,0,1407,0
69209,0,1407,0
69211,0,1407,0
69213,0,1406,0
69215,0,1407,0
69217,0,1407,0
69219,0,1405,0
69221,0,1407,0
69223,0,1408,0
69225,67418,1408,1
69227,0,1408,0
69229,0,1407,0
69231,0,1407,0
69233,0,1407,0
69235,0,1407,0
69237,0,1407,0
69239,0,1405,0
69241,0,1407,0
69243,0,1407,0
69245,0,1413,0
69247,0,1407,0
69249,0,1406,0
69251,0,1407,0
69253,0,1406,0
69255,0,1407,0
69257,0,1407,0
69259,0,1407,0
69261,0,1407,0
69263,0,1407,0
69265,67429,1407,1
69267,0,1408,0
69269,0,1407,0
69271,0,1407,0
69273,0,1407,0
69275,0,1407,0
69277,0,1407,0
69279,0,1407,0
69281,0,1407,0
69283,0,1407,0
69285,0,1406,0
69287,0,1408,0
69289,0,1407,0
69291,0,1417,0
69293,0,1407,0
69295,0,1407,0
69297,0,1413,0
69299,0,1407,0
69301,0,1407,0
69303,0,1407,0
69305,67435,1407,1
69307,0,1407,0
69309,0,1407,0
69311,0,1406,0
69313,0,1407,0
69315,0,1414,0
69317,0,1407,0
69319,0,1407,0
69321,0,1405,0
69323,0,1407,0
69325,0,1407,0
69327,0,1407,0
69329,0,1407,0
69331,0,1407,0
69333,0,1405,0
69335,0,1407,0
69337,0,1407,0
69339,0,1406,0
69341,0,1405,0
69343,0,1406,0
69345,67436,1407,1
69347,0,1406,0
69349,0,1405,0
69351,0,1406,0
69353,0,1413,0
69355,0,1413,0
69357,0,1407,0
69359,0,1414,0
69361,0,1407,0
69363,0,1406,0
69365,0,1413,0
69367,0,1407,0
69369,0,1407,0
69371,0,1403,0
69373,0,1407,0
69375,0,1407,0
69377,0,1407,0
69379,0,1407,0
69381,0,1413,0
69383,0,1407,0
69385,67441,1406,1
69387,0,1407,0
69389,0,1407,0
69391,0,1407,0
69393,0,1407,0
69395,0,1407,0
69397,0,1407,0
69399,0,1407,0
69401,0,1407,0
69403,0,1407,0
69405,0,1407,0
69407,0,1412,0
69409,0,1407,0
69411,0,1413,0
69413,0,1407,0
69415,0,1413,0
69417,0,1407,0
69419,0,1407,0
69421,0,1407,0
69423,0,1407,0
69425,67462,1406,1
69427,0,1407,0
69429,0,1406,0
69431,0,1408,0
69433,0,1413,0
69435,0,1412,0
69437,0,1407,0
69439,0,1406,0
69441,0,1405,0
69443,0,1415,0
69445,0,1407,0
69447,0,1407,0
69449,0,1414,0
69451,0,1407,0
69453,0,1405,0
69455,0,1407,0
69457,0,1407,0
69459,0,1414,0
69461,0,1407,0
69463,0,1415,0
69465,67475,1407,1
69467,0,1407,0
69469,0,1407,0
69471,0,1407,0
69473,0,1407,0
69475,0,1407,0
69477,0,1413,0
69479,0,1408,0
69481,0,1412,0
69483,0,1403,0
69485,0,1407,0
69487,0,1407,0
69489,0,1407,0
69491,0,1406,0
69493,0,1405,0
69495,0,1407,0
69497,0,1407,0
69499,0,1407,0
69501,0,1407,0
69503,0,1415,0
69505,67437,1406,1
69507,0,1407,0
69509,0,1405,0
69511,0,1408,0
69513,0,1408,0
69515,0,1413,0
69517,0,1407,0
69519,0,1405,0
69521,0,1407,0
69523,0,1407,0
69525,0,1413,0
69527,0,1407,0
69529,0,1405,0
69531,0,1407,0
69533,0,1413,0
69535,0,1415,0
69537,0,1412,0
69539,0,1407,0
69541,0,1415,0
69543,0,1407,0
69545,67416,1412,1
69547,0,1407,0
69549,0,1407,0
69551,0,1407,0
69553,0,1407,0
69555,0,1408,0
69557,0,1407,0
69559,0,1413,0
69561,0,1414,0
69563,0,1407,0
69565,0,1407,0
69567,0,1413,0
69569,0,1407,0
69571,0,1413,0
69573,0,1407,0
69575,0,1407,0
69577,0,1406,0
69579,0,1413,0
69581,0,1407,0
69583,67428,1413,1
69585,0,1414,0
69587,0,1407,0
69589,0,1413,0
69591,0,1413,0
69593,0,1408,0
69595,0,1417,0
69597,0,1413,0
69599,0,1413,0
69601,0,1413,0
69603,0,1413,0
69605,0,1407,0
69607,0,1414,0
69609,0,1408,0
69611,0,1407,0
69613,0,1414,0
69615,0,1413,0
69617,0,1407,0
69619,0,1414,0
69621,0,1407,0
69623,67439,1407,1
69625,0,1414,0
69627,0,1407,0
69629,0,1406,0
69631,0,1412,0
69633,0,1417,0
69635,0,1415,0
69637,0,1407,0
69639,0,1407,0
69641,0,1412,0
69643,0,1407,0
69645,0,1407,0
69647,0,1403,0
69649,0,1407,0
69651,0,1414,0
69653,0,1413,0
69655,0,1407,0
69657,0,1407,0
69659,0,1407,0
69661,0,1407,0
69663,67463,1414,1
69665,0,1407,0
69667,0,1403,0
69669,0,1408,0
69671,0,1407,0
69673,0,1407,0
69675,0,1407,0
69677,0,1407,0
69679,0,1407,0
69681,0,1407,0
69683,0,1407,0
69685,0,1407,0
69687,0,1406,0
69689,0,1407,0
69691,0,1415,0
69693,0,1407,0
69695,0,1407,0
69697,0,1407,0
69699,0,1413,0
69701,0,1407,0
69703,67465,1407,1
69705,0,1412,0
69707,0,1413,0
69709,0,1417,0
69711,0,1413,0
69713,0,1407,0
69715,0,1413,0
69717,0,1407,0
69719,0,1407,0
69721,0,1407,0
69723,0,1413,0
69725,0,1407,0
69727,0,1413,0
69729,0,1407,0
69731,0,1407,0
69733,0,1408,0
69735,0,1413,0
69737,0,1406,0
69739,0,1415,0
69741,0,1415,0
69743,67467,1413,1
69745,0,1407,0
69747,0,1407,0
69749,0,1408,0
69751,0,1413,0
69753,0,1408,0
69755,0,1415,0
69757,0,1413,0
69759,0,1408,0
69761,0,1407,0
69763,0,1412,0
69765,0,1407,0
69767,0,1407,0
69769,0,1415,0
69771,0,1414,0
69773,0,1414,0
69775,0,1413,0
69777,0,1413,0
69779,0,1413,0
69781,0,1407,0
69783,67465,1408,1
69785,0,1413,0
69787,0,1407,0
69789,0,1407,0
69791,0,1413,0
69793,0,1413,0
69795,0,1415,0
69797,0,1414,0
69799,0,1413,0
69801,0,1413,0
69803,0,1413,0
69805,0,1413,0
69807,0,1408,0
69809,0,1407,0
69811,0,1413,0
69813,0,1414,0
69815,0,1407,0
69817,0,1407,0
69819,0,1413,0
69821,0,1413,0
69823,67487,1407,1
69825,0,1407,0
69827,0,1414,0
69829,0,1413,0
69831,0,1413,0
69833,0,1407,0
69835,0,1407,0
69837,0,1414,0
69839,0,1407,0
69841,0,1407,0
69843,0,1414,0
69845,0,1414,0
69847,0,1415,0
69849,0,1417,0
69851,0,1415,0
69853,0,1407,0
69855,0,1413,0
69857,0,1407,0
69859,0,1407,0
69861,0,1413,0
69863,67522,1413,1
69865,0,1413,0
69867,0,1413,0
69869,0,1407,0
69871,0,1413,0
69873,0,1413,0
69875,0,1413,0
69877,0,1413,0
69879,0,1415,0
69881,0,1413,0
69883,0,1413,0
69885,0,1413,0
69887,0,1413,0
69889,0,1399,0
69891,0,1413,0
69893,0,1413,0
69895,0,1414,0
69897,0,1415,0
69899,0,1413,0
69901,0,1413,0
69903,67512,1413,1
69905,0,1407,0
69907,0,1413,0
69909,0,1414,0
69911,0,1417,0
69913,0,1415,0
69915,0,1413,0
69917,0,1415,0
69919,0,1415,0
69921,0,1415,0
69923,0,1407,0
69925,0,1415,0
69927,0,1407,0
69929,0,1415,0
69931,0,1405,0
69933,0,1415,0
69935,0,1413,0
69937,0,1407,0
69939,0,1415,0
69941,0,1407,0
69943,67483,1414,1
69945,0,1407,0
69947,0,1414,0
69949,0,1413,0
69951,0,1414,0
69953,0,1415,0
69955,0,1413,0
69957,0,1407,0
69959,0,1415,0
69961,0,1407,0
69963,0,1415,0
69965,0,1414,0
69967,0,1413,0
69969,0,1414,0
69971,0,1414,0
69973,0,1407,0
69975,0,1407,0
69977,0,1407,0
69979,0,1413,0
69981,67492,1407,1
69983,0,1413,0
69985,0,1413,0
69987,0,1413,0
69989,0,1415,0
69991,0,1413,0
69993,0,1415,0
69995,0,1407,0
69997,0,1415,0
69999,0,1415,0
70001,0,1407,0
70003,0,1414,0
70005,0,1414,0
70007,0,1397,0
70009,0,1414,0
70011,0,1407,0
70013,0,1408,0
70015,0,1414,0
70018,0,1414,0
70020,0,1414,0
70022,67505,1415,1
70024,0,1415,0
70026,0,1415,0
70028,0,1408,0
70030,0,1413,0
70032,0,1415,0
70034,0,1414,0
70036,0,1415,0
70038,0,1413,0
70040,0,1407,0
70042,0,1415,0
70044,0,1415,0
70046,0,1413,0
70048,0,1413,0
70050,0,1414,0
70052,0,1407,0
70054,0,1415,0
70056,0,1415,0
70058,0,1414,0
70060,0,1414,0
70062,67521,1414,1
70064,0,1418,0
70066,0,1415,0
70068,0,1407,0
70070,0,1407,0
70072,0,1415,0
70074,0,1414,0
70076,0,1407,0
70078,0,1413,0
70080,0,1415,0
70082,0,1413,0
70084,0,1415,0
70086,0,1415,0
70088,0,1414,0
70090,0,1415,0
70092,0,1414,0
70094,0,1407,0
70096,0,1415,0
70098,0,1415,0
70100,0,1407,0
70102,67531,1412,1
70104,0,1408,0
70106,0,1428,0
70108,0,1415,0
70110,0,1415,0
70112,0,1414,0
70114,0,1415,0
70116,0,1413,0
70118,0,1415,0
70120,0,1413,0
70122,0,1414,0
70124,0,1414,0
70126,0,1415,0
70128,0,1414,0
70130,0,1408,0
70132,0,1414,0
70134,0,1413,0
70136,0,1407,0
70138,0,1415,0
70140,0,1413,0
70142,67530,1414,1
70144,0,1413,0
70146,0,1414,0
70148,0,1413,0
70150,0,1415,0
70152,0,1407,0
70154,0,1407,0
70156,0,1416,0
70158,0,1415,0
70160,0,1415,0
70162,0,1415,0
70164,0,1415,0
70166,0,1414,0
70168,0,1415,0
70170,0,1415,0
70172,0,1415,0
70174,0,1415,0
70176,0,1414,0
70178,0,1399,0
70180,0,1415,0
70182,67527,1415,1
70184,0,1408,0
70186,0,1406,0
70188,0,1414,0
70190,0,1415,0
70192,0,1415,0
70194,0,1415,0
70196,0,1413,0
70198,0,1407,0
70200,0,1416,0
70202,0,1415,0
70204,0,1415,0
70206,0,1405,0
70208,0,1415,0
70210,0,1414,0
70212,0,1416,0
70214,0,1415,0
70216,0,1407,0
70218,0,1415,0
70220,0,1414,0
70222,67546,1399,1
70224,0,1408,0
70226,0,1413,0
70228,0,1415,0
70230,0,1415,0
70232,0,1407,0
70234,0,1415,0
70236,0,1407,0
70238,0,1415,0
70240,0,1415,0
70242,0,1415,0
70244,0,1406,0
70246,0,1415,0
70248,0,1414,0
70250,0,1413,0
70252,0,1415,0
70254,0,1414,0
70256,0,1415,0
70258,0,1416,0
70260,0,1416,0
70262,67570,1414,1
70264,0,1411,0
70266,0,1416,0
70268,0,1415,0
70270,0,1413,0
70272,0,1413,0
70274,0,1415,0
70276,0,1414,0
70278,0,1415,0
70280,0,1414,0
70282,0,1415,0
70284,0,1414,0
70286,0,1414,0
70288,0,1415,0
70290,0,1415,0
70292,0,1413,0
70294,0,1414,0
70296,0,1414,0
70298,0,1414,0
70300,0,1413,0
70302,67547,1414,1
70304,0,1407,0
70306,0,1415,0
70308,0,1413,0
70310,0,1414,0
70312,0,1413,0
70314,0,1415,0
70316,0,1413,0
70318,0,1408,0
70320,0,1414,0
70322,0,1414,0
70324,0,1414,0
70326,0,1415,0
70328,0,1413,0
70330,0,1406,0
70332,0,1416,0
70334,0,1413,0
70336,0,1415,0
70338,0,1414,0
70340,0,1415,0
70342,67522,1415,1
70344,0,1414,0
70346,0,1415,0
70348,0,1415,0
70350,0,1414,0
70352,0,1415,0
70354,0,1415,0
70356,0,1415,0
70358,0,1407,0
70360,0,1413,0
70362,0,1416,0
70364,0,1415,0
70366,0,1415,0
70368,0,1415,0
70370,0,1413,0
70372,0,1415,0
70374,0,1415,0
70376,0,1415,0
70378,0,1413,0
70380,67538,1414,1
70382,0,1408,0
70384,0,1415,0
70386,0,1415,0
70388,0,1415,0
70390,0,1407,0
70392,0,1414,0
70394,0,1413,0
70396,0,1415,0
70398,0,1415,0
70400,0,1407,0
70402,0,1414,0
70404,0,1415,0
70406,0,1413,0
70408,0,1415,0
70410,0,1415,0
70412,0,1415,0
70414,0,1415,0
70416,0,1413,0
70418,0,1415,0
70420,67553,1413,1
70422,0,1415,0
70424,0,1415,0
70426,0,1415,0
70428,0,1415,0
70430,0,1415,0
70432,0,1416,0
70434,0,1415,0
70436,0,1415,0
70438,0,1415,0
70440,0,1415,0
70442,0,1415,0
70444,0,1415,0
70446,0,1415,0
70448,0,1415,0
70450,0,1413,0
70452,0,1415,0
70454,0,1415,0
70456,0,1415,0
70458,0,1417,0
70460,67551,1416,1
70462,0,1415,0
70464,0,1415,0
70466,0,1414,0
70468,0,1413,0
70470,0,1416,0
70472,0,1419,0
70474,0,1415,0
70476,0,1415,0
70478,0,1415,0
70480,0,1413,0
70482,0,1416,0
70484,0,1407,0
70486,0,1415,0
70488,0,1415,0
70490,0,1416,0
70492,0,1415,0
70494,0,1416,0
70496,0,1413,0
70498,0,1415,0
70500,67547,1415,1
70502,0,1417,0
70504,0,1416,0
70506,0,1417,0
70508,0,1415,0
70510,0,1415,0
70512,0,1415,0
70514,0,1415,0
70516,0,1416,0
70518,0,1415,0
70520,0,1415,0
70522,0,1414,0
70524,0,1415,0
70526,0,1415,0
70528,0,1416,0
70530,0,1415,0
70532,0,1414,0
70534,0,1414,0
70536,0,1415,0
70538,0,1415,0
70540,67555,1415,1
70542,0,1414,0
70544,0,1414,0
70546,0,1415,0
70548,0,1415,0
70550,0,1413,0
70552,0,1415,0
70554,0,1415,0
70556,0,1417,0
70558,0,1417,0
70560,0,1415,0
70562,0,1414,0
70564,0,1415,0
70566,0,1415,0
70568,0,1415,0
70570,0,1415,0
70572,0,1415,0
70574,0,1415,0
70576,0,1413,0
70578,0,1416,0
70580,67567,1415,1
70582,0,1415,0
70584,0,1415,0
70586,0,1415,0
70588,0,1415,0
70590,0,1415,0
70592,0,1416,0
70594,0,1415,0
70596,0,1405,0
70598,0,1415,0
70600,0,1416,0
70602,0,1416,0
70604,0,1413,0
70606,0,1415,0
70608,0,1414,0
70610,0,1408,0
70612,0,1415,0
70614,0,1416,0
70616,0,1415,0
70618,0,1413,0
70620,67592,1415,1
70622,0,1415,0
70624,0,1415,0
70626,0,1416,0
70628,0,1416,0
70630,0,1421,0
70632,0,1416,0
70634,0,1415,0
70636,0,1414,0
70638,0,1415,0
70640,0,1415,0
70642,0,1415,0
70644,0,1415,0
70646,0,1415,0
70648,0,1415,0
70650,0,1415,0
70652,0,1413,0
70654,0,1416,0
70656,0,1415,0
70658,0,1415,0
70660,67603,1406,1
70662,0,1416,0
70664,0,1415,0
70666,0,1413,0
70668,0,1415,0
70670,0,1415,0
70672,0,1407,0
70674,0,1413,0
70676,0,1415,0
70678,0,1417,0
70680,0,1413,0
70682,0,1415,0
70684,0,1413,0
70686,0,1414,0
70688,0,1415,0
70690,0,1416,0
70692,0,1415,0
70694,0,1416,0
70696,0,1414,0
70698,0,1416,0
70700,67585,1416,1
70702,0,1415,0
70704,0,1416,0
70706,0,1413,0
70708,0,1415,0
70710,0,1415,0
70712,0,1415,0
70714,0,1415,0
70716,0,1416,0
70718,0,1415,0
70720,0,1416,0
70722,0,1413,0
70724,0,1414,0
70726,0,1415,0
70728,0,1417,0
70730,0,1414,0
70732,0,1416,0
70734,0,1415,0
70736,0,1417,0
70738,0,1416,0
70740,67562,1414,1
70742,0,1415,0
70744,0,1414,0
70746,0,1416,0
70748,0,1415,0
70750,0,1415,0
70752,0,1417,0
70754,0,1416,0
70756,0,1415,0
70758,0,1408,0
70760,0,1415,0
70762,0,1415,0
70764,0,1417,0
70766,0,1415,0
70768,0,1414,0
70770,0,1415,0
70772,0,1416,0
70774,0,1416,0
70776,0,1416,0
70778,67580,1416,1
70780,0,1417,0
70782,0,1415,0
70784,0,1419,0
70786,0,1415,0
70788,0,1416,0
70790,0,1415,0
70792,0,1413,0
70794,0,1414,0
70796,0,1415,0
70798,0,1415,0
70800,0,1415,0
70802,0,1396,0
70804,0,1415,0
70806,0,1415,0
70808,0,1416,0
70810,0,1416,0
70812,0,1419,0
70814,0,1415,0
70816,0,1417,0
70818,67607,1415,1
70820,0,1417,0
70822,0,1415,0
70824,0,1416,0
70826,0,1415,0
70828,0,1416,0
70830,0,1415,0
70832,0,1415,0
70834,0,1416,0
70836,0,1415,0
70838,0,1417,0
70840,0,1416,0
70842,0,1415,0
70844,0,1416,0
70846,0,1416,0
70848,0,1415,0
70850,0,1415,0
70852,0,1415,0
70854,0,1415,0
70856,0,1415,0
70858,67604,1415,1
70860,0,1413,0
70862,0,1417,0
70864,0,1415,0
70866,0,1415,0
70868,0,1416,0
70870,0,1415,0
70872,0,1416,0
70874,0,1415,0
70876,0,1415,0
70878,0,1415,0
70880,0,1414,0
70882,0,1416,0
70884,0,1415,0
70886,0,1416,0
70888,0,1415,0
70890,0,1415,0
70892,0,1415,0
70894,0,1415,0
70896,0,1413,0
70898,67608,1415,1
70900,0,1416,0
70902,0,1415,0
70904,0,1415,0
70906,0,1408,0
70908,0,1418,0
70910,0,1415,0
70912,0,1416,0
70914,0,1415,0
70916,0,1415,0
70918,0,1414,0
70920,0,1415,0
70922,0,1415,0
70924,0,1415,0
70926,0,1414,0
70928,0,1415,0
70930,0,1415,0
70932,0,1415,0
70934,0,1417,0
70936,0,1415,0
70938,67613,1408,1
70940,0,1414,0
70942,0,1415,0
70944,0,1415,0
70946,0,1415,0
70948,0,1415,0
70950,0,1416,0
70952,0,1415,0
70954,0,1416,0
70956,0,1415,0
70958,0,1415,0
70960,0,1417,0
70962,0,1413,0
70964,0,1415,0
70966,0,1415,0
70968,0,1415,0
70970,0,1416,0
70972,0,1415,0
70974,0,1416,0
70976,0,1414,0
70978,67621,1415,1
70980,0,1417,0
70982,0,1417,0
70984,0,1414,0
70986,0,1414,0
70988,0,1416,0
70990,0,1415,0
70992,0,1416,0
70994,0,1416,0
70996,0,1416,0
70998,0,1417,0
71000,0,1415,0
71002,0,1417,0
71004,0,1414,0
71006,0,1415,0
71008,0,1415,0
71010,0,1418,0
71012,0,1415,0
71014,0,1417,0
71016,0,1414,0
71018,67645,1417,1
71020,0,1415,0
71022,0,1415,0
71024,0,1416,0
71026,0,1416,0
71028,0,1415,0
71030,0,1416,0
71032,0,1417,0
71034,0,1416,0
71036,0,1415,0
71038,0,1417,0
71040,0,1415,0
71042,0,1416,0
71044,0,1416,0
71046,0,1415,0
71048,0,1407,0
71050,0,1415,0
71052,0,1415,0
71054,0,1416,0
71056,0,1417,0
71058,67666,1413,1
71060,0,1415,0
71062,0,1415,0
71064,0,1415,0
71066,0,1417,0
71068,0,1417,0
71070,0,1415,0
71072,0,1416,0
71074,0,1414,0
71076,0,1416,0
71078,0,1415,0
71080,0,1416,0
71082,0,1415,0
71084,0,1416,0
71086,0,1416,0
71088,0,1419,0
71090,0,1419,0
71092,0,1416,0
71094,0,1416,0
71096,0,1415,0
71098,67657,1416,1
71100,0,1416,0
71102,0,1417,0
71104,0,1415,0
71106,0,1415,0
71108,0,1417,0
71110,0,1405,0
71112,0,1416,0
71114,0,1416,0
71116,0,1415,0
71118,0,1416,0
71120,0,1417,0
71122,0,1416,0
71124,0,1416,0
71126,0,1414,0
71128,0,1416,0
71130,0,1415,0
71132,0,1419,0
71134,0,1415,0
71136,0,1417,0
71138,67609,1415,1
71140,0,1407,0
71142,0,1416,0
71144,0,1416,0
71146,0,1418,0
71148,0,1415,0
71150,0,1416,0
71152,0,1417,0
71154,0,1417,0
71156,0,1417,0
71158,0,1416,0
71160,0,1415,0
71162,0,1415,0
71164,0,1415,0
71166,0,1416,0
71168,0,1416,0
71170,0,1416,0
71172,0,1416,0
71174,0,1417,0
71176,0,1415,0
71178,67618,1415,1
71180,0,1416,0
71182,0,1413,0
71184,0,1419,0
71186,0,1417,0
71188,0,1417,0
71190,0,1417,0
71192,0,1417,0
71194,0,1415,0
71196,0,1415,0
71198,0,1417,0
71200,0,1417,0
71202,0,1416,0
71204,0,1416,0
71206,0,1416,0
71208,0,1417,0
71210,0,1417,0
71212,0,1415,0
71214,0,1414,0
71216,67627,1415,1
71218,0,1417,0
71220,0,1417,0
71222,0,1417,0
71224,0,1415,0
71226,0,1415,0
71228,0,1416,0
71230,0,1415,0
71232,0,1415,0
71234,0,1417,0
71236,0,1413,0
71238,0,1417,0
71240,0,1415,0
71242,0,1417,0
71244,0,1416,0
71246,0,1417,0
71248,0,1417,0
71250,0,1417,0
71252,0,1415,0
71254,0,1416,0
71256,67626,1417,1
71258,0,1414,0
71260,0,1417,0
71262,0,1417,0
71264,0,1415,0
71266,0,1415,0
71268,0,1415,0
71270,0,1417,0
71272,0,1415,0
71274,0,1417,0
71276,0,1417,0
71278,0,1417,0
71280,0,1416,0
71282,0,1417,0
71284,0,1415,0
71286,0,1417,0
71288,0,1408,0
71290,0,1407,0
71292,0,1417,0
71294,0,1417,0
71296,67634,1417,1
71298,0,1415,0
71300,0,1417,0
71302,0,1415,0
71304,0,1417,0
71306,0,1415,0
71308,0,1415,0
71310,0,1415,0
71312,0,1421,0
71314,0,1417,0
71316,0,1416,0
71318,0,1417,0
71320,0,1416,0
71322,0,1416,0
71324,0,1415,0
71326,0,1415,0
71328,0,1416,0
71330,0,1416,0
71332,0,1416,0
71334,0,1415,0
71336,67634,1415,1
71338,0,1416,0
71340,0,1416,0
71342,0,1417,0
71344,0,1415,0
71346,0,1415,0
71348,0,1417,0
71350,0,1417,0
71352,0,1414,0
71354,0,1417,0
71356,0,1418,0
71358,0,1417,0
71360,0,1417,0
71362,0,1416,0
71364,0,1416,0
71366,0,1415,0
71368,0,1416,0
71370,0,1417,0
71372,0,1417,0
71374,0,1417,0
71376,67639,1415,1
71378,0,1415,0
71380,0,1417,0
71382,0,1408,0
71384,0,1415,0
71386,0,1415,0
71388,0,1415,0
71390,0,1417,0
71392,0,1417,0
71394,0,1415,0
71396,0,1416,0
71398,0,1417,0
71400,0,1416,0
71402,0,1417,0
71404,0,1415,0
71406,0,1416,0
71408,0,1417,0
71410,0,1416,0
71412,0,1416,0
71414,0,1417,0
71416,67649,1415,1
71418,0,1417,0
71420,0,1417,0
71422,0,1415,0
71424,0,1416,0
71426,0,1417,0
71428,0,1417,0
71430,0,1416,0
71432,0,1417,0
71434,0,1417,0
71436,0,1416,0
71438,0,1419,0
71440,0,1415,0
71442,0,1417,0
71444,0,1415,0
71446,0,1416,0
71448,0,1417,0
71450,0,1415,0
71452,0,1415,0
71454,0,1415,0
71456,67692,1417,1
71458,0,1414,0
71460,0,1417,0
71462,0,1416,0
71464,0,1417,0
71466,0,1417,0
71468,0,1415,0
71470,0,1416,0
71472,0,1414,0
71474,0,1417,0
71476,0,1417,0
71478,0,1415,0
71480,0,1417,0
71482,0,1417,0
71484,0,1417,0
71486,0,1417,0
71488,0,1417,0
71490,0,1417,0
71492,0,1417,0
71494,0,1415,0
71496,67669,1417,1
71498,0,1417,0
71500,0,1416,0
71502,0,1416,0
71504,0,1407,0
71506,0,1416,0
71508,0,1415,0
71510,0,1418,0
71512,0,1417,0
71514,0,1420,0
71516,0,1415,0
71518,0,1416,0
71520,0,1417,0
71522,0,1417,0
71524,0,1417,0
71526,0,1415,0
71528,0,1417,0
71530,0,1417,0
71532,0,1417,0
71534,0,1417,0
71536,67614,1417,1
71538,0,1417,0
71540,0,1416,0
71542,0,1417,0
71544,0,1417,0
71546,0,1416,0
71548,0,1417,0
71550,0,1416,0
71552,0,1417,0
71554,0,1417,0
71556,0,1417,0
71558,0,1417,0
71560,0,1417,0
71562,0,1417,0
71564,0,1417,0
71566,0,1417,0
71568,0,1416,0
71570,0,1417,0
71572,0,1417,0
71574,0,1419,0
71576,67626,1417,1
71578,0,1419,0
71580,0,1415,0
71582,0,1417,0
71584,0,1417,0
71586,0,1416,0
71588,0,1415,0
71590,0,1417,0
71592,0,1417,0
71594,0,1417,0
71596,0,1415,0
71598,0,1417,0
71600,0,1417,0
71602,0,1417,0
71604,0,1417,0
71606,0,1419,0
71608,0,1417,0
71610,0,1415,0
71612,0,1418,0
71614,67647,1417,1
71616,0,1416,0
71618,0,1417,0
71620,0,1415,0
71622,0,1417,0
71624,0,1417,0
71626,0,1418,0
71628,0,1417,0
71630,0,1416,0
71632,0,1416,0
71634,0,1417,0
71636,0,1416,0
71638,0,1417,0
71640,0,1417,0
71642,0,1416,0
71644,0,1417,0
71646,0,1418,0
71648,0,1417,0
71650,0,1419,0
71652,0,1417,0
71654,67653,1417,1
71656,0,1417,0
71658,0,1417,0
71660,0,1416,0
71662,0,1417,0
71664,0,1417,0
71666,0,1419,0
71668,0,1419,0
71670,0,1417,0
71672,0,1417,0
71674,0,1417,0
71676,0,1417,0
71678,0,1417,0
71680,0,1417,0
71682,0,1417,0
71684,0,1417,0
71686,0,1417,0
71688,0,1417,0
71690,0,1407,0
71692,0,1417,0
71694,67659,1417,1
71696,0,1417,0
71698,0,1419,0
71700,0,1415,0
71702,0,1418,0
71704,0,1419,0
71706,0,1417,0
71708,0,1417,0
71710,0,1415,0
71712,0,1417,0
71714,0,1418,0
71716,0,1417,0
71718,0,1419,0
71720,0,1419,0
71722,0,1416,0
71724,0,1416,0
71726,0,1417,0
71728,0,1417,0
71730,0,1417,0
71732,0,1417,0
71734,67656,1417,1
71736,0,1417,0
71738,0,1416,0
71740,0,1419,0
71742,0,1419,0
71744,0,1417,0
71746,0,1419,0
71748,0,1416,0
71750,0,1416,0
71752,0,1418,0
71754,0,1417,0
71756,0,1417,0
71758,0,1417,0
71760,0,1416,0
71762,0,1416,0
71764,0,1417,0
71766,0,1416,0
71768,0,1417,0
71770,0,1417,0
71772,0,1417,0
71774,67651,1417,1
71776,0,1418,0
71778,0,1418,0
71780,0,1417,0
71782,0,1416,0
71784,0,1417,0
71786,0,1416,0
71788,0,1417,0
71790,0,1417,0
71792,0,1417,0
71794,0,1418,0
71796,0,1417,0
71798,0,1416,0
71800,0,1419,0
71802,0,1417,0
71804,0,1417,0
71806,0,1417,0
71808,0,1417,0
71810,0,1417,0
71812,0,1418,0
71814,67658,1416,1
71816,0,1417,0
71818,0,1417,0
71820,0,1417,0
71822,0,1417,0
71824,0,1417,0
71826,0,1419,0
71828,0,1417,0
71830,0,1415,0
71832,0,1417,0
71834,0,1415,0
71836,0,1419,0
71838,0,1417,0
71840,0,1416,0
71842,0,1417,0
71844,0,1417,0
71846,0,1419,0
71848,0,1415,0
71850,0,1417,0
71852,0,1419,0
71854,67684,1415,1
71856,0,1416,0
71858,0,1417,0
71860,0,1417,0
71862,0,1419,0
71864,0,1417,0
71866,0,1416,0
71869,0,1417,0
71871,0,1417,0
71873,0,1416,0
71875,0,1417,0
71877,0,1419,0
71879,0,1419,0
71881,0,1417,0
71883,0,1417,0
71885,0,1418,0
71887,0,1416,0
71889,0,1417,0
71891,0,1419,0
71893,0,1417,0
71895,67674,1417,1
71897,0,1419,0
71899,0,1417,0
71901,0,1417,0
71903,0,1417,0
71905,0,1417,0
71907,0,1417,0
71909,0,1417,0
71911,0,1419,0
71913,0,1418,0
71915,0,1419,0
71917,0,1417,0
71919,0,1418,0
71921,0,1419,0
71923,0,1415,0
71925,0,1417,0
71927,0,1417,0
71929,0,1417,0
71931,0,1419,0
71933,0,1417,0
71935,67613,1418,1
71937,0,1417,0
71939,0,1417,0
71941,0,1415,0
71943,0,1417,0
71945,0,1417,0
71947,0,1418,0
71949,0,1417,0
71951,0,1419,0
71953,0,1417,0
71955,0,1419,0
71957,0,1416,0
71959,0,1418,0
71961,0,1417,0
71963,0,1417,0
71965,0,1417,0
71967,0,1417,0
71969,0,1417,0
71971,0,1417,0
71973,0,1417,0
71975,67619,1416,1
71977,0,1417,0
71979,0,1419,0
71981,0,1415,0
71983,0,1417,0
71985,0,1418,0
71987,0,1418,0
71989,0,1417,0
71991,0,1419,0
71993,0,1417,0
71995,0,1417,0
71997,0,1417,0
71999,0,1416,0
72001,0,1416,0
72003,0,1416,0
72005,0,1416,0
72007,0,1419,0
72009,0,1417,0
72011,0,1417,0
72013,67634,1417,1
72015,0,1417,0
72017,0,1417,0
72019,0,1416,0
72021,0,1429,0
72023,0,1421,0
72025,0,1422,0
72027,0,1417,0
72029,0,1419,0
72031,0,1417,0
72033,0,1417,0
72035,0,1417,0
72037,0,1417,0
72039,0,1419,0
72041,0,1417,0
72043,0,1419,0
72045,0,1417,0
72047,0,1417,0
72049,0,1418,0
72051,0,1417,0
72053,67637,1418,1
72055,0,1417,0
72057,0,1417,0
72059,0,1415,0
72061,0,1417,0
72063,0,1417,0
72065,0,1418,0
72067,0,1417,0
72069,0,1417,0
72071,0,1416,0
72073,0,1416,0
72075,0,1417,0
72077,0,1417,0
72079,0,1417,0
72081,0,1419,0
72083,0,1417,0
72085,0,1419,0
72087,0,1419,0
72089,0,1417,0
72091,0,1418,0
72093,67628,1419,1
72095,0,1418,0
72097,0,1417,0
72099,0,1417,0
72101,0,1417,0
72103,0,1417,0
72105,0,1417,0
72107,0,1417,0
72109,0,1417,0
72111,0,1417,0
72113,0,1417,0
72115,0,1418,0
72117,0,1419,0
72119,0,1417,0
72121,0,1419,0
72123,0,1417,0
72125,0,1417,0
72127,0,1417,0
72129,0,1418,0
72131,0,1418,0
72133,67625,1417,1
72135,0,1417,0
72137,0,1417,0
72139,0,1417,0
72141,0,1416,0
72143,0,1419,0
72145,0,1417,0
72147,0,1417,0
72149,0,1417,0
72151,0,1418,0
72153,0,1417,0
72155,0,1417,0
72157,0,1417,0
72159,0,1419,0
72161,0,1416,0
72163,0,1418,0
72165,0,1417,0
72167,0,1417,0
72169,0,1413,0
72171,0,1415,0
72173,67627,1416,1
72175,0,1417,0
72177,0,1417,0
72179,0,1417,0
72181,0,1417,0
72183,0,1417,0
72185,0,1417,0
72187,0,1417,0
72189,0,1417,0
72191,0,1416,0
72193,0,1417,0
72195,0,1417,0
72197,0,1416,0
72199,0,1417,0
72201,0,1419,0
72203,0,1416,0
72205,0,1417,0
72207,0,1419,0
72209,0,1417,0
72211,0,1418,0
72213,67617,1413,1
72215,0,1416,0
72217,0,1418,0
72219,0,1417,0
72221,0,1418,0
72223,0,1419,0
72225,0,1417,0
72227,0,1416,0
72229,0,1418,0
72231,0,1417,0
72233,0,1416,0
72235,0,1417,0
72237,0,1418,0
72239,0,1417,0
72241,0,1417,0
72243,0,1417,0
72245,0,1419,0
72247,0,1419,0
72249,0,1417,0
72251,0,1417,0
72253,67647,1417,1
72255,0,1417,0
72257,0,1418,0
72259,0,1419,0
72261,0,1415,0
72263,0,1422,0
72265,0,1417,0
72267,0,1418,0
72269,0,1419,0
72271,0,1419,0
72273,0,1417,0
72275,0,1417,0
72277,0,1416,0
72279,0,1405,0
72281,0,1418,0
72283,0,1417,0
72285,0,1417,0
72287,0,1419,0
72289,0,1419,0
72291,0,1417,0
72293,67662,1417,1
72295,0,1419,0
72297,0,1418,0
72299,0,1417,0
72301,0,1417,0
72303,0,1419,0
72305,0,1419,0
72307,0,1416,0
72309,0,1417,0
72311,0,1416,0
72313,0,1418,0
72315,0,1415,0
72317,0,1416,0
72319,0,1419,0
72321,0,1417,0
72323,0,1419,0
72325,0,1417,0
72327,0,1418,0
72329,0,1416,0
72331,0,1416,0
72333,67614,1417,1
72335,0,1417,0
72337,0,1417,0
72339,0,1417,0
72341,0,1417,0
72343,0,1416,0
72345,0,1418,0
72347,0,1419,0
72349,0,1416,0
72351,0,1419,0
72353,0,1418,0
72355,0,1417,0
72357,0,1419,0
72359,0,1413,0
72361,0,1417,0
72363,0,1419,0
72365,0,1419,0
72367,0,1419,0
72369,0,1417,0
72371,0,1417,0
72373,67612,1417,1
72375,0,1417,0
72377,0,1417,0
72379,0,1417,0
72381,0,1417,0
72383,0,1418,0
72385,0,1416,0
72387,0,1418,0
72389,0,1418,0
72391,0,1417,0
72393,0,1416,0
72395,0,1427,0
72397,0,1417,0
72399,0,1417,0
72401,0,1419,0
72403,0,1416,0
72405,0,1417,0
72407,0,1417,0
72409,0,1418,0
72411,67648,1418,1
72413,0,1418,0
72415,0,1419,0
72417,0,1417,0
72419,0,1418,0
72421,0,1417,0
72423,0,1417,0
72425,0,1417,0
72427,0,1415,0
72429,0,1417,0
72431,0,1417,0
72433,0,1419,0
72435,0,1416,0
72437,0,1417,0
72439,0,1419,0
72441,0,1418,0
72443,0,1419,0
72445,0,1417,0
72447,0,1417,0
72449,0,1415,0
72451,67659,1417,1
72453,0,1417,0
72455,0,1421,0
72457,0,1416,0
72459,0,1421,0
72461,0,1419,0
72463,0,1417,0
72465,0,1419,0
72467,0,1417,0
72469,0,1419,0
72471,0,1417,0
72473,0,1418,0
72475,0,1416,0
72477,0,1421,0
72479,0,1417,0
72481,0,1417,0
72483,0,1417,0
72485,0,1419,0
72487,0,1417,0
72489,0,1418,0
72491,67665,1419,1
72493,0,1419,0
72495,0,1417,0
72497,0,1416,0
72499,0,1417,0
72501,0,1407,0
72503,0,1417,0
72505,0,1417,0
72507,0,1418,0
72509,0,1418,0
72511,0,1419,0
72513,0,1417,0
72515,0,1419,0
72517,0,1419,0
72519,0,1420,0
72521,0,1417,0
72523,0,1417,0
72525,0,1419,0
72527,0,1419,0
72529,0,1419,0
72531,67660,1419,1
72533,0,1419,0
72535,0,1418,0
72537,0,1417,0
72539,0,1419,0
72541,0,1417,0
72543,0,1419,0
72545,0,1419,0
72547,0,1419,0
72549,0,1418,0
72551,0,1417,0
72553,0,1419,0
72555,0,1417,0
72557,0,1417,0
72559,0,1417,0
72561,0,1417,0
72563,0,1419,0
72565,0,1417,0
72567,0,1421,0
72569,0,1417,0
72571,67665,1419,1
72573,0,1417,0
72575,0,1419,0
72577,0,1419,0
72579,0,1418,0
72581,0,1417,0
72583,0,1418,0
72585,0,1419,0
72587,0,1419,0
72589,0,1419,0
72591,0,1418,0
72593,0,1418,0
72595,0,1418,0
72597,0,1417,0
72599,0,1419,0
72601,0,1419,0
72603,0,1419,0
72605,0,1417,0
72607,0,1419,0
72609,0,1418,0
72611,67668,1417,1
72613,0,1417,0
72615,0,1418,0
72617,0,1418,0
72619,0,1417,0
72621,0,1419,0
72623,0,1418,0
72625,0,1419,0
72627,0,1417,0
72629,0,1417,0
72631,0,1419,0
72633,0,1419,0
72635,0,1419,0
72637,0,1418,0
72639,0,1419,0
72641,0,1419,0
72643,0,1423,0
72645,0,1417,0
72647,0,1415,0
72649,0,1418,0
72651,67681,1417,1
72653,0,1417,0
72655,0,1417,0
72657,0,1416,0
72659,0,1417,0
72661,0,1419,0
72663,0,1421,0
72665,0,1419,0
72667,0,1419,0
72669,0,1419,0
72671,0,1417,0
72673,0,1417,0
72675,0,1417,0
72677,0,1417,0
72679,0,1415,0
72681,0,1419,0
72683,0,1418,0
72685,0,1415,0
72687,0,1416,0
72689,0,1417,0
72691,67706,1418,1
72693,0,1419,0
72695,0,1419,0
72697,0,1419,0
72699,0,1418,0
72701,0,1419,0
72703,0,1419,0
72705,0,1418,0
72707,0,1418,0
72709,0,1417,0
72711,0,1417,0
72713,0,1419,0
72715,0,1419,0
72717,0,1418,0
72719,0,1418,0
72721,0,1417,0
72723,0,1419,0
72725,0,1419,0
72727,0,1419,0
72729,0,1416,0
72731,67662,1419,1
72733,0,1419,0
72735,0,1418,0
72737,0,1418,0
72739,0,1418,0
72741,0,1417,0
72743,0,1419,0
72745,0,1419,0
72747,0,1419,0
72749,0,1416,0
72751,0,1417,0
72753,0,1418,0
72755,0,1417,0
72757,0,1419,0
72759,0,1419,0
72761,0,1417,0
72763,0,1419,0
72765,0,1419,0
72767,0,1419,0
72769,0,1419,0
72771,67634,1419,1
72773,0,1417,0
72775,0,1417,0
72777,0,1417,0
72779,0,1417,0
72781,0,1417,0
72783,0,1418,0
72785,0,1419,0
72787,0,1419,0
72789,0,1419,0
72791,0,1419,0
72793,0,1419,0
72795,0,1417,0
72797,0,1419,0
72799,0,1420,0
72801,0,1417,0
72803,0,1419,0
72805,0,1417,0
72807,0,1419,0
72809,67674,1419,1
72811,0,1420,0
72813,0,1419,0
72815,0,1419,0
72817,0,1420,0
72819,0,1417,0
72821,0,1419,0
72823,0,1419,0
72825,0,1419,0
72827,0,1418,0
72829,0,1420,0
72831,0,1415,0
72833,0,1419,0
72835,0,1418,0
72837,0,1418,0
72839,0,1418,0
72841,0,1419,0
72843,0,1419,0
72845,0,1417,0
72847,0,1419,0
72849,67669,1419,1
72851,0,1419,0
72853,0,1419,0
72855,0,1419,0
72857,0,1416,0
72859,0,1419,0
72861,0,1417,0
72863,0,1419,0
72865,0,1419,0
72867,0,1418,0
72869,0,1419,0
72871,0,1419,0
72873,0,1419,0
72875,0,1417,0
72877,0,1417,0
72879,0,1417,0
72881,0,1421,0
72883,0,1417,0
72885,0,1418,0
72887,0,1417,0
72889,67666,1419,1
72891,0,1419,0
72893,0,1425,0
72895,0,1419,0
72897,0,1415,0
72899,0,1418,0
72901,0,1418,0
72903,0,1419,0
72905,0,1417,0
72907,0,1418,0
72909,0,1421,0
72911,0,1419,0
72913,0,1419,0
72915,0,1419,0
72917,0,1418,0
72919,0,1419,0
72921,0,1419,0
72923,0,1418,0
72925,0,1419,0
72927,0,1419,0
72929,67681,1421,1
72931,0,1418,0
72933,0,1419,0
72935,0,1419,0
72937,0,1417,0
72939,0,1417,0
72941,0,1419,0
72943,0,1417,0
72945,0,1419,0
72947,0,1418,0
72949,0,1419,0
72951,0,1419,0
72953,0,1419,0
72955,0,1418,0
72957,0,1418,0
72959,0,1420,0
72961,0,1417,0
72963,0,1417,0
72965,0,1420,0
72967,0,1419,0
72969,67690,1418,1
72971,0,1419,0
72973,0,1418,0
72975,0,1419,0
72977,0,1419,0
72979,0,1418,0
72981,0,1419,0
72983,0,1419,0
72985,0,1419,0
72987,0,1419,0
72989,0,1419,0
72991,0,1421,0
72993,0,1425,0
72995,0,1416,0
72997,0,1419,0
72999,0,1419,0
73001,0,1419,0
73003,0,1419,0
73005,0,1421,0
73007,0,1419,0
73009,67688,1417,1
73011,0,1420,0
73013,0,1419,0
73015,0,1419,0
73017,0,1419,0
73019,0,1419,0
73021,0,1421,0
73023,0,1416,0
73025,0,1416,0
73027,0,1418,0
73029,0,1420,0
73031,0,1420,0
73033,0,1420,0
73035,0,1420,0
73037,0,1417,0
73039,0,1419,0
73041,0,1419,0
73043,0,1419,0
73045,0,1419,0
73047,0,1420,0
73049,67711,1419,1
73051,0,1418,0
73053,0,1419,0
73055,0,1419,0
73057,0,1419,0
73059,0,1420,0
73061,0,1418,0
73063,0,1420,0
73065,0,1421,0
73067,0,1421,0
73069,0,1417,0
73071,0,1419,0
73073,0,1419,0
73075,0,1419,0
73077,0,1417,0
73079,0,1418,0
73081,0,1419,0
73083,0,1419,0
73085,0,1419,0
73087,0,1419,0
73089,67713,1420,1
73091,0,1419,0
73093,0,1419,0
73095,0,1419,0
73097,0,1419,0
73099,0,1418,0
73101,0,1423,0
73103,0,1419,0
73105,0,1418,0
73107,0,1418,0
73109,0,1421,0
73111,0,1418,0
73113,0,1419,0
73115,0,1419,0
73117,0,1419,0
73119,0,1419,0
73121,0,1419,0
73123,0,1419,0
73125,0,1419,0
73127,0,1419,0
73129,67680,1419,1
73131,0,1419,0
73133,0,1418,0
73135,0,1419,0
73137,0,1419,0
73139,0,1419,0
73141,0,1419,0
73143,0,1419,0
73145,0,1416,0
73147,0,1421,0
73149,0,1419,0
73151,0,1420,0
73153,0,1419,0
73155,0,1417,0
73157,0,1421,0
73159,0,1419,0
73161,0,1419,0
73163,0,1418,0
73165,0,1420,0
73167,0,1420,0
73169,67657,1423,1
73171,0,1421,0
73173,0,1419,0
73175,0,1419,0
73177,0,1417,0
73179,0,1419,0
73181,0,1420,0
73183,0,1419,0
73185,0,1419,0
73187,0,1419,0
73189,0,1419,0
73191,0,1419,0
73193,0,1419,0
73195,0,1419,0
73197,0,1419,0
73199,0,1418,0
73201,0,1417,0
73203,0,1418,0
73205,0,1419,0
73207,67677,1419,1
73209,0,1419,0
73211,0,1419,0
73213,0,1419,0
73215,0,1419,0
73217,0,1419,0
73219,0,1419,0
73221,0,1420,0
73223,0,1420,0
73225,0,1419,0
73227,0,1419,0
73229,0,1419,0
73231,0,1419,0
73233,0,1418,0
73235,0,1419,0
73237,0,1418,0
73239,0,1421,0
73241,0,1419,0
73243,0,1419,0
73245,0,1421,0
73247,67688,1417,1
73249,0,1419,0
73251,0,1419,0
73253,0,1419,0
73255,0,1420,0
73257,0,1421,0
73259,0,1421,0
73261,0,1419,0
73263,0,1419,0
73265,0,1419,0
73267,0,1420,0
73269,0,1420,0
73271,0,1419,0
73273,0,1421,0
73275,0,1419,0
73277,0,1419,0
73279,0,1419,0
73281,0,1421,0
73283,0,1417,0
73285,0,1419,0
73287,67685,1419,1
73289,0,1421,0
73291,0,1421,0
73293,0,1419,0
73295,0,1417,0
73297,0,1419,0
73299,0,1419,0
73301,0,1419,0
73303,0,1419,0
73305,0,1419,0
73307,0,1419,0
73309,0,1417,0
73311,0,1419,0
73313,0,1419,0
73315,0,1420,0
73317,0,1419,0
73319,0,1419,0
73321,0,1419,0
73323,0,1420,0
73325,0,1417,0
73327,67690,1420,1
73329,0,1419,0
73331,0,1421,0
73333,0,1419,0
73335,0,1421,0
73337,0,1421,0
73339,0,1419,0
73341,0,1418,0
73343,0,1419,0
73345,0,1419,0
73347,0,1419,0
73349,0,1421,0
73351,0,1419,0
73353,0,1420,0
73355,0,1417,0
73357,0,1418,0
73359,0,1420,0
73361,0,1419,0
73363,0,1420,0
73365,0,1419,0
73367,67683,1419,1
73369,0,1419,0
73371,0,1419,0
73373,0,1419,0
73375,0,1420,0
73377,0,1419,0
73379,0,1421,0
73381,0,1420,0
73383,0,1419,0
73385,0,1418,0
73387,0,1420,0
73389,0,1419,0
73391,0,1420,0
73393,0,1419,0
73395,0,1420,0
73397,0,1419,0
73399,0,1419,0
73401,0,1421,0
73403,0,1419,0
73405,0,1419,0
73407,67690,1419,1
73409,0,1421,0
73411,0,1418,0
73413,0,1419,0
73415,0,1423,0
73417,0,1419,0
73419,0,1419,0
73421,0,1419,0
73423,0,1422,0
73425,0,1419,0
73427,0,1420,0
73429,0,1419,0
73431,0,1420,0
73433,0,1419,0
73435,0,1419,0
73437,0,1420,0
73439,0,1419,0
73441,0,1420,0
73443,0,1419,0
73445,0,1419,0
73447,67727,1419,1
73449,0,1419,0
73451,0,1421,0
73453,0,1417,0
73455,0,1418,0
73457,0,1418,0
73459,0,1420,0
73461,0,1422,0
73463,0,1419,0
73465,0,1418,0
73467,0,1419,0
73469,0,1419,0
73471,0,1417,0
73473,0,1421,0
73475,0,1420,0
73477,0,1419,0
73479,0,1420,0
73481,0,1419,0
73483,0,1417,0
73485,0,1420,0
73487,67748,1420,1
73489,0,1419,0
73491,0,1417,0
73493,0,1419,0
73495,0,1421,0
73497,0,1419,0
73499,0,1419,0
73501,0,1419,0
73503,0,1419,0
73505,0,1420,0
73507,0,1419,0
73509,0,1421,0
73511,0,1419,0
73513,0,1419,0
73515,0,1420,0
73517,0,1419,0
73519,0,1421,0
73521,0,1420,0
73523,0,1419,0
73525,0,1401,0
73527,67716,1422,1
73529,0,1419,0
73531,0,1419,0
73533,0,1419,0
73535,0,1419,0
73537,0,1419,0
73539,0,1421,0
73541,0,1419,0
73543,0,1421,0
73545,0,1419,0
73547,0,1420,0
73549,0,1420,0
73551,0,1420,0
73553,0,1418,0
73555,0,1419,0
73557,0,1419,0
73559,0,1419,0
73561,0,1420,0
73563,0,1421,0
73565,0,1419,0
73567,67695,1419,1
73569,0,1419,0
73571,0,1419,0
73573,0,1419,0
73575,0,1420,0
73577,0,1419,0
73579,0,1421,0
73581,0,1419,0
73583,0,1421,0
73585,0,1419,0
73587,0,1419,0
73589,0,1421,0
73591,0,1420,0
73593,0,1417,0
73595,0,1419,0
73597,0,1421,0
73599,0,1418,0
73601,0,1420,0
73603,0,1419,0
73605,67706,1419,1
73607,0,1420,0
73609,0,1420,0
73611,0,1421,0
73613,0,1419,0
73615,0,1420,0
73617,0,1421,0
73619,0,1417,0
73621,0,1419,0
73623,0,1417,0
73625,0,1419,0
73627,0,1417,0
73629,0,1419,0
73631,0,1419,0
73633,0,1418,0
73635,0,1426,0
73637,0,1420,0
73639,0,1419,0
73641,0,1421,0
73643,0,1421,0
73645,67724,1420,1
73647,0,1419,0
73649,0,1419,0
73651,0,1419,0
73653,0,1419,0
73655,0,1419,0
73657,0,1421,0
73659,0,1419,0
73661,0,1419,0
73663,0,1421,0
73665,0,1419,0
73667,0,1419,0
73669,0,1419,0
73671,0,1421,0
73673,0,1419,0
73675,0,1419,0
73677,0,1421,0
73679,0,1419,0
73681,0,1420,0
73683,0,1419,0
73685,67723,1419,1
73687,0,1423,0
73689,0,1419,0
73691,0,1419,0
73693,0,1419,0
73695,0,1419,0
73697,0,1419,0
73699,0,1419,0
73701,0,1419,0
73703,0,1421,0
73705,0,1420,0
73707,0,1418,0
73709,0,1418,0
73711,0,1420,0
73713,0,1420,0
73715,0,1419,0
73717,0,1417,0
73719,0,1419,0
73721,0,1419,0
73723,0,1420,0
73725,67739,1419,1
73727,0,1421,0
73729,0,1419,0
73731,0,1419,0
73733,0,1420,0
73736,0,1419,0
73738,0,1419,0
73740,0,1419,0
73742,0,1419,0
73744,0,1420,0
73746,0,1419,0
73748,0,1420,0
73750,0,1419,0
73752,0,1418,0
73754,0,1419,0
73756,0,1419,0
73758,0,1421,0
73760,0,1420,0
73762,0,1419,0
73764,0,1421,0
73766,67728,1420,1
73768,0,1421,0
73770,0,1419,0
73772,0,1419,0
73774,0,1420,0
73776,0,1419,0
73778,0,1420,0
73780,0,1419,0
73782,0,1419,0
73784,0,1420,0
73786,0,1420,0
73788,0,1419,0
73790,0,1419,0
73792,0,1421,0
73794,0,1420,0
73796,0,1419,0
73798,0,1419,0
73800,0,1419,0
73802,0,1419,0
73804,0,1419,0
73806,67732,1419,1
73808,0,1419,0
73810,0,1420,0
73812,0,1420,0
73814,0,1419,0
73816,0,1421,0
73818,0,1421,0
73820,0,1419,0
73822,0,1421,0
73824,0,1420,0
73826,0,1421,0
73828,0,1421,0
73830,0,1421,0
73832,0,1419,0
73834,0,1420,0
73836,0,1421,0
73838,0,1419,0
73840,0,1419,0
73842,0,1421,0
73844,0,1419,0
73846,67745,1418,1
73848,0,1419,0
73850,0,1417,0
73852,0,1420,0
73854,0,1420,0
73856,0,1419,0
73858,0,1418,0
73860,0,1419,0
73862,0,1419,0
73864,0,1421,0
73866,0,1420,0
73868,0,1419,0
73870,0,1420,0
73872,0,1421,0
73874,0,1419,0
73876,0,1421,0
73878,0,1421,0
73880,0,1419,0
73882,0,1419,0
73884,0,1421,0
73886,67769,1419,1
73888,0,1419,0
73890,0,1420,0
73892,0,1421,0
73894,0,1419,0
73896,0,1420,0
73898,0,1421,0
73900,0,1420,0
73902,0,1419,0
73904,0,1421,0
73906,0,1419,0
73908,0,1421,0
73910,0,1419,0
73912,0,1419,0
73914,0,1419,0
73916,0,1419,0
73918,0,1419,0
73920,0,1419,0
73922,0,1419,0
73924,0,1420,0
73926,67752,1419,1
73928,0,1419,0
73930,0,1421,0
73932,0,1419,0
73934,0,1419,0
73936,0,1419,0
73938,0,1419,0
73940,0,1419,0
73942,0,1419,0
73944,0,1421,0
73946,0,1419,0
73948,0,1421,0
73950,0,1421,0
73952,0,1420,0
73954,0,1421,0
73956,0,1421,0
73958,0,1419,0
73960,0,1421,0
73962,0,1420,0
73964,0,1420,0
73966,67711,1417,1
73968,0,1418,0
73970,0,1419,0
73972,0,1421,0
73974,0,1420,0
73976,0,1419,0
73978,0,1421,0
73980,0,1422,0
73982,0,1420,0
73984,0,1421,0
73986,0,1421,0
73988,0,1420,0
73990,0,1419,0
73992,0,1420,0
73994,0,1419,0
73996,0,1419,0
73998,0,1420,0
74000,0,1422,0
74002,0,1419,0
74004,67720,1419,1
74006,0,1420,0
74008,0,1420,0
74010,0,1419,0
74012,0,1421,0
74014,0,1417,0
74016,0,1419,0
74018,0,1421,0
74020,0,1425,0
74022,0,1419,0
74024,0,1419,0
74026,0,1419,0
74028,0,1419,0
74030,0,1419,0
74032,0,1419,0
74034,0,1419,0
74036,0,1420,0
74038,0,1420,0
74040,0,1421,0
74042,0,1419,0
74044,67749,1420,1
74046,0,1419,0
74048,0,1421,0
74050,0,1419,0
74052,0,1421,0
74054,0,1419,0
74056,0,1419,0
74058,0,1419,0
74060,0,1419,0
74062,0,1426,0
74064,0,1421,0
74066,0,1419,0
74068,0,1421,0
74070,0,1419,0
74072,0,1419,0
74074,0,1419,0
74076,0,1419,0
74078,0,1419,0
74080,0,1419,0
74082,0,1419,0
74084,67741,1420,1
74086,0,1419,0
74088,0,1420,0
74090,0,1419,0
74092,0,1420,0
74094,0,1421,0
74096,0,1419,0
74098,0,1419,0
74100,0,1420,0
74102,0,1418,0
74104,0,1419,0
74106,0,1421,0
74108,0,1419,0
74110,0,1420,0
74112,0,1420,0
74114,0,1419,0
74116,0,1421,0
74118,0,1419,0
74120,0,1421,0
74122,0,1419,0
74124,67749,1427,1
74126,0,1421,0
74128,0,1420,0
74130,0,1419,0
74132,0,1421,0
74134,0,1418,0
74136,0,1421,0
74138,0,1420,0
74140,0,1418,0
74142,0,1418,0
74144,0,1421,0
74146,0,1419,0
74148,0,1419,0
74150,0,1420,0
74152,0,1419,0
74154,0,1423,0
74156,0,1423,0
74158,0,1419,0
74160,0,1419,0
74162,0,1421,0
74164,67752,1421,1
74166,0,1420,0
74168,0,1419,0
74170,0,1419,0
74172,0,1421,0
74174,0,1421,0
74176,0,1418,0
74178,0,1420,0
74180,0,1419,0
74182,0,1419,0
74184,0,1417,0
74186,0,1419,0
74188,0,1419,0
74190,0,1418,0
74192,0,1421,0
74194,0,1420,0
74196,0,1425,0
74198,0,1419,0
74200,0,1421,0
74202,0,1419,0
74204,67769,1422,1
74206,0,1421,0
74208,0,1419,0
74210,0,1420,0
74212,0,1420,0
74214,0,1421,0
74216,0,1422,0
74218,0,1417,0
74220,0,1421,0
74222,0,1421,0
74224,0,1419,0
74226,0,1420,0
74228,0,1421,0
74230,0,1421,0
74232,0,1419,0
74234,0,1419,0
74236,0,1420,0
74238,0,1419,0
74240,0,1419,0
74242,0,1420,0
74244,67777,1421,1
74246,0,1419,0
74248,0,1421,0
74250,0,1419,0
74252,0,1417,0
74254,0,1419,0
74256,0,1420,0
74258,0,1419,0
74260,0,1419,0
74262,0,1420,0
74264,0,1420,0
74266,0,1421,0
74268,0,1420,0
74270,0,1420,0
74272,0,1417,0
74274,0,1420,0
74276,0,1419,0
74278,0,1421,0
74280,0,1421,0
74282,0,1420,0
74284,67815,1417,1
74286,0,1419,0
74288,0,1419,0
74290,0,1419,0
74292,0,1420,0
74294,0,1419,0
74296,0,1420,0
74298,0,1419,0
74300,0,1420,0
74302,0,1419,0
74304,0,1421,0
74306,0,1421,0
74308,0,1419,0
74310,0,1420,0
74312,0,1420,0
74314,0,1419,0
74316,0,1419,0
74318,0,1419,0
74320,0,1419,0
74322,0,1420,0
74324,67787,1419,1
74326,0,1420,0
74328,0,1420,0
74330,0,1420,0
74332,0,1419,0
74334,0,1421,0
74336,0,1419,0
74338,0,1419,0
74340,0,1421,0
74342,0,1420,0
74344,0,1419,0
74346,0,1421,0
74348,0,1421,0
74350,0,1419,0
74352,0,1419,0
74354,0,1419,0
74356,0,1417,0
74358,0,1421,0
74360,0,1420,0
74362,0,1419,0
74364,67750,1418,1
74366,0,1421,0
74368,0,1419,0
74370,0,1419,0
74372,0,1419,0
74374,0,1419,0
74376,0,1421,0
74378,0,1419,0
74380,0,1421,0
74382,0,1421,0
74384,0,1416,0
74386,0,1419,0
74388,0,1420,0
74390,0,1420,0
74392,0,1419,0
74394,0,1420,0
74396,0,1419,0
74398,0,1419,0
74400,0,1419,0
74402,0,1418,0
74404,67768,1419,1
74406,0,1420,0
74408,0,1416,0
74410,0,1420,0
74412,0,1420,0
74414,0,1420,0
74416,0,1419,0
74418,0,1422,0
74420,0,1419,0
74422,0,1420,0
74424,0,1421,0
74426,0,1417,0
74428,0,1426,0
74430,0,1417,0
74432,0,1421,0
74434,0,1417,0
74436,0,1421,0
74438,0,1419,0
74440,0,1419,0
74442,67785,1419,1
74444,0,1419,0
74446,0,1419,0
74448,0,1420,0
74450,0,1419,0
74452,0,1423,0
74454,0,1420,0
74456,0,1419,0
74458,0,1419,0
74460,0,1419,0
74462,0,1420,0
74464,0,1419,0
74466,0,1420,0
74468,0,1421,0
74470,0,1421,0
74472,0,1419,0
74474,0,1419,0
74476,0,1419,0
74478,0,1419,0
74480,0,1422,0
74482,67784,1420,1
74484,0,1421,0
74486,0,1421,0
74488,0,1419,0
74490,0,1421,0
74492,0,1419,0
74494,0,1419,0
74496,0,1421,0
74498,0,1421,0
74500,0,1421,0
74502,0,1419,0
74504,0,1419,0
74506,0,1419,0
74508,0,1421,0
74510,0,1421,0
74512,0,1421,0
74514,0,1420,0
74516,0,1419,0
74518,0,1419,0
74520,0,1421,0
74522,67780,1420,1
74524,0,1421,0
74526,0,1419,0
74528,0,1420,0
74530,0,1421,0
74532,0,1419,0
74534,0,1422,0
74536,0,1420,0
74538,0,1421,0
74540,0,1419,0
74542,0,1419,0
74544,0,1419,0
74546,0,1420,0
74548,0,1421,0
74550,0,1420,0
74552,0,1404,0
74554,0,1421,0
74556,0,1420,0
74558,0,1421,0
74560,0,1421,0
74562,67779,1419,1
74564,0,1420,0
74566,0,1419,0
74568,0,1419,0
74570,0,1419,0
74572,0,1421,0
74574,0,1421,0
74576,0,1420,0
74578,0,1419,0
74580,0,1421,0
74582,0,1422,0
74584,0,1423,0
74586,0,1421,0
74588,0,1421,0
74590,0,1420,0
74592,0,1422,0
74594,0,1419,0
74596,0,1419,0
74598,0,1419,0
74600,0,1421,0
74602,67773,1420,1
74604,0,1421,0
74606,0,1420,0
74608,0,1420,0
74610,0,1421,0
74612,0,1419,0
74614,0,1421,0
74616,0,1421,0
74618,0,1421,0
74620,0,1419,0
74622,0,1421,0
74624,0,1419,0
74626,0,1421,0
74628,0,1421,0
74630,0,1419,0
74632,0,1419,0
74634,0,1419,0
74636,0,1420,0
74638,0,1419,0
74640,0,1419,0
74642,67778,1419,1
74644,0,1421,0
74646,0,1421,0
74648,0,1420,0
74650,0,1419,0
74652,0,1421,0
74654,0,1421,0
74656,0,1420,0
74658,0,1421,0
74660,0,1419,0
74662,0,1427,0
74664,0,1420,0
74666,0,1420,0
74668,0,1419,0
74670,0,1420,0
74672,0,1420,0
74674,0,1419,0
74676,0,1421,0
74678,0,1421,0
74680,0,1419,0
74682,67807,1421,1
74684,0,1420,0
74686,0,1420,0
74688,0,1421,0
74690,0,1421,0
74692,0,1419,0
74694,0,1421,0
74696,0,1420,0
74698,0,1421,0
74700,0,1421,0
74702,0,1420,0
74704,0,1421,0
74706,0,1419,0
74708,0,1420,0
74710,0,1421,0
74712,0,1421,0
74714,0,1419,0
74716,0,1415,0
74718,0,1421,0
74720,0,1421,0
74722,67788,1419,1
74724,0,1421,0
74726,0,1420,0
74728,0,1420,0
74730,0,1421,0
74732,0,1419,0
74734,0,1420,0
74736,0,1419,0
74738,0,1419,0
74740,0,1427,0
74742,0,1421,0
74744,0,1419,0
74746,0,1421,0
74748,0,1419,0
74750,0,1421,0
74752,0,1421,0
74754,0,1420,0
74756,0,1421,0
74758,0,1419,0
74760,0,1422,0
74762,67745,1419,1
74764,0,1419,0
74766,0,1420,0
74768,0,1421,0
74770,0,1421,0
74772,0,1421,0
74774,0,1419,0
74776,0,1419,0
74778,0,1419,0
74780,0,1421,0
74782,0,1420,0
74784,0,1419,0
74786,0,1419,0
74788,0,1421,0
74790,0,1421,0
74792,0,1421,0
74794,0,1421,0
74796,0,1421,0
74798,0,1423,0
74800,0,1419,0
74802,67762,1421,1
74804,0,1419,0
74806,0,1420,0
74808,0,1421,0
74810,0,1421,0
74812,0,1421,0
74814,0,1421,0
74816,0,1421,0
74818,0,1421,0
74820,0,1419,0
74822,0,1419,0
74824,0,1421,0
74826,0,1423,0
74828,0,1419,0
74830,0,1421,0
74832,0,1426,0
74834,0,1421,0
74836,0,1421,0
74838,0,1419,0
74840,67775,1419,1
74842,0,1423,0
74844,0,1420,0
74846,0,1420,0
74848,0,1420,0
74850,0,1421,0
74852,0,1419,0
74854,0,1422,0
74856,0,1421,0
74858,0,1420,0
74860,0,1421,0
74862,0,1420,0
74864,0,1421,0
74866,0,1421,0
74868,0,1422,0
74870,0,1420,0
74872,0,1421,0
74874,0,1420,0
74876,0,1421,0
74878,0,1421,0
74880,67787,1419,1
74882,0,1420,0
74884,0,1421,0
74886,0,1421,0
74888,0,1420,0
74890,0,1420,0
74892,0,1421,0
74894,0,1421,0
74896,0,1421,0
74898,0,1418,0
74900,0,1420,0
74902,0,1421,0
74904,0,1421,0
74906,0,1421,0
74908,0,1420,0
74910,0,1423,0
74912,0,1421,0
74914,0,1421,0
74916,0,1419,0
74918,0,1422,0
74920,67774,1423,1
74922,0,1421,0
74924,0,1419,0
74926,0,1419,0
74928,0,1421,0
74930,0,1421,0
74932,0,1421,0
74934,0,1420,0
74936,0,1419,0
74938,0,1421,0
74940,0,1421,0
74942,0,1421,0
74944,0,1420,0
74946,0,1421,0
74948,0,1421,0
74950,0,1421,0
74952,0,1419,0
74954,0,1421,0
74956,0,1421,0
74958,0,1420,0
74960,67769,1421,1
74962,0,1421,0
74964,0,1421,0
74966,0,1421,0
74968,0,1421,0
74970,0,1419,0
74972,0,1421,0
74974,0,1421,0
74976,0,1421,0
74978,0,1419,0
74980,0,1423,0
74982,0,1420,0
74984,0,1419,0
74986,0,1421,0
74988,0,1421,0
74990,0,1419,0
74992,0,1422,0
74994,0,1419,0
74996,0,1419,0
74998,0,1419,0
75000,67775,1420,1
75002,0,1420,0
75004,0,1421,0
75006,0,1415,0
75008,0,1419,0
75010,0,1421,0
75012,0,1420,0
75014,0,1419,0
75016,0,1419,0
75018,0,1419,0
75020,0,1421,0
75022,0,1421,0
75024,0,1420,0
75026,0,1422,0
75028,0,1421,0
75030,0,1421,0
75032,0,1421,0
75034,0,1421,0
75036,0,1421,0
75038,0,1404,0
75040,67795,1419,1
75042,0,1421,0
75044,0,1421,0
75046,0,1420,0
75048,0,1421,0
75050,0,1422,0
75052,0,1421,0
75054,0,1420,0
75056,0,1419,0
75058,0,1421,0
75060,0,1421,0
75062,0,1417,0
75064,0,1421,0
75066,0,1421,0
75068,0,1420,0
75070,0,1420,0
75072,0,1421,0
75074,0,1421,0
75076,0,1423,0
75078,0,1420,0
75080,67809,1421,1
75082,0,1421,0
75084,0,1421,0
75086,0,1421,0
75088,0,1421,0
75090,0,1420,0
75092,0,1420,0
75094,0,1421,0
75096,0,1421,0
75098,0,1421,0
75100,0,1421,0
75102,0,1423,0
75104,0,1423,0
75106,0,1420,0
75108,0,1421,0
75110,0,1421,0
75112,0,1420,0
75114,0,1421,0
75116,0,1421,0
75118,0,1421,0
75120,67804,1421,1
75122,0,1421,0
75124,0,1421,0
75126,0,1421,0
75128,0,1421,0
75130,0,1420,0
75132,0,1421,0
75134,0,1419,0
75136,0,1423,0
75138,0,1421,0
75140,0,1421,0
75142,0,1419,0
75144,0,1421,0
75146,0,1420,0
75148,0,1421,0
75150,0,1421,0
75152,0,1421,0
75154,0,1420,0
75156,0,1421,0
75158,0,1413,0
75160,67747,1419,1
75162,0,1421,0
75164,0,1421,0
75166,0,1419,0
75168,0,1421,0
75170,0,1423,0
75172,0,1422,0
75174,0,1419,0
75176,0,1421,0
75178,0,1421,0
75180,0,1421,0
75182,0,1423,0
75184,0,1421,0
75186,0,1421,0
75188,0,1419,0
75190,0,1421,0
75192,0,1421,0
75194,0,1421,0
75196,0,1423,0
75198,0,1421,0
75200,67745,1421,1
75202,0,1421,0
75204,0,1420,0
75206,0,1421,0
75208,0,1420,0
75210,0,1419,0
75212,0,1421,0
75214,0,1422,0
75216,0,1419,0
75218,0,1421,0
75220,0,1419,0
75222,0,1421,0
75224,0,1421,0
75226,0,1420,0
75228,0,1421,0
75230,0,1419,0
75232,0,1421,0
75234,0,1419,0
75236,0,1421,0
75238,67743,1421,1
75240,0,1420,0
75242,0,1421,0
75244,0,1421,0
75246,0,1420,0
75248,0,1421,0
75250,0,1421,0
75252,0,1421,0
75254,0,1421,0
75256,0,1423,0
75258,0,1421,0
75260,0,1421,0
75262,0,1421,0
75264,0,1419,0
75266,0,1420,0
75268,0,1420,0
75270,0,1423,0
75272,0,1421,0
75274,0,1421,0
75276,0,1421,0
75278,67741,1420,1
75280,0,1420,0
75282,0,1421,0
75284,0,1421,0
75286,0,1421,0
75288,0,1423,0
75290,0,1417,0
75292,0,1421,0
75294,0,1421,0
75296,0,1419,0
75298,0,1421,0
75300,0,1421,0
75302,0,1422,0
75304,0,1421,0
75306,0,1419,0
75308,0,1419,0
75310,0,1427,0
75312,0,1421,0
75314,0,1419,0
75316,0,1421,0
75318,67751,1420,1
75320,0,1419,0
75322,0,1421,0
75324,0,1421,0
75326,0,1421,0
75328,0,1423,0
75330,0,1421,0
75332,0,1421,0
75334,0,1421,0
75336,0,1421,0
75338,0,1420,0
75340,0,1422,0
75342,0,1419,0
75344,0,1421,0
75346,0,1420,0
75348,0,1423,0
75350,0,1423,0
75352,0,1421,0
75354,0,1420,0
75356,0,1421,0
75358,67741,1421,1
75360,0,1421,0
75362,0,1421,0
75364,0,1419,0
75366,0,1421,0
75368,0,1421,0
75370,0,1420,0
75372,0,1423,0
75374,0,1420,0
75376,0,1421,0
75378,0,1421,0
75380,0,1422,0
75382,0,1421,0
75384,0,1421,0
75386,0,1419,0
75388,0,1421,0
75390,0,1420,0
75392,0,1422,0
75394,0,1421,0
75396,0,1426,0
75398,67739,1421,1
75400,0,1421,0
75402,0,1421,0
75404,0,1419,0
75406,0,1421,0
75408,0,1421,0
75410,0,1421,0
75412,0,1421,0
75414,0,1421,0
75416,0,1429,0
75418,0,1421,0
75420,0,1421,0
75422,0,1421,0
75424,0,1421,0
75426,0,1422,0
75428,0,1421,0
75430,0,1420,0
75432,0,1421,0
75434,0,1421,0
75436,0,1421,0
75438,67737,1423,1
75440,0,1421,0
75442,0,1421,0
75444,0,1423,0
75446,0,1421,0
75448,0,1420,0
75450,0,1420,0
75452,0,1421,0
75454,0,1423,0
75456,0,1421,0
75458,0,1421,0
75460,0,1421,0
75462,0,1421,0
75464,0,1419,0
75466,0,1421,0
75468,0,1421,0
75470,0,1421,0
75472,0,1420,0
75474,0,1420,0
75476,0,1421,0
75478,67769,1420,1
75480,0,1420,0
75482,0,1419,0
75484,0,1421,0
75486,0,1421,0
75488,0,1419,0
75490,0,1421,0
75492,0,1421,0
75494,0,1421,0
75496,0,1422,0
75498,0,1421,0
75500,0,1421,0
75502,0,1420,0
75504,0,1420,0
75506,0,1421,0
75508,0,1421,0
75510,0,1419,0
75512,0,1420,0
75514,0,1421,0
75516,0,1421,0
75518,67785,1421,1
75520,0,1421,0
75522,0,1421,0
75524,0,1419,0
75526,0,1420,0
75528,0,1421,0
75530,0,1421,0
75532,0,1421,0
75534,0,1421,0
75536,0,1421,0
75538,0,1421,0
75540,0,1421,0
75542,0,1421,0
75544,0,1419,0
75546,0,1421,0
75548,0,1420,0
75550,0,1421,0
75552,0,1421,0
75554,0,1421,0
75556,0,1421,0
75558,67743,1421,1
75560,0,1419,0
75562,0,1420,0
75564,0,1421,0
75566,0,1420,0
75568,0,1420,0
75570,0,1420,0
75572,0,1421,0
75574,0,1420,0
75576,0,1423,0
75578,0,1421,0
75580,0,1419,0
75582,0,1419,0
75584,0,1420,0
75586,0,1421,0
75588,0,1421,0
75590,0,1421,0
75592,0,1429,0
75594,0,1421,0
75596,0,1421,0
75599,67747,1421,1
75601,0,1421,0
75603,0,1421,0
75605,0,1421,0
75607,0,1421,0
75609,0,1421,0
75611,0,1421,0
75613,0,1419,0
75615,0,1421,0
75617,0,1420,0
75619,0,1423,0
75621,0,1421,0
75623,0,1419,0
75625,0,1421,0
75627,0,1427,0
75629,0,1419,0
75631,0,1421,0
75633,0,1420,0
75635,0,1421,0
75637,67786,1421,1
75639,0,1423,0
75641,0,1421,0
75643,0,1423,0
75645,0,1421,0
75647,0,1416,0
75649,0,1419,0
75651,0,1419,0
75653,0,1423,0
75655,0,1416,0
75657,0,1419,0
75659,0,1421,0
75661,0,1421,0
75663,0,1421,0
75665,0,1421,0
75667,0,1421,0
75669,0,1426,0
75671,0,1419,0
75673,0,1421,0
75675,0,1421,0
75677,67773,1420,1
75679,0,1419,0
75681,0,1423,0
75683,0,1421,0
75685,0,1421,0
75687,0,1421,0
75689,0,1420,0
75691,0,1405,0
75693,0,1421,0
75695,0,1421,0
75697,0,1421,0
75699,0,1422,0
75701,0,1421,0
75703,0,1422,0
75705,0,1421,0
75707,0,1422,0
75709,0,1423,0
75711,0,1423,0
75713,0,1419,0
75715,0,1421,0
75717,67782,1422,1
75719,0,1422,0
75721,0,1415,0
75723,0,1421,0
75725,0,1421,0
75727,0,1422,0
75729,0,1419,0
75731,0,1421,0
75733,0,1422,0
75735,0,1419,0
75737,0,1421,0
75739,0,1421,0
75741,0,1421,0
75743,0,1421,0
75745,0,1419,0
75747,0,1421,0
75749,0,1421,0
75751,0,1419,0
75753,0,1423,0
75755,0,1421,0
75757,67772,1420,1
75759,0,1423,0
75761,0,1421,0
75763,0,1421,0
75765,0,1421,0
75767,0,1421,0
75769,0,1419,0
75771,0,1420,0
75773,0,1421,0
75775,0,1421,0
75777,0,1423,0
75779,0,1420,0
75781,0,1421,0
75783,0,1421,0
75785,0,1421,0
75787,0,1422,0
75789,0,1419,0
75791,0,1421,0
75793,0,1421,0
75795,0,1421,0
75797,67772,1421,1
75799,0,1423,0
75801,0,1421,0
75803,0,1427,0
75805,0,1421,0
75807,0,1421,0
75809,0,1422,0
75811,0,1425,0
75813,0,1421,0
75815,0,1421,0
75817,0,1423,0
75819,0,1421,0
75821,0,1421,0
75823,0,1420,0
75825,0,1421,0
75827,0,1421,0
75829,0,1421,0
75831,0,1419,0
75833,0,1421,0
75835,0,1419,0
75837,67787,1421,1
75839,0,1422,0
75841,0,1422,0
75843,0,1421,0
75845,0,1426,0
75847,0,1421,0
75849,0,1421,0
75851,0,1420,0
75853,0,1422,0
75855,0,1421,0
75857,0,1419,0
75859,0,1423,0
75861,0,1421,0
75863,0,1421,0
75865,0,1421,0
75867,0,1421,0
75869,0,1422,0
75871,0,1421,0
75873,0,1421,0
75875,0,1422,0
75877,67798,1422,1
75879,0,1419,0
75881,0,1421,0
75883,0,1421,0
75885,0,1421,0
75887,0,1420,0
75889,0,1421,0
75891,0,1421,0
75893,0,1423,0
75895,0,1423,0
75897,0,1420,0
75899,0,1421,0
75901,0,1421,0
75903,0,1421,0
75905,0,1422,0
75907,0,1421,0
75909,0,1421,0
75911,0,1423,0
75913,0,1421,0
75915,0,1423,0
75917,67789,1421,1
75919,0,1421,0
75921,0,1421,0
75923,0,1421,0
75925,0,1423,0
75927,0,1422,0
75929,0,1421,0
75931,0,1421,0
75933,0,1421,0
75935,0,1422,0
75937,0,1421,0
75939,0,1421,0
75941,0,1421,0
75943,0,1421,0
75945,0,1421,0
75947,0,1421,0
75949,0,1422,0
75951,0,1421,0
75953,0,1419,0
75955,0,1423,0
75957,67744,1421,1
75959,0,1419,0
75961,0,1421,0
75963,0,1421,0
75965,0,1421,0
75967,0,1421,0
75969,0,1420,0
75971,0,1422,0
75973,0,1421,0
75975,0,1421,0
75977,0,1421,0
75979,0,1421,0
75981,0,1421,0
75983,0,1421,0
75985,0,1422,0
75987,0,1419,0
75989,0,1421,0
75991,0,1423,0
75993,0,1421,0
75995,0,1419,0
75997,67735,1421,1
75999,0,1419,0
76001,0,1421,0
76003,0,1420,0
76005,0,1421,0
76007,0,1421,0
76009,0,1421,0
76011,0,1420,0
76013,0,1420,0
76015,0,1422,0
76017,0,1421,0
76019,0,1422,0
76021,0,1421,0
76023,0,1420,0
76025,0,1421,0
76027,0,1420,0
76029,0,1425,0
76031,0,1421,0
76033,0,1423,0
76035,67763,1421,1
76037,0,1421,0
76039,0,1419,0
76041,0,1422,0
76043,0,1421,0
76045,0,1421,0
76047,0,1427,0
76049,0,1421,0
76051,0,1421,0
76053,0,1420,0
76055,0,1421,0
76057,0,1421,0
76059,0,1421,0
76061,0,1421,0
76063,0,1420,0
76065,0,1421,0
76067,0,1423,0
76069,0,1423,0
76071,0,1421,0
76073,0,1421,0
76075,67769,1421,1
76077,0,1421,0
76079,0,1420,0
76081,0,1422,0
76083,0,1421,0
76085,0,1422,0
76087,0,1421,0
76089,0,1421,0
76091,0,1421,0
76093,0,1423,0
76095,0,1421,0
76097,0,1422,0
76099,0,1421,0
76101,0,1420,0
76103,0,1421,0
76105,0,1421,0
76107,0,1423,0
76109,0,1427,0
76111,0,1421,0
76113,0,1421,0
76115,67770,1421,1
76117,0,1423,0
76119,0,1422,0
76121,0,1421,0
76123,0,1421,0
76125,0,1420,0
76127,0,1423,0
76129,0,1421,0
76131,0,1422,0
76133,0,1421,0
76135,0,1421,0
76137,0,1421,0
76139,0,1422,0
76141,0,1421,0
76143,0,1421,0
76145,0,1421,0
76147,0,1421,0
76149,0,1419,0
76151,0,1421,0
76153,0,1419,0
76155,67779,1421,1
76157,0,1421,0
76159,0,1421,0
76161,0,1421,0
76163,0,1421,0
76165,0,1421,0
76167,0,1420,0
76169,0,1421,0
76171,0,1419,0
76173,0,1421,0
76175,0,1421,0
76177,0,1419,0
76179,0,1421,0
76181,0,1422,0
76183,0,1422,0
76185,0,1421,0
76187,0,1422,0
76189,0,1423,0
76191,0,1421,0
76193,0,1421,0
76195,67772,1420,1
76197,0,1419,0
76199,0,1421,0
76201,0,1420,0
76203,0,1421,0
76205,0,1421,0
76207,0,1427,0
76209,0,1420,0
76211,0,1423,0
76213,0,1421,0
76215,0,1421,0
76217,0,1421,0
76219,0,1421,0
76221,0,1419,0
76223,0,1420,0
76225,0,1421,0
76227,0,1421,0
76229,0,1421,0
76231,0,1421,0
76233,0,1421,0
76235,67773,1421,1
76237,0,1423,0
76239,0,1421,0
76241,0,1423,0
76243,0,1423,0
76245,0,1423,0
76247,0,1422,0
76249,0,1421,0
76251,0,1419,0
76253,0,1421,0
76255,0,1421,0
76257,0,1421,0
76259,0,1421,0
76261,0,1419,0
76263,0,1423,0
76265,0,1421,0
76267,0,1420,0
76269,0,1421,0
76271,0,1421,0
76273,0,1420,0
76275,67800,1421,1
76277,0,1421,0
76279,0,1420,0
76281,0,1421,0
76283,0,1419,0
76285,0,1425,0
76287,0,1421,0
76289,0,1421,0
76291,0,1421,0
76293,0,1421,0
76295,0,1418,0
76297,0,1419,0
76299,0,1420,0
76301,0,1421,0
76303,0,1421,0
76305,0,1419,0
76307,0,1421,0
76309,0,1421,0
76311,0,1423,0
76313,0,1421,0
76315,67792,1421,1
76317,0,1421,0
76319,0,1421,0
76321,0,1421,0
76323,0,1422,0
76325,0,1421,0
76327,0,1421,0
76329,0,1420,0
76331,0,1421,0
76333,0,1421,0
76335,0,1423,0
76337,0,1422,0
76339,0,1422,0
76341,0,1420,0
76343,0,1423,0
76345,0,1422,0
76347,0,1421,0
76349,0,1420,0
76351,0,1427,0
76353,0,1423,0
76355,67770,1421,1
76357,0,1420,0
76359,0,1420,0
76361,0,1431,0
76363,0,1423,0
76365,0,1421,0
76367,0,1421,0
76369,0,1421,0
76371,0,1423,0
76373,0,1419,0
76375,0,1419,0
76377,0,1421,0
76379,0,1422,0
76381,0,1421,0
76383,0,1421,0
76385,0,1422,0
76387,0,1421,0
76389,0,1423,0
76391,0,1420,0
76393,0,1421,0
76395,67739,1421,1
76397,0,1421,0
76399,0,1419,0
76401,0,1421,0
76403,0,1423,0
76405,0,1421,0
76407,0,1423,0
76409,0,1420,0
76411,0,1423,0
76413,0,1421,0
76415,0,1421,0
76417,0,1423,0
76419,0,1421,0
76421,0,1419,0
76423,0,1421,0
76425,0,1422,0
76427,0,1421,0
76429,0,1421,0
76431,0,1422,0
76433,67747,1420,1
76435,0,1421,0
76437,0,1420,0
76439,0,1421,0
76441,0,1421,0
76443,0,1420,0
76445,0,1421,0
76447,0,1421,0
76449,0,1420,0
76451,0,1421,0
76453,0,1422,0
76455,0,1423,0
76457,0,1421,0
76459,0,1421,0
76461,0,1421,0
76463,0,1422,0
76465,0,1421,0
76467,0,1421,0
76469,0,1421,0
76471,0,1423,0
76473,67762,1422,1
76475,0,1422,0
76477,0,1423,0
76479,0,1422,0
76481,0,1421,0
76483,0,1423,0
76485,0,1422,0
76487,0,1420,0
76489,0,1423,0
76491,0,1420,0
76493,0,1420,0
76495,0,1421,0
76497,0,1421,0
76499,0,1421,0
76501,0,1422,0
76503,0,1421,0
76505,0,1422,0
76507,0,1421,0
76509,0,1423,0
76511,0,1421,0
76513,67760,1425,1
76515,0,1423,0
76517,0,1421,0
76519,0,1421,0
76521,0,1421,0
76523,0,1421,0
76525,0,1419,0
76527,0,1421,0
76529,0,1421,0
76531,0,1420,0
76533,0,1419,0
76535,0,1421,0
76537,0,1423,0
76539,0,1421,0
76541,0,1421,0
76543,0,1420,0
76545,0,1420,0
76547,0,1423,0
76549,0,1421,0
76551,0,1421,0
76553,67771,1421,1
76555,0,1420,0
76557,0,1420,0
76559,0,1421,0
76561,0,1421,0
76563,0,1421,0
76565,0,1422,0
76567,0,1425,0
76569,0,1421,0
76571,0,1421,0
76573,0,1422,0
76575,0,1421,0
76577,0,1421,0
76579,0,1421,0
76581,0,1421,0
76583,0,1421,0
76585,0,1421,0
76587,0,1421,0
76589,0,1422,0
76591,0,1425,0
76593,67771,1421,1
76595,0,1423,0
76597,0,1423,0
76599,0,1421,0
76601,0,1421,0
76603,0,1421,0
76605,0,1421,0
76607,0,1421,0
76609,0,1421,0
76611,0,1423,0
76613,0,1421,0
76615,0,1423,0
76617,0,1419,0
76619,0,1421,0
76621,0,1421,0
76623,0,1421,0
76625,0,1419,0
76627,0,1422,0
76629,0,1427,0
76631,0,1421,0
76633,67776,1423,1
76635,0,1420,0
76637,0,1421,0
76639,0,1421,0
76641,0,1419,0
76643,0,1425,0
76645,0,1421,0
76647,0,1421,0
76649,0,1421,0
76651,0,1420,0
76653,0,1421,0
76655,0,1427,0
76657,0,1422,0
76659,0,1421,0
76661,0,1421,0
76663,0,1422,0
76665,0,1421,0
76667,0,1422,0
76669,0,1422,0
76671,0,1422,0
76673,67797,1419,1
76675,0,1421,0
76677,0,1421,0
76679,0,1421,0
76681,0,1421,0
76683,0,1419,0
76685,0,1415,0
76687,0,1421,0
76689,0,1421,0
76691,0,1422,0
76693,0,1421,0
76695,0,1423,0
76697,0,1421,0
76699,0,1421,0
76701,0,1421,0
76703,0,1421,0
76705,0,1419,0
76707,0,1407,0
76709,0,1421,0
76711,0,1421,0
76713,67826,1423,1
76715,0,1421,0
76717,0,1421,0
76719,0,1421,0
76721,0,1421,0
76723,0,1421,0
76725,0,1420,0
76727,0,1420,0
76729,0,1422,0
76731,0,1421,0
76733,0,1421,0
76735,0,1421,0
76737,0,1421,0
76739,0,1422,0
76741,0,1421,0
76743,0,1421,0
76745,0,1421,0
76747,0,1423,0
76749,0,1421,0
76751,0,1423,0
76753,67798,1421,1
76755,0,1421,0
76757,0,1420,0
76759,0,1421,0
76761,0,1423,0
76763,0,1421,0
76765,0,1419,0
76767,0,1421,0
76769,0,1425,0
76771,0,1419,0
76773,0,1421,0
76775,0,1421,0
76777,0,1421,0
76779,0,1422,0
76781,0,1421,0
76783,0,1421,0
76785,0,1423,0
76787,0,1421,0
76789,0,1421,0
76791,0,1426,0
76793,67776,1422,1
76795,0,1421,0
76797,0,1421,0
76799,0,1422,0
76801,0,1423,0
76803,0,1423,0
76805,0,1423,0
76807,0,1422,0
76809,0,1421,0
76811,0,1421,0
76813,0,1423,0
76815,0,1421,0
76817,0,1421,0
76819,0,1423,0
76821,0,1422,0
76823,0,1421,0
76825,0,1421,0
76827,0,1423,0
76829,0,1421,0
76831,67797,1419,1
76833,0,1419,0
76835,0,1425,0
76837,0,1419,0
76839,0,1415,0
76841,0,1421,0
76843,0,1421,0
76845,0,1421,0
76847,0,1421,0
76849,0,1420,0
76851,0,1421,0
76853,0,1422,0
76855,0,1422,0
76857,0,1421,0
76859,0,1421,0
76861,0,1422,0
76863,0,1419,0
76865,0,1421,0
76867,0,1421,0
76869,0,1421,0
76871,67817,1423,1
76873,0,1422,0
76875,0,1422,0
76877,0,1421,0
76879,0,1423,0
76881,0,1421,0
76883,0,1422,0
76885,0,1421,0
76887,0,1421,0
76889,0,1421,0
76891,0,1421,0
76893,0,1422,0
76895,0,1422,0
76897,0,1421,0
76899,0,1421,0
76901,0,1420,0
76903,0,1421,0
76905,0,1420,0
76907,0,1427,0
76909,0,1420,0
76911,67823,1421,1
76913,0,1421,0
76915,0,1421,0
76917,0,1420,0
76919,0,1419,0
76921,0,1422,0
76923,0,1419,0
76925,0,1423,0
76927,0,1422,0
76929,0,1420,0
76931,0,1421,0
76933,0,1423,0
76935,0,1420,0
76937,0,1421,0
76939,0,1420,0
76941,0,1421,0
76943,0,1422,0
76945,0,1421,0
76947,0,1421,0
76949,0,1423,0
76951,67826,1421,1
76953,0,1421,0
76955,0,1425,0
76957,0,1423,0
76959,0,1421,0
76961,0,1427,0
76963,0,1418,0
76965,0,1421,0
76967,0,1422,0
76969,0,1421,0
76971,0,1423,0
76973,0,1421,0
76975,0,1421,0
76977,0,1421,0
76979,0,1421,0
76981,0,1421,0
76983,0,1415,0
76985,0,1421,0
76987,0,1419,0
76989,0,1421,0
76991,67831,1425,1
76993,0,1423,0
76995,0,1421,0
76997,0,1421,0
76999,0,1421,0
77001,0,1421,0
77003,0,1421,0
77005,0,1423,0
77007,0,1421,0
77009,0,1422,0
77011,0,1421,0
77013,0,1422,0
77015,0,1419,0
77017,0,1420,0
77019,0,1423,0
77021,0,1421,0
77023,0,1421,0
77025,0,1419,0
77027,0,1423,0
77029,0,1420,0
77031,67826,1423,1
77033,0,1422,0
77035,0,1420,0
77037,0,1421,0
77039,0,1422,0
77041,0,1421,0
77043,0,1420,0
77045,0,1422,0
77047,0,1422,0
77049,0,1421,0
77051,0,1423,0
77053,0,1421,0
77055,0,1423,0
77057,0,1423,0
77059,0,1419,0
77061,0,1421,0
77063,0,1421,0
77065,0,1425,0
77067,0,1421,0
77069,0,1421,0
77071,67819,1421,1
77073,0,1421,0
77075,0,1421,0
77077,0,1420,0
77079,0,1425,0
77081,0,1419,0
77083,0,1423,0
77085,0,1421,0
77087,0,1421,0
77089,0,1421,0
77091,0,1421,0
77093,0,1422,0
77095,0,1421,0
77097,0,1423,0
77099,0,1421,0
77101,0,1421,0
77103,0,1422,0
77105,0,1421,0
77107,0,1421,0
77109,0,1421,0
77111,67828,1407,1
77113,0,1421,0
77115,0,1419,0
77117,0,1426,0
77119,0,1421,0
77121,0,1419,0
77123,0,1422,0
77125,0,1421,0
77127,0,1422,0
77129,0,1421,0
77131,0,1421,0
77133,0,1423,0
77135,0,1421,0
77137,0,1421,0
77139,0,1423,0
77141,0,1421,0
77143,0,1421,0
77145,0,1421,0
77147,0,1423,0
77149,0,1421,0
77151,67805,1421,1
77153,0,1422,0
77155,0,1421,0
77157,0,1421,0
77159,0,1421,0
77161,0,1421,0
77163,0,1423,0
77165,0,1422,0
77167,0,1423,0
77169,0,1423,0
77171,0,1421,0
77173,0,1421,0
77175,0,1421,0
77177,0,1422,0
77179,0,1421,0
77181,0,1423,0
77183,0,1422,0
77185,0,1421,0
77187,0,1421,0
77189,0,1421,0
77191,67769,1421,1
77193,0,1421,0
77195,0,1421,0
77197,0,1423,0
77199,0,1421,0
77201,0,1420,0
77203,0,1423,0
77205,0,1419,0
77207,0,1421,0
77209,0,1422,0
77211,0,1423,0
77213,0,1421,0
77215,0,1421,0
77217,0,1423,0
77219,0,1423,0
77221,0,1422,0
77223,0,1421,0
77225,0,1423,0
77227,0,1421,0
77229,67802,1421,1
77231,0,1423,0
77233,0,1422,0
77235,0,1421,0
77237,0,1422,0
77239,0,1421,0
77241,0,1421,0
77243,0,1423,0
77245,0,1421,0
77247,0,1421,0
77249,0,1420,0
77251,0,1423,0
77253,0,1421,0
77255,0,1422,0
77257,0,1422,0
77259,0,1421,0
77261,0,1421,0
77263,0,1421,0
77265,0,1421,0
77267,0,1423,0
77269,67812,1421,1
77271,0,1421,0
77273,0,1423,0
77275,0,1420,0
77277,0,1420,0
77279,0,1421,0
77281,0,1425,0
77283,0,1419,0
77285,0,1421,0
77287,0,1421,0
77289,0,1420,0
77291,0,1419,0
77293,0,1419,0
77295,0,1423,0
77297,0,1420,0
77299,0,1421,0
77301,0,1420,0
77303,0,1419,0
77305,0,1422,0
77307,0,1420,0
77309,67817,1421,1
77311,0,1423,0
77313,0,1421,0
77315,0,1421,0
77317,0,1421,0
77319,0,1421,0
77321,0,1421,0
77323,0,1421,0
77325,0,1417,0
77327,0,1421,0
77329,0,1421,0
77331,0,1422,0
77333,0,1422,0
77335,0,1421,0
77337,0,1423,0
77339,0,1419,0
77341,0,1421,0
77343,0,1420,0
77345,0,1421,0
77347,0,1421,0
77349,67821,1421,1
77351,0,1421,0
77353,0,1422,0
77355,0,1422,0
77357,0,1426,0
77359,0,1421,0
77361,0,1421,0
77363,0,1433,0
77365,0,1421,0
77367,0,1421,0
77369,0,1421,0
77371,0,1421,0
77373,0,1421,0
77375,0,1405,0
77377,0,1421,0
77379,0,1421,0
77381,0,1421,0
77383,0,1421,0
77385,0,1421,0
77387,0,1419,0
77389,67816,1422,1
77391,0,1421,0
77393,0,1427,0
77395,0,1421,0
77397,0,1421,0
77399,0,1421,0
77401,0,1421,0
77403,0,1421,0
77405,0,1421,0
77407,0,1421,0
77409,0,1421,0
77411,0,1421,0
77413,0,1421,0
77415,0,1428,0
77417,0,1422,0
77419,0,1421,0
77421,0,1421,0
77423,0,1421,0
77425,0,1421,0
77427,0,1420,0
77429,67843,1419,1
77431,0,1421,0
77433,0,1421,0
77435,0,1421,0
77437,0,1419,0
77439,0,1419,0
77441,0,1419,0
77443,0,1421,0
77445,0,1421,0
77447,0,1420,0
77449,0,1421,0
77452,0,1420,0
77454,0,1421,0
77456,0,1422,0
77458,0,1421,0
77460,0,1421,0
77462,0,1421,0
77464,0,1421,0
77466,0,1422,0
77468,0,1421,0
77470,67868,1423,1
77472,0,1421,0
77474,0,1421,0
77476,0,1429,0
77478,0,1425,0
77480,0,1423,0
77482,0,1422,0
77484,0,1435,0
77486,0,1421,0
77488,0,1421,0
77490,0,1421,0
77492,0,1421,0
77494,0,1421,0
77496,0,1421,0
77498,0,1421,0
77500,0,1423,0
77502,0,1421,0
77504,0,1420,0
77506,0,1421,0
77508,0,1422,0
77510,67887,1419,1
77512,0,1421,0
77514,0,1421,0
77516,0,1421,0
77518,0,1420,0
77520,0,1419,0
77522,0,1421,0
77524,0,1421,0
77526,0,1421,0
77528,0,1422,0
77530,0,1427,0
77532,0,1421,0
77534,0,1421,0
77536,0,1420,0
77538,0,1421,0
77540,0,1421,0
77542,0,1421,0
77544,0,1421,0
77546,0,1421,0
77548,0,1421,0
77550,67881,1421,1
77552,0,1421,0
77554,0,1423,0
77556,0,1422,0
77558,0,1422,0
77560,0,1421,0
77562,0,1421,0
77564,0,1425,0
77566,0,1421,0
77568,0,1421,0
77570,0,1421,0
77572,0,1421,0
77574,0,1422,0
77576,0,1423,0
77578,0,1421,0
77580,0,1421,0
77582,0,1421,0
77584,0,1423,0
77586,0,1420,0
77588,0,1421,0
77590,67844,1415,1
77592,0,1419,0
77594,0,1423,0
77596,0,1421,0
77598,0,1421,0
77600,0,1419,0
77602,0,1421,0
77604,0,1421,0
77606,0,1421,0
77608,0,1421,0
77610,0,1422,0
77612,0,1425,0
77614,0,1421,0
77616,0,1421,0
77618,0,1421,0
77620,0,1422,0
77622,0,1423,0
77624,0,1419,0
77626,0,1422,0
77628,0,1423,0
77630,67854,1421,1
77632,0,1423,0
77634,0,1421,0
77636,0,1421,0
77638,0,1421,0
77640,0,1422,0
77642,0,1421,0
77644,0,1421,0
77646,0,1421,0
77648,0,1421,0
77650,0,1421,0
77652,0,1421,0
77654,0,1420,0
77656,0,1421,0
77658,0,1419,0
77660,0,1421,0
77662,0,1421,0
77664,0,1420,0
77666,0,1425,0
77668,67869,1421,1
77670,0,1421,0
77672,0,1420,0
77674,0,1422,0
77676,0,1420,0
77678,0,1421,0
77680,0,1421,0
77682,0,1421,0
77684,0,1421,0
77686,0,1421,0
77688,0,1429,0
77690,0,1421,0
77692,0,1419,0
77694,0,1421,0
77696,0,1422,0
77698,0,1423,0
77700,0,1423,0
77702,0,1420,0
77704,0,1421,0
77706,0,1419,0
77708,67883,1421,1
77710,0,1420,0
77712,0,1421,0
77714,0,1420,0
77716,0,1421,0
77718,0,1421,0
77720,0,1421,0
77722,0,1421,0
77724,0,1419,0
77726,0,1427,0
77728,0,1422,0
77730,0,1420,0
77732,0,1421,0
77734,0,1421,0
77736,0,1421,0
77738,0,1421,0
77740,0,1421,0
77742,0,1421,0
77744,0,1421,0
77746,0,1421,0
77748,67894,1421,1
77750,0,1421,0
77752,0,1422,0
77754,0,1420,0
77756,0,1421,0
77758,0,1421,0
77760,0,1421,0
77762,0,1421,0
77764,0,1421,0
77766,0,1420,0
77768,0,1421,0
77770,0,1419,0
77772,0,1421,0
77774,0,1421,0
77776,0,1417,0
77778,0,1421,0
77780,0,1421,0
77782,0,1421,0
77784,0,1421,0
77786,0,1421,0
77788,67898,1421,1
77790,0,1421,0
77792,0,1421,0
77794,0,1422,0
77796,0,1422,0
77798,0,1421,0
77800,0,1421,0
77802,0,1421,0
77804,0,1421,0
77806,0,1421,0
77808,0,1421,0
77810,0,1421,0
77812,0,1421,0
77814,0,1421,0
77816,0,1421,0
77818,0,1422,0
77820,0,1422,0
77822,0,1422,0
77824,0,1421,0
77826,0,1421,0
77828,67905,1420,1
77830,0,1420,0
77832,0,1417,0
77834,0,1420,0
77836,0,1422,0
77838,0,1421,0
77840,0,1420,0
77842,0,1420,0
77844,0,1420,0
77846,0,1421,0
77848,0,1422,0
77850,0,1421,0
77852,0,1421,0
77854,0,1421,0
77856,0,1421,0
77858,0,1422,0
77860,0,1421,0
77862,0,1421,0
77864,0,1421,0
77866,0,1423,0
77868,67912,1421,1
77870,0,1421,0
77872,0,1421,0
77874,0,1421,0
77876,0,1421,0
77878,0,1422,0
77880,0,1422,0
77882,0,1421,0
77884,0,1419,0
77886,0,1420,0
77888,0,1423,0
77890,0,1421,0
77892,0,1421,0
77894,0,1421,0
77896,0,1421,0
77898,0,1421,0
77900,0,1421,0
77902,0,1421,0
77904,0,1422,0
77906,0,1421,0
77908,67928,1421,1
77910,0,1421,0
77912,0,1421,0
77914,0,1423,0
77916,0,1422,0
77918,0,1421,0
77920,0,1420,0
77922,0,1419,0
77924,0,1421,0
77926,0,1421,0
77928,0,1421,0
77930,0,1421,0
77932,0,1421,0
77934,0,1419,0
77936,0,1421,0
77938,0,1419,0
77940,0,1419,0
77942,0,1421,0
77944,0,1419,0
77946,0,1420,0
77948,67919,1422,1
77950,0,1420,0
77952,0,1420,0
77954,0,1421,0
77956,0,1421,0
77958,0,1420,0
77960,0,1423,0
77962,0,1421,0
77964,0,1421,0
77966,0,1417,0
77968,0,1423,0
77970,0,1421,0
77972,0,1421,0
77974,0,1422,0
77976,0,1421,0
77978,0,1426,0
77980,0,1421,0
77982,0,1419,0
77984,0,1421,0
77986,0,1421,0
77988,67857,1419,1
77990,0,1421,0
77992,0,1421,0
77994,0,1420,0
77996,0,1421,0
77998,0,1421,0
78000,0,1421,0
78002,0,1421,0
78004,0,1421,0
78006,0,1420,0
78008,0,1422,0
78010,0,1422,0
78012,0,1420,0
78014,0,1421,0
78016,0,1421,0
78018,0,1421,0
78020,0,1421,0
78022,0,1421,0
78024,0,1419,0
78026,0,1420,0
78028,67873,1419,1
78030,0,1421,0
78032,0,1421,0
78034,0,1423,0
78036,0,1417,0
78038,0,1421,0
78040,0,1422,0
78042,0,1421,0
78044,0,1421,0
78046,0,1420,0
78048,0,1423,0
78050,0,1421,0
78052,0,1421,0
78054,0,1421,0
78056,0,1421,0
78058,0,1421,0
78060,0,1419,0
78062,0,1427,0
78064,0,1420,0
78066,67894,1422,1
78068,0,1419,0
78070,0,1421,0
78072,0,1418,0
78074,0,1421,0
78076,0,1420,0
78078,0,1421,0
78080,0,1419,0
78082,0,1421,0
78084,0,1421,0
78086,0,1421,0
78088,0,1422,0
78090,0,1419,0
78092,0,1422,0
78094,0,1421,0
78096,0,1420,0
78098,0,1418,0
78100,0,1421,0
78102,0,1419,0
78104,0,1421,0
78106,67878,1421,1
78108,0,1421,0
78110,0,1419,0
78112,0,1421,0
78114,0,1421,0
78116,0,1421,0
78118,0,1417,0
78120,0,1421,0
78122,0,1425,0
78124,0,1421,0
78126,0,1421,0
78128,0,1419,0
78130,0,1419,0
78132,0,1421,0
78134,0,1419,0
78136,0,1421,0
78138,0,1420,0
78140,0,1421,0
78142,0,1419,0
78144,0,1421,0
78146,67878,1421,1
78148,0,1421,0
78150,0,1421,0
78152,0,1421,0
78154,0,1419,0
78156,0,1421,0
78158,0,1421,0
78160,0,1420,0
78162,0,1423,0
78164,0,1405,0
78166,0,1419,0
78168,0,1419,0
78170,0,1421,0
78172,0,1426,0
78174,0,1420,0
78176,0,1421,0
78178,0,1419,0
78180,0,1421,0
78182,0,1421,0
78184,0,1421,0
78186,67874,1421,1
78188,0,1421,0
78190,0,1421,0
78192,0,1419,0
78194,0,1434,0
78196,0,1421,0
78198,0,1419,0
78200,0,1421,0
78202,0,1421,0
78204,0,1420,0
78206,0,1425,0
78208,0,1421,0
78210,0,1421,0
78212,0,1419,0
78214,0,1419,0
78216,0,1421,0
78218,0,1421,0
78220,0,1421,0
78222,0,1420,0
78224,0,1419,0
78226,67871,1421,1
78228,0,1420,0
78230,0,1421,0
78232,0,1420,0
78234,0,1422,0
78236,0,1420,0
78238,0,1420,0
78240,0,1420,0
78242,0,1421,0
78244,0,1421,0
78246,0,1421,0
78248,0,1421,0
78250,0,1421,0
78252,0,1421,0
78254,0,1421,0
78256,0,1419,0
78258,0,1419,0
78260,0,1421,0
78262,0,1419,0
78264,0,1420,0
78266,67865,1421,1
78268,0,1421,0
78270,0,1421,0
78272,0,1419,0
78274,0,1420,0
78276,0,1421,0
78278,0,1421,0
78280,0,1420,0
78282,0,1421,0
78284,0,1419,0
78286,0,1422,0
78288,0,1421,0
78290,0,1421,0
78292,0,1419,0
78294,0,1423,0
78296,0,1421,0
78298,0,1421,0
78300,0,1421,0
78302,0,1421,0
78304,0,1419,0
78306,67896,1421,1
78308,0,1419,0
78310,0,1420,0
78312,0,1422,0
78314,0,1421,0
78316,0,1421,0
78318,0,1421,0
78320,0,1428,0
78322,0,1421,0
78324,0,1421,0
78326,0,1421,0
78328,0,1419,0
78330,0,1420,0
78332,0,1421,0
78334,0,1421,0
78336,0,1421,0
78338,0,1420,0
78340,0,1421,0
78342,0,1419,0
78344,0,1421,0
78346,67891,1419,1
78348,0,1421,0
78350,0,1419,0
78352,0,1420,0
78354,0,1420,0
78356,0,1419,0
78358,0,1421,0
78360,0,1423,0
78362,0,1421,0
78364,0,1420,0
78366,0,1420,0
78368,0,1423,0
78370,0,1423,0
78372,0,1421,0
78374,0,1421,0
78376,0,1419,0
78378,0,1420,0
78380,0,1421,0
78382,0,1421,0
78384,0,1421,0
78386,67850,1421,1
78388,0,1419,0
78390,0,1421,0
78392,0,1421,0
78394,0,1420,0
78396,0,1421,0
78398,0,1419,0
78400,0,1420,0
78402,0,1421,0
78404,0,1416,0
78406,0,1427,0
78408,0,1423,0
78410,0,1421,0
78412,0,1421,0
78414,0,1420,0
78416,0,1421,0
78418,0,1421,0
78420,0,1432,0
78422,0,1421,0
78424,0,1421,0
78426,67850,1421,1
78428,0,1421,0
78430,0,1422,0
78432,0,1419,0
78434,0,1422,0
78436,0,1419,0
78438,0,1419,0
78440,0,1419,0
78442,0,1420,0
78444,0,1419,0
78446,0,1420,0
78448,0,1421,0
78450,0,1421,0
78452,0,1421,0
78454,0,1421,0
78456,0,1420,0
78458,0,1421,0
78460,0,1421,0
78462,0,1423,0
78464,67885,1420,1
78466,0,1422,0
78468,0,1421,0
78470,0,1419,0
78472,0,1423,0
78474,0,1421,0
78476,0,1420,0
78478,0,1420,0
78480,0,1406,0
78482,0,1420,0
78484,0,1421,0
78486,0,1425,0
78488,0,1421,0
78490,0,1421,0
78492,0,1415,0
78494,0,1419,0
78496,0,1418,0
78498,0,1421,0
78500,0,1421,0
78502,0,1421,0
78504,67902,1421,1
78506,0,1421,0
78508,0,1421,0
78510,0,1424,0
78512,0,1420,0
78514,0,1421,0
78516,0,1419,0
78518,0,1421,0
78520,0,1422,0
78522,0,1427,0
78524,0,1420,0
78526,0,1419,0
78528,0,1421,0
78530,0,1423,0
78532,0,1420,0
78534,0,1419,0
78536,0,1421,0
78538,0,1421,0
78540,0,1421,0
78542,0,1421,0
78544,67913,1419,1
78546,0,1421,0
78548,0,1420,0
78550,0,1421,0
78552,0,1420,0
78554,0,1421,0
78556,0,1421,0
78558,0,1421,0
78560,0,1421,0
78562,0,1421,0
78564,0,1420,0
78566,0,1421,0
78568,0,1421,0
78570,0,1419,0
78572,0,1421,0
78574,0,1421,0
78576,0,1421,0
78578,0,1421,0
78580,0,1421,0
78582,0,1419,0
78584,67924,1420,1
78586,0,1420,0
78588,0,1419,0
78590,0,1421,0
78592,0,1420,0
78594,0,1417,0
78596,0,1421,0
78598,0,1421,0
78600,0,1421,0
78602,0,1421,0
78604,0,1424,0
78606,0,1420,0
78608,0,1421,0
78610,0,1419,0
78612,0,1421,0
78614,0,1421,0
78616,0,1421,0
78618,0,1421,0
78620,0,1421,0
78622,0,1419,0
78624,67925,1419,1
78626,0,1415,0
78628,0,1420,0
78630,0,1420,0
78632,0,1421,0
78634,0,1420,0
78636,0,1421,0
78638,0,1419,0
78640,0,1421,0
78642,0,1420,0
78644,0,1419,0
78646,0,1427,0
78648,0,1419,0
78650,0,1419,0
78652,0,1419,0
78654,0,1421,0
78656,0,1420,0
78658,0,1417,0
78660,0,1421,0
78662,0,1421,0
78664,67932,1421,1
78666,0,1420,0
78668,0,1418,0
78670,0,1421,0
78672,0,1420,0
78674,0,1419,0
78676,0,1419,0
78678,0,1421,0
78680,0,1421,0
78682,0,1419,0
78684,0,1421,0
78686,0,1421,0
78688,0,1421,0
78690,0,1421,0
78692,0,1419,0
78694,0,1420,0
78696,0,1419,0
78698,0,1419,0
78700,0,1420,0
78702,0,1420,0
78704,67950,1421,1
78706,0,1420,0
78708,0,1419,0
78710,0,1423,0
78712,0,1419,0
78714,0,1419,0
78716,0,1422,0
78718,0,1419,0
78720,0,1419,0
78722,0,1421,0
78724,0,1420,0
78726,0,1420,0
78728,0,1421,0
78730,0,1423,0
78732,0,1421,0
78734,0,1421,0
78736,0,1421,0
78738,0,1420,0
78740,0,1420,0
78742,0,1421,0
78744,67944,1421,1
78746,0,1421,0
78748,0,1420,0
78750,0,1419,0
78752,0,1421,0
78754,0,1421,0
78756,0,1421,0
78758,0,1421,0
78760,0,1419,0
78762,0,1421,0
78764,0,1420,0
78766,0,1421,0
78768,0,1421,0
78770,0,1420,0
78772,0,1421,0
78774,0,1419,0
78776,0,1421,0
78778,0,1420,0
78780,0,1421,0
78782,0,1425,0
78784,67883,1419,1
78786,0,1421,0
78788,0,1417,0
78790,0,1421,0
78792,0,1419,0
78794,0,1418,0
78796,0,1419,0
78798,0,1421,0
78800,0,1420,0
78802,0,1421,0
78804,0,1419,0
78806,0,1421,0
78808,0,1420,0
78810,0,1421,0
78812,0,1420,0
78814,0,1419,0
78816,0,1421,0
78818,0,1419,0
78820,0,1421,0
78822,0,1421,0
78824,67874,1420,1
78826,0,1419,0
78828,0,1419,0
78830,0,1417,0
78832,0,1419,0
78834,0,1421,0
78836,0,1421,0
78838,0,1421,0
78840,0,1421,0
78842,0,1420,0
78844,0,1420,0
78846,0,1421,0
78848,0,1421,0
78850,0,1421,0
78852,0,1421,0
78854,0,1421,0
78856,0,1419,0
78858,0,1421,0
78860,0,1421,0
78862,67896,1420,1
78864,0,1421,0
78866,0,1420,0
78868,0,1421,0
78870,0,1421,0
78872,0,1421,0
78874,0,1421,0
78876,0,1421,0
78878,0,1422,0
78880,0,1421,0
78882,0,1419,0
78884,0,1420,0
78886,0,1421,0
78888,0,1421,0
78890,0,1420,0
78892,0,1421,0
78894,0,1419,0
78896,0,1419,0
78898,0,1420,0
78900,0,1421,0
78902,67905,1421,1
78904,0,1421,0
78906,0,1421,0
78908,0,1419,0
78910,0,1421,0
78912,0,1420,0
78914,0,1421,0
78916,0,1423,0
78918,0,1421,0
78920,0,1421,0
78922,0,1421,0
78924,0,1422,0
78926,0,1425,0
78928,0,1421,0
78930,0,1421,0
78932,0,1427,0
78934,0,1421,0
78936,0,1421,0
78938,0,1421,0
78940,0,1421,0
78942,67911,1421,1
78944,0,1421,0
78946,0,1421,0
78948,0,1420,0
78950,0,1421,0
78952,0,1415,0
78954,0,1421,0
78956,0,1421,0
78958,0,1421,0
78960,0,1422,0
78962,0,1423,0
78964,0,1421,0
78966,0,1421,0
78968,0,1421,0
78970,0,1421,0
78972,0,1421,0
78974,0,1421,0
78976,0,1419,0
78978,0,1419,0
78980,0,1421,0
78982,67898,1421,1
78984,0,1421,0
78986,0,1419,0
78988,0,1421,0
78990,0,1421,0
78992,0,1421,0
78994,0,1422,0
78996,0,1421,0
78998,0,1421,0
79000,0,1421,0
79002,0,1419,0
79004,0,1421,0
79006,0,1421,0
79008,0,1421,0
79010,0,1419,0
79012,0,1419,0
79014,0,1420,0
79016,0,1420,0
79018,0,1420,0
79020,0,1425,0
79022,67900,1421,1
79024,0,1421,0
79026,0,1422,0
79028,0,1422,0
79030,0,1421,0
79032,0,1421,0
79034,0,1423,0
79036,0,1421,0
79038,0,1421,0
79040,0,1421,0
79042,0,1421,0
79044,0,1421,0
79046,0,1421,0
79048,0,1419,0
79050,0,1423,0
79052,0,1421,0
79054,0,1420,0
79056,0,1421,0
79058,0,1421,0
79060,0,1421,0
79062,67904,1421,1
79064,0,1421,0
79066,0,1419,0
79068,0,1421,0
79070,0,1423,0
79072,0,1419,0
79074,0,1419,0
79076,0,1421,0
79078,0,1421,0
79080,0,1421,0
79082,0,1427,0
79084,0,1421,0
79086,0,1421,0
79088,0,1420,0
79090,0,1422,0
79092,0,1415,0
79094,0,1421,0
79096,0,1421,0
79098,0,1421,0
79100,0,1421,0
79102,67930,1420,1
79104,0,1421,0
79106,0,1419,0
79108,0,1421,0
79110,0,1421,0
79112,0,1421,0
79114,0,1421,0
79116,0,1421,0
79118,0,1421,0
79120,0,1421,0
79122,0,1421,0
79124,0,1420,0
79126,0,1419,0
79128,0,1421,0
79130,0,1420,0
79132,0,1418,0
79134,0,1421,0
79136,0,1420,0
79138,0,1419,0
79140,0,1419,0
79142,67917,1421,1
79144,0,1421,0
79146,0,1421,0
79148,0,1419,0
79150,0,1420,0
79152,0,1421,0
79154,0,1421,0
79156,0,1420,0
79158,0,1419,0
79160,0,1421,0
79162,0,1421,0
79164,0,1423,0
79166,0,1421,0
79168,0,1421,0
79170,0,1420,0
79172,0,1422,0
79174,0,1421,0
79176,0,1423,0
79178,0,1421,0
79180,0,1423,0
79182,67860,1423,1
79184,0,1421,0
79186,0,1420,0
79188,0,1420,0
79190,0,1421,0
79192,0,1422,0
79194,0,1421,0
79196,0,1421,0
79198,0,1419,0
79200,0,1421,0
79202,0,1421,0
79204,0,1419,0
79206,0,1421,0
79208,0,1423,0
79210,0,1419,0
79212,0,1420,0
79214,0,1421,0
79216,0,1422,0
79218,0,1421,0
79220,0,1420,0
79222,67852,1421,1
79224,0,1421,0
79226,0,1423,0
79228,0,1421,0
79230,0,1419,0
79232,0,1420,0
79234,0,1419,0
79236,0,1419,0
79238,0,1421,0
79240,0,1420,0
79242,0,1421,0
79244,0,1419,0
79246,0,1421,0
79248,0,1419,0
79250,0,1421,0
79252,0,1419,0
79254,0,1421,0
79256,0,1421,0
79258,0,1420,0
79260,67885,1425,1
79262,0,1419,0
79264,0,1421,0
79266,0,1421,0
79268,0,1419,0
79270,0,1421,0
79272,0,1421,0
79274,0,1421,0
79276,0,1421,0
79278,0,1419,0
79280,0,1419,0
79282,0,1421,0
79284,0,1421,0
79286,0,1419,0
79288,0,1420,0
79290,0,1420,0
79292,0,1421,0
79294,0,1421,0
79297,0,1420,0
79299,0,1421,0
79301,67906,1419,1
79303,0,1421,0
79305,0,1421,0
79307,0,1421,0
79309,0,1419,0
79311,0,1419,0
79313,0,1422,0
79315,0,1421,0
79317,0,1421,0
79319,0,1419,0
79321,0,1422,0
79323,0,1421,0
79325,0,1419,0
79327,0,1419,0
79329,0,1420,0
79331,0,1421,0
79333,0,1422,0
79335,0,1419,0
79337,0,1422,0
79339,0,1421,0
79341,67909,1422,1
79343,0,1419,0
79345,0,1421,0
79347,0,1421,0
79349,0,1421,0
79351,0,1420,0
79353,0,1422,0
79355,0,1421,0
79357,0,1421,0
79359,0,1421,0
79361,0,1421,0
79363,0,1422,0
79365,0,1421,0
79367,0,1428,0
79369,0,1422,0
79371,0,1422,0
79373,0,1425,0
79375,0,1423,0
79377,0,1419,0
79379,0,1421,0
79381,67909,1421,1
79383,0,1419,0
79385,0,1423,0
79387,0,1419,0
79389,0,1421,0
79391,0,1422,0
79393,0,1422,0
79395,0,1427,0
79397,0,1419,0
79399,0,1421,0
79401,0,1423,0
79403,0,1421,0
79405,0,1421,0
79407,0,1421,0
79409,0,1421,0
79411,0,1419,0
79413,0,1421,0
79415,0,1421,0
79417,0,1421,0
79419,0,1421,0
79421,67916,1421,1
79423,0,1421,0
79425,0,1419,0
79427,0,1423,0
79429,0,1420,0
79431,0,1423,0
79433,0,1420,0
79435,0,1421,0
79437,0,1419,0
79439,0,1421,0
79441,0,1420,0
79443,0,1420,0
79445,0,1421,0
79447,0,1419,0
79449,0,1421,0
79451,0,1418,0
79453,0,1419,0
79455,0,1423,0
79457,0,1421,0
79459,0,1420,0
79461,67924,1419,1
79463,0,1415,0
79465,0,1419,0
79467,0,1421,0
79469,0,1421,0
79471,0,1421,0
79473,0,1425,0
79475,0,1420,0
79477,0,1420,0
79479,0,1421,0
79481,0,1421,0
79483,0,1421,0
79485,0,1421,0
79487,0,1421,0
79489,0,1420,0
79491,0,1421,0
79493,0,1421,0
79495,0,1420,0
79497,0,1419,0
79499,0,1423,0
79501,67953,1421,1
79503,0,1421,0
79505,0,1419,0
79507,0,1423,0
79509,0,1421,0
79511,0,1419,0
79513,0,1421,0
79515,0,1421,0
79517,0,1421,0
79519,0,1421,0
79521,0,1421,0
79523,0,1427,0
79525,0,1427,0
79527,0,1421,0
79529,0,1419,0
79531,0,1421,0
79533,0,1421,0
79535,0,1421,0
79537,0,1421,0
79539,0,1421,0
79541,67953,1421,1
79543,0,1421,0
79545,0,1422,0
79547,0,1421,0
79549,0,1421,0
79551,0,1419,0
79553,0,1421,0
79555,0,1423,0
79557,0,1417,0
79559,0,1420,0
79561,0,1420,0
79563,0,1421,0
79565,0,1420,0
79567,0,1421,0
79569,0,1421,0
79571,0,1420,0
79573,0,1421,0
79575,0,1419,0
79577,0,1423,0
79579,0,1421,0
79581,67900,1421,1
79583,0,1421,0
79585,0,1420,0
79587,0,1421,0
79589,0,1419,0
79591,0,1421,0
79593,0,1421,0
79595,0,1419,0
79597,0,1404,0
79599,0,1421,0
79601,0,1421,0
79603,0,1421,0
79605,0,1421,0
79607,0,1421,0
79609,0,1420,0
79611,0,1421,0
79613,0,1421,0
79615,0,1419,0
79617,0,1421,0
79619,0,1419,0
79621,67886,1420,1
79623,0,1421,0
79625,0,1421,0
79627,0,1421,0
79629,0,1421,0
79631,0,1428,0
79633,0,1421,0
79635,0,1419,0
79637,0,1421,0
79639,0,1421,0
79641,0,1422,0
79643,0,1419,0
79645,0,1422,0
79647,0,1419,0
79649,0,1421,0
79651,0,1423,0
79653,0,1421,0
79655,0,1421,0
79657,0,1421,0
79659,67904,1422,1
79661,0,1421,0
79663,0,1420,0
79665,0,1421,0
79667,0,1420,0
79669,0,1419,0
79671,0,1421,0
79673,0,1420,0
79675,0,1421,0
79677,0,1419,0
79679,0,1421,0
79681,0,1421,0
79683,0,1421,0
79685,0,1419,0
79687,0,1420,0
79689,0,1422,0
79691,0,1419,0
79693,0,1419,0
79695,0,1421,0
79697,0,1421,0
79699,67918,1419,1
79701,0,1421,0
79703,0,1421,0
79705,0,1421,0
79707,0,1421,0
79709,0,1422,0
79711,0,1419,0
79713,0,1421,0
79715,0,1421,0
79717,0,1420,0
79719,0,1421,0
79721,0,1421,0
79723,0,1421,0
79725,0,1421,0
79727,0,1421,0
79729,0,1423,0
79731,0,1419,0
79733,0,1421,0
79735,0,1421,0
79737,0,1420,0
79739,67918,1421,1
79741,0,1417,0
79743,0,1419,0
79745,0,1421,0
79747,0,1419,0
79749,0,1419,0
79751,0,1414,0
79753,0,1415,0
79755,0,1421,0
79757,0,1420,0
79759,0,1421,0
79761,0,1419,0
79763,0,1423,0
79765,0,1419,0
79767,0,1419,0
79769,0,1421,0
79771,0,1421,0
79773,0,1419,0
79775,0,1420,0
79777,0,1421,0
79779,67921,1420,1
79781,0,1420,0
79783,0,1423,0
79785,0,1419,0
79787,0,1420,0
79789,0,1422,0
79791,0,1419,0
79793,0,1419,0
79795,0,1419,0
79797,0,1422,0
79799,0,1420,0
79801,0,1421,0
79803,0,1419,0
79805,0,1419,0
79807,0,1419,0
79809,0,1420,0
79811,0,1421,0
79813,0,1419,0
79815,0,1421,0
79817,0,1421,0
79819,67919,1421,1
79821,0,1420,0
79823,0,1419,0
79825,0,1421,0
79827,0,1420,0
79829,0,1421,0
79831,0,1421,0
79833,0,1419,0
79835,0,1421,0
79837,0,1421,0
79839,0,1421,0
79841,0,1421,0
79843,0,1420,0
79845,0,1415,0
79847,0,1423,0
79849,0,1421,0
79851,0,1419,0
79853,0,1421,0
79855,0,1423,0
79857,0,1420,0
79859,67921,1421,1
79861,0,1419,0
79863,0,1419,0
79865,0,1421,0
79867,0,1420,0
79869,0,1419,0
79871,0,1419,0
79873,0,1419,0
79875,0,1419,0
79877,0,1420,0
79879,0,1423,0
79881,0,1420,0
79883,0,1421,0
79885,0,1419,0
79887,0,1421,0
79889,0,1419,0
79891,0,1420,0
79893,0,1421,0
79895,0,1420,0
79897,0,1421,0
79899,67950,1420,1
79901,0,1421,0
79903,0,1421,0
79905,0,1419,0
79907,0,1419,0
79909,0,1419,0
79911,0,1419,0
79913,0,1421,0
79915,0,1420,0
79917,0,1419,0
79919,0,1419,0
79921,0,1421,0
79923,0,1419,0
79925,0,1420,0
79927,0,1421,0
79929,0,1423,0
79931,0,1420,0
79933,0,1420,0
79935,0,1421,0
79937,0,1419,0
79939,67939,1419,1
79941,0,1420,0
79943,0,1419,0
79945,0,1419,0
79947,0,1420,0
79949,0,1418,0
79951,0,1420,0
79953,0,1421,0
79955,0,1419,0
79957,0,1419,0
79959,0,1419,0
79961,0,1421,0
79963,0,1419,0
79965,0,1419,0
79967,0,1419,0
79969,0,1421,0
79971,0,1420,0
79973,0,1419,0
79975,0,1420,0
79977,0,1419,0
79979,67904,1419,1
79981,0,1419,0
79983,0,1421,0
79985,0,1419,0
79987,0,1419,0
79989,0,1419,0
79991,0,1420,0
79993,0,1415,0
79995,0,1419,0
79997,0,1419,0
79999,0,1420,0
80001,0,1419,0
80003,0,1419,0
80005,0,1419,0
80007,0,1421,0
80009,0,1421,0
80011,0,1419,0
80013,0,1421,0
80015,0,1420,0
80017,0,1419,0
80019,67901,1419,1
80021,0,1419,0
80023,0,1420,0
80025,0,1419,0
80027,0,1415,0
80029,0,1421,0
80031,0,1419,0
80033,0,1419,0
80035,0,1419,0
80037,0,1419,0
80039,0,1418,0
80041,0,1419,0
80043,0,1419,0
80045,0,1420,0
80047,0,1420,0
80049,0,1418,0
80051,0,1420,0
80053,0,1420,0
80055,0,1419,0
80057,67930,1423,1
80059,0,1419,0
80061,0,1419,0
80063,0,1417,0
80065,0,1419,0
80067,0,1420,0
80069,0,1418,0
80071,0,1419,0
80073,0,1419,0
80075,0,1419,0
80077,0,1418,0
80079,0,1419,0
80081,0,1420,0
80083,0,1419,0
80085,0,1419,0
80087,0,1417,0
80089,0,1417,0
80091,0,1417,0
80093,0,1419,0
80095,0,1419,0
80097,67956,1419,1
80099,0,1419,0
80101,0,1419,0
80103,0,1419,0
80105,0,1419,0
80107,0,1419,0
80109,0,1419,0
80111,0,1415,0
80113,0,1419,0
80115,0,1419,0
80117,0,1417,0
80119,0,1419,0
80121,0,1419,0
80123,0,1419,0
80125,0,1419,0
80127,0,1419,0
80129,0,1419,0
80131,0,1419,0
80133,0,1419,0
80135,0,1419,0
80137,67956,1419,1
80139,0,1418,0
80141,0,1419,0
80143,0,1417,0
80145,0,1419,0
80147,0,1419,0
80149,0,1419,0
80151,0,1416,0
80153,0,1421,0
80155,0,1419,0
80157,0,1417,0
80159,0,1418,0
80161,0,1419,0
80163,0,1417,0
80165,0,1419,0
80167,0,1419,0
80169,0,1419,0
80171,0,1419,0
80173,0,1419,0
80175,0,1419,0
80177,67952,1417,1
80179,0,1417,0
80181,0,1419,0
80183,0,1419,0
80185,0,1421,0
80187,0,1419,0
80189,0,1419,0
80191,0,1423,0
80193,0,1419,0
80195,0,1417,0
80197,0,1417,0
80199,0,1418,0
80201,0,1417,0
80203,0,1417,0
80205,0,1417,0
80207,0,1418,0
80209,0,1417,0
80211,0,1420,0
80213,0,1418,0
80215,0,1419,0
80217,67957,1417,1
80219,0,1417,0
80221,0,1418,0
80223,0,1419,0
80225,0,1417,0
80227,0,1416,0
80229,0,1417,0
80231,0,1417,0
80233,0,1419,0
80235,0,1417,0
80237,0,1419,0
80239,0,1417,0
80241,0,1417,0
80243,0,1418,0
80245,0,1408,0
80247,0,1418,0
80249,0,1416,0
80251,0,1418,0
80253,0,1418,0
80255,0,1417,0
80257,67967,1417,1
80259,0,1417,0
80261,0,1417,0
80263,0,1415,0
80265,0,1417,0
80267,0,1417,0
80269,0,1417,0
80271,0,1417,0
80273,0,1418,0
80275,0,1417,0
80277,0,1417,0
80279,0,1418,0
80281,0,1415,0
80283,0,1415,0
80285,0,1416,0
80287,0,1417,0
80289,0,1417,0
80291,0,1417,0
80293,0,1417,0
80295,0,1417,0
80297,67993,1421,1
80299,0,1417,0
80301,0,1417,0
80303,0,1416,0
80305,0,1416,0
80307,0,1418,0
80309,0,1418,0
80311,0,1417,0
80313,0,1417,0
80315,0,1418,0
80317,0,1417,0
80319,0,1417,0
80321,0,1417,0
80323,0,1415,0
80325,0,1417,0
80327,0,1417,0
80329,0,1415,0
80331,0,1416,0
80333,0,1417,0
80335,0,1417,0
80337,67996,1421,1
80339,0,1417,0
80341,0,1415,0
80343,0,1415,0
80345,0,1415,0
80347,0,1415,0
80349,0,1414,0
80351,0,1416,0
80353,0,1415,0
80355,0,1416,0
80357,0,1415,0
80359,0,1417,0
80361,0,1417,0
80363,0,1407,0
80365,0,1413,0
80367,0,1415,0
80369,0,1415,0
80371,0,1415,0
80373,0,1417,0
80375,0,1415,0
80377,67951,1423,1
80379,0,1415,0
80381,0,1417,0
80383,0,1417,0
80385,0,1416,0
80387,0,1417,0
80389,0,1415,0
80391,0,1417,0
80393,0,1416,0
80395,0,1415,0
80397,0,1415,0
80399,0,1417,0
80401,0,1397,0
80403,0,1415,0
80405,0,1415,0
80407,0,1415,0
80409,0,1415,0
80411,0,1415,0
80413,0,1416,0
80415,0,1415,0
80417,67936,1416,1
80419,0,1413,0
80421,0,1415,0
80423,0,1415,0
80425,0,1415,0
80427,0,1417,0
80429,0,1415,0
80431,0,1414,0
80433,0,1413,0
80435,0,1415,0
80437,0,1416,0
80439,0,1417,0
80441,0,1416,0
80443,0,1413,0
80445,0,1407,0
80447,0,1416,0
80449,0,1416,0
80451,0,1416,0
80453,0,1415,0
80455,67965,1413,1
80457,0,1413,0
80459,0,1415,0
80461,0,1415,0
80463,0,1415,0
80465,0,1414,0
80467,0,1415,0
80469,0,1415,0
80471,0,1415,0
80473,0,1413,0
80475,0,1414,0
80477,0,1415,0
80479,0,1414,0
80481,0,1415,0
80483,0,1415,0
80485,0,1413,0
80487,0,1415,0
80489,0,1413,0
80491,0,1415,0
80493,0,1413,0
80495,67970,1415,1
80497,0,1413,0
80499,0,1407,0
80501,0,1413,0
80503,0,1413,0
80505,0,1413,0
80507,0,1413,0
80509,0,1413,0
80511,0,1413,0
80513,0,1407,0
80515,0,1413,0
80517,0,1414,0
80519,0,1413,0
80521,0,1413,0
80523,0,1407,0
80525,0,1413,0
80527,0,1407,0
80529,0,1407,0
80531,0,1413,0
80533,0,1407,0
80535,67984,1413,1
80537,0,1413,0
80539,0,1407,0
80541,0,1413,0
80543,0,1407,0
80545,0,1407,0
80547,0,1407,0
80549,0,1407,0
80551,0,1407,0
80553,0,1415,0
80555,0,1407,0
80557,0,1407,0
80559,0,1413,0
80561,0,1413,0
80563,0,1413,0
80565,0,1407,0
80567,0,1407,0
80569,0,1407,0
80571,0,1413,0
80573,0,1407,0
80575,67989,1405,1
80577,0,1408,0
80579,0,1407,0
80581,0,1406,0
80583,0,1407,0
80585,0,1407,0
80587,0,1407,0
80589,0,1407,0
80591,0,1405,0
80593,0,1407,0
80595,0,1407,0
80597,0,1407,0
80599,0,1407,0
80601,0,1407,0
80603,0,1408,0
80605,0,1405,0
80607,0,1405,0
80609,0,1411,0
80611,0,1406,0
80613,0,1407,0
80615,68002,1406,1
80617,0,1407,0
80619,0,1407,0
80621,0,1405,0
80623,0,1405,0
80625,0,1405,0
80627,0,1406,0
80629,0,1405,0
80631,0,1401,0
80633,0,1407,0
80635,0,1407,0
80637,0,1407,0
80639,0,1406,0
80641,0,1407,0
80643,0,1405,0
80645,0,1407,0
80647,0,1405,0
80649,0,1407,0
80651,0,1401,0
80653,0,1407,0
80655,68021,1406,1
80657,0,1404,0
80659,0,1405,0
80661,0,1406,0
80663,0,1406,0
80665,0,1405,0
80667,0,1406,0
80669,0,1405,0
80671,0,1405,0
80673,0,1401,0
80675,0,1406,0
80677,0,1407,0
80679,0,1407,0
80681,0,1405,0
80683,0,1403,0
80685,0,1405,0
80687,0,1405,0
80689,0,1405,0
80691,0,1405,0
80693,0,1406,0
80695,68046,1403,1
80697,0,1405,0
80699,0,1406,0
80701,0,1405,0
80703,0,1403,0
80705,0,1404,0
80707,0,1405,0
80709,0,1405,0
80711,0,1407,0
80713,0,1406,0
80715,0,1391,0
80717,0,1405,0
80719,0,1404,0
80721,0,1403,0
80723,0,1405,0
80725,0,1403,0
80727,0,1405,0
80729,0,1404,0
80731,0,1403,0
80733,0,1403,0
80735,68045,1403,1
80737,0,1405,0
80739,0,1405,0
80741,0,1403,0
80743,0,1405,0
80745,0,1405,0
80747,0,1405,0
80749,0,1403,0
80751,0,1404,0
80753,0,1395,0
80755,0,1403,0
80757,0,1405,0
80759,0,1404,0
80761,0,1405,0
80763,0,1404,0
80765,0,1403,0
80767,0,1403,0
80769,0,1404,0
80771,0,1403,0
80773,0,1404,0
80775,68004,1389,1
80777,0,1404,0
80779,0,1402,0
80781,0,1401,0
80783,0,1403,0
80785,0,1401,0
80787,0,1403,0
80789,0,1402,0
80791,0,1403,0
80793,0,1403,0
80795,0,1403,0
80797,0,1403,0
80799,0,1403,0
80801,0,1401,0
80803,0,1403,0
80805,0,1405,0
80807,0,1404,0
80809,0,1403,0
80811,0,1403,0
80813,0,1403,0
80815,68003,1401,1
80817,0,1400,0
80819,0,1401,0
80821,0,1403,0
80823,0,1402,0
80825,0,1401,0
80827,0,1402,0
80829,0,1403,0
80831,0,1403,0
80833,0,1402,0
80835,0,1401,0
80837,0,1401,0
80839,0,1400,0
80841,0,1401,0
80843,0,1401,0
80845,0,1400,0
80847,0,1401,0
80849,0,1405,0
80851,0,1401,0
80853,68023,1402,1
80855,0,1401,0
80857,0,1401,0
80859,0,1401,0
80861,0,1400,0
80863,0,1401,0
80865,0,1402,0
80867,0,1402,0
80869,0,1400,0
80871,0,1402,0
80873,0,1403,0
80875,0,1401,0
80877,0,1401,0
80879,0,1401,0
80881,0,1400,0
80883,0,1401,0
80885,0,1399,0
80887,0,1400,0
80889,0,1402,0
80891,0,1399,0
80893,68046,1401,1
80895,0,1400,0
80897,0,1401,0
80899,0,1401,0
80901,0,1401,0
80903,0,1399,0
80905,0,1400,0
80907,0,1401,0
80909,0,1399,0
80911,0,1400,0
80913,0,1399,0
80915,0,1400,0
80917,0,1400,0
80919,0,1399,0
80921,0,1400,0
80923,0,1399,0
80925,0,1400,0
80927,0,1399,0
80929,0,1400,0
80931,0,1401,0
80933,68053,1401,1
80935,0,1400,0
80937,0,1404,0
80939,0,1400,0
80941,0,1400,0
80943,0,1398,0
80945,0,1396,0
80947,0,1399,0
80949,0,1399,0
80951,0,1399,0
80953,0,1401,0
80955,0,1401,0
80957,0,1399,0
80959,0,1399,0
80961,0,1399,0
80963,0,1399,0
80965,0,1398,0
80967,0,1405,0
80969,0,1399,0
80971,0,1398,0
80973,68054,1397,1
80975,0,1400,0
80977,0,1397,0
80979,0,1398,0
80981,0,1399,0
80983,0,1399,0
80985,0,1399,0
80987,0,1399,0
80989,0,1387,0
80991,0,1398,0
80993,0,1401,0
80995,0,1399,0
80997,0,1399,0
80999,0,1399,0
81001,0,1401,0
81003,0,1399,0
81005,0,1399,0
81007,0,1399,0
81009,0,1400,0
81011,0,1398,0
81013,68056,1399,1
81015,0,1399,0
81017,0,1399,0
81019,0,1397,0
81021,0,1395,0
81023,0,1399,0
81025,0,1397,0
81027,0,1399,0
81029,0,1399,0
81031,0,1400,0
81033,0,1399,0
81035,0,1397,0
81037,0,1397,0
81039,0,1399,0
81041,0,1398,0
81043,0,1397,0
81045,0,1399,0
81047,0,1397,0
81049,0,1395,0
81051,0,1398,0
81053,68074,1398,1
81055,0,1397,0
81057,0,1399,0
81059,0,1399,0
81061,0,1397,0
81063,0,1398,0
81065,0,1399,0
81067,0,1397,0
81069,0,1389,0
81071,0,1397,0
81073,0,1395,0
81075,0,1395,0
81077,0,1397,0
81079,0,1397,0
81081,0,1397,0
81083,0,1397,0
81085,0,1397,0
81087,0,1399,0
81089,0,1397,0
81091,0,1399,0
81093,68096,1396,1
81095,0,1396,0
81097,0,1396,0
81099,0,1397,0
81101,0,1397,0
81103,0,1395,0
81105,0,1396,0
81107,0,1392,0
81109,0,1395,0
81111,0,1398,0
81113,0,1397,0
81115,0,1395,0
81117,0,1395,0
81119,0,1397,0
81121,0,1395,0
81123,0,1395,0
81125,0,1395,0
81127,0,1395,0
81130,0,1397,0
81132,0,1395,0
81134,68108,1395,1
81136,0,1395,0
81138,0,1395,0
81140,0,1397,0
81142,0,1396,0
81144,0,1395,0
81146,0,1392,0
81148,0,1395,0
81150,0,1397,0
81152,0,1395,0
81154,0,1395,0
81156,0,1395,0
81158,0,1395,0
81160,0,1396,0
81162,0,1395,0
81164,0,1395,0
81166,0,1395,0
81168,0,1395,0
81170,0,1395,0
81172,0,1391,0
81174,68073,1395,1
81176,0,1397,0
81178,0,1395,0
81180,0,1394,0
81182,0,1395,0
81184,0,1395,0
81186,0,1395,0
81188,0,1395,0
81190,0,1395,0
81192,0,1391,0
81194,0,1395,0
81196,0,1395,0
81198,0,1395,0
81200,0,1393,0
81202,0,1392,0
81204,0,1397,0
81206,0,1395,0
81208,0,1396,0
81210,0,1395,0
81212,0,1395,0
81214,68059,1395,1
81216,0,1392,0
81218,0,1391,0
81220,0,1391,0
81222,0,1391,0
81224,0,1395,0
81226,0,1395,0
81228,0,1391,0
81230,0,1395,0
81232,0,1392,0
81234,0,1391,0
81236,0,1391,0
81238,0,1391,0
81240,0,1391,0
81242,0,1394,0
81244,0,1395,0
81246,0,1391,0
81248,0,1388,0
81250,0,1389,0
81252,68080,1396,1
81254,0,1392,0
81256,0,1391,0
81258,0,1392,0
81260,0,1390,0
81262,0,1392,0
81264,0,1392,0
81266,0,1391,0
81268,0,1393,0
81270,0,1395,0
81272,0,1391,0
81274,0,1395,0
81276,0,1391,0
81278,0,1391,0
81280,0,1391,0
81282,0,1391,0
81284,0,1391,0
81286,0,1389,0
81288,0,1391,0
81290,0,1393,0
81292,68087,1391,1
81294,0,1391,0
81296,0,1389,0
81298,0,1391,0
81300,0,1391,0
81302,0,1389,0
81304,0,1390,0
81306,0,1395,0
81308,0,1391,0
81310,0,1391,0
81312,0,1391,0
81314,0,1391,0
81316,0,1391,0
81318,0,1391,0
81320,0,1391,0
81322,0,1391,0
81324,0,1391,0
81326,0,1391,0
81328,0,1391,0
81330,0,1395,0
81332,68080,1391,1
81334,0,1391,0
81336,0,1389,0
81338,0,1391,0
81340,0,1385,0
81342,0,1391,0
81344,0,1391,0
81346,0,1391,0
81348,0,1391,0
81350,0,1390,0
81352,0,1395,0
81354,0,1391,0
81356,0,1391,0
81358,0,1391,0
81360,0,1389,0
81362,0,1391,0
81364,0,1389,0
81366,0,1391,0
81368,0,1389,0
81370,0,1391,0
81372,68076,1390,1
81374,0,1389,0
81376,0,1389,0
81378,0,1390,0
81380,0,1390,0
81382,0,1387,0
81384,0,1391,0
81386,0,1391,0
81388,0,1390,0
81390,0,1387,0
81392,0,1391,0
81394,0,1389,0
81396,0,1391,0
81398,0,1388,0
81400,0,1391,0
81402,0,1391,0
81404,0,1391,0
81406,0,1389,0
81408,0,1391,0
81410,0,1389,0
81412,68082,1388,1
81414,0,1391,0
81416,0,1389,0
81418,0,1387,0
81420,0,1389,0
81422,0,1395,0
81424,0,1390,0
81426,0,1389,0
81428,0,1389,0
81430,0,1389,0
81432,0,1389,0
81434,0,1391,0
81436,0,1389,0
81438,0,1389,0
81440,0,1391,0
81442,0,1388,0
81444,0,1391,0
81446,0,1390,0
81448,0,1389,0
81450,0,1389,0
81452,68089,1388,1
81454,0,1389,0
81456,0,1391,0
81458,0,1389,0
81460,0,1389,0
81462,0,1389,0
81464,0,1386,0
81466,0,1391,0
81468,0,1389,0
81470,0,1389,0
81472,0,1389,0
81474,0,1391,0
81476,0,1389,0
81478,0,1391,0
81480,0,1391,0
81482,0,1389,0
81484,0,1387,0
81486,0,1389,0
81488,0,1388,0
81490,0,1389,0
81492,68120,1389,1
81494,0,1389,0
81496,0,1389,0
81498,0,1383,0
81500,0,1389,0
81502,0,1387,0
81504,0,1389,0
81506,0,1389,0
81508,0,1389,0
81510,0,1388,0
81512,0,1389,0
81514,0,1389,0
81516,0,1397,0
81518,0,1388,0
81520,0,1389,0
81522,0,1389,0
81524,0,1388,0
81526,0,1385,0
81528,0,1389,0
81530,0,1389,0
81532,68115,1389,1
81534,0,1389,0
81536,0,1380,0
81538,0,1389,0
81540,0,1387,0
81542,0,1388,0
81544,0,1389,0
81546,0,1389,0
81548,0,1389,0
81550,0,1389,0
81552,0,1387,0
81554,0,1387,0
81556,0,1387,0
81558,0,1389,0
81560,0,1389,0
81562,0,1389,0
81564,0,1399,0
81566,0,1390,0
81568,0,1389,0
81570,0,1386,0
81572,68087,1387,1
81574,0,1387,0
81576,0,1388,0
81578,0,1389,0
81580,0,1387,0
81582,0,1388,0
81584,0,1387,0
81586,0,1389,0
81588,0,1389,0
81590,0,1387,0
81592,0,1389,0
81594,0,1388,0
81596,0,1387,0
81598,0,1387,0
81600,0,1389,0
81602,0,1387,0
81604,0,1389,0
81606,0,1387,0
81608,0,1387,0
81610,0,1389,0
81612,68060,1387,1
81614,0,1387,0
81616,0,1387,0
81618,0,1388,0
81620,0,1387,0
81622,0,1387,0
81624,0,1387,0
81626,0,1386,0
81628,0,1387,0
81630,0,1389,0
81632,0,1387,0
81634,0,1387,0
81636,0,1387,0
81638,0,1386,0
81640,0,1388,0
81642,0,1387,0
81644,0,1387,0
81646,0,1387,0
81648,0,1387,0
81650,68097,1387,1
81652,0,1387,0
81654,0,1387,0
81656,0,1387,0
81658,0,1387,0
81660,0,1389,0
81662,0,1387,0
81664,0,1385,0
81666,0,1387,0
81668,0,1385,0
81670,0,1387,0
81672,0,1387,0
81674,0,1387,0
81676,0,1386,0
81678,0,1386,0
81680,0,1386,0
81682,0,1381,0
81684,0,1387,0
81686,0,1387,0
81688,0,1387,0
81690,68111,1389,1
81692,0,1387,0
81694,0,1388,0
81696,0,1387,0
81698,0,1387,0
81700,0,1369,0
81702,0,1387,0
81704,0,1387,0
81706,0,1389,0
81708,0,1387,0
81710,0,1387,0
81712,0,1387,0
81714,0,1388,0
81716,0,1387,0
81718,0,1388,0
81720,0,1387,0
81722,0,1387,0
81724,0,1387,0
81726,0,1388,0
81728,0,1387,0
81730,68117,1385,1
81732,0,1386,0
81734,0,1384,0
81736,0,1385,0
81738,0,1387,0
81740,0,1387,0
81742,0,1387,0
81744,0,1385,0
81746,0,1385,0
81748,0,1385,0
81750,0,1387,0
81752,0,1387,0
81754,0,1385,0
81756,0,1385,0
81758,0,1386,0
81760,0,1387,0
81762,0,1386,0
81764,0,1384,0
81766,0,1385,0
81768,0,1387,0
81770,68105,1386,1
81772,0,1387,0
81774,0,1387,0
81776,0,1385,0
81778,0,1387,0
81780,0,1387,0
81782,0,1387,0
81784,0,1387,0
81786,0,1385,0
81788,0,1386,0
81790,0,1385,0
81792,0,1385,0
81794,0,1387,0
81796,0,1386,0
81798,0,1385,0
81800,0,1384,0
81802,0,1387,0
81804,0,1385,0
81806,0,1379,0
81808,0,1387,0
81810,68117,1385,1
81812,0,1385,0
81814,0,1384,0
81816,0,1385,0
81818,0,1386,0
81820,0,1387,0
81822,0,1387,0
81824,0,1384,0
81826,0,1385,0
81828,0,1386,0
81830,0,1387,0
81832,0,1386,0
81834,0,1384,0
81836,0,1385,0
81838,0,1385,0
81840,0,1384,0
81842,0,1385,0
81844,0,1385,0
81846,0,1385,0
81848,0,1385,0
81850,68117,1387,1
81852,0,1387,0
81854,0,1385,0
81856,0,1385,0
81858,0,1385,0
81860,0,1386,0
81862,0,1385,0
81864,0,1387,0
81866,0,1387,0
81868,0,1387,0
81870,0,1387,0
81872,0,1386,0
81874,0,1385,0
81876,0,1385,0
81878,0,1385,0
81880,0,1387,0
81882,0,1389,0
81884,0,1385,0
81886,0,1385,0
81888,0,1388,0
81890,68133,1385,1
81892,0,1385,0
81894,0,1387,0
81896,0,1384,0
81898,0,1383,0
81900,0,1375,0
81902,0,1385,0
81904,0,1385,0
81906,0,1384,0
81908,0,1384,0
81910,0,1385,0
81912,0,1389,0
81914,0,1385,0
81916,0,1385,0
81918,0,1385,0
81920,0,1385,0
81922,0,1385,0
81924,0,1387,0
81926,0,1385,0
81928,0,1385,0
81930,68141,1385,1
81932,0,1385,0
81934,0,1383,0
81936,0,1385,0
81938,0,1385,0
81940,0,1383,0
81942,0,1386,0
81944,0,1387,0
81946,0,1385,0
81948,0,1385,0
81950,0,1385,0
81952,0,1385,0
81954,0,1385,0
81956,0,1385,0
81958,0,1386,0
81960,0,1383,0
81962,0,1385,0
81964,0,1387,0
81966,0,1380,0
81968,0,1387,0
81970,68097,1386,1
81972,0,1385,0
81974,0,1387,0
81976,0,1383,0
81978,0,1386,0
81980,0,1385,0
81982,0,1385,0
81984,0,1385,0
81986,0,1387,0
81988,0,1387,0
81990,0,1387,0
81992,0,1386,0
81994,0,1384,0
81996,0,1385,0
81998,0,1384,0
82000,0,1386,0
82002,0,1385,0
82004,0,1384,0
82006,0,1386,0
82008,0,1386,0
82010,68088,1385,1
82012,0,1385,0
82014,0,1385,0
82016,0,1385,0
82018,0,1387,0
82020,0,1384,0
82022,0,1385,0
82024,0,1383,0
82026,0,1382,0
82028,0,1385,0
82030,0,1383,0
82032,0,1385,0
82034,0,1385,0
82036,0,1385,0
82038,0,1385,0
82040,0,1390,0
82042,0,1385,0
82044,0,1386,0
82046,0,1384,0
82048,68101,1388,1
82050,0,1383,0
82052,0,1383,0
82054,0,1385,0
82056,0,1384,0
82058,0,1383,0
82060,0,1384,0
82062,0,1385,0
82064,0,1385,0
82066,0,1385,0
82068,0,1383,0
82070,0,1383,0
82072,0,1383,0
82074,0,1385,0
82076,0,1383,0
82078,0,1387,0
82080,0,1384,0
82082,0,1385,0
82084,0,1385,0
82086,0,1386,0
82088,68107,1385,1
82090,0,1385,0
82092,0,1385,0
82094,0,1385,0
82096,0,1383,0
82098,0,1386,0
82100,0,1385,0
82102,0,1385,0
82104,0,1385,0
82106,0,1383,0
82108,0,1385,0
82110,0,1383,0
82112,0,1385,0
82114,0,1383,0
82116,0,1385,0
82118,0,1385,0
82120,0,1385,0
82122,0,1385,0
82124,0,1385,0
82126,0,1385,0
82128,68101,1384,1
82130,0,1387,0
82132,0,1385,0
82134,0,1386,0
82136,0,1385,0
82138,0,1373,0
82140,0,1383,0
82142,0,1385,0
82144,0,1385,0
82146,0,1385,0
82148,0,1384,0
82150,0,1385,0
82152,0,1386,0
82154,0,1385,0
82156,0,1385,0
82158,0,1384,0
82160,0,1385,0
82162,0,1384,0
82164,0,1385,0
82166,0,1385,0
82168,68101,1384,1
82170,0,1384,0
82172,0,1385,0
82174,0,1385,0
82176,0,1384,0
82178,0,1385,0
82180,0,1384,0
82182,0,1383,0
82184,0,1385,0
82186,0,1387,0
82188,0,1385,0
82190,0,1384,0
82192,0,1383,0
82194,0,1384,0
82196,0,1383,0
82198,0,1384,0
82200,0,1384,0
82202,0,1383,0
82204,0,1385,0
82206,0,1386,0
82208,68098,1385,1
82210,0,1385,0
82212,0,1385,0
82214,0,1385,0
82216,0,1385,0
82218,0,1383,0
82220,0,1384,0
82222,0,1384,0
82224,0,1383,0
82226,0,1384,0
82228,0,1385,0
82230,0,1385,0
82232,0,1385,0
82234,0,1383,0
82236,0,1386,0
82238,0,1385,0
82240,0,1384,0
82242,0,1384,0
82244,0,1385,0
82246,0,1385,0
82248,68099,1383,1
82250,0,1384,0
82252,0,1384,0
82254,0,1385,0
82256,0,1385,0
82258,0,1386,0
82260,0,1385,0
82262,0,1384,0
82264,0,1383,0
82266,0,1383,0
82268,0,1384,0
82270,0,1384,0
82272,0,1385,0
82274,0,1383,0
82276,0,1384,0
82278,0,1385,0
82280,0,1385,0
82282,0,1385,0
82284,0,1385,0
82286,0,1383,0
82288,68105,1385,1
82290,0,1385,0
82292,0,1385,0
82294,0,1383,0
82296,0,1384,0
82298,0,1385,0
82300,0,1385,0
82302,0,1385,0
82304,0,1385,0
82306,0,1386,0
82308,0,1384,0
82310,0,1383,0
82312,0,1385,0
82314,0,1385,0
82316,0,1385,0
82318,0,1385,0
82320,0,1383,0
82322,0,1386,0
82324,0,1385,0
82326,0,1384,0
82328,68098,1387,1
82330,0,1383,0
82332,0,1387,0
82334,0,1387,0
82336,0,1385,0
82338,0,1385,0
82340,0,1383,0
82342,0,1384,0
82344,0,1385,0
82346,0,1385,0
82348,0,1385,0
82350,0,1384,0
82352,0,1385,0
82354,0,1385,0
82356,0,1385,0
82358,0,1385,0
82360,0,1384,0
82362,0,1385,0
82364,0,1385,0
82366,0,1384,0
82368,68045,1385,1
82370,0,1385,0
82372,0,1383,0
82374,0,1384,0
82376,0,1384,0
82378,0,1383,0
82380,0,1384,0
82382,0,1382,0
82384,0,1384,0
82386,0,1385,0
82388,0,1385,0
82390,0,1385,0
82392,0,1387,0
82394,0,1385,0
82396,0,1385,0
82398,0,1384,0
82400,0,1383,0
82402,0,1384,0
82404,0,1384,0
82406,0,1387,0
82408,68037,1385,1
82410,0,1385,0
82412,0,1385,0
82414,0,1384,0
82416,0,1383,0
82418,0,1383,0
82420,0,1384,0
82422,0,1383,0
82424,0,1385,0
82426,0,1384,0
82428,0,1384,0
82430,0,1384,0
82432,0,1389,0
82434,0,1384,0
82436,0,1384,0
82438,0,1384,0
82440,0,1385,0
82442,0,1383,0
82444,0,1383,0
82446,68057,1384,1
82448,0,1383,0
82450,0,1383,0
82452,0,1385,0
82454,0,1385,0
82456,0,1384,0
82458,0,1385,0
82460,0,1385,0
82462,0,1386,0
82464,0,1385,0
82466,0,1384,0
82468,0,1385,0
82470,0,1385,0
82472,0,1385,0
82474,0,1386,0
82476,0,1384,0
82478,0,1384,0
82480,0,1385,0
82482,0,1385,0
82484,0,1385,0
82486,68076,1384,1
82488,0,1385,0
82490,0,1385,0
82492,0,1383,0
82494,0,1383,0
82496,0,1385,0
82498,0,1385,0
82500,0,1385,0
82502,0,1384,0
82504,0,1384,0
82506,0,1385,0
82508,0,1385,0
82510,0,1386,0
82512,0,1385,0
82514,0,1383,0
82516,0,1385,0
82518,0,1379,0
82520,0,1385,0
82522,0,1383,0
82524,0,1385,0
82526,68081,1385,1
82528,0,1385,0
82530,0,1384,0
82532,0,1385,0
82534,0,1385,0
82536,0,1382,0
82538,0,1388,0
82540,0,1384,0
82542,0,1384,0
82544,0,1385,0
82546,0,1386,0
82548,0,1384,0
82550,0,1385,0
82552,0,1379,0
82554,0,1385,0
82556,0,1385,0
82558,0,1385,0
82560,0,1385,0
82562,0,1385,0
82564,0,1385,0
82566,68076,1384,1
82568,0,1385,0
82570,0,1384,0
82572,0,1385,0
82574,0,1390,0
82576,0,1385,0
82578,0,1384,0
82580,0,1384,0
82582,0,1388,0
82584,0,1384,0
82586,0,1385,0
82588,0,1385,0
82590,0,1384,0
82592,0,1383,0
82594,0,1385,0
82596,0,1385,0
82598,0,1385,0
82600,0,1385,0
82602,0,1383,0
82604,0,1385,0
82606,68077,1384,1
82608,0,1385,0
82610,0,1385,0
82612,0,1384,0
82614,0,1379,0
82616,0,1386,0
82618,0,1387,0
82620,0,1382,0
82622,0,1385,0
82624,0,1385,0
82626,0,1386,0
82628,0,1385,0
82630,0,1383,0
82632,0,1385,0
82634,0,1387,0
82636,0,1385,0
82638,0,1383,0
82640,0,1386,0
82642,0,1385,0
82644,0,1384,0
82646,68077,1385,1
82648,0,1383,0
82650,0,1384,0
82652,0,1384,0
82654,0,1382,0
82656,0,1383,0
82658,0,1385,0
82660,0,1384,0
82662,0,1385,0
82664,0,1385,0
82666,0,1385,0
82668,0,1385,0
82670,0,1383,0
82672,0,1388,0
82674,0,1385,0
82676,0,1384,0
82678,0,1387,0
82680,0,1385,0
82682,0,1385,0
82684,0,1385,0
82686,68102,1385,1
82688,0,1387,0
82690,0,1383,0
82692,0,1385,0
82694,0,1385,0
82696,0,1385,0
82698,0,1385,0
82700,0,1385,0
82702,0,1386,0
82704,0,1385,0
82706,0,1384,0
82708,0,1385,0
82710,0,1383,0
82712,0,1386,0
82714,0,1383,0
82716,0,1385,0
82718,0,1388,0
82720,0,1385,0
82722,0,1385,0
82724,0,1385,0
82726,68118,1385,1
82728,0,1384,0
82730,0,1383,0
82732,0,1383,0
82734,0,1381,0
82736,0,1387,0
82738,0,1388,0
82740,0,1385,0
82742,0,1385,0
82744,0,1385,0
82746,0,1385,0
82748,0,1385,0
82750,0,1385,0
82752,0,1385,0
82754,0,1385,0
82756,0,1385,0
82758,0,1385,0
82760,0,1386,0
82762,0,1387,0
82764,0,1385,0
82766,68077,1385,1
82768,0,1384,0
82770,0,1385,0
82772,0,1385,0
82774,0,1383,0
82776,0,1387,0
82778,0,1384,0
82780,0,1385,0
82782,0,1383,0
82784,0,1385,0
82786,0,1383,0
82788,0,1384,0
82790,0,1384,0
82792,0,1387,0
82794,0,1385,0
82796,0,1386,0
82798,0,1385,0
82800,0,1385,0
82802,0,1385,0
82804,0,1387,0
82806,68071,1385,1
82808,0,1385,0
82810,0,1385,0
82812,0,1384,0
82814,0,1387,0
82816,0,1387,0
82818,0,1384,0
82820,0,1387,0
82822,0,1385,0
82824,0,1385,0
82826,0,1385,0
82828,0,1387,0
82830,0,1385,0
82832,0,1385,0
82834,0,1384,0
82836,0,1385,0
82838,0,1385,0
82840,0,1385,0
82842,0,1385,0
82844,68099,1386,1
82846,0,1383,0
82848,0,1385,0
82850,0,1387,0
82852,0,1384,0
82854,0,1387,0
82856,0,1386,0
82858,0,1387,0
82860,0,1387,0
82862,0,1385,0
82864,0,1385,0
82866,0,1386,0
82868,0,1386,0
82870,0,1385,0
82872,0,1385,0
82874,0,1387,0
82876,0,1384,0
82878,0,1383,0
82880,0,1383,0
82882,0,1387,0
82884,68131,1385,1
82886,0,1384,0
82888,0,1385,0
82890,0,1383,0
82892,0,1384,0
82894,0,1387,0
82896,0,1385,0
82898,0,1386,0
82900,0,1384,0
82902,0,1385,0
82904,0,1385,0
82906,0,1385,0
82908,0,1386,0
82910,0,1385,0
82912,0,1381,0
82914,0,1385,0
82916,0,1383,0
82918,0,1385,0
82920,0,1384,0
82922,0,1386,0
82924,68118,1394,1
82926,0,1387,0
82928,0,1385,0
82930,0,1385,0
82932,0,1385,0
82934,0,1385,0
82936,0,1384,0
82938,0,1385,0
82940,0,1386,0
82942,0,1387,0
82944,0,1385,0
82946,0,1384,0
82948,0,1385,0
82950,0,1384,0
82952,0,1387,0
82954,0,1385,0
82956,0,1387,0
82958,0,1386,0
82960,0,1385,0
82962,0,1387,0
82964,68100,1385,1
82966,0,1385,0
82968,0,1383,0
82970,0,1385,0
82972,0,1385,0
82974,0,1385,0
82976,0,1387,0
82978,0,1385,0
82981,0,1385,0
82983,0,1386,0
82985,0,1385,0
82987,0,1385,0
82989,0,1385,0
82991,0,1387,0
82993,0,1385,0
82995,0,1385,0
82997,0,1385,0
82999,0,1383,0
83001,0,1387,0
83003,0,1386,0
83005,68093,1385,1
83007,0,1384,0
83009,0,1386,0
83011,0,1385,0
83013,0,1384,0
83015,0,1385,0
83017,0,1385,0
83019,0,1385,0
83021,0,1386,0
83023,0,1385,0
83025,0,1387,0
83027,0,1385,0
83029,0,1385,0
83031,0,1385,0
83033,0,1385,0
83035,0,1385,0
83037,0,1387,0
83039,0,1387,0
83041,0,1385,0
83043,0,1387,0
83045,68077,1386,1
83047,0,1385,0
83049,0,1385,0
83051,0,1386,0
83053,0,1385,0
83055,0,1385,0
83057,0,1386,0
83059,0,1385,0
83061,0,1385,0
83063,0,1385,0
83065,0,1387,0
83067,0,1383,0
83069,0,1386,0
83071,0,1387,0
83073,0,1386,0
83075,0,1385,0
83077,0,1384,0
83079,0,1385,0
83081,0,1383,0
83083,0,1386,0
83085,68102,1383,1
83087,0,1385,0
83089,0,1385,0
83091,0,1385,0
83093,0,1385,0
83095,0,1384,0
83097,0,1385,0
83099,0,1386,0
83101,0,1385,0
83103,0,1385,0
83105,0,1385,0
83107,0,1385,0
83109,0,1386,0
83111,0,1387,0
83113,0,1385,0
83115,0,1385,0
83117,0,1385,0
83119,0,1387,0
83121,0,1387,0
83123,0,1386,0
83125,68114,1387,1
83127,0,1385,0
83129,0,1387,0
83131,0,1388,0
83133,0,1385,0
83135,0,1387,0
83137,0,1387,0
83139,0,1387,0
83141,0,1387,0
83143,0,1387,0
83145,0,1385,0
83147,0,1387,0
83149,0,1386,0
83151,0,1385,0
83153,0,1385,0
83155,0,1389,0
83157,0,1385,0
83159,0,1385,0
83161,0,1387,0
83163,0,1388,0
83165,68079,1373,1
83167,0,1389,0
83169,0,1385,0
83171,0,1387,0
83173,0,1387,0
83175,0,1385,0
83177,0,1386,0
83179,0,1385,0
83181,0,1386,0
83183,0,1385,0
83185,0,1386,0
83187,0,1386,0
83189,0,1385,0
83191,0,1385,0
83193,0,1388,0
83195,0,1384,0
83197,0,1385,0
83199,0,1386,0
83201,0,1387,0
83203,0,1387,0
83205,68057,1386,1
83207,0,1385,0
83209,0,1386,0
83211,0,1385,0
83213,0,1387,0
83215,0,1384,0
83217,0,1385,0
83219,0,1387,0
83221,0,1389,0
83223,0,1385,0
83225,0,1387,0
83227,0,1385,0
83229,0,1385,0
83231,0,1385,0
83233,0,1385,0
83235,0,1387,0
83237,0,1387,0
83239,0,1386,0
83241,0,1385,0
83243,68089,1385,1
83245,0,1385,0
83247,0,1385,0
83249,0,1390,0
83251,0,1385,0
83253,0,1385,0
83255,0,1387,0
83257,0,1387,0
83259,0,1385,0
83261,0,1387,0
83263,0,1383,0
83265,0,1387,0
83267,0,1385,0
83269,0,1386,0
83271,0,1387,0
83273,0,1387,0
83275,0,1385,0
83277,0,1384,0
83279,0,1385,0
83281,0,1387,0
83283,68085,1385,1
83285,0,1387,0
83287,0,1386,0
83289,0,1384,0
83291,0,1389,0
83293,0,1387,0
83295,0,1387,0
83297,0,1385,0
83299,0,1387,0
83301,0,1387,0
83303,0,1388,0
83305,0,1387,0
83307,0,1385,0
83309,0,1387,0
83311,0,1387,0
83313,0,1387,0
83315,0,1385,0
83317,0,1385,0
83319,0,1387,0
83321,0,1384,0
83323,68109,1385,1
83325,0,1385,0
83327,0,1385,0
83329,0,1387,0
83331,0,1386,0
83333,0,1383,0
83335,0,1386,0
83337,0,1385,0
83339,0,1387,0
83341,0,1385,0
83343,0,1385,0
83345,0,1387,0
83347,0,1385,0
83349,0,1387,0
83351,0,1385,0
83353,0,1387,0
83355,0,1385,0
83357,0,1385,0
83359,0,1385,0
83361,0,1386,0
83363,68108,1387,1
83365,0,1386,0
83367,0,1385,0
83369,0,1386,0
83371,0,1385,0
83373,0,1387,0
83375,0,1387,0
83377,0,1387,0
83379,0,1388,0
83381,0,1385,0
83383,0,1387,0
83385,0,1385,0
83387,0,1387,0
83389,0,1387,0
83391,0,1387,0
83393,0,1387,0
83395,0,1387,0
83397,0,1387,0
83399,0,1385,0
83401,0,1387,0
83403,68119,1388,1
83405,0,1385,0
83407,0,1387,0
83409,0,1389,0
83411,0,1385,0
83413,0,1386,0
83415,0,1387,0
83417,0,1387,0
83419,0,1387,0
83421,0,1385,0
83423,0,1386,0
83425,0,1387,0
83427,0,1385,0
83429,0,1387,0
83431,0,1386,0
83433,0,1387,0
83435,0,1387,0
83437,0,1385,0
83439,0,1387,0
83441,0,1387,0
83443,68116,1387,1
83445,0,1387,0
83447,0,1387,0
83449,0,1387,0
83451,0,1385,0
83453,0,1385,0
83455,0,1387,0
83457,0,1387,0
83459,0,1387,0
83461,0,1385,0
83463,0,1387,0
83465,0,1387,0
83467,0,1386,0
83469,0,1387,0
83471,0,1387,0
83473,0,1386,0
83475,0,1387,0
83477,0,1385,0
83479,0,1386,0
83481,0,1387,0
83483,68145,1387,1
83485,0,1387,0
83487,0,1387,0
83489,0,1386,0
83491,0,1387,0
83493,0,1387,0
83495,0,1387,0
83497,0,1387,0
83499,0,1387,0
83501,0,1388,0
83503,0,1387,0
83505,0,1387,0
83507,0,1387,0
83509,0,1387,0
83511,0,1387,0
83513,0,1383,0
83515,0,1387,0
83517,0,1389,0
83519,0,1387,0
83521,0,1385,0
83523,68161,1389,1
83525,0,1386,0
83527,0,1387,0
83529,0,1387,0
83531,0,1385,0
83533,0,1387,0
83535,0,1387,0
83537,0,1387,0
83539,0,1385,0
83541,0,1386,0
83543,0,1388,0
83545,0,1379,0
83547,0,1387,0
83549,0,1387,0
83551,0,1387,0
83553,0,1387,0
83555,0,1386,0
83557,0,1387,0
83559,0,1387,0
83561,0,1388,0
83563,68107,1387,1
83565,0,1386,0
83567,0,1377,0
83569,0,1385,0
83571,0,1387,0
83573,0,1387,0
83575,0,1387,0
83577,0,1387,0
83579,0,1385,0
83581,0,1389,0
83583,0,1389,0
83585,0,1386,0
83587,0,1388,0
83589,0,1388,0
83591,0,1387,0
83593,0,1387,0
83595,0,1386,0
83597,0,1387,0
83599,0,1389,0
83601,0,1389,0
83603,68093,1387,1
83605,0,1388,0
83607,0,1387,0
83609,0,1388,0
83611,0,1387,0
83613,0,1389,0
83615,0,1387,0
83617,0,1387,0
83619,0,1387,0
83621,0,1373,0
83623,0,1390,0
83625,0,1388,0
83627,0,1388,0
83629,0,1387,0
83631,0,1389,0
83633,0,1386,0
83635,0,1387,0
83637,0,1387,0
83639,0,1386,0
83641,68114,1387,1
83643,0,1387,0
83645,0,1387,0
83647,0,1390,0
83649,0,1387,0
83651,0,1389,0
83653,0,1389,0
83655,0,1387,0
83657,0,1387,0
83659,0,1387,0
83661,0,1387,0
83663,0,1382,0
83665,0,1387,0
83667,0,1387,0
83669,0,1388,0
83671,0,1387,0
83673,0,1388,0
83675,0,1387,0
83677,0,1387,0
83679,0,1385,0
83681,68131,1387,1
83683,0,1387,0
83685,0,1389,0
83687,0,1387,0
83689,0,1388,0
83691,0,1387,0
83693,0,1385,0
83695,0,1389,0
83697,0,1389,0
83699,0,1387,0
83701,0,1387,0
83703,0,1387,0
83705,0,1389,0
83707,0,1387,0
83709,0,1388,0
83711,0,1387,0
83713,0,1387,0
83715,0,1371,0
83717,0,1387,0
83719,0,1389,0
83721,68126,1389,1
83723,0,1385,0
83725,0,1391,0
83727,0,1387,0
83729,0,1389,0
83731,0,1388,0
83733,0,1388,0
83735,0,1389,0
83737,0,1387,0
83739,0,1387,0
83741,0,1387,0
83743,0,1389,0
83745,0,1387,0
83747,0,1387,0
83749,0,1388,0
83751,0,1387,0
83753,0,1387,0
83755,0,1389,0
83757,0,1388,0
83759,0,1390,0
83761,68125,1387,1
83763,0,1387,0
83765,0,1387,0
83767,0,1387,0
83769,0,1385,0
83771,0,1387,0
83773,0,1387,0
83775,0,1387,0
83777,0,1387,0
83779,0,1385,0
83781,0,1387,0
83783,0,1389,0
83785,0,1389,0
83787,0,1389,0
83789,0,1387,0
83791,0,1387,0
83793,0,1388,0
83795,0,1386,0
83797,0,1389,0
83799,0,1395,0
83801,68130,1389,1
83803,0,1389,0
83805,0,1387,0
83807,0,1389,0
83809,0,1389,0
83811,0,1387,0
83813,0,1387,0
83815,0,1388,0
83817,0,1389,0
83819,0,1387,0
83821,0,1389,0
83823,0,1389,0
83825,0,1388,0
83827,0,1389,0
83829,0,1387,0
83831,0,1387,0
83833,0,1389,0
83835,0,1389,0
83837,0,1389,0
83839,0,1388,0
83841,68140,1389,1
83843,0,1388,0
83845,0,1389,0
83847,0,1389,0
83849,0,1387,0
83851,0,1389,0
83853,0,1390,0
83855,0,1390,0
83857,0,1389,0
83859,0,1391,0
83861,0,1389,0
83863,0,1389,0
83865,0,1389,0
83867,0,1388,0
83869,0,1389,0
83871,0,1389,0
83873,0,1389,0
83875,0,1389,0
83877,0,1389,0
83879,0,1388,0
83881,68145,1389,1
83883,0,1388,0
83885,0,1388,0
83887,0,1387,0
83889,0,1387,0
83891,0,1389,0
83893,0,1387,0
83895,0,1389,0
83897,0,1389,0
83899,0,1389,0
83901,0,1390,0
83903,0,1389,0
83905,0,1387,0
83907,0,1389,0
83909,0,1389,0
83911,0,1389,0
83913,0,1388,0
83915,0,1388,0
83917,0,1389,0
83919,0,1389,0
83921,68155,1389,1
83923,0,1389,0
83925,0,1389,0
83927,0,1388,0
83929,0,1389,0
83931,0,1389,0
83933,0,1389,0
83935,0,1389,0
83937,0,1389,0
83939,0,1389,0
83941,0,1391,0
83943,0,1389,0
83945,0,1390,0
83947,0,1389,0
83949,0,1389,0
83951,0,1389,0
83953,0,1391,0
83955,0,1389,0
83957,0,1390,0
83959,0,1389,0
83961,68131,1389,1
83963,0,1388,0
83965,0,1388,0
83967,0,1390,0
83969,0,1389,0
83971,0,1389,0
83973,0,1389,0
83975,0,1389,0
83977,0,1389,0
83979,0,1389,0
83981,0,1389,0
83983,0,1389,0
83985,0,1389,0
83987,0,1389,0
83989,0,1389,0
83991,0,1389,0
83993,0,1391,0
83995,0,1387,0
83997,0,1391,0
83999,0,1389,0
84001,68114,1389,1
84003,0,1389,0
84005,0,1389,0
84007,0,1391,0
84009,0,1389,0
84011,0,1389,0
84013,0,1391,0
84015,0,1389,0
84017,0,1389,0
84019,0,1390,0
84021,0,1395,0
84023,0,1387,0
84025,0,1389,0
84027,0,1391,0
84029,0,1385,0
84031,0,1391,0
84033,0,1389,0
84035,0,1394,0
84037,0,1390,0
84039,68148,1390,1
84041,0,1391,0
84043,0,1390,0
84045,0,1389,0
84047,0,1389,0
84049,0,1389,0
84051,0,1389,0
84053,0,1389,0
84055,0,1389,0
84057,0,1389,0
84059,0,1388,0
84061,0,1387,0
84063,0,1389,0
84065,0,1391,0
84067,0,1391,0
84069,0,1385,0
84071,0,1389,0
84073,0,1391,0
84075,0,1391,0
84077,0,1389,0
84079,68169,1389,1
84081,0,1392,0
84083,0,1389,0
84085,0,1389,0
84087,0,1389,0
84089,0,1389,0
84091,0,1393,0
84093,0,1390,0
84095,0,1389,0
84097,0,1389,0
84099,0,1389,0
84101,0,1389,0
84103,0,1391,0
84105,0,1391,0
84107,0,1391,0
84109,0,1391,0
84111,0,1390,0
84113,0,1392,0
84115,0,1391,0
84117,0,1389,0
84119,68180,1388,1
84121,0,1387,0
84123,0,1391,0
84125,0,1389,0
84127,0,1389,0
84129,0,1391,0
84131,0,1391,0
84133,0,1387,0
84135,0,1389,0
84137,0,1389,0
84139,0,1391,0
84141,0,1390,0
84143,0,1389,0
84145,0,1388,0
84147,0,1391,0
84149,0,1387,0
84151,0,1401,0
84153,0,1391,0
84155,0,1391,0
84157,0,1389,0
84159,68194,1390,1
84161,0,1391,0
84163,0,1391,0
84165,0,1391,0
84167,0,1391,0
84169,0,1389,0
84171,0,1389,0
84173,0,1391,0
84175,0,1391,0
84177,0,1389,0
84179,0,1389,0
84181,0,1391,0
84183,0,1390,0
84185,0,1389,0
84187,0,1391,0
84189,0,1391,0
84191,0,1390,0
84193,0,1389,0
84195,0,1388,0
84197,0,1389,0
84199,68200,1389,1
84201,0,1391,0
84203,0,1391,0
84205,0,1391,0
84207,0,1389,0
84209,0,1389,0
84211,0,1389,0
84213,0,1391,0
84215,0,1391,0
84217,0,1391,0
84219,0,1391,0
84221,0,1391,0
84223,0,1391,0
84225,0,1391,0
84227,0,1391,0
84229,0,1391,0
84231,0,1391,0
84233,0,1390,0
84235,0,1390,0
84237,0,1390,0
84239,68207,1389,1
84241,0,1389,0
84243,0,1391,0
84245,0,1390,0
84247,0,1391,0
84249,0,1389,0
84251,0,1391,0
84253,0,1392,0
84255,0,1389,0
84257,0,1390,0
84259,0,1391,0
84261,0,1389,0
84263,0,1391,0
84265,0,1388,0
84267,0,1395,0
84269,0,1395,0
84271,0,1391,0
84273,0,1391,0
84275,0,1391,0
84277,0,1391,0
84279,68215,1388,1
84281,0,1391,0
84283,0,1391,0
84285,0,1391,0
84287,0,1391,0
84289,0,1391,0
84291,0,1391,0
84293,0,1391,0
84295,0,1391,0
84297,0,1391,0
84299,0,1389,0
84301,0,1391,0
84303,0,1391,0
84305,0,1391,0
84307,0,1391,0
84309,0,1389,0
84311,0,1389,0
84313,0,1391,0
84315,0,1391,0
84317,0,1391,0
84319,68223,1394,1
84321,0,1389,0
84323,0,1390,0
84325,0,1391,0
84327,0,1389,0
84329,0,1391,0
84331,0,1389,0
84333,0,1391,0
84335,0,1375,0
84337,0,1391,0
84339,0,1391,0
84341,0,1392,0
84343,0,1391,0
84345,0,1391,0
84347,0,1390,0
84349,0,1391,0
84351,0,1390,0
84353,0,1391,0
84355,0,1392,0
84357,0,1390,0
84359,68182,1391,1
84361,0,1389,0
84363,0,1393,0
84365,0,1391,0
84367,0,1391,0
84369,0,1391,0
84371,0,1390,0
84373,0,1392,0
84375,0,1391,0
84377,0,1390,0
84379,0,1389,0
84381,0,1391,0
84383,0,1394,0
84385,0,1393,0
84387,0,1390,0
84389,0,1389,0
84391,0,1393,0
84393,0,1391,0
84395,0,1391,0
84397,0,1391,0
84399,68161,1391,1
84401,0,1391,0
84403,0,1391,0
84405,0,1391,0
84407,0,1391,0
84409,0,1395,0
84411,0,1391,0
84413,0,1395,0
84415,0,1391,0
84417,0,1391,0
84419,0,1391,0
84421,0,1391,0
84423,0,1394,0
84425,0,1391,0
84427,0,1394,0
84429,0,1391,0
84431,0,1391,0
84433,0,1391,0
84435,0,1389,0
84437,68185,1391,1
84439,0,1389,0
84441,0,1389,0
84443,0,1391,0
84445,0,1391,0
84447,0,1393,0
84449,0,1389,0
84451,0,1395,0
84453,0,1391,0
84455,0,1391,0
84457,0,1391,0
84459,0,1391,0
84461,0,1390,0
84463,0,1392,0
84465,0,1394,0
84467,0,1391,0
84469,0,1394,0
84471,0,1395,0
84473,0,1391,0
84475,0,1391,0
84477,68193,1395,1
84479,0,1391,0
84481,0,1394,0
84483,0,1395,0
84485,0,1392,0
84487,0,1391,0
84489,0,1391,0
84491,0,1392,0
84493,0,1391,0
84495,0,1395,0
84497,0,1391,0
84499,0,1389,0
84501,0,1391,0
84503,0,1391,0
84505,0,1391,0
84507,0,1391,0
84509,0,1391,0
84511,0,1391,0
84513,0,1390,0
84515,0,1391,0
84517,68173,1394,1
84519,0,1391,0
84521,0,1391,0
84523,0,1391,0
84525,0,1391,0
84527,0,1381,0
84529,0,1393,0
84531,0,1391,0
84533,0,1391,0
84535,0,1390,0
84537,0,1390,0
84539,0,1395,0
84541,0,1395,0
84543,0,1395,0
84545,0,1391,0
84547,0,1391,0
84549,0,1392,0
84551,0,1389,0
84553,0,1389,0
84555,0,1395,0
84557,68178,1391,1
84559,0,1391,0
84561,0,1391,0
84563,0,1391,0
84565,0,1391,0
84567,0,1392,0
84569,0,1391,0
84571,0,1395,0
84573,0,1391,0
84575,0,1390,0
84577,0,1393,0
84579,0,1395,0
84581,0,1395,0
84583,0,1395,0
84585,0,1390,0
84587,0,1391,0
84589,0,1395,0
84591,0,1391,0
84593,0,1395,0
84595,0,1395,0
84597,68185,1395,1
84599,0,1391,0
84601,0,1395,0
84603,0,1391,0
84605,0,1395,0
84607,0,1389,0
84609,0,1397,0
84611,0,1394,0
84613,0,1391,0
84615,0,1392,0
84617,0,1394,0
84619,0,1391,0
84621,0,1391,0
84623,0,1391,0
84625,0,1395,0
84627,0,1391,0
84629,0,1391,0
84631,0,1395,0
84633,0,1395,0
84635,0,1391,0
84637,68192,1395,1
84639,0,1397,0
84641,0,1391,0
84643,0,1389,0
84645,0,1391,0
84647,0,1391,0
84649,0,1391,0
84651,0,1392,0
84653,0,1391,0
84655,0,1392,0
84657,0,1395,0
84659,0,1393,0
84661,0,1391,0
84663,0,1397,0
84665,0,1391,0
84667,0,1395,0
84669,0,1395,0
84671,0,1392,0
84673,0,1391,0
84675,0,1395,0
84677,68194,1395,1
84679,0,1395,0
84681,0,1391,0
84683,0,1391,0
84685,0,1391,0
84687,0,1391,0
84689,0,1395,0
84691,0,1395,0
84693,0,1390,0
84695,0,1395,0
84697,0,1391,0
84699,0,1391,0
84701,0,1395,0
84703,0,1391,0
84705,0,1395,0
84707,0,1391,0
84709,0,1395,0
84711,0,1391,0
84713,0,1391,0
84715,0,1391,0
84717,68213,1391,1
84719,0,1391,0
84721,0,1395,0
84723,0,1392,0
84725,0,1393,0
84727,0,1395,0
84729,0,1395,0
84731,0,1391,0
84733,0,1391,0
84735,0,1395,0
84737,0,1392,0
84739,0,1392,0
84741,0,1395,0
84743,0,1395,0
84745,0,1390,0
84747,0,1395,0
84749,0,1395,0
84751,0,1395,0
84753,0,1395,0
84755,0,1391,0
84757,68170,1393,1
84759,0,1391,0
84761,0,1391,0
84763,0,1395,0
84765,0,1391,0
84767,0,1389,0
84769,0,1395,0
84771,0,1395,0
84773,0,1391,0
84775,0,1397,0
84777,0,1391,0
84779,0,1395,0
84781,0,1391,0
84783,0,1391,0
84785,0,1392,0
84787,0,1393,0
84789,0,1392,0
84791,0,1391,0
84793,0,1395,0
84795,0,1394,0
84797,68138,1392,1
84799,0,1391,0
84801,0,1391,0
84803,0,1395,0
84805,0,1395,0
84807,0,1391,0
84809,0,1400,0
84811,0,1395,0
84813,0,1395,0
84815,0,1391,0
84817,0,1392,0
84819,0,1395,0
84821,0,1392,0
84823,0,1393,0
84825,0,1395,0
84827,0,1395,0
84829,0,1395,0
84831,0,1395,0
84833,0,1390,0
84835,68152,1395,1
84837,0,1391,0
84839,0,1392,0
84842,0,1391,0
84844,0,1395,0
84846,0,1394,0
84848,0,1391,0
84850,0,1394,0
84852,0,1396,0
84854,0,1391,0
84856,0,1395,0
84858,0,1395,0
84860,0,1394,0
84862,0,1392,0
84864,0,1391,0
84866,0,1395,0
84868,0,1393,0
84870,0,1395,0
84872,0,1395,0
84874,0,1395,0
84876,68166,1391,1
84878,0,1395,0
84880,0,1395,0
84882,0,1392,0
84884,0,1392,0
84886,0,1395,0
84888,0,1389,0
84890,0,1392,0
84892,0,1395,0
84894,0,1391,0
84896,0,1395,0
84898,0,1395,0
84900,0,1395,0
84902,0,1395,0
84904,0,1392,0
84906,0,1391,0
84908,0,1395,0
84910,0,1391,0
84912,0,1395,0
84914,0,1395,0
84916,68173,1395,1
84918,0,1391,0
84920,0,1395,0
84922,0,1391,0
84924,0,1396,0
84926,0,1391,0
84928,0,1395,0
84930,0,1396,0
84932,0,1395,0
84934,0,1391,0
84936,0,1392,0
84938,0,1391,0
84940,0,1391,0
84942,0,1395,0
84944,0,1395,0
84946,0,1395,0
84948,0,1392,0
84950,0,1395,0
84952,0,1395,0
84954,0,1395,0
84956,68174,1394,1
84958,0,1395,0
84960,0,1395,0
84962,0,1395,0
84964,0,1392,0
84966,0,1391,0
84968,0,1395,0
84970,0,1395,0
84972,0,1395,0
84974,0,1395,0
84976,0,1392,0
84978,0,1394,0
84980,0,1395,0
84982,0,1395,0
84984,0,1395,0
84986,0,1394,0
84988,0,1395,0
84990,0,1397,0
84992,0,1395,0
84994,0,1395,0
84996,68177,1395,1
84998,0,1397,0
85000,0,1395,0
85002,0,1392,0
85004,0,1395,0
85006,0,1395,0
85008,0,1397,0
85010,0,1396,0
85012,0,1392,0
85014,0,1395,0
85016,0,1391,0
85018,0,1391,0
85020,0,1395,0
85022,0,1396,0
85024,0,1395,0
85026,0,1395,0
85028,0,1394,0
85030,0,1391,0
85032,0,1395,0
85034,0,1396,0
85036,68165,1395,1
85038,0,1395,0
85040,0,1389,0
85042,0,1395,0
85044,0,1395,0
85046,0,1397,0
85048,0,1395,0
85050,0,1395,0
85052,0,1396,0
85054,0,1396,0
85056,0,1395,0
85058,0,1391,0
85060,0,1394,0
85062,0,1391,0
85064,0,1399,0
85066,0,1395,0
85068,0,1395,0
85070,0,1391,0
85072,0,1396,0
85074,0,1392,0
85076,68185,1391,1
85078,0,1394,0
85080,0,1395,0
85082,0,1395,0
85084,0,1395,0
85086,0,1398,0
85088,0,1397,0
85090,0,1395,0
85092,0,1391,0
85094,0,1395,0
85096,0,1391,0
85098,0,1391,0
85100,0,1395,0
85102,0,1395,0
85104,0,1395,0
85106,0,1395,0
85108,0,1397,0
85110,0,1395,0
85112,0,1395,0
85114,0,1395,0
85116,68202,1397,1
85118,0,1391,0
85120,0,1396,0
85122,0,1395,0
85124,0,1397,0
85126,0,1396,0
85128,0,1396,0
85130,0,1397,0
85132,0,1397,0
85134,0,1395,0
85136,0,1395,0
85138,0,1393,0
85140,0,1391,0
85142,0,1397,0
85144,0,1398,0
85146,0,1395,0
85148,0,1395,0
85150,0,1397,0
85152,0,1396,0
85154,0,1397,0
85156,68161,1397,1
85158,0,1395,0
85160,0,1395,0
85162,0,1395,0
85164,0,1397,0
85166,0,1395,0
85168,0,1395,0
85170,0,1396,0
85172,0,1395,0
85174,0,1395,0
85176,0,1395,0
85178,0,1395,0
85180,0,1397,0
85182,0,1392,0
85184,0,1395,0
85186,0,1395,0
85188,0,1397,0
85190,0,1396,0
85192,0,1396,0
85194,0,1397,0
85196,68148,1395,1
85198,0,1395,0
85200,0,1395,0
85202,0,1396,0
85204,0,1399,0
85206,0,1398,0
85208,0,1395,0
85210,0,1397,0
85212,0,1395,0
85214,0,1395,0
85216,0,1395,0
85218,0,1396,0
85220,0,1395,0
85222,0,1396,0
85224,0,1388,0
85226,0,1396,0
85228,0,1395,0
85230,0,1395,0
85232,0,1396,0
85234,68162,1397,1
85236,0,1392,0
85238,0,1395,0
85240,0,1396,0
85242,0,1395,0
85244,0,1396,0
85246,0,1396,0
85248,0,1396,0
85250,0,1397,0
85252,0,1397,0
85254,0,1397,0
85256,0,1396,0
85258,0,1396,0
85260,0,1395,0
85262,0,1397,0
85264,0,1397,0
85266,0,1395,0
85268,0,1398,0
85270,0,1395,0
85272,0,1396,0
85274,68166,1395,1
85276,0,1394,0
85278,0,1395,0
85280,0,1396,0
85282,0,1391,0
85284,0,1397,0
85286,0,1396,0
85288,0,1391,0
85290,0,1396,0
85292,0,1392,0
85294,0,1397,0
85296,0,1397,0
85298,0,1395,0
85300,0,1395,0
85302,0,1395,0
85304,0,1397,0
85306,0,1395,0
85308,0,1397,0
85310,0,1395,0
85312,0,1399,0
85314,68166,1395,1
85316,0,1394,0
85318,0,1395,0
85320,0,1397,0
85322,0,1397,0
85324,0,1397,0
85326,0,1394,0
85328,0,1391,0
85330,0,1397,0
85332,0,1395,0
85334,0,1395,0
85336,0,1395,0
85338,0,1397,0
85340,0,1397,0
85342,0,1395,0
85344,0,1397,0
85346,0,1396,0
85348,0,1397,0
85350,0,1397,0
85352,0,1396,0
85354,68183,1397,1
85356,0,1397,0
85358,0,1396,0
85360,0,1397,0
85362,0,1395,0
85364,0,1396,0
85366,0,1395,0
85368,0,1397,0
85370,0,1395,0
85372,0,1395,0
85374,0,1395,0
85376,0,1397,0
85378,0,1395,0
85380,0,1397,0
85382,0,1396,0
85384,0,1395,0
85386,0,1397,0
85388,0,1397,0
85390,0,1395,0
85392,0,1396,0
85394,68176,1395,1
85396,0,1395,0
85398,0,1397,0
85400,0,1397,0
85402,0,1395,0
85404,0,1397,0
85406,0,1391,0
85408,0,1396,0
85410,0,1395,0
85412,0,1397,0
85414,0,1397,0
85416,0,1397,0
85418,0,1401,0
85420,0,1397,0
85422,0,1397,0
85424,0,1397,0
85426,0,1392,0
85428,0,1397,0
85430,0,1397,0
85432,0,1395,0
85434,68177,1396,1
85436,0,1397,0
85438,0,1399,0
85440,0,1395,0
85442,0,1398,0
85444,0,1397,0
85446,0,1397,0
85448,0,1397,0
85450,0,1399,0
85452,0,1399,0
85454,0,1397,0
85456,0,1396,0
85458,0,1396,0
85460,0,1397,0
85462,0,1397,0
85464,0,1399,0
85466,0,1397,0
85468,0,1397,0
85470,0,1395,0
85472,0,1397,0
85474,68206,1397,1
85476,0,1397,0
85478,0,1396,0
85480,0,1397,0
85482,0,1395,0
85484,0,1397,0
85486,0,1397,0
85488,0,1397,0
85490,0,1399,0
85492,0,1396,0
85494,0,1397,0
85496,0,1397,0
85498,0,1396,0
85500,0,1395,0
85502,0,1395,0
85504,0,1398,0
85506,0,1394,0
85508,0,1397,0
85510,0,1397,0
85512,0,1396,0
85514,68205,1396,1
85516,0,1395,0
85518,0,1395,0
85520,0,1397,0
85522,0,1396,0
85524,0,1397,0
85526,0,1397,0
85528,0,1399,0
85530,0,1397,0
85532,0,1396,0
85534,0,1397,0
85536,0,1392,0
85538,0,1397,0
85540,0,1395,0
85542,0,1397,0
85544,0,1397,0
85546,0,1397,0
85548,0,1395,0
85550,0,1396,0
85552,0,1397,0
85554,68144,1396,1
85556,0,1396,0
85558,0,1395,0
85560,0,1395,0
85562,0,1397,0
85564,0,1397,0
85566,0,1395,0
85568,0,1397,0
85570,0,1397,0
85572,0,1397,0
85574,0,1397,0
85576,0,1397,0
85578,0,1396,0
85580,0,1397,0
85582,0,1396,0
85584,0,1397,0
85586,0,1397,0
85588,0,1395,0
85590,0,1397,0
85592,0,1397,0
85594,68103,1396,1
85596,0,1397,0
85598,0,1397,0
85600,0,1395,0
85602,0,1397,0
85604,0,1397,0
85606,0,1395,0
85608,0,1396,0
85610,0,1397,0
85612,0,1397,0
85614,0,1397,0
85616,0,1397,0
85618,0,1397,0
85620,0,1397,0
85622,0,1397,0
85624,0,1397,0
85626,0,1398,0
85628,0,1395,0
85630,0,1397,0
85632,68105,1397,1
85634,0,1397,0
85636,0,1397,0
85638,0,1397,0
85640,0,1398,0
85642,0,1396,0
85644,0,1395,0
85646,0,1397,0
85648,0,1399,0
85650,0,1397,0
85652,0,1395,0
85654,0,1395,0
85656,0,1396,0
85658,0,1397,0
85660,0,1397,0
85662,0,1399,0
85664,0,1397,0
85666,0,1397,0
85668,0,1399,0
85670,0,1397,0
85672,68110,1399,1
85674,0,1395,0
85676,0,1398,0
85678,0,1397,0
85680,0,1397,0
85682,0,1396,0
85684,0,1396,0
85686,0,1397,0
85688,0,1399,0
85690,0,1397,0
85692,0,1397,0
85694,0,1397,0
85696,0,1398,0
85698,0,1397,0
85700,0,1399,0
85702,0,1397,0
85704,0,1395,0
85706,0,1397,0
85708,0,1402,0
85710,0,1399,0
85712,68100,1395,1
85714,0,1397,0
85716,0,1395,0
85718,0,1391,0
85720,0,1397,0
85722,0,1397,0
85724,0,1396,0
85726,0,1399,0
85728,0,1397,0
85730,0,1398,0
85732,0,1397,0
85734,0,1397,0
85736,0,1397,0
85738,0,1397,0
85740,0,1399,0
85742,0,1397,0
85744,0,1397,0
85746,0,1399,0
85748,0,1400,0
85750,0,1397,0
85752,68099,1397,1
85754,0,1397,0
85756,0,1398,0
85758,0,1397,0
85760,0,1397,0
85762,0,1397,0
85764,0,1397,0
85766,0,1399,0
85768,0,1397,0
85770,0,1395,0
85772,0,1391,0
85774,0,1399,0
85776,0,1391,0
85778,0,1397,0
85780,0,1398,0
85782,0,1397,0
85784,0,1399,0
85786,0,1397,0
85788,0,1397,0
85790,0,1396,0
85792,68108,1397,1
85794,0,1397,0
85796,0,1396,0
85798,0,1397,0
85800,0,1397,0
85802,0,1396,0
85804,0,1397,0
85806,0,1398,0
85808,0,1395,0
85810,0,1399,0
85812,0,1397,0
85814,0,1399,0
85816,0,1397,0
85818,0,1397,0
85820,0,1399,0
85822,0,1397,0
85824,0,1397,0
85826,0,1397,0
85828,0,1399,0
85830,0,1397,0
85832,68104,1397,1
85834,0,1398,0
85836,0,1397,0
85838,0,1398,0
85840,0,1397,0
85842,0,1397,0
85844,0,1398,0
85846,0,1399,0
85848,0,1400,0
85850,0,1397,0
85852,0,1397,0
85854,0,1397,0
85856,0,1398,0
85858,0,1399,0
85860,0,1398,0
85862,0,1397,0
85864,0,1397,0
85866,0,1400,0
85868,0,1397,0
85870,0,1399,0
85872,68121,1399,1
85874,0,1397,0
85876,0,1397,0
85878,0,1397,0
85880,0,1399,0
85882,0,1399,0
85884,0,1397,0
85886,0,1399,0
85888,0,1397,0
85890,0,1399,0
85892,0,1397,0
85894,0,1399,0
85896,0,1403,0
85898,0,1400,0
85900,0,1397,0
85902,0,1396,0
85904,0,1396,0
85906,0,1399,0
85908,0,1397,0
85910,0,1399,0
85912,68113,1397,1
85914,0,1397,0
85916,0,1397,0
85918,0,1397,0
85920,0,1399,0
85922,0,1397,0
85924,0,1399,0
85926,0,1397,0
85928,0,1398,0
85930,0,1397,0
85932,0,1399,0
85934,0,1395,0
85936,0,1399,0
85938,0,1399,0
85940,0,1399,0
85942,0,1399,0
85944,0,1397,0
85946,0,1398,0
85948,0,1399,0
85950,0,1398,0
85952,68069,1399,1
85954,0,1397,0
85956,0,1399,0
85958,0,1399,0
85960,0,1398,0
85962,0,1399,0
85964,0,1398,0
85966,0,1398,0
85968,0,1399,0
85970,0,1397,0
85972,0,1399,0
85974,0,1399,0
85976,0,1399,0
85978,0,1397,0
85980,0,1399,0
85982,0,1398,0
85984,0,1395,0
85986,0,1399,0
85988,0,1399,0
85990,0,1399,0
85992,68052,1399,1
85994,0,1399,0
85996,0,1399,0
85998,0,1399,0
86000,0,1399,0
86002,0,1399,0
86004,0,1398,0
86006,0,1399,0
86008,0,1397,0
86010,0,1399,0
86012,0,1400,0
86014,0,1399,0
86016,0,1399,0
86018,0,1396,0
86020,0,1397,0
86022,0,1398,0
86024,0,1397,0
86026,0,1399,0
86028,0,1397,0
86030,68083,1399,1
86032,0,1400,0
86034,0,1398,0
86036,0,1399,0
86038,0,1399,0
86040,0,1395,0
86042,0,1398,0
86044,0,1399,0
86046,0,1400,0
86048,0,1400,0
86050,0,1399,0
86052,0,1399,0
86054,0,1399,0
86056,0,1399,0
86058,0,1399,0
86060,0,1399,0
86062,0,1399,0
86064,0,1399,0
86066,0,1399,0
86068,0,1399,0
86070,68090,1399,1
86072,0,1398,0
86074,0,1399,0
86076,0,1397,0
86078,0,1399,0
86080,0,1397,0
86082,0,1397,0
86084,0,1399,0
86086,0,1399,0
86088,0,1397,0
86090,0,1397,0
86092,0,1399,0
86094,0,1399,0
86096,0,1399,0
86098,0,1398,0
86100,0,1400,0
86102,0,1398,0
86104,0,1399,0
86106,0,1399,0
86108,0,1397,0
86110,68101,1400,1
86112,0,1399,0
86114,0,1399,0
86116,0,1397,0
86118,0,1397,0
86120,0,1399,0
86122,0,1399,0
86124,0,1400,0
86126,0,1399,0
86128,0,1398,0
86130,0,1399,0
86132,0,1399,0
86134,0,1399,0
86136,0,1399,0
86138,0,1401,0
86140,0,1395,0
86142,0,1400,0
86144,0,1399,0
86146,0,1397,0
86148,0,1399,0
86150,68095,1397,1
86152,0,1399,0
86154,0,1399,0
86156,0,1401,0
86158,0,1399,0
86160,0,1397,0
86162,0,1398,0
86164,0,1399,0
86166,0,1399,0
86168,0,1399,0
86170,0,1399,0
86172,0,1399,0
86174,0,1400,0
86176,0,1398,0
86178,0,1399,0
86180,0,1399,0
86182,0,1398,0
86184,0,1399,0
86186,0,1399,0
86188,0,1399,0
86190,68104,1397,1
86192,0,1399,0
86194,0,1397,0
86196,0,1399,0
86198,0,1398,0
86200,0,1399,0
86202,0,1397,0
86204,0,1399,0
86206,0,1397,0
86208,0,1397,0
86210,0,1397,0
86212,0,1399,0
86214,0,1399,0
86216,0,1398,0
86218,0,1399,0
86220,0,1397,0
86222,0,1397,0
86224,0,1400,0
86226,0,1399,0
86228,0,1397,0
86230,68112,1400,1
86232,0,1399,0
86234,0,1398,0
86236,0,1397,0
86238,0,1399,0
86240,0,1397,0
86242,0,1397,0
86244,0,1399,0
86246,0,1395,0
86248,0,1399,0
86250,0,1399,0
86252,0,1399,0
86254,0,1397,0
86256,0,1397,0
86258,0,1398,0
86260,0,1399,0
86262,0,1401,0
86264,0,1400,0
86266,0,1399,0
86268,0,1399,0
86270,68131,1399,1
86272,0,1399,0
86274,0,1399,0
86276,0,1398,0
86278,0,1399,0
86280,0,1397,0
86282,0,1399,0
86284,0,1399,0
86286,0,1399,0
86288,0,1400,0
86290,0,1401,0
86292,0,1399,0
86294,0,1399,0
86296,0,1399,0
86298,0,1398,0
86300,0,1399,0
86302,0,1398,0
86304,0,1399,0
86306,0,1399,0
86308,0,1399,0
86310,68122,1399,1
86312,0,1399,0
86314,0,1399,0
86316,0,1399,0
86318,0,1401,0
86320,0,1400,0
86322,0,1399,0
86324,0,1400,0
86326,0,1399,0
86328,0,1398,0
86330,0,1399,0
86332,0,1401,0
86334,0,1398,0
86336,0,1401,0
86338,0,1399,0
86340,0,1399,0
86342,0,1398,0
86344,0,1399,0
86346,0,1399,0
86348,0,1397,0
86350,68068,1399,1
86352,0,1397,0
86354,0,1400,0
86356,0,1399,0
86358,0,1397,0
86360,0,1399,0
86362,0,1399,0
86364,0,1399,0
86366,0,1399,0
86368,0,1399,0
86370,0,1399,0
86372,0,1399,0
86374,0,1397,0
86376,0,1399,0
86378,0,1399,0
86380,0,1399,0
86382,0,1399,0
86384,0,1399,0
86386,0,1399,0
86388,0,1398,0
86390,68036,1399,1
86392,0,1399,0
86394,0,1397,0
86396,0,1399,0
86398,0,1397,0
86400,0,1401,0
86402,0,1398,0
86404,0,1399,0
86406,0,1399,0
86408,0,1400,0
86410,0,1397,0
86412,0,1399,0
86414,0,1399,0
86416,0,1398,0
86418,0,1399,0
86420,0,1399,0
86422,0,1399,0
86424,0,1400,0
86426,0,1398,0
86428,68058,1399,1
86430,0,1397,0
86432,0,1398,0
86434,0,1399,0
86436,0,1399,0
86438,0,1402,0
86440,0,1399,0
86442,0,1399,0
86444,0,1399,0
86446,0,1399,0
86448,0,1399,0
86450,0,1399,0
86452,0,1399,0
86454,0,1399,0
86456,0,1399,0
86458,0,1397,0
86460,0,1400,0
86462,0,1383,0
86464,0,1399,0
86466,0,1398,0
86468,68067,1400,1
86470,0,1400,0
86472,0,1400,0
86474,0,1399,0
86476,0,1398,0
86478,0,1400,0
86480,0,1399,0
86482,0,1399,0
86484,0,1400,0
86486,0,1400,0
86488,0,1400,0
86490,0,1399,0
86492,0,1400,0
86494,0,1399,0
86496,0,1399,0
86498,0,1398,0
86500,0,1399,0
86502,0,1399,0
86504,0,1400,0
86506,0,1399,0
86508,68067,1399,1
86510,0,1397,0
86512,0,1401,0
86514,0,1399,0
86516,0,1399,0
86518,0,1400,0
86520,0,1399,0
86522,0,1399,0
86524,0,1397,0
86526,0,1400,0
86528,0,1401,0
86530,0,1399,0
86532,0,1401,0
86534,0,1399,0
86536,0,1397,0
86538,0,1399,0
86540,0,1399,0
86542,0,1400,0
86544,0,1398,0
86546,0,1399,0
86548,68073,1399,1
86550,0,1399,0
86552,0,1399,0
86554,0,1399,0
86556,0,1400,0
86558,0,1400,0
86560,0,1399,0
86562,0,1397,0
86564,0,1400,0
86566,0,1399,0
86568,0,1400,0
86570,0,1399,0
86572,0,1399,0
86574,0,1397,0
86576,0,1400,0
86578,0,1399,0
86580,0,1399,0
86582,0,1399,0
86584,0,1401,0
86586,0,1399,0
86588,68077,1395,1
86590,0,1399,0
86592,0,1399,0
86594,0,1399,0
86596,0,1398,0
86598,0,1399,0
86600,0,1401,0
86602,0,1398,0
86604,0,1399,0
86606,0,1399,0
86608,0,1401,0
86610,0,1399,0
86612,0,1400,0
86614,0,1399,0
86616,0,1400,0
86618,0,1397,0
86620,0,1404,0
86622,0,1399,0
86624,0,1401,0
86626,0,1401,0
86628,68069,1401,1
86630,0,1400,0
86632,0,1400,0
86634,0,1400,0
86636,0,1399,0
86638,0,1397,0
86640,0,1416,0
86642,0,1400,0
86644,0,1399,0
86646,0,1401,0
86648,0,1399,0
86650,0,1401,0
86652,0,1401,0
86654,0,1401,0
86656,0,1400,0
86658,0,1399,0
86660,0,1395,0
86662,0,1400,0
86664,0,1398,0
86666,0,1399,0
86668,68102,1399,1
86670,0,1399,0
86672,0,1400,0
86674,0,1399,0
86676,0,1399,0
86678,0,1397,0
86680,0,1391,0
86682,0,1397,0
86684,0,1399,0
86686,0,1403,0
86688,0,1398,0
86690,0,1401,0
86692,0,1401,0
86694,0,1399,0
86697,0,1399,0
86699,0,1401,0
86701,0,1399,0
86703,0,1397,0
86705,0,1399,0
86707,0,1399,0
86709,68099,1399,1
86711,0,1398,0
86713,0,1400,0
86715,0,1399,0
86717,0,1399,0
86719,0,1399,0
86721,0,1399,0
86723,0,1400,0
86725,0,1398,0
86727,0,1399,0
86729,0,1399,0
86731,0,1400,0
86733,0,1398,0
86735,0,1399,0
86737,0,1400,0
86739,0,1399,0
86741,0,1398,0
86743,0,1399,0
86745,0,1403,0
86747,0,1399,0
86749,68036,1400,1
86751,0,1401,0
86753,0,1398,0
86755,0,1399,0
86757,0,1399,0
86759,0,1398,0
86761,0,1399,0
86763,0,1399,0
86765,0,1399,0
86767,0,1400,0
86769,0,1399,0
86771,0,1399,0
86773,0,1399,0
86775,0,1399,0
86777,0,1400,0
86779,0,1405,0
86781,0,1398,0
86783,0,1399,0
86785,0,1399,0
86787,0,1399,0
86789,68043,1399,1
86791,0,1399,0
86793,0,1401,0
86795,0,1399,0
86797,0,1401,0
86799,0,1399,0
86801,0,1400,0
86803,0,1397,0
86805,0,1399,0
86807,0,1399,0
86809,0,1397,0
86811,0,1399,0
86813,0,1399,0
86815,0,1397,0
86817,0,1397,0
86819,0,1399,0
86821,0,1399,0
86823,0,1399,0
86825,0,1399,0
86827,68069,1397,1
86829,0,1400,0
86831,0,1399,0
86833,0,1399,0
86835,0,1400,0
86837,0,1399,0
86839,0,1399,0
86841,0,1396,0
86843,0,1399,0
86845,0,1398,0
86847,0,1399,0
86849,0,1399,0
86851,0,1397,0
86853,0,1400,0
86855,0,1397,0
86857,0,1398,0
86859,0,1399,0
86861,0,1399,0
86863,0,1397,0
86865,0,1399,0
86867,68082,1399,1
86869,0,1400,0
86871,0,1399,0
86873,0,1399,0
86875,0,1398,0
86877,0,1399,0
86879,0,1397,0
86881,0,1399,0
86883,0,1400,0
86885,0,1397,0
86887,0,1400,0
86889,0,1399,0
86891,0,1399,0
86893,0,1397,0
86895,0,1399,0
86897,0,1401,0
86899,0,1399,0
86901,0,1397,0
86903,0,1398,0
86905,0,1397,0
86907,68078,1397,1
86909,0,1398,0
86911,0,1397,0
86913,0,1398,0
86915,0,1399,0
86917,0,1403,0
86919,0,1399,0
86921,0,1398,0
86923,0,1398,0
86925,0,1398,0
86927,0,1399,0
86929,0,1399,0
86931,0,1399,0
86933,0,1397,0
86935,0,1397,0
86937,0,1397,0
86939,0,1399,0
86941,0,1397,0
86943,0,1398,0
86945,0,1397,0
86947,68083,1397,1
86949,0,1399,0
86951,0,1397,0
86953,0,1399,0
86955,0,1399,0
86957,0,1397,0
86959,0,1397,0
86961,0,1399,0
86963,0,1397,0
86965,0,1399,0
86967,0,1397,0
86969,0,1397,0
86971,0,1397,0
86973,0,1398,0
86975,0,1397,0
86977,0,1399,0
86979,0,1396,0
86981,0,1398,0
86983,0,1399,0
86985,0,1397,0
86987,68094,1397,1
86989,0,1399,0
86991,0,1399,0
86993,0,1399,0
86995,0,1397,0
86997,0,1399,0
86999,0,1399,0
87001,0,1397,0
87003,0,1397,0
87005,0,1399,0
87007,0,1397,0
87009,0,1397,0
87011,0,1397,0
87013,0,1398,0
87015,0,1399,0
87017,0,1396,0
87019,0,1397,0
87021,0,1399,0
87023,0,1395,0
87025,0,1397,0
87027,68103,1397,1
87029,0,1396,0
87031,0,1397,0
87033,0,1398,0
87035,0,1395,0
87037,0,1397,0
87039,0,1397,0
87041,0,1397,0
87043,0,1396,0
87045,0,1397,0
87047,0,1395,0
87049,0,1398,0
87051,0,1399,0
87053,0,1396,0
87055,0,1397,0
87057,0,1399,0
87059,0,1397,0
87061,0,1399,0
87063,0,1397,0
87065,0,1397,0
87067,68139,1396,1
87069,0,1397,0
87071,0,1399,0
87073,0,1395,0
87075,0,1396,0
87077,0,1396,0
87079,0,1397,0
87081,0,1397,0
87083,0,1399,0
87085,0,1396,0
87087,0,1388,0
87089,0,1396,0
87091,0,1397,0
87093,0,1395,0
87095,0,1397,0
87097,0,1397,0
87099,0,1395,0
87101,0,1395,0
87103,0,1395,0
87105,0,1397,0
87107,68117,1397,1
87109,0,1397,0
87111,0,1397,0
87113,0,1395,0
87115,0,1397,0
87117,0,1397,0
87119,0,1396,0
87121,0,1395,0
87123,0,1397,0
87125,0,1397,0
87127,0,1397,0
87129,0,1401,0
87131,0,1395,0
87133,0,1397,0
87135,0,1397,0
87137,0,1395,0
87139,0,1395,0
87141,0,1395,0
87143,0,1395,0
87145,0,1397,0
87147,68068,1397,1
87149,0,1395,0
87151,0,1397,0
87153,0,1397,0
87155,0,1395,0
87157,0,1395,0
87159,0,1395,0
87161,0,1395,0
87163,0,1391,0
87165,0,1395,0
87167,0,1392,0
87169,0,1395,0
87171,0,1395,0
87173,0,1395,0
87175,0,1396,0
87177,0,1395,0
87179,0,1395,0
87181,0,1395,0
87183,0,1395,0
87185,0,1395,0
87187,68085,1397,1
87189,0,1395,0
87191,0,1396,0
87193,0,1391,0
87195,0,1392,0
87197,0,1395,0
87199,0,1395,0
87201,0,1397,0
87203,0,1392,0
87205,0,1396,0
87207,0,1395,0
87209,0,1397,0
87211,0,1393,0
87213,0,1395,0
87215,0,1397,0
87217,0,1391,0
87219,0,1395,0
87221,0,1395,0
87223,0,1395,0
87225,68092,1395,1
87227,0,1396,0
87229,0,1396,0
87231,0,1392,0
87233,0,1394,0
87235,0,1399,0
87237,0,1394,0
87239,0,1391,0
87241,0,1391,0
87243,0,1396,0
87245,0,1391,0
87247,0,1395,0
87249,0,1391,0
87251,0,1395,0
87253,0,1395,0
87255,0,1395,0
87257,0,1395,0
87259,0,1391,0
87261,0,1395,0
87263,0,1392,0
87265,68097,1395,1
87267,0,1394,0
87269,0,1395,0
87271,0,1393,0
87273,0,1391,0
87275,0,1392,0
87277,0,1395,0
87279,0,1395,0
87281,0,1395,0
87283,0,1391,0
87285,0,1391,0
87287,0,1391,0
87289,0,1390,0
87291,0,1391,0
87293,0,1395,0
87295,0,1393,0
87297,0,1395,0
87299,0,1391,0
87301,0,1391,0
87303,0,1395,0
87305,68082,1391,1
87307,0,1392,0
87309,0,1395,0
87311,0,1391,0
87313,0,1391,0
87315,0,1391,0
87317,0,1391,0
87319,0,1391,0
87321,0,1396,0
87323,0,1391,0
87325,0,1394,0
87327,0,1391,0
87329,0,1389,0
87331,0,1395,0
87333,0,1391,0
87335,0,1391,0
87337,0,1391,0
87339,0,1395,0
87341,0,1393,0
87343,0,1391,0
87345,68082,1391,1
87347,0,1395,0
87349,0,1391,0
87351,0,1391,0
87353,0,1391,0
87355,0,1395,0
87357,0,1391,0
87359,0,1391,0
87361,0,1390,0
87363,0,1391,0
87365,0,1391,0
87367,0,1391,0
87369,0,1391,0
87371,0,1391,0
87373,0,1391,0
87375,0,1384,0
87377,0,1391,0
87379,0,1390,0
87381,0,1391,0
87383,0,1393,0
87385,68084,1391,1
87387,0,1391,0
87389,0,1393,0
87391,0,1391,0
87393,0,1391,0
87395,0,1390,0
87397,0,1403,0
87399,0,1389,0
87401,0,1391,0
87403,0,1391,0
87405,0,1389,0
87407,0,1389,0
87409,0,1390,0
87411,0,1391,0
87413,0,1392,0
87415,0,1391,0
87417,0,1391,0
87419,0,1389,0
87421,0,1389,0
87423,0,1391,0
87425,68095,1391,1
87427,0,1389,0
87429,0,1389,0
87431,0,1391,0
87433,0,1390,0
87435,0,1389,0
87437,0,1389,0
87439,0,1389,0
87441,0,1390,0
87443,0,1391,0
87445,0,1391,0
87447,0,1390,0
87449,0,1389,0
87451,0,1391,0
87453,0,1390,0
87455,0,1390,0
87457,0,1390,0
87459,0,1389,0
87461,0,1390,0
87463,0,1389,0
87465,68120,1389,1
87467,0,1390,0
87469,0,1389,0
87471,0,1391,0
87473,0,1390,0
87475,0,1391,0
87477,0,1388,0
87479,0,1390,0
87481,0,1390,0
87483,0,1389,0
87485,0,1391,0
87487,0,1390,0
87489,0,1389,0
87491,0,1387,0
87493,0,1391,0
87495,0,1389,0
87497,0,1387,0
87499,0,1389,0
87501,0,1389,0
87503,0,1391,0
87505,68116,1389,1
87507,0,1389,0
87509,0,1389,0
87511,0,1391,0
87513,0,1389,0
87515,0,1391,0
87517,0,1389,0
87519,0,1387,0
87521,0,1391,0
87523,0,1389,0
87525,0,1391,0
87527,0,1389,0
87529,0,1388,0
87531,0,1388,0
87533,0,1389,0
87535,0,1389,0
87537,0,1387,0
87539,0,1387,0
87541,0,1389,0
87543,0,1389,0
87545,68087,1389,1
87547,0,1389,0
87549,0,1388,0
87551,0,1389,0
87553,0,1389,0
87555,0,1389,0
87557,0,1388,0
87559,0,1389,0
87561,0,1389,0
87563,0,1387,0
87565,0,1389,0
87567,0,1388,0
87569,0,1388,0
87571,0,1389,0
87573,0,1390,0
87575,0,1391,0
87577,0,1389,0
87579,0,1389,0
87581,0,1387,0
87583,0,1396,0
87585,68097,1389,1
87587,0,1389,0
87589,0,1389,0
87591,0,1389,0
87593,0,1387,0
87595,0,1389,0
87597,0,1388,0
87599,0,1389,0
87601,0,1387,0
87603,0,1387,0
87605,0,1389,0
87607,0,1386,0
87609,0,1387,0
87611,0,1387,0
87613,0,1387,0
87615,0,1388,0
87617,0,1387,0
87619,0,1387,0
87621,0,1388,0
87623,68114,1387,1
87625,0,1387,0
87627,0,1387,0
87629,0,1388,0
87631,0,1387,0
87633,0,1387,0
87635,0,1388,0
87637,0,1388,0
87639,0,1386,0
87641,0,1387,0
87643,0,1388,0
87645,0,1386,0
87647,0,1385,0
87649,0,1387,0
87651,0,1387,0
87653,0,1387,0
87655,0,1389,0
87657,0,1388,0
87659,0,1387,0
87661,0,1387,0
87663,68115,1387,1
87665,0,1385,0
87667,0,1389,0
87669,0,1387,0
87671,0,1387,0
87673,0,1387,0
87675,0,1389,0
87677,0,1384,0
87679,0,1386,0
87681,0,1385,0
87683,0,1388,0
87685,0,1386,0
87687,0,1386,0
87689,0,1387,0
87691,0,1387,0
87693,0,1386,0
87695,0,1387,0
87697,0,1385,0
87699,0,1385,0
87701,0,1387,0
87703,68141,1386,1
87705,0,1388,0
87707,0,1382,0
87709,0,1386,0
87711,0,1387,0
87713,0,1387,0
87715,0,1387,0
87717,0,1387,0
87719,0,1387,0
87721,0,1385,0
87723,0,1386,0
87725,0,1385,0
87727,0,1371,0
87729,0,1387,0
87731,0,1387,0
87733,0,1385,0
87735,0,1387,0
87737,0,1378,0
87739,0,1387,0
87741,0,1387,0
87743,68138,1385,1
87745,0,1387,0
87747,0,1385,0
87749,0,1386,0
87751,0,1387,0
87753,0,1385,0
87755,0,1387,0
87757,0,1387,0
87759,0,1389,0
87761,0,1387,0
87763,0,1387,0
87765,0,1387,0
87767,0,1385,0
87769,0,1385,0
87771,0,1385,0
87773,0,1385,0
87775,0,1386,0
87777,0,1385,0
87779,0,1386,0
87781,0,1386,0
87783,68147,1387,1
87785,0,1385,0
87787,0,1386,0
87789,0,1383,0
87791,0,1387,0
87793,0,1386,0
87795,0,1387,0
87797,0,1384,0
87799,0,1387,0
87801,0,1387,0
87803,0,1384,0
87805,0,1387,0
87807,0,1385,0
87809,0,1385,0
87811,0,1387,0
87813,0,1387,0
87815,0,1385,0
87817,0,1382,0
87819,0,1387,0
87821,0,1387,0
87823,68161,1385,1
87825,0,1385,0
87827,0,1385,0
87829,0,1385,0
87831,0,1385,0
87833,0,1385,0
87835,0,1385,0
87837,0,1385,0
87839,0,1385,0
87841,0,1385,0
87843,0,1383,0
87845,0,1385,0
87847,0,1385,0
87849,0,1385,0
87851,0,1387,0
87853,0,1386,0
87855,0,1387,0
87857,0,1385,0
87859,0,1385,0
87861,0,1385,0
87863,68183,1385,1
87865,0,1385,0
87867,0,1385,0
87869,0,1384,0
87871,0,1385,0
87873,0,1385,0
87875,0,1384,0
87877,0,1385,0
87879,0,1385,0
87881,0,1385,0
87883,0,1384,0
87885,0,1385,0
87887,0,1383,0
87889,0,1385,0
87891,0,1384,0
87893,0,1385,0
87895,0,1385,0
87897,0,1387,0
87899,0,1385,0
87901,0,1385,0
87903,68188,1385,1
87905,0,1385,0
87907,0,1385,0
87909,0,1383,0
87911,0,1385,0
87913,0,1383,0
87915,0,1383,0
87917,0,1385,0
87919,0,1385,0
87921,0,1383,0
87923,0,1381,0
87925,0,1383,0
87927,0,1384,0
87929,0,1385,0
87931,0,1384,0
87933,0,1385,0
87935,0,1383,0
87937,0,1384,0
87939,0,1385,0
87941,0,1383,0
87943,68162,1385,1
87945,0,1381,0
87947,0,1383,0
87949,0,1383,0
87951,0,1381,0
87953,0,1384,0
87955,0,1383,0
87957,0,1383,0
87959,0,1388,0
87961,0,1384,0
87963,0,1384,0
87965,0,1384,0
87967,0,1384,0
87969,0,1383,0
87971,0,1383,0
87973,0,1383,0
87975,0,1383,0
87977,0,1383,0
87979,0,1385,0
87981,0,1383,0
87983,68177,1383,1
87985,0,1383,0
87987,0,1382,0
87989,0,1369,0
87991,0,1368,0
87993,0,1383,0
87995,0,1384,0
87997,0,1381,0
87999,0,1384,0
88001,0,1384,0
88003,0,1384,0
88005,0,1385,0
88007,0,1384,0
88009,0,1379,0
88011,0,1384,0
88013,0,1383,0
88015,0,1385,0
88017,0,1383,0
88019,0,1384,0
88021,68198,1383,1
88023,0,1383,0
88025,0,1384,0
88027,0,1383,0
88029,0,1373,0
88031,0,1383,0
88033,0,1383,0
88035,0,1383,0
88037,0,1384,0
88039,0,1383,0
88041,0,1387,0
88043,0,1388,0
88045,0,1383,0
88047,0,1383,0
88049,0,1384,0
88051,0,1383,0
88053,0,1383,0
88055,0,1381,0
88057,0,1380,0
88059,0,1381,0
88061,68205,1381,1
88063,0,1383,0
88065,0,1383,0
88067,0,1383,0
88069,0,1382,0
88071,0,1383,0
88073,0,1383,0
88075,0,1385,0
88077,0,1383,0
88079,0,1383,0
88081,0,1382,0
88083,0,1381,0
88085,0,1383,0
88087,0,1383,0
88089,0,1383,0
88091,0,1381,0
88093,0,1383,0
88095,0,1382,0
88097,0,1383,0
88099,0,1383,0
88101,68208,1382,1
88103,0,1383,0
88105,0,1383,0
88107,0,1383,0
88109,0,1383,0
88111,0,1383,0
88113,0,1381,0
88115,0,1381,0
88117,0,1383,0
88119,0,1382,0
88121,0,1383,0
88123,0,1381,0
88125,0,1381,0
88127,0,1383,0
88129,0,1382,0
88131,0,1382,0
88133,0,1381,0
88135,0,1381,0
88137,0,1383,0
88139,0,1387,0
88141,68208,1384,1
88143,0,1383,0
88145,0,1381,0
88147,0,1380,0
88149,0,1383,0
88151,0,1383,0
88153,0,1383,0
88155,0,1381,0
88157,0,1381,0
88159,0,1381,0
88161,0,1383,0
88163,0,1381,0
88165,0,1383,0
88167,0,1383,0
88169,0,1383,0
88171,0,1381,0
88173,0,1383,0
88175,0,1383,0
88177,0,1383,0
88179,0,1383,0
88181,68211,1381,1
88183,0,1382,0
88185,0,1381,0
88187,0,1381,0
88189,0,1383,0
88191,0,1383,0
88193,0,1384,0
88195,0,1381,0
88197,0,1383,0
88199,0,1383,0
88201,0,1382,0
88203,0,1380,0
88205,0,1381,0
88207,0,1381,0
88209,0,1382,0
88211,0,1381,0
88213,0,1381,0
88215,0,1381,0
88217,0,1382,0
88219,0,1377,0
88221,68214,1381,1
88223,0,1382,0
88225,0,1383,0
88227,0,1381,0
88229,0,1384,0
88231,0,1381,0
88233,0,1381,0
88235,0,1381,0
88237,0,1381,0
88239,0,1383,0
88241,0,1382,0
88243,0,1383,0
88245,0,1381,0
88247,0,1382,0
88249,0,1383,0
88251,0,1383,0
88253,0,1381,0
88255,0,1382,0
88257,0,1380,0
88259,0,1381,0
88261,68238,1385,1
88263,0,1381,0
88265,0,1381,0
88267,0,1383,0
88269,0,1383,0
88271,0,1381,0
88273,0,1381,0
88275,0,1381,0
88277,0,1381,0
88279,0,1381,0
88281,0,1382,0
88283,0,1381,0
88285,0,1381,0
88287,0,1381,0
88289,0,1381,0
88291,0,1383,0
88293,0,1379,0
88295,0,1381,0
88297,0,1383,0
88299,0,1383,0
88301,68224,1382,1
88303,0,1381,0
88305,0,1381,0
88307,0,1381,0
88309,0,1379,0
88311,0,1380,0
88313,0,1381,0
88315,0,1380,0
88317,0,1383,0
88319,0,1383,0
88321,0,1381,0
88323,0,1381,0
88325,0,1381,0
88327,0,1367,0
88329,0,1381,0
88331,0,1381,0
88333,0,1383,0
88335,0,1381,0
88337,0,1381,0
88339,0,1381,0
88341,68185,1382,1
88343,0,1382,0
88345,0,1381,0
88347,0,1378,0
88349,0,1381,0
88351,0,1381,0
88353,0,1381,0
88355,0,1381,0
88357,0,1381,0
88359,0,1383,0
88361,0,1379,0
88363,0,1381,0
88365,0,1379,0
88367,0,1381,0
88369,0,1381,0
88371,0,1379,0
88373,0,1379,0
88375,0,1380,0
88377,0,1383,0
88379,0,1381,0
88381,68195,1381,1
88383,0,1381,0
88385,0,1379,0
88387,0,1381,0
88389,0,1381,0
88391,0,1381,0
88393,0,1379,0
88395,0,1380,0
88397,0,1380,0
88399,0,1381,0
88401,0,1382,0
88403,0,1384,0
88405,0,1382,0
88407,0,1381,0
88409,0,1381,0
88411,0,1381,0
88413,0,1380,0
88415,0,1383,0
88417,0,1381,0
88419,68213,1381,1
88421,0,1380,0
88423,0,1381,0
88425,0,1380,0
88427,0,1386,0
88429,0,1381,0
88431,0,1381,0
88433,0,1379,0
88435,0,1383,0
88437,0,1379,0
88439,0,1381,0
88441,0,1381,0
88443,0,1381,0
88445,0,1380,0
88447,0,1381,0
88449,0,1381,0
88451,0,1381,0
88453,0,1381,0
88455,0,1381,0
88457,0,1381,0
88459,68221,1382,1
88461,0,1381,0
88463,0,1381,0
88465,0,1381,0
88467,0,1381,0
88469,0,1381,0
88471,0,1381,0
88473,0,1383,0
88475,0,1381,0
88477,0,1381,0
88479,0,1380,0
88481,0,1381,0
88483,0,1383,0
88485,0,1381,0
88487,0,1381,0
88489,0,1381,0
88491,0,1381,0
88493,0,1376,0
88495,0,1377,0
88497,0,1381,0
88499,68229,1379,1
88501,0,1381,0
88503,0,1381,0
88505,0,1379,0
88507,0,1381,0
88509,0,1379,0
88511,0,1381,0
88513,0,1380,0
88515,0,1375,0
88517,0,1381,0
88519,0,1381,0
88521,0,1382,0
88523,0,1381,0
88525,0,1377,0
88527,0,1381,0
88529,0,1380,0
88531,0,1381,0
88533,0,1381,0
88535,0,1379,0
88537,0,1381,0
88539,68237,1381,1
88541,0,1381,0
88543,0,1381,0
88545,0,1385,0
88547,0,1385,0
88549,0,1381,0
88551,0,1379,0
88553,0,1381,0
88555,0,1380,0
88557,0,1381,0
88559,0,1381,0
88561,0,1381,0
88563,0,1379,0
88565,0,1379,0
88567,0,1381,0
88569,0,1379,0
88572,0,1382,0
88574,0,1381,0
88576,0,1380,0
88578,0,1381,0
88580,68236,1383,1
88582,0,1379,0
88584,0,1379,0
88586,0,1379,0
88588,0,1381,0
88590,0,1381,0
88592,0,1379,0
88594,0,1381,0
88596,0,1381,0
88598,0,1379,0
88600,0,1379,0
88602,0,1383,0
88604,0,1381,0
88606,0,1381,0
88608,0,1381,0
88610,0,1380,0
88612,0,1379,0
88614,0,1379,0
88616,0,1363,0
88618,0,1379,0
88620,68243,1381,1
88622,0,1381,0
88624,0,1380,0
88626,0,1375,0
88628,0,1381,0
88630,0,1380,0
88632,0,1379,0
88634,0,1382,0
88636,0,1381,0
88638,0,1375,0
88640,0,1381,0
88642,0,1379,0
88644,0,1379,0
88646,0,1382,0
88648,0,1379,0
88650,0,1379,0
88652,0,1379,0
88654,0,1381,0
88656,0,1383,0
88658,0,1381,0
88660,68271,1379,1
88662,0,1381,0
88664,0,1381,0
88666,0,1379,0
88668,0,1381,0
88670,0,1379,0
88672,0,1381,0
88674,0,1379,0
88676,0,1380,0
88678,0,1379,0
88680,0,1381,0
88682,0,1381,0
88684,0,1379,0
88686,0,1380,0
88688,0,1378,0
88690,0,1380,0
88692,0,1381,0
88694,0,1380,0
88696,0,1380,0
88698,0,1379,0
88700,68271,1379,1
88702,0,1378,0
88704,0,1380,0
88706,0,1381,0
88708,0,1381,0
88710,0,1379,0
88712,0,1381,0
88714,0,1380,0
88716,0,1379,0
88718,0,1371,0
88720,0,1379,0
88722,0,1381,0
88724,0,1381,0
88726,0,1381,0
88728,0,1379,0
88730,0,1378,0
88732,0,1379,0
88734,0,1381,0
88736,0,1380,0
88738,0,1380,0
88740,68231,1380,1
88742,0,1375,0
88744,0,1379,0
88746,0,1379,0
88748,0,1380,0
88750,0,1379,0
88752,0,1380,0
88754,0,1381,0
88756,0,1381,0
88758,0,1381,0
88760,0,1379,0
88762,0,1379,0
88764,0,1379,0
88766,0,1381,0
88768,0,1379,0
88770,0,1379,0
88772,0,1379,0
88774,0,1379,0
88776,0,1379,0
88778,0,1381,0
88780,68232,1379,1
88782,0,1379,0
88784,0,1379,0
88786,0,1381,0
88788,0,1379,0
88790,0,1380,0
88792,0,1379,0
88794,0,1380,0
88796,0,1381,0
88798,0,1381,0
88800,0,1380,0
88802,0,1379,0
88804,0,1381,0
88806,0,1379,0
88808,0,1382,0
88810,0,1381,0
88812,0,1381,0
88814,0,1381,0
88816,0,1376,0
88818,68247,1381,1
88820,0,1381,0
88822,0,1379,0
88824,0,1375,0
88826,0,1380,0
88828,0,1379,0
88830,0,1381,0
88832,0,1380,0
88834,0,1379,0
88836,0,1379,0
88838,0,1380,0
88840,0,1380,0
88842,0,1381,0
88844,0,1379,0
88846,0,1373,0
88848,0,1381,0
88850,0,1379,0
88852,0,1379,0
88854,0,1380,0
88856,0,1367,0
88858,68250,1381,1
88860,0,1381,0
88862,0,1381,0
88864,0,1380,0
88866,0,1381,0
88868,0,1378,0
88870,0,1381,0
88872,0,1379,0
88874,0,1379,0
88876,0,1381,0
88878,0,1381,0
88880,0,1380,0
88882,0,1379,0
88884,0,1380,0
88886,0,1381,0
88888,0,1380,0
88890,0,1381,0
88892,0,1379,0
88894,0,1379,0
88896,0,1379,0
88898,68257,1378,1
88900,0,1379,0
88902,0,1379,0
88904,0,1379,0
88906,0,1380,0
88908,0,1379,0
88910,0,1381,0
88912,0,1355,0
88914,0,1381,0
88916,0,1381,0
88918,0,1379,0
88920,0,1380,0
88922,0,1379,0
88924,0,1380,0
88926,0,1381,0
88928,0,1379,0
88930,0,1382,0
88932,0,1379,0
88934,0,1380,0
88936,0,1381,0
88938,68266,1380,1
88940,0,1379,0
88942,0,1380,0
88944,0,1379,0
88946,0,1379,0
88948,0,1380,0
88950,0,1381,0
88952,0,1379,0
88954,0,1379,0
88956,0,1379,0
88958,0,1381,0
88960,0,1379,0
88962,0,1380,0
88964,0,1381,0
88966,0,1379,0
88968,0,1381,0
88970,0,1380,0
88972,0,1379,0
88974,0,1380,0
88976,0,1379,0
88978,68261,1381,1
88980,0,1379,0
88982,0,1380,0
88984,0,1379,0
88986,0,1380,0
88988,0,1381,0
88990,0,1379,0
88992,0,1379,0
88994,0,1380,0
88996,0,1380,0
88998,0,1379,0
89000,0,1381,0
89002,0,1381,0
89004,0,1379,0
89006,0,1379,0
89008,0,1381,0
89010,0,1379,0
89012,0,1379,0
89014,0,1381,0
89016,0,1380,0
89018,68250,1379,1
89020,0,1381,0
89022,0,1380,0
89024,0,1381,0
89026,0,1379,0
89028,0,1379,0
89030,0,1379,0
89032,0,1381,0
89034,0,1379,0
89036,0,1379,0
89038,0,1379,0
89040,0,1379,0
89042,0,1379,0
89044,0,1381,0
89046,0,1379,0
89048,0,1381,0
89050,0,1379,0
89052,0,1381,0
89054,0,1378,0
89056,0,1379,0
89058,68251,1381,1
89060,0,1379,0
89062,0,1380,0
89064,0,1381,0
89066,0,1379,0
89068,0,1381,0
89070,0,1377,0
89072,0,1379,0
89074,0,1381,0
89076,0,1381,0
89078,0,1381,0
89080,0,1380,0
89082,0,1379,0
89084,0,1374,0
89086,0,1379,0
89088,0,1379,0
89090,0,1379,0
89092,0,1379,0
89094,0,1375,0
89096,0,1381,0
89098,68240,1379,1
89100,0,1379,0
89102,0,1380,0
89104,0,1380,0
89106,0,1375,0
89108,0,1379,0
89110,0,1381,0
89112,0,1379,0
89114,0,1379,0
89116,0,1373,0
89118,0,1379,0
89120,0,1380,0
89122,0,1381,0
89124,0,1383,0
89126,0,1379,0
89128,0,1379,0
89130,0,1381,0
89132,0,1380,0
89134,0,1397,0
89136,0,1379,0
89138,68182,1381,1
89140,0,1381,0
89142,0,1379,0
89144,0,1381,0
89146,0,1381,0
89148,0,1380,0
89150,0,1381,0
89152,0,1381,0
89154,0,1379,0
89156,0,1379,0
89158,0,1380,0
89160,0,1379,0
89162,0,1379,0
89164,0,1378,0
89166,0,1378,0
89168,0,1379,0
89170,0,1379,0
89172,0,1379,0
89174,0,1379,0
89176,0,1378,0
89178,68181,1380,1
89180,0,1381,0
89182,0,1381,0
89184,0,1379,0
89186,0,1381,0
89188,0,1380,0
89190,0,1379,0
89192,0,1374,0
89194,0,1381,0
89196,0,1381,0
89198,0,1379,0
89200,0,1379,0
89202,0,1383,0
89204,0,1379,0
89206,0,1381,0
89208,0,1379,0
89210,0,1381,0
89212,0,1384,0
89214,0,1381,0
89216,68214,1379,1
89218,0,1380,0
89220,0,1379,0
89222,0,1375,0
89224,0,1379,0
89226,0,1381,0
89228,0,1378,0
89230,0,1379,0
89232,0,1376,0
89234,0,1367,0
89236,0,1381,0
89238,0,1379,0
89240,0,1379,0
89242,0,1381,0
89244,0,1383,0
89246,0,1379,0
89248,0,1379,0
89250,0,1380,0
89252,0,1379,0
89254,0,1381,0
89256,68213,1375,1
89258,0,1380,0
89260,0,1381,0
89262,0,1379,0
89264,0,1379,0
89266,0,1375,0
89268,0,1379,0
89270,0,1382,0
89272,0,1378,0
89274,0,1381,0
89276,0,1379,0
89278,0,1380,0
89280,0,1381,0
89282,0,1379,0
89284,0,1381,0
89286,0,1381,0
89288,0,1381,0
89290,0,1379,0
89292,0,1381,0
89294,0,1381,0
89296,68207,1379,1
89298,0,1379,0
89300,0,1379,0
89302,0,1379,0
89304,0,1378,0
89306,0,1379,0
89308,0,1375,0
89310,0,1378,0
89312,0,1375,0
89314,0,1380,0
89316,0,1379,0
89318,0,1378,0
89320,0,1379,0
89322,0,1378,0
89324,0,1379,0
89326,0,1379,0
89328,0,1381,0
89330,0,1379,0
89332,0,1380,0
89334,0,1379,0
89336,68206,1375,1
89338,0,1380,0
89340,0,1379,0
89342,0,1380,0
89344,0,1381,0
89346,0,1381,0
89348,0,1380,0
89350,0,1380,0
89352,0,1381,0
89354,0,1380,0
89356,0,1381,0
89358,0,1381,0
89360,0,1380,0
89362,0,1379,0
89364,0,1378,0
89366,0,1380,0
89368,0,1379,0
89370,0,1381,0
89372,0,1378,0
89374,0,1379,0
89376,68189,1379,1
89378,0,1379,0
89380,0,1380,0
89382,0,1382,0
89384,0,1379,0
89386,0,1379,0
89388,0,1380,0
89390,0,1381,0
89392,0,1379,0
89394,0,1380,0
89396,0,1371,0
89398,0,1381,0
89400,0,1379,0
89402,0,1381,0
89404,0,1379,0
89406,0,1380,0
89408,0,1381,0
89410,0,1381,0
89412,0,1379,0
89414,0,1378,0
89416,68203,1373,1
89418,0,1383,0
89420,0,1380,0
89422,0,1379,0
89424,0,1379,0
89426,0,1378,0
89428,0,1380,0
89430,0,1370,0
89432,0,1379,0
89434,0,1375,0
89436,0,1379,0
89438,0,1380,0
89440,0,1381,0
89442,0,1380,0
89444,0,1381,0
89446,0,1380,0
89448,0,1379,0
89450,0,1379,0
89452,0,1381,0
89454,0,1380,0
89456,68229,1379,1
89458,0,1382,0
89460,0,1381,0
89462,0,1381,0
89464,0,1380,0
89466,0,1381,0
89468,0,1379,0
89470,0,1380,0
89472,0,1380,0
89474,0,1381,0
89476,0,1380,0
89478,0,1382,0
89480,0,1381,0
89482,0,1381,0
89484,0,1381,0
89486,0,1381,0
89488,0,1381,0
89490,0,1380,0
89492,0,1379,0
89494,0,1382,0
89496,68218,1381,1
89498,0,1379,0
89500,0,1380,0
89502,0,1381,0
89504,0,1381,0
89506,0,1376,0
89508,0,1381,0
89510,0,1381,0
89512,0,1381,0
89514,0,1379,0
89516,0,1380,0
89518,0,1378,0
89520,0,1380,0
89522,0,1381,0
89524,0,1380,0
89526,0,1381,0
89528,0,1378,0
89530,0,1379,0
89532,0,1380,0
89534,0,1381,0
89536,68168,1380,1
89538,0,1379,0
89540,0,1383,0
89542,0,1380,0
89544,0,1380,0
89546,0,1380,0
89548,0,1381,0
89550,0,1379,0
89552,0,1380,0
89554,0,1381,0
89556,0,1380,0
89558,0,1381,0
89560,0,1381,0
89562,0,1381,0
89564,0,1381,0
89566,0,1379,0
89568,0,1380,0
89570,0,1381,0
89572,0,1383,0
89574,0,1380,0
89576,68171,1381,1
89578,0,1379,0
89580,0,1379,0
89582,0,1380,0
89584,0,1379,0
89586,0,1381,0
89588,0,1381,0
89590,0,1381,0
89592,0,1381,0
89594,0,1378,0
89596,0,1379,0
89598,0,1381,0
89600,0,1381,0
89602,0,1380,0
89604,0,1382,0
89606,0,1379,0
89608,0,1381,0
89610,0,1381,0
89612,0,1381,0
89614,68197,1384,1
89616,0,1380,0
89618,0,1380,0
89620,0,1381,0
89622,0,1381,0
89624,0,1382,0
89626,0,1381,0
89628,0,1379,0
89630,0,1381,0
89632,0,1380,0
89634,0,1380,0
89636,0,1383,0
89638,0,1381,0
89640,0,1381,0
89642,0,1383,0
89644,0,1383,0
89646,0,1381,0
89648,0,1383,0
89650,0,1381,0
89652,0,1381,0
89654,68195,1381,1
89656,0,1381,0
89658,0,1380,0
89660,0,1383,0
89662,0,1381,0
89664,0,1381,0
89666,0,1381,0
89668,0,1383,0
89670,0,1378,0
89672,0,1379,0
89674,0,1383,0
89676,0,1380,0
89678,0,1379,0
89680,0,1381,0
89682,0,1381,0
89684,0,1381,0
89686,0,1381,0
89688,0,1381,0
89690,0,1381,0
89692,0,1382,0
89694,68204,1381,1
89696,0,1380,0
89698,0,1383,0
89700,0,1382,0
89702,0,1381,0
89704,0,1381,0
89706,0,1379,0
89708,0,1381,0
89710,0,1381,0
89712,0,1381,0
89714,0,1382,0
89716,0,1381,0
89718,0,1381,0
89720,0,1382,0
89722,0,1383,0
89724,0,1382,0
89726,0,1382,0
89728,0,1379,0
89730,0,1381,0
89732,0,1381,0
89734,68192,1381,1
89736,0,1381,0
89738,0,1381,0
89740,0,1383,0
89742,0,1381,0
89744,0,1382,0
89746,0,1381,0
89748,0,1381,0
89750,0,1381,0
89752,0,1380,0
89754,0,1382,0
89756,0,1381,0
89758,0,1383,0
89760,0,1383,0
89762,0,1381,0
89764,0,1381,0
89766,0,1382,0
89768,0,1379,0
89770,0,1380,0
89772,0,1381,0
89774,68204,1381,1
89776,0,1381,0
89778,0,1383,0
89780,0,1381,0
89782,0,1381,0
89784,0,1380,0
89786,0,1381,0
89788,0,1379,0
89790,0,1375,0
89792,0,1382,0
89794,0,1383,0
89796,0,1382,0
89798,0,1381,0
89800,0,1383,0
89802,0,1383,0
89804,0,1383,0
89806,0,1382,0
89808,0,1381,0
89810,0,1383,0
89812,0,1382,0
89814,68199,1383,1
89816,0,1383,0
89818,0,1383,0
89820,0,1383,0
89822,0,1381,0
89824,0,1383,0
89826,0,1381,0
89828,0,1381,0
89830,0,1382,0
89832,0,1383,0
89834,0,1385,0
89836,0,1383,0
89838,0,1382,0
89840,0,1379,0
89842,0,1379,0
89844,0,1381,0
89846,0,1381,0
89848,0,1381,0
89850,0,1381,0
89852,0,1382,0
89854,68217,1381,1
89856,0,1381,0
89858,0,1383,0
89860,0,1381,0
89862,0,1381,0
89864,0,1381,0
89866,0,1383,0
89868,0,1383,0
89870,0,1379,0
89872,0,1383,0
89874,0,1381,0
89876,0,1381,0
89878,0,1382,0
89880,0,1381,0
89882,0,1383,0
89884,0,1379,0
89886,0,1383,0
89888,0,1383,0
89890,0,1381,0
89892,0,1383,0
89894,68203,1383,1
89896,0,1381,0
89898,0,1380,0
89900,0,1381,0
89902,0,1381,0
89904,0,1381,0
89906,0,1383,0
89908,0,1383,0
89910,0,1383,0
89912,0,1382,0
89914,0,1381,0
89916,0,1380,0
89918,0,1382,0
89920,0,1381,0
89922,0,1381,0
89924,0,1383,0
89926,0,1382,0
89928,0,1381,0
89930,0,1381,0
89932,0,1382,0
89934,68150,1381,1
89936,0,1383,0
89938,0,1383,0
89940,0,1381,0
89942,0,1379,0
89944,0,1384,0
89946,0,1383,0
89948,0,1381,0
89950,0,1381,0
89952,0,1383,0
89954,0,1383,0
89956,0,1383,0
89958,0,1385,0
89960,0,1383,0
89962,0,1382,0
89964,0,1384,0
89966,0,1382,0
89968,0,1381,0
89970,0,1383,0
89972,0,1381,0
89974,68163,1380,1
89976,0,1381,0
89978,0,1382,0
89980,0,1383,0
89982,0,1381,0
89984,0,1383,0
89986,0,1382,0
89988,0,1383,0
89990,0,1383,0
89992,0,1383,0
89994,0,1381,0
89996,0,1383,0
89998,0,1383,0
90000,0,1383,0
90002,0,1381,0
90004,0,1382,0
90006,0,1381,0
90008,0,1381,0
90010,0,1381,0
90012,68176,1383,1
90014,0,1383,0
90016,0,1383,0
90018,0,1383,0
90020,0,1383,0
90022,0,1383,0
90024,0,1383,0
90026,0,1382,0
90028,0,1381,0
90030,0,1384,0
90032,0,1382,0
90034,0,1383,0
90036,0,1382,0
90038,0,1385,0
90040,0,1383,0
90042,0,1384,0
90044,0,1383,0
90046,0,1383,0
90048,0,1382,0
90050,0,1383,0
90052,68186,1384,1
90054,0,1383,0
90056,0,1383,0
90058,0,1383,0
90060,0,1374,0
90062,0,1381,0
90064,0,1382,0
90066,0,1383,0
90068,0,1383,0
90070,0,1381,0
90072,0,1382,0
90074,0,1383,0
90076,0,1382,0
90078,0,1383,0
90080,0,1382,0
90082,0,1383,0
90084,0,1383,0
90086,0,1382,0
90088,0,1382,0
90090,0,1383,0
90092,68191,1383,1
90094,0,1383,0
90096,0,1384,0
90098,0,1383,0
90100,0,1383,0
90102,0,1383,0
90104,0,1383,0
90106,0,1381,0
90108,0,1383,0
90110,0,1381,0
90112,0,1383,0
90114,0,1383,0
90116,0,1383,0
90118,0,1383,0
90120,0,1383,0
90122,0,1383,0
90124,0,1382,0
90126,0,1386,0
90128,0,1383,0
90130,0,1384,0
90132,68193,1383,1
90134,0,1384,0
90136,0,1384,0
90138,0,1382,0
90140,0,1382,0
90142,0,1383,0
90144,0,1383,0
90146,0,1382,0
90148,0,1383,0
90150,0,1381,0
90152,0,1383,0
90154,0,1383,0
90156,0,1381,0
90158,0,1383,0
90160,0,1382,0
90162,0,1383,0
90164,0,1383,0
90166,0,1384,0
90168,0,1383,0
90170,0,1383,0
90172,68188,1383,1
90174,0,1383,0
90176,0,1381,0
90178,0,1383,0
90180,0,1383,0
90182,0,1383,0
90184,0,1381,0
90186,0,1381,0
90188,0,1381,0
90190,0,1381,0
90192,0,1382,0
90194,0,1381,0
90196,0,1383,0
90198,0,1382,0
90200,0,1383,0
90202,0,1383,0
90204,0,1381,0
90206,0,1384,0
90208,0,1382,0
90210,0,1382,0
90212,68189,1383,1
90214,0,1383,0
90216,0,1383,0
90218,0,1385,0
90220,0,1383,0
90222,0,1384,0
90224,0,1383,0
90226,0,1384,0
90228,0,1383,0
90230,0,1381,0
90232,0,1380,0
90234,0,1383,0
90236,0,1383,0
90238,0,1383,0
90240,0,1384,0
90242,0,1383,0
90244,0,1383,0
90246,0,1384,0
90248,0,1383,0
90250,0,1385,0
90252,68217,1383,1
90254,0,1383,0
90256,0,1383,0
90258,0,1381,0
90260,0,1383,0
90262,0,1385,0
90264,0,1384,0
90266,0,1383,0
90268,0,1383,0
90270,0,1381,0
90272,0,1381,0
90274,0,1383,0
90276,0,1381,0
90278,0,1384,0
90280,0,1383,0
90282,0,1383,0
90284,0,1383,0
90286,0,1383,0
90288,0,1385,0
90290,0,1384,0
90292,68214,1383,1
90294,0,1384,0
90296,0,1383,0
90298,0,1371,0
90300,0,1383,0
90302,0,1383,0
90304,0,1385,0
90306,0,1379,0
90308,0,1381,0
90310,0,1381,0
90312,0,1383,0
90314,0,1383,0
90316,0,1383,0
90318,0,1385,0
90320,0,1383,0
90322,0,1383,0
90324,0,1385,0
90326,0,1383,0
90328,0,1383,0
90330,0,1381,0
90332,68180,1383,1
90334,0,1383,0
90336,0,1383,0
90338,0,1381,0
90340,0,1383,0
90342,0,1385,0
90344,0,1383,0
90346,0,1383,0
90348,0,1383,0
90350,0,1384,0
90352,0,1383,0
90354,0,1383,0
90356,0,1385,0
90358,0,1383,0
90360,0,1383,0
90362,0,1383,0
90364,0,1384,0
90366,0,1384,0
90368,0,1383,0
90370,0,1383,0
90372,68173,1383,1
90374,0,1385,0
90376,0,1383,0
90378,0,1382,0
90380,0,1383,0
90382,0,1383,0
90384,0,1383,0
90386,0,1383,0
90388,0,1385,0
90390,0,1383,0
90392,0,1383,0
90394,0,1385,0
90396,0,1383,0
90398,0,1383,0
90400,0,1381,0
90402,0,1385,0
90404,0,1383,0
90406,0,1383,0
90408,0,1384,0
90410,68202,1383,1
90412,0,1383,0
90414,0,1385,0
90416,0,1383,0
90418,0,1381,0
90420,0,1383,0
90422,0,1381,0
90424,0,1383,0
90426,0,1381,0
90428,0,1385,0
90430,0,1383,0
90432,0,1385,0
90434,0,1384,0
90437,0,1384,0
90439,0,1384,0
90441,0,1383,0
90443,0,1383,0
90445,0,1383,0
90447,0,1383,0
90449,0,1383,0
90451,68205,1383,1
90453,0,1384,0
90455,0,1385,0
90457,0,1384,0
90459,0,1383,0
90461,0,1385,0
90463,0,1383,0
90465,0,1385,0
90467,0,1383,0
90469,0,1383,0
90471,0,1379,0
90473,0,1385,0
90475,0,1382,0
90477,0,1383,0
90479,0,1389,0
90481,0,1385,0
90483,0,1384,0
90485,0,1383,0
90487,0,1384,0
90489,0,1383,0
90491,68213,1384,1
90493,0,1383,0
90495,0,1384,0
90497,0,1384,0
90499,0,1385,0
90501,0,1384,0
90503,0,1384,0
90505,0,1384,0
90507,0,1383,0
90509,0,1383,0
90511,0,1383,0
90513,0,1384,0
90515,0,1385,0
90517,0,1383,0
90519,0,1381,0
90521,0,1385,0
90523,0,1373,0
90525,0,1385,0
90527,0,1384,0
90529,0,1385,0
90531,68215,1384,1
90533,0,1385,0
90535,0,1385,0
90537,0,1383,0
90539,0,1384,0
90541,0,1385,0
90543,0,1385,0
90545,0,1385,0
90547,0,1383,0
90549,0,1385,0
90551,0,1384,0
90553,0,1383,0
90555,0,1385,0
90557,0,1384,0
90559,0,1383,0
90561,0,1385,0
90563,0,1386,0
90565,0,1384,0
90567,0,1385,0
90569,0,1384,0
90571,68234,1383,1
90573,0,1383,0
90575,0,1383,0
90577,0,1387,0
90579,0,1385,0
90581,0,1384,0
90583,0,1385,0
90585,0,1385,0
90587,0,1383,0
90589,0,1385,0
90591,0,1384,0
90593,0,1385,0
90595,0,1383,0
90597,0,1383,0
90599,0,1382,0
90601,0,1385,0
90603,0,1385,0
90605,0,1384,0
90607,0,1387,0
90609,0,1383,0
90611,68240,1385,1
90613,0,1385,0
90615,0,1385,0
90617,0,1385,0
90619,0,1385,0
90621,0,1387,0
90623,0,1384,0
90625,0,1383,0
90627,0,1383,0
90629,0,1384,0
90631,0,1385,0
90633,0,1385,0
90635,0,1385,0
90637,0,1385,0
90639,0,1383,0
90641,0,1385,0
90643,0,1383,0
90645,0,1383,0
90647,0,1385,0
90649,0,1383,0
90651,68267,1383,1
90653,0,1385,0
90655,0,1385,0
90657,0,1385,0
90659,0,1384,0
90661,0,1383,0
90663,0,1383,0
90665,0,1385,0
90667,0,1384,0
90669,0,1383,0
90671,0,1385,0
90673,0,1383,0
90675,0,1385,0
90677,0,1384,0
90679,0,1383,0
90681,0,1385,0
90683,0,1383,0
90685,0,1383,0
90687,0,1383,0
90689,0,1383,0
90691,68280,1383,1
90693,0,1383,0
90695,0,1383,0
90697,0,1384,0
90699,0,1385,0
90701,0,1385,0
90703,0,1383,0
90705,0,1384,0
90707,0,1385,0
90709,0,1385,0
90711,0,1386,0
90713,0,1383,0
90715,0,1384,0
90717,0,1385,0
90719,0,1385,0
90721,0,1385,0
90723,0,1385,0
90725,0,1385,0
90727,0,1387,0
90729,0,1384,0
90731,68219,1385,1
90733,0,1385,0
90735,0,1385,0
90737,0,1385,0
90739,0,1384,0
90741,0,1385,0
90743,0,1384,0
90745,0,1386,0
90747,0,1383,0
90749,0,1385,0
90751,0,1383,0
90753,0,1385,0
90755,0,1385,0
90757,0,1385,0
90759,0,1385,0
90761,0,1384,0
90763,0,1385,0
90765,0,1384,0
90767,0,1383,0
90769,0,1385,0
90771,68215,1383,1
90773,0,1384,0
90775,0,1385,0
90777,0,1385,0
90779,0,1385,0
90781,0,1385,0
90783,0,1384,0
90785,0,1381,0
90787,0,1385,0
90789,0,1384,0
90791,0,1385,0
90793,0,1381,0
90795,0,1385,0
90797,0,1386,0
90799,0,1385,0
90801,0,1385,0
90803,0,1386,0
90805,0,1383,0
90807,0,1385,0
90809,68226,1385,1
90811,0,1383,0
90813,0,1385,0
90815,0,1387,0
90817,0,1385,0
90819,0,1384,0
90821,0,1385,0
90823,0,1385,0
90825,0,1380,0
90827,0,1384,0
90829,0,1385,0
90831,0,1387,0
90833,0,1385,0
90835,0,1387,0
90837,0,1383,0
90839,0,1383,0
90841,0,1387,0
90843,0,1385,0
90845,0,1385,0
90847,0,1385,0
90849,68246,1387,1
90851,0,1384,0
90853,0,1385,0
90855,0,1385,0
90857,0,1385,0
90859,0,1379,0
90861,0,1384,0
90863,0,1383,0
90865,0,1388,0
90867,0,1391,0
90869,0,1385,0
90871,0,1384,0
90873,0,1385,0
90875,0,1385,0
90877,0,1384,0
90879,0,1387,0
90881,0,1387,0
90883,0,1385,0
90885,0,1384,0
90887,0,1385,0
90889,68246,1385,1
90891,0,1385,0
90893,0,1383,0
90895,0,1385,0
90897,0,1383,0
90899,0,1385,0
90901,0,1385,0
90903,0,1384,0
90905,0,1387,0
90907,0,1385,0
90909,0,1385,0
90911,0,1387,0
90913,0,1387,0
90915,0,1387,0
90917,0,1385,0
90919,0,1385,0
90921,0,1385,0
90923,0,1385,0
90925,0,1387,0
90927,0,1385,0
90929,68261,1387,1
90931,0,1392,0
90933,0,1385,0
90935,0,1385,0
90937,0,1387,0
90939,0,1387,0
90941,0,1384,0
90943,0,1385,0
90945,0,1387,0
90947,0,1385,0
90949,0,1385,0
90951,0,1385,0
90953,0,1385,0
90955,0,1385,0
90957,0,1385,0
90959,0,1384,0
90961,0,1385,0
90963,0,1385,0
90965,0,1385,0
90967,0,1386,0
90969,68269,1386,1
90971,0,1387,0
90973,0,1385,0
90975,0,1387,0
90977,0,1385,0
90979,0,1385,0
90981,0,1388,0
90983,0,1385,0
90985,0,1385,0
90987,0,1385,0
90989,0,1385,0
90991,0,1385,0
90993,0,1384,0
90995,0,1387,0
90997,0,1387,0
90999,0,1385,0
91001,0,1387,0
91003,0,1387,0
91005,0,1386,0
91007,0,1385,0
91009,68281,1385,1
91011,0,1385,0
91013,0,1387,0
91015,0,1386,0
91017,0,1385,0
91019,0,1387,0
91021,0,1385,0
91023,0,1385,0
91025,0,1386,0
91027,0,1385,0
91029,0,1385,0
91031,0,1385,0
91033,0,1385,0
91035,0,1387,0
91037,0,1388,0
91039,0,1386,0
91041,0,1386,0
91043,0,1385,0
91045,0,1385,0
91047,0,1383,0
91049,68299,1384,1
91051,0,1387,0
91053,0,1387,0
91055,0,1385,0
91057,0,1385,0
91059,0,1385,0
91061,0,1386,0
91063,0,1387,0
91065,0,1386,0
91067,0,1387,0
91069,0,1387,0
91071,0,1387,0
91073,0,1387,0
91075,0,1387,0
91077,0,1386,0
91079,0,1391,0
91081,0,1386,0
91083,0,1385,0
91085,0,1386,0
91087,0,1391,0
91089,68309,1387,1
91091,0,1386,0
91093,0,1387,0
91095,0,1385,0
91097,0,1387,0
91099,0,1385,0
91101,0,1385,0
91103,0,1385,0
91105,0,1385,0
91107,0,1386,0
91109,0,1389,0
91111,0,1387,0
91113,0,1387,0
91115,0,1387,0
91117,0,1387,0
91119,0,1387,0
91121,0,1389,0
91123,0,1387,0
91125,0,1386,0
91127,0,1387,0
91129,68289,1385,1
91131,0,1387,0
91133,0,1388,0
91135,0,1386,0
91137,0,1387,0
91139,0,1384,0
91141,0,1391,0
91143,0,1387,0
91145,0,1387,0
91147,0,1386,0
91149,0,1385,0
91151,0,1384,0
91153,0,1387,0
91155,0,1386,0
91157,0,1386,0
91159,0,1388,0
91161,0,1387,0
91163,0,1384,0
91165,0,1387,0
91167,0,1385,0
91169,68264,1386,1
91171,0,1387,0
91173,0,1387,0
91175,0,1385,0
91177,0,1385,0
91179,0,1387,0
91181,0,1385,0
91183,0,1386,0
91185,0,1385,0
91187,0,1387,0
91189,0,1387,0
91191,0,1387,0
91193,0,1385,0
91195,0,1385,0
91197,0,1385,0
91199,0,1387,0
91201,0,1387,0
91203,0,1385,0
91205,0,1386,0
91207,68295,1385,1
91209,0,1386,0
91211,0,1385,0
91213,0,1384,0
91215,0,1386,0
91217,0,1387,0
91219,0,1387,0
91221,0,1386,0
91223,0,1387,0
91225,0,1389,0
91227,0,1387,0
91229,0,1385,0
91231,0,1386,0
91233,0,1387,0
91235,0,1384,0
91237,0,1387,0
91239,0,1387,0
91241,0,1387,0
91243,0,1387,0
91245,0,1388,0
91247,68298,1388,1
91249,0,1385,0
91251,0,1387,0
91253,0,1387,0
91255,0,1385,0
91257,0,1387,0
91259,0,1387,0
91261,0,1386,0
91263,0,1387,0
91265,0,1387,0
91267,0,1387,0
91269,0,1387,0
91271,0,1385,0
91273,0,1385,0
91275,0,1389,0
91277,0,1387,0
91279,0,1387,0
91281,0,1387,0
91283,0,1385,0
91285,0,1387,0
91287,68305,1387,1
91289,0,1387,0
91291,0,1387,0
91293,0,1380,0
91295,0,1387,0
91297,0,1387,0
91299,0,1387,0
91301,0,1387,0
91303,0,1389,0
91305,0,1387,0
91307,0,1387,0
91309,0,1384,0
91311,0,1388,0
91313,0,1387,0
91315,0,1387,0
91317,0,1387,0
91319,0,1389,0
91321,0,1388,0
91323,0,1387,0
91325,0,1385,0
91327,68291,1387,1
91329,0,1386,0
91331,0,1389,0
91333,0,1387,0
91335,0,1387,0
91337,0,1387,0
91339,0,1391,0
91341,0,1387,0
91343,0,1387,0
91345,0,1386,0
91347,0,1388,0
91349,0,1386,0
91351,0,1387,0
91353,0,1387,0
91355,0,1387,0
91357,0,1388,0
91359,0,1385,0
91361,0,1391,0
91363,0,1388,0
91365,0,1388,0
91367,68303,1388,1
91369,0,1387,0
91371,0,1387,0
91373,0,1388,0
91375,0,1387,0
91377,0,1387,0
91379,0,1387,0
91381,0,1387,0
91383,0,1386,0
91385,0,1387,0
91387,0,1387,0
91389,0,1386,0
91391,0,1387,0
91393,0,1387,0
91395,0,1387,0
91397,0,1387,0
91399,0,1388,0
91401,0,1387,0
91403,0,1387,0
91405,0,1387,0
91407,68290,1387,1
91409,0,1387,0
91411,0,1387,0
91413,0,1387,0
91415,0,1389,0
91417,0,1389,0
91419,0,1385,0
91421,0,1388,0
91423,0,1387,0
91425,0,1387,0
91427,0,1387,0
91429,0,1387,0
91431,0,1387,0
91433,0,1385,0
91435,0,1389,0
91437,0,1389,0
91439,0,1389,0
91441,0,1387,0
91443,0,1387,0
91445,0,1387,0
91447,68304,1388,1
91449,0,1389,0
91451,0,1389,0
91453,0,1387,0
91455,0,1387,0
91457,0,1388,0
91459,0,1384,0
91461,0,1387,0
91463,0,1387,0
91465,0,1389,0
91467,0,1388,0
91469,0,1389,0
91471,0,1395,0
91473,0,1389,0
91475,0,1387,0
91477,0,1388,0
91479,0,1389,0
91481,0,1387,0
91483,0,1387,0
91485,0,1387,0
91487,68315,1388,1
91489,0,1387,0
91491,0,1387,0
91493,0,1387,0
91495,0,1387,0
91497,0,1389,0
91499,0,1386,0
91501,0,1389,0
91503,0,1386,0
91505,0,1389,0
91507,0,1387,0
91509,0,1387,0
91511,0,1389,0
91513,0,1387,0
91515,0,1387,0
91517,0,1387,0
91519,0,1388,0
91521,0,1389,0
91523,0,1387,0
91525,0,1389,0
91527,68280,1386,1
91529,0,1388,0
91531,0,1389,0
91533,0,1387,0
91535,0,1387,0
91537,0,1389,0
91539,0,1387,0
91541,0,1387,0
91543,0,1387,0
91545,0,1389,0
91547,0,1388,0
91549,0,1387,0
91551,0,1388,0
91553,0,1389,0
91555,0,1388,0
91557,0,1389,0
91559,0,1387,0
91561,0,1388,0
91563,0,1387,0
91565,0,1389,0
91567,68252,1387,1
91569,0,1388,0
91571,0,1387,0
91573,0,1388,0
91575,0,1387,0
91577,0,1386,0
91579,0,1389,0
91581,0,1388,0
91583,0,1387,0
91585,0,1389,0
91587,0,1389,0
91589,0,1389,0
91591,0,1389,0
91593,0,1388,0
91595,0,1387,0
91597,0,1387,0
91599,0,1389,0
91601,0,1389,0
91603,0,1389,0
91605,68271,1389,1
91607,0,1389,0
91609,0,1389,0
91611,0,1395,0
91613,0,1389,0
91615,0,1389,0
91617,0,1389,0
91619,0,1387,0
91621,0,1388,0
91623,0,1391,0
91625,0,1387,0
91627,0,1389,0
91629,0,1389,0
91631,0,1387,0
91633,0,1387,0
91635,0,1387,0
91637,0,1387,0
91639,0,1387,0
91641,0,1387,0
91643,0,1387,0
91645,68277,1389,1
91647,0,1389,0
91649,0,1387,0
91651,0,1388,0
91653,0,1388,0
91655,0,1387,0
91657,0,1388,0
91659,0,1387,0
91661,0,1389,0
91663,0,1389,0
91665,0,1387,0
91667,0,1387,0
91669,0,1386,0
91671,0,1387,0
91673,0,1389,0
91675,0,1383,0
91677,0,1389,0
91679,0,1388,0
91681,0,1387,0
91683,0,1390,0
91685,68271,1391,1
91687,0,1387,0
91689,0,1389,0
91691,0,1387,0
91693,0,1389,0
91695,0,1387,0
91697,0,1387,0
91699,0,1389,0
91701,0,1387,0
91703,0,1389,0
91705,0,1387,0
91707,0,1389,0
91709,0,1389,0
91711,0,1388,0
91713,0,1387,0
91715,0,1388,0
91717,0,1389,0
91719,0,1389,0
91721,0,1385,0
91723,0,1388,0
91725,68267,1387,1
91727,0,1389,0
91729,0,1389,0
91731,0,1389,0
91733,0,1389,0
91735,0,1388,0
91737,0,1389,0
91739,0,1389,0
91741,0,1389,0
91743,0,1387,0
91745,0,1387,0
91747,0,1388,0
91749,0,1390,0
91751,0,1387,0
91753,0,1389,0
91755,0,1390,0
91757,0,1389,0
91759,0,1389,0
91761,0,1389,0
91763,0,1388,0
91765,68264,1389,1
91767,0,1388,0
91769,0,1388,0
91771,0,1388,0
91773,0,1389,0
91775,0,1391,0
91777,0,1385,0
91779,0,1388,0
91781,0,1389,0
91783,0,1388,0
91785,0,1389,0
91787,0,1391,0
91789,0,1387,0
91791,0,1388,0
91793,0,1389,0
91795,0,1387,0
91797,0,1387,0
91799,0,1389,0
91801,0,1389,0
91803,0,1391,0
91805,68269,1387,1
91807,0,1389,0
91809,0,1388,0
91811,0,1387,0
91813,0,1387,0
91815,0,1388,0
91817,0,1389,0
91819,0,1387,0
91821,0,1389,0
91823,0,1389,0
91825,0,1388,0
91827,0,1389,0
91829,0,1388,0
91831,0,1391,0
91833,0,1389,0
91835,0,1389,0
91837,0,1387,0
91839,0,1389,0
91841,0,1389,0
91843,0,1389,0
91845,68284,1389,1
91847,0,1390,0
91849,0,1387,0
91851,0,1389,0
91853,0,1389,0
91855,0,1389,0
91857,0,1387,0
91859,0,1390,0
91861,0,1389,0
91863,0,1389,0
91865,0,1389,0
91867,0,1389,0
91869,0,1389,0
91871,0,1397,0
91873,0,1387,0
91875,0,1389,0
91877,0,1389,0
91879,0,1387,0
91881,0,1389,0
91883,0,1388,0
91885,68301,1391,1
91887,0,1389,0
91889,0,1387,0
91891,0,1389,0
91893,0,1391,0
91895,0,1389,0
91897,0,1388,0
91899,0,1389,0
91901,0,1389,0
91903,0,1391,0
91905,0,1389,0
91907,0,1391,0
91909,0,1390,0
91911,0,1390,0
91913,0,1389,0
91915,0,1387,0
91917,0,1391,0
91919,0,1389,0
91921,0,1390,0
91923,0,1389,0
91925,68261,1389,1
91927,0,1389,0
91929,0,1389,0
91931,0,1391,0
91933,0,1389,0
91935,0,1389,0
91937,0,1389,0
91939,0,1389,0
91941,0,1388,0
91943,0,1388,0
91945,0,1389,0
91947,0,1389,0
91949,0,1388,0
91951,0,1389,0
91953,0,1388,0
91955,0,1389,0
91957,0,1395,0
91959,0,1389,0
91961,0,1389,0
91963,0,1388,0
91965,68234,1389,1
91967,0,1389,0
91969,0,1387,0
91971,0,1388,0
91973,0,1388,0
91975,0,1389,0
91977,0,1389,0
91979,0,1389,0
91981,0,1389,0
91983,0,1388,0
91985,0,1387,0
91987,0,1391,0
91989,0,1389,0
91991,0,1390,0
91993,0,1389,0
91995,0,1389,0
91997,0,1389,0
91999,0,1389,0
92001,0,1389,0
92003,68246,1391,1
92005,0,1391,0
92007,0,1390,0
92009,0,1389,0
92011,0,1389,0
92013,0,1390,0
92015,0,1389,0
92017,0,1389,0
92019,0,1389,0
92021,0,1389,0
92023,0,1389,0
92025,0,1388,0
92027,0,1389,0
92029,0,1391,0
92031,0,1389,0
92033,0,1391,0
92035,0,1390,0
92037,0,1389,0
92039,0,1389,0
92041,0,1391,0
92043,68267,1388,1
92045,0,1389,0
92047,0,1389,0
92049,0,1389,0
92051,0,1404,0
92053,0,1389,0
92055,0,1389,0
92057,0,1389,0
92059,0,1389,0
92061,0,1387,0
92063,0,1391,0
92065,0,1389,0
92067,0,1389,0
92069,0,1390,0
92071,0,1389,0
92073,0,1389,0
92075,0,1389,0
92077,0,1389,0
92079,0,1390,0
92081,0,1390,0
92083,68287,1389,1
92085,0,1389,0
92087,0,1390,0
92089,0,1388,0
92091,0,1391,0
92093,0,1389,0
92095,0,1389,0
92097,0,1389,0
92099,0,1387,0
92101,0,1389,0
92103,0,1389,0
92105,0,1391,0
92107,0,1391,0
92109,0,1389,0
92111,0,1391,0
92113,0,1389,0
92115,0,1391,0
92117,0,1389,0
92119,0,1391,0
92121,0,1391,0
92123,68292,1389,1
92125,0,1391,0
92127,0,1389,0
92129,0,1391,0
92131,0,1391,0
92133,0,1389,0
92135,0,1389,0
92137,0,1389,0
92139,0,1389,0
92141,0,1389,0
92143,0,1389,0
92145,0,1391,0
92147,0,1389,0
92149,0,1390,0
92151,0,1390,0
92153,0,1391,0
92155,0,1390,0
92157,0,1389,0
92159,0,1389,0
92161,0,1390,0
92163,68298,1391,1
92165,0,1389,0
92167,0,1389,0
92169,0,1391,0
92171,0,1391,0
92173,0,1389,0
92175,0,1388,0
92177,0,1391,0
92179,0,1391,0
92181,0,1390,0
92183,0,1391,0
92185,0,1387,0
92187,0,1389,0
92189,0,1389,0
92191,0,1391,0
92193,0,1389,0
92195,0,1390,0
92197,0,1389,0
92199,0,1389,0
92201,0,1391,0
92203,68294,1389,1
92205,0,1391,0
92207,0,1389,0
92209,0,1389,0
92211,0,1389,0
92213,0,1389,0
92215,0,1389,0
92217,0,1390,0
92219,0,1388,0
92221,0,1391,0
92223,0,1389,0
92225,0,1389,0
92227,0,1391,0
92229,0,1389,0
92231,0,1383,0
92233,0,1388,0
92235,0,1389,0
92237,0,1391,0
92239,0,1389,0
92241,0,1389,0
92243,68312,1395,1
92245,0,1390,0
92247,0,1390,0
92249,0,1391,0
92251,0,1390,0
92253,0,1391,0
92255,0,1397,0
92257,0,1388,0
92259,0,1389,0
92261,0,1391,0
92263,0,1389,0
92265,0,1388,0
92267,0,1389,0
92269,0,1391,0
92271,0,1391,0
92273,0,1390,0
92275,0,1389,0
92277,0,1391,0
92279,0,1389,0
92281,0,1391,0
92283,68313,1391,1
92285,0,1391,0
92287,0,1389,0
92289,0,1391,0
92291,0,1391,0
92293,0,1391,0
92295,0,1390,0
92297,0,1391,0
92299,0,1390,0
92301,0,1391,0
92304,0,1391,0
92306,0,1389,0
92308,0,1391,0
92310,0,1384,0
92312,0,1391,0
92314,0,1391,0
92316,0,1389,0
92318,0,1390,0
92320,0,1387,0
92322,0,1392,0
92324,68275,1390,1
92326,0,1391,0
92328,0,1389,0
92330,0,1391,0
92332,0,1391,0
92334,0,1391,0
92336,0,1391,0
92338,0,1390,0
92340,0,1391,0
92342,0,1391,0
92344,0,1391,0
92346,0,1390,0
92348,0,1391,0
92350,0,1390,0
92352,0,1390,0
92354,0,1390,0
92356,0,1389,0
92358,0,1391,0
92360,0,1391,0
92362,0,1391,0
92364,68262,1391,1
92366,0,1391,0
92368,0,1391,0
92370,0,1389,0
92372,0,1391,0
92374,0,1390,0
92376,0,1391,0
92378,0,1391,0
92380,0,1391,0
92382,0,1391,0
92384,0,1391,0
92386,0,1391,0
92388,0,1391,0
92390,0,1391,0
92392,0,1389,0
92394,0,1391,0
92396,0,1391,0
92398,0,1390,0
92400,0,1389,0
92402,68272,1391,1
92404,0,1391,0
92406,0,1389,0
92408,0,1389,0
92410,0,1391,0
92412,0,1390,0
92414,0,1391,0
92416,0,1391,0
92418,0,1394,0
92420,0,1391,0
92422,0,1390,0
92424,0,1389,0
92426,0,1391,0
92428,0,1389,0
92430,0,1388,0
92432,0,1391,0
92434,0,1391,0
92436,0,1391,0
92438,0,1391,0
92440,0,1391,0
92442,68274,1391,1
92444,0,1390,0
92446,0,1389,0
92448,0,1390,0
92450,0,1390,0
92452,0,1391,0
92454,0,1390,0
92456,0,1390,0
92458,0,1390,0
92460,0,1391,0
92462,0,1391,0
92464,0,1391,0
92466,0,1391,0
92468,0,1391,0
92470,0,1391,0
92472,0,1391,0
92474,0,1390,0
92476,0,1391,0
92478,0,1391,0
92480,0,1389,0
92482,68266,1389,1
92484,0,1388,0
92486,0,1391,0
92488,0,1391,0
92490,0,1391,0
92492,0,1389,0
92494,0,1391,0
92496,0,1391,0
92498,0,1391,0
92500,0,1391,0
92502,0,1391,0
92504,0,1393,0
92506,0,1391,0
92508,0,1389,0
92510,0,1391,0
92512,0,1390,0
92514,0,1391,0
92516,0,1394,0
92518,0,1391,0
92520,0,1391,0
92522,68248,1393,1
92524,0,1391,0
92526,0,1391,0
92528,0,1391,0
92530,0,1395,0
92532,0,1390,0
92534,0,1393,0
92536,0,1389,0
92538,0,1391,0
92540,0,1391,0
92542,0,1390,0
92544,0,1392,0
92546,0,1390,0
92548,0,1391,0
92550,0,1391,0
92552,0,1391,0
92554,0,1391,0
92556,0,1389,0
92558,0,1392,0
92560,0,1391,0
92562,68250,1391,1
92564,0,1392,0
92566,0,1391,0
92568,0,1389,0
92570,0,1389,0
92572,0,1395,0
92574,0,1389,0
92576,0,1392,0
92578,0,1397,0
92580,0,1390,0
92582,0,1391,0
92584,0,1389,0
92586,0,1395,0
92588,0,1387,0
92590,0,1397,0
92592,0,1391,0
92594,0,1391,0
92596,0,1391,0
92598,0,1392,0
92600,0,1390,0
92602,68263,1391,1
92604,0,1391,0
92606,0,1391,0
92608,0,1391,0
92610,0,1390,0
92612,0,1390,0
92614,0,1391,0
92616,0,1391,0
92618,0,1391,0
92620,0,1389,0
92622,0,1390,0
92624,0,1391,0
92626,0,1391,0
92628,0,1391,0
92630,0,1391,0
92632,0,1391,0
92634,0,1391,0
92636,0,1391,0
92638,0,1391,0
92640,0,1391,0
92642,68279,1392,1
92644,0,1390,0
92646,0,1391,0
92648,0,1389,0
92650,0,1391,0
92652,0,1391,0
92654,0,1392,0
92656,0,1387,0
92658,0,1395,0
92660,0,1391,0
92662,0,1391,0
92664,0,1390,0
92666,0,1391,0
92668,0,1391,0
92670,0,1391,0
92672,0,1391,0
92674,0,1391,0
92676,0,1390,0
92678,0,1391,0
92680,0,1391,0
92682,68324,1395,1
92684,0,1391,0
92686,0,1391,0
92688,0,1391,0
92690,0,1391,0
92692,0,1391,0
92694,0,1389,0
92696,0,1391,0
92698,0,1390,0
92700,0,1389,0
92702,0,1391,0
92704,0,1389,0
92706,0,1390,0
92708,0,1390,0
92710,0,1391,0
92712,0,1391,0
92714,0,1391,0
92716,0,1391,0
92718,0,1391,0
92720,0,1394,0
92722,68345,1395,1
92724,0,1395,0
92726,0,1391,0
92728,0,1391,0
92730,0,1390,0
92732,0,1390,0
92734,0,1391,0
92736,0,1391,0
92738,0,1391,0
92740,0,1391,0
92742,0,1388,0
92744,0,1391,0
92746,0,1391,0
92748,0,1391,0
92750,0,1389,0
92752,0,1389,0
92754,0,1391,0
92756,0,1389,0
92758,0,1389,0
92760,0,1390,0
92762,68231,1388,1
92764,0,1388,0
92766,0,1391,0
92768,0,1391,0
92770,0,1391,0
92772,0,1389,0
92774,0,1389,0
92776,0,1388,0
92778,0,1395,0
92780,0,1388,0
92782,0,1389,0
92784,0,1389,0
92786,0,1390,0
92788,0,1389,0
92790,0,1390,0
92792,0,1389,0
92794,0,1390,0
92796,0,1391,0
92798,0,1389,0
92800,68299,1389,1
92802,0,1389,0
92804,0,1389,0
92806,0,1389,0
92808,0,1391,0
92810,0,1389,0
92812,0,1389,0
92814,0,1391,0
92816,0,1389,0
92818,0,1391,0
92820,0,1389,0
92822,0,1389,0
92824,0,1389,0
92826,0,1389,0
92828,0,1389,0
92830,0,1389,0
92832,0,1389,0
92834,0,1389,0
92836,0,1390,0
92838,0,1389,0
92840,68310,1389,1
92842,0,1390,0
92844,0,1389,0
92846,0,1389,0
92848,0,1389,0
92850,0,1389,0
92852,0,1389,0
92854,0,1389,0
92856,0,1389,0
92858,0,1389,0
92860,0,1388,0
92862,0,1385,0
92864,0,1390,0
92866,0,1387,0
92868,0,1389,0
92870,0,1388,0
92872,0,1388,0
92874,0,1386,0
92876,0,1389,0
92878,0,1387,0
92880,68206,1387,1
92882,0,1388,0
92884,0,1389,0
92886,0,1385,0
92888,0,1388,0
92890,0,1387,0
92892,0,1388,0
92894,0,1381,0
92896,0,1385,0
92898,0,1387,0
92900,0,1387,0
92902,0,1389,0
92904,0,1389,0
92906,0,1387,0
92908,0,1385,0
92910,0,1387,0
92912,0,1387,0
92914,0,1389,0
92916,0,1387,0
92918,0,1387,0
92920,68117,1386,1
92922,0,1386,0
92924,0,1388,0
92926,0,1387,0
92928,0,1385,0
92930,0,1387,0
92932,0,1385,0
92934,0,1385,0
92936,0,1384,0
92938,0,1385,0
92940,0,1387,0
92942,0,1385,0
92944,0,1385,0
92946,0,1385,0
92948,0,1385,0
92950,0,1387,0
92952,0,1385,0
92954,0,1384,0
92956,0,1384,0
92958,0,1385,0
92960,67957,1385,1
92962,0,1387,0
92964,0,1385,0
92966,0,1385,0
92968,0,1384,0
92970,0,1383,0
92972,0,1385,0
92974,0,1385,0
92976,0,1387,0
92978,0,1386,0
92980,0,1384,0
92982,0,1383,0
92984,0,1385,0
92986,0,1385,0
92988,0,1385,0
92990,0,1383,0
92992,0,1383,0
92994,0,1383,0
92996,0,1384,0
92998,0,1383,0
93000,67949,1385,1
93002,0,1383,0
93004,0,1384,0
93006,0,1385,0
93008,0,1383,0
93010,0,1383,0
93012,0,1385,0
93014,0,1383,0
93016,0,1381,0
93018,0,1383,0
93020,0,1383,0
93022,0,1383,0
93024,0,1383,0
93026,0,1385,0
93028,0,1383,0
93030,0,1383,0
93032,0,1383,0
93034,0,1383,0
93036,0,1383,0
93038,0,1383,0
93040,68124,1383,1
93042,0,1383,0
93044,0,1383,0
93046,0,1380,0
93048,0,1383,0
93050,0,1383,0
93052,0,1383,0
93054,0,1381,0
93056,0,1383,0
93058,0,1382,0
93060,0,1381,0
93062,0,1381,0
93064,0,1384,0
93066,0,1379,0
93068,0,1375,0
93070,0,1383,0
93072,0,1383,0
93074,0,1381,0
93076,0,1384,0
93078,0,1383,0
93080,68739,1383,1
93082,0,1383,0
93084,0,1375,0
93086,0,1383,0
93088,0,1383,0
93090,0,1382,0
93092,0,1383,0
93094,0,1381,0
93096,0,1388,0
93098,0,1383,0
93100,0,1383,0
93102,0,1382,0
93104,0,1382,0
93106,0,1382,0
93108,0,1383,0
93110,0,1383,0
93112,0,1382,0
93114,0,1383,0
93116,0,1383,0
93118,0,1383,0
93120,69674,1383,1
93122,0,1383,0
93124,0,1383,0
93126,0,1381,0
93128,0,1383,0
93130,0,1381,0
93132,0,1381,0
93134,0,1381,0
93136,0,1382,0
93138,0,1383,0
93140,0,1373,0
93142,0,1381,0
93144,0,1383,0
93146,0,1383,0
93148,0,1382,0
93150,0,1383,0
93152,0,1382,0
93154,0,1381,0
93156,0,1383,0
93158,0,1384,0
93160,70401,1381,1
93162,0,1383,0
93164,0,1383,0
93166,0,1381,0
93168,0,1380,0
93170,0,1383,0
93172,0,1374,0
93174,0,1381,0
93176,0,1381,0
93178,0,1381,0
93180,0,1381,0
93182,0,1381,0
93184,0,1381,0
93186,0,1383,0
93188,0,1381,0
93190,0,1381,0
93192,0,1379,0
93194,0,1381,0
93196,0,1381,0
93198,70428,1381,1
93200,0,1391,0
93202,0,1379,0
93204,0,1381,0
93206,0,1380,0
93208,0,1379,0
93210,0,1379,0
93212,0,1381,0
93214,0,1379,0
93216,0,1381,0
93218,0,1379,0
93220,0,1380,0
93222,0,1381,0
93224,0,1381,0
93226,0,1379,0
93228,0,1381,0
93230,0,1378,0
93232,0,1379,0
93234,0,1379,0
93236,0,1379,0
93238,70391,1379,1
93240,0,1379,0
93242,0,1381,0
93244,0,1379,0
93246,0,1379,0
93248,0,1375,0
93250,0,1374,0
93252,0,1379,0
93254,0,1381,0
93256,0,1380,0
93258,0,1375,0
93260,0,1379,0
93262,0,1381,0
93264,0,1378,0
93266,0,1371,0
93268,0,1379,0
93270,0,1379,0
93272,0,1380,0
93274,0,1379,0
93276,0,1379,0
93278,70253,1375,1
93280,0,1379,0
93282,0,1379,0
93284,0,1379,0
93286,0,1379,0
93288,0,1379,0
93290,0,1375,0
93292,0,1379,0
93294,0,1375,0
93296,0,1375,0
93298,0,1375,0
93300,0,1377,0
93302,0,1374,0
93304,0,1381,0
93306,0,1375,0
93308,0,1379,0
93310,0,1379,0
93312,0,1378,0
93314,0,1378,0
93316,0,1374,0
93318,69964,1378,1
93320,0,1374,0
93322,0,1379,0
93324,0,1375,0
93326,0,1375,0
93328,0,1375,0
93330,0,1374,0
93332,0,1373,0
93334,0,1375,0
93336,0,1373,0
93338,0,1375,0
93340,0,1375,0
93342,0,1375,0
93344,0,1367,0
93346,0,1375,0
93348,0,1373,0
93350,0,1375,0
93352,0,1373,0
93354,0,1365,0
93356,0,1377,0
93358,70033,1373,1
93360,0,1374,0
93362,0,1373,0
93364,0,1374,0
93366,0,1374,0
93368,0,1373,0
93370,0,1372,0
93372,0,1373,0
93374,0,1371,0
93376,0,1373,0
93378,0,1373,0
93380,0,1371,0
93382,0,1371,0
93384,0,1371,0
93386,0,1369,0
93388,0,1371,0
93390,0,1371,0
93392,0,1369,0
93394,0,1371,0
93396,0,1371,0
93398,70033,1369,1
93400,0,1369,0
93402,0,1369,0
93404,0,1369,0
93406,0,1368,0
93408,0,1369,0
93410,0,1369,0
93412,0,1369,0
93414,0,1369,0
93416,0,1369,0
93418,0,1366,0
93420,0,1367,0
93422,0,1365,0
93424,0,1369,0
93426,0,1369,0
93428,0,1367,0
93430,0,1367,0
93432,0,1366,0
93434,0,1365,0
93436,0,1366,0
93438,70010,1367,1
93440,0,1365,0
93442,0,1384,0
93444,0,1364,0
93446,0,1365,0
93448,0,1365,0
93450,0,1363,0
93452,0,1365,0
93454,0,1362,0
93456,0,1367,0
93458,0,1363,0
93460,0,1365,0
93462,0,1363,0
93464,0,1363,0
93466,0,1365,0
93468,0,1365,0
93470,0,1363,0
93472,0,1365,0
93474,0,1363,0
93476,0,1390,0
93478,70208,1363,1
93480,0,1363,0
93482,0,1365,0
93484,0,1363,0
93486,0,1363,0
93488,0,1361,0
93490,0,1361,0
93492,0,1363,0
93494,0,1362,0
93496,0,1363,0
93498,0,1362,0
93500,0,1361,0
93502,0,1363,0
93504,0,1361,0
93506,0,1359,0
93508,0,1363,0
93510,0,1359,0
93512,0,1359,0
93514,0,1362,0
93516,0,1362,0
93518,70040,1357,1
93520,0,1363,0
93522,0,1359,0
93524,0,1356,0
93526,0,1359,0
93528,0,1359,0
93530,0,1359,0
93532,0,1361,0
93534,0,1357,0
93536,0,1357,0
93538,0,1357,0
93540,0,1362,0
93542,0,1357,0
93544,0,1357,0
93546,0,1357,0
93548,0,1357,0
93550,0,1357,0
93552,0,1359,0
93554,0,1356,0
93556,0,1357,0
93558,70047,1359,1
93560,0,1357,0
93562,0,1361,0
93564,0,1357,0
93566,0,1357,0
93568,0,1356,0
93570,0,1356,0
93572,0,1357,0
93574,0,1363,0
93576,0,1357,0
93578,0,1357,0
93580,0,1357,0
93582,0,1356,0
93584,0,1357,0
93586,0,1357,0
93588,0,1356,0
93590,0,1357,0
93592,0,1355,0
93594,0,1357,0
93596,70429,1351,1
93598,0,1357,0
93600,0,1356,0
93602,0,1357,0
93604,0,1357,0
93606,0,1355,0
93608,0,1353,0
93610,0,1357,0
93612,0,1357,0
93614,0,1357,0
93616,0,1357,0
93618,0,1357,0
93620,0,1357,0
93622,0,1357,0
93624,0,1357,0
93626,0,1357,0
93628,0,1355,0
93630,0,1357,0
93632,0,1355,0
93634,0,1357,0
93636,70676,1357,1
93638,0,1353,0
93640,0,1357,0
93642,0,1356,0
93644,0,1356,0
93646,0,1359,0
93648,0,1359,0
93650,0,1357,0
93652,0,1357,0
93654,0,1355,0
93656,0,1355,0
93658,0,1357,0
93660,0,1357,0
93662,0,1355,0
93664,0,1359,0
93666,0,1357,0
93668,0,1353,0
93670,0,1357,0
93672,0,1358,0
93674,0,1356,0
93676,70802,1357,1
93678,0,1356,0
93680,0,1358,0
93682,0,1357,0
93684,0,1357,0
93686,0,1359,0
93688,0,1355,0
93690,0,1356,0
93692,0,1357,0
93694,0,1357,0
93696,0,1358,0
93698,0,1357,0
93700,0,1357,0
93702,0,1357,0
93704,0,1352,0
93706,0,1357,0
93708,0,1357,0
93710,0,1357,0
93712,0,1363,0
93714,0,1361,0
93716,70966,1359,1
93718,0,1359,0
93720,0,1357,0
93722,0,1359,0
93724,0,1358,0
93726,0,1361,0
93728,0,1359,0
93730,0,1358,0
93732,0,1362,0
93734,0,1358,0
93736,0,1358,0
93738,0,1359,0
93740,0,1361,0
93742,0,1359,0
93744,0,1362,0
93746,0,1359,0
93748,0,1357,0
93750,0,1359,0
93752,0,1359,0
93754,0,1359,0
93756,71139,1359,1
93758,0,1357,0
93760,0,1362,0
93762,0,1361,0
93764,0,1358,0
93766,0,1361,0
93768,0,1359,0
93770,0,1362,0
93772,0,1361,0
93774,0,1358,0
93776,0,1343,0
93778,0,1359,0
93780,0,1361,0
93782,0,1361,0
93784,0,1362,0
93786,0,1357,0
93788,0,1359,0
93790,0,1357,0
93792,0,1363,0
93794,0,1359,0
93796,71208,1359,1
93798,0,1359,0
93800,0,1361,0
93802,0,1359,0
93804,0,1360,0
93806,0,1361,0
93808,0,1363,0
93810,0,1357,0
93812,0,1361,0
93814,0,1361,0
93816,0,1359,0
93818,0,1365,0
93820,0,1361,0
93822,0,1358,0
93824,0,1359,0
93826,0,1358,0
93828,0,1361,0
93830,0,1362,0
93832,0,1359,0
93834,0,1358,0
93836,71208,1359,1
93838,0,1359,0
93840,0,1359,0
93842,0,1359,0
93844,0,1359,0
93846,0,1358,0
93848,0,1365,0
93850,0,1359,0
93852,0,1359,0
93854,0,1358,0
93856,0,1359,0
93858,0,1361,0
93860,0,1339,0
93862,0,1357,0
93864,0,1358,0
93866,0,1358,0
93868,0,1357,0
93870,0,1358,0
93872,0,1357,0
93874,0,1357,0
93876,71275,1358,1
93878,0,1357,0
93880,0,1358,0
93882,0,1358,0
93884,0,1357,0
93886,0,1358,0
93888,0,1363,0
93890,0,1359,0
93892,0,1356,0
93894,0,1359,0
93896,0,1358,0
93898,0,1358,0
93900,0,1357,0
93902,0,1357,0
93904,0,1357,0
93906,0,1355,0
93908,0,1358,0
93910,0,1359,0
93912,0,1357,0
93914,0,1358,0
93916,71406,1359,1
93918,0,1363,0
93920,0,1359,0
93922,0,1357,0
93924,0,1357,0
93926,0,1356,0
93928,0,1356,0
93930,0,1357,0
93932,0,1359,0
93934,0,1357,0
93936,0,1357,0
93938,0,1356,0
93940,0,1357,0
93942,0,1357,0
93944,0,1355,0
93946,0,1357,0
93948,0,1359,0
93950,0,1359,0
93952,0,1357,0
93954,0,1357,0
93956,71544,1357,1
93958,0,1355,0
93960,0,1355,0
93962,0,1356,0
93964,0,1363,0
93966,0,1357,0
93968,0,1355,0
93970,0,1357,0
93972,0,1356,0
93974,0,1357,0
93976,0,1357,0
93978,0,1355,0
93980,0,1357,0
93982,0,1355,0
93984,0,1355,0
93986,0,1357,0
93988,0,1355,0
93990,0,1357,0
93992,0,1355,0
93994,71605,1354,1
93996,0,1353,0
93998,0,1361,0
94000,0,1355,0
94002,0,1355,0
94004,0,1353,0
94006,0,1355,0
94008,0,1356,0
94010,0,1354,0
94012,0,1354,0
94014,0,1356,0
94016,0,1353,0
94018,0,1352,0
94020,0,1353,0
94022,0,1355,0
94024,0,1356,0
94026,0,1354,0
94028,0,1355,0
94030,0,1355,0
94032,0,1353,0
94034,71604,1354,1
94036,0,1355,0
94038,0,1355,0
94040,0,1353,0
94042,0,1355,0
94044,0,1353,0
94046,0,1353,0
94048,0,1354,0
94050,0,1355,0
94052,0,1352,0
94054,0,1355,0
94056,0,1353,0
94058,0,1353,0
94060,0,1353,0
94062,0,1353,0
94064,0,1353,0
94066,0,1353,0
94068,0,1353,0
94070,0,1353,0
94072,0,1353,0
94074,71625,1353,1
94076,0,1353,0
94078,0,1353,0
94080,0,1353,0
94082,0,1351,0
94084,0,1352,0
94086,0,1353,0
94088,0,1353,0
94090,0,1351,0
94092,0,1353,0
94094,0,1351,0
94096,0,1351,0
94098,0,1351,0
94100,0,1353,0
94102,0,1351,0
94104,0,1351,0
94106,0,1352,0
94108,0,1353,0
94110,0,1353,0
94112,0,1351,0
94114,71631,1353,1
94116,0,1351,0
94118,0,1351,0
94120,0,1352,0
94122,0,1351,0
94124,0,1351,0
94126,0,1352,0
94128,0,1351,0
94130,0,1351,0
94132,0,1351,0
94134,0,1353,0
94136,0,1351,0
94138,0,1351,0
94140,0,1351,0
94142,0,1351,0
94144,0,1351,0
94146,0,1349,0
94148,0,1351,0
94150,0,1351,0
94152,0,1351,0
94155,71715,1351,1
94157,0,1351,0
94159,0,1351,0
94161,0,1351,0
94163,0,1350,0
94165,0,1351,0
94167,0,1343,0
94169,0,1351,0
94171,0,1342,0
94173,0,1340,0
94175,0,1343,0
94177,0,1343,0
94179,0,1343,0
94181,0,1349,0
94183,0,1350,0
94185,0,1351,0
94187,0,1349,0
94189,0,1349,0
94191,0,1350,0
94193,0,1351,0
94195,71795,1349,1
94197,0,1349,0
94199,0,1348,0
94201,0,1349,0
94203,0,1349,0
94205,0,1363,0
94207,0,1349,0
94209,0,1349,0
94211,0,1343,0
94213,0,1349,0
94215,0,1349,0
94217,0,1342,0
94219,0,1350,0
94221,0,1349,0
94223,0,1349,0
94225,0,1342,0
94227,0,1343,0
94229,0,1349,0
94231,0,1349,0
94233,0,1343,0
94235,71888,1343,1
94237,0,1349,0
94239,0,1343,0
94241,0,1343,0
94243,0,1348,0
94245,0,1343,0
94247,0,1349,0
94249,0,1349,0
94251,0,1349,0
94253,0,1349,0
94255,0,1343,0
94257,0,1343,0
94259,0,1342,0
94261,0,1347,0
94263,0,1343,0
94265,0,1349,0
94267,0,1343,0
94269,0,1343,0
94271,0,1342,0
94273,0,1343,0
94275,71980,1343,1
94277,0,1342,0
94279,0,1342,0
94281,0,1341,0
94283,0,1341,0
94285,0,1342,0
94287,0,1341,0
94289,0,1343,0
94291,0,1343,0
94293,0,1344,0
94295,0,1341,0
94297,0,1343,0
94299,0,1343,0
94301,0,1343,0
94303,0,1341,0
94305,0,1341,0
94307,0,1341,0
94309,0,1337,0
94311,0,1341,0
94313,0,1341,0
94315,71892,1341,1
94317,0,1340,0
94319,0,1341,0
94321,0,1343,0
94323,0,1341,0
94325,0,1342,0
94327,0,1341,0
94329,0,1341,0
94331,0,1341,0
94333,0,1351,0
94335,0,1341,0
94337,0,1341,0
94339,0,1343,0
94341,0,1349,0
94343,0,1342,0
94345,0,1343,0
94347,0,1343,0
94349,0,1341,0
94351,0,1341,0
94353,0,1340,0
94355,71621,1341,1
94357,0,1340,0
94359,0,1348,0
94361,0,1343,0
94363,0,1337,0
94365,0,1339,0
94367,0,1339,0
94369,0,1341,0
94371,0,1340,0
94373,0,1343,0
94375,0,1351,0
94377,0,1341,0
94379,0,1341,0
94381,0,1341,0
94383,0,1349,0
94385,0,1339,0
94387,0,1341,0
94389,0,1341,0
94391,0,1341,0
94393,71528,1341,1
94395,0,1341,0
94397,0,1339,0
94399,0,1339,0
94401,0,1339,0
94403,0,1341,0
94405,0,1341,0
94407,0,1341,0
94409,0,1339,0
94411,0,1343,0
94413,0,1341,0
94415,0,1339,0
94417,0,1341,0
94419,0,1341,0
94421,0,1338,0
94423,0,1339,0
94425,0,1331,0
94427,0,1340,0
94429,0,1339,0
94431,0,1338,0
94433,71503,1339,1
94435,0,1337,0
94437,0,1340,0
94439,0,1339,0
94441,0,1339,0
94443,0,1341,0
94445,0,1339,0
94447,0,1339,0
94449,0,1339,0
94451,0,1339,0
94453,0,1341,0
94455,0,1349,0
94457,0,1341,0
94459,0,1339,0
94461,0,1339,0
94463,0,1339,0
94465,0,1341,0
94467,0,1339,0
94469,0,1339,0
94471,0,1341,0
94473,71514,1339,1
94475,0,1341,0
94477,0,1349,0
94479,0,1339,0
94481,0,1339,0
94483,0,1339,0
94485,0,1340,0
94487,0,1340,0
94489,0,1339,0
94491,0,1340,0
94493,0,1339,0
94495,0,1339,0
94497,0,1338,0
94499,0,1339,0
94501,0,1335,0
94503,0,1339,0
94505,0,1341,0
94507,0,1341,0
94509,0,1341,0
94511,0,1339,0
94513,71563,1341,1
94515,0,1341,0
94517,0,1339,0
94519,0,1339,0
94521,0,1339,0
94523,0,1341,0
94525,0,1337,0
94527,0,1339,0
94529,0,1340,0
94531,0,1339,0
94533,0,1337,0
94535,0,1341,0
94537,0,1341,0
94539,0,1341,0
94541,0,1339,0
94543,0,1339,0
94545,0,1339,0
94547,0,1339,0
94549,0,1339,0
94551,0,1339,0
94553,71610,1340,1
94555,0,1337,0
94557,0,1341,0
94559,0,1340,0
94561,0,1341,0
94563,0,1339,0
94565,0,1340,0
94567,0,1337,0
94569,0,1338,0
94571,0,1340,0
94573,0,1339,0
94575,0,1341,0
94577,0,1339,0
94579,0,1339,0
94581,0,1339,0
94583,0,1339,0
94585,0,1341,0
94587,0,1337,0
94589,0,1339,0
94591,0,1340,0
94593,71645,1339,1
94595,0,1340,0
94597,0,1340,0
94599,0,1339,0
94601,0,1337,0
94603,0,1339,0
94605,0,1339,0
94607,0,1339,0
94609,0,1337,0
94611,0,1341,0
94613,0,1340,0
94615,0,1339,0
94617,0,1339,0
94619,0,1341,0
94621,0,1341,0
94623,0,1339,0
94625,0,1340,0
94627,0,1339,0
94629,0,1340,0
94631,0,1340,0
94633,71671,1340,1
94635,0,1339,0
94637,0,1341,0
94639,0,1339,0
94641,0,1341,0
94643,0,1342,0
94645,0,1339,0
94647,0,1340,0
94649,0,1340,0
94651,0,1340,0
94653,0,1339,0
94655,0,1341,0
94657,0,1339,0
94659,0,1339,0
94661,0,1339,0
94663,0,1342,0
94665,0,1337,0
94667,0,1342,0
94669,0,1339,0
94671,0,1340,0
94673,71742,1341,1
94675,0,1351,0
94677,0,1341,0
94679,0,1338,0
94681,0,1341,0
94683,0,1341,0
94685,0,1341,0
94687,0,1339,0
94689,0,1341,0
94691,0,1341,0
94693,0,1341,0
94695,0,1340,0
94697,0,1341,0
94699,0,1339,0
94701,0,1339,0
94703,0,1339,0
94705,0,1341,0
94707,0,1339,0
94709,0,1340,0
94711,0,1341,0
94713,71864,1339,1
94715,0,1341,0
94717,0,1341,0
94719,0,1341,0
94721,0,1341,0
94723,0,1341,0
94725,0,1341,0
94727,0,1340,0
94729,0,1339,0
94731,0,1341,0
94733,0,1341,0
94735,0,1339,0
94737,0,1341,0
94739,0,1339,0
94741,0,1353,0
94743,0,1341,0
94745,0,1340,0
94747,0,1340,0
94749,0,1341,0
94751,0,1341,0
94753,71893,1340,1
94755,0,1339,0
94757,0,1341,0
94759,0,1341,0
94761,0,1339,0
94763,0,1341,0
94765,0,1342,0
94767,0,1339,0
94769,0,1339,0
94771,0,1341,0
94773,0,1340,0
94775,0,1343,0
94777,0,1343,0
94779,0,1341,0
94781,0,1341,0
94783,0,1340,0
94785,0,1341,0
94787,0,1342,0
94789,0,1341,0
94791,0,1339,0
94793,71996,1339,1
94795,0,1341,0
94797,0,1341,0
94799,0,1341,0
94801,0,1341,0
94803,0,1342,0
94805,0,1341,0
94807,0,1342,0
94809,0,1340,0
94811,0,1341,0
94813,0,1341,0
94815,0,1343,0
94817,0,1340,0
94819,0,1342,0
94821,0,1341,0
94823,0,1342,0
94825,0,1343,0
94827,0,1341,0
94829,0,1341,0
94831,72113,1340,1
94833,0,1342,0
94835,0,1340,0
94837,0,1343,0
94839,0,1341,0
94841,0,1343,0
94843,0,1341,0
94845,0,1342,0
94847,0,1342,0
94849,0,1343,0
94851,0,1343,0
94853,0,1343,0
94855,0,1343,0
94857,0,1342,0
94859,0,1343,0
94861,0,1350,0
94863,0,1343,0
94865,0,1343,0
94867,0,1343,0
94869,0,1343,0
94871,72098,1343,1
94873,0,1343,0
94875,0,1343,0
94877,0,1343,0
94879,0,1340,0
94881,0,1343,0
94883,0,1343,0
94885,0,1341,0
94887,0,1342,0
94889,0,1341,0
94891,0,1338,0
94893,0,1343,0
94895,0,1343,0
94897,0,1341,0
94899,0,1344,0
94901,0,1343,0
94903,0,1341,0
94905,0,1343,0
94907,0,1349,0
94909,0,1349,0
94911,72152,1343,1
94913,0,1343,0
94915,0,1341,0
94917,0,1342,0
94919,0,1349,0
94921,0,1349,0
94923,0,1349,0
94925,0,1343,0
94927,0,1349,0
94929,0,1342,0
94931,0,1347,0
94933,0,1343,0
94935,0,1349,0
94937,0,1343,0
94939,0,1343,0
94941,0,1343,0
94943,0,1343,0
94945,0,1343,0
94947,0,1351,0
94949,0,1347,0
94951,72212,1343,1
94953,0,1342,0
94955,0,1343,0
94957,0,1343,0
94959,0,1348,0
94961,0,1343,0
94963,0,1343,0
94965,0,1349,0
94967,0,1349,0
94969,0,1348,0
94971,0,1343,0
94973,0,1342,0
94975,0,1342,0
94977,0,1349,0
94979,0,1343,0
94981,0,1344,0
94983,0,1343,0
94985,0,1349,0
94987,0,1349,0
94989,0,1349,0
94991,72320,1349,1
94993,0,1343,0
94995,0,1343,0
94997,0,1343,0
94999,0,1343,0
95001,0,1344,0
95003,0,1351,0
95005,0,1349,0
95007,0,1349,0
95009,0,1349,0
95011,0,1343,0
95013,0,1349,0
95015,0,1349,0
95017,0,1349,0
95019,0,1342,0
95021,0,1349,0
95023,0,1349,0
95025,0,1349,0
95027,0,1343,0
95029,0,1349,0
95031,72444,1351,1
95033,0,1341,0
95035,0,1349,0
95037,0,1349,0
95039,0,1343,0
95041,0,1349,0
95043,0,1349,0
95045,0,1351,0
95047,0,1351,0
95049,0,1344,0
95051,0,1351,0
95053,0,1351,0
95055,0,1350,0
95057,0,1349,0
95059,0,1351,0
95061,0,1343,0
95063,0,1349,0
95065,0,1351,0
95067,0,1349,0
95069,0,1351,0
95071,72623,1350,1
95073,0,1337,0
95075,0,1337,0
95077,0,1351,0
95079,0,1349,0
95081,0,1349,0
95083,0,1349,0
95085,0,1351,0
95087,0,1351,0
95089,0,1349,0
95091,0,1349,0
95093,0,1351,0
95095,0,1348,0
95097,0,1351,0
95099,0,1351,0
95101,0,1351,0
95103,0,1351,0
95105,0,1350,0
95107,0,1348,0
95109,0,1351,0
95111,72729,1351,1
95113,0,1349,0
95115,0,1349,0
95117,0,1341,0
95119,0,1351,0
95121,0,1349,0
95123,0,1351,0
95125,0,1351,0
95127,0,1351,0
95129,0,1351,0
95131,0,1351,0
95133,0,1351,0
95135,0,1351,0
95137,0,1351,0
95139,0,1351,0
95141,0,1352,0
95143,0,1351,0
95145,0,1351,0
95147,0,1350,0
95149,0,1350,0
95151,72662,1352,1
95153,0,1349,0
95155,0,1351,0
95157,0,1350,0
95159,0,1353,0
95161,0,1351,0
95163,0,1352,0
95165,0,1352,0
95167,0,1352,0
95169,0,1349,0
95171,0,1350,0
95173,0,1351,0
95175,0,1353,0
95177,0,1351,0
95179,0,1351,0
95181,0,1351,0
95183,0,1353,0
95185,0,1351,0
95187,0,1352,0
95189,0,1352,0
95191,72527,1352,1
95193,0,1353,0
95195,0,1351,0
95197,0,1351,0
95199,0,1352,0
95201,0,1353,0
95203,0,1351,0
95205,0,1351,0
95207,0,1344,0
95209,0,1351,0
95211,0,1351,0
95213,0,1352,0
95215,0,1351,0
95217,0,1335,0
95219,0,1351,0
95221,0,1351,0
95223,0,1351,0
95225,0,1351,0
95227,0,1353,0
95229,72424,1351,1
95231,0,1353,0
95233,0,1352,0
95235,0,1353,0
95237,0,1351,0
95239,0,1341,0
95241,0,1351,0
95243,0,1351,0
95245,0,1352,0
95247,0,1351,0
95249,0,1351,0
95251,0,1350,0
95253,0,1349,0
95255,0,1351,0
95257,0,1351,0
95259,0,1350,0
95261,0,1351,0
95263,0,1352,0
95265,0,1349,0
95267,0,1351,0
95269,72386,1351,1
95271,0,1351,0
95273,0,1351,0
95275,0,1351,0
95277,0,1349,0
95279,0,1349,0
95281,0,1349,0
95283,0,1350,0
95285,0,1349,0
95287,0,1342,0
95289,0,1342,0
95291,0,1343,0
95293,0,1343,0
95295,0,1349,0
95297,0,1343,0
95299,0,1343,0
95301,0,1350,0
95303,0,1342,0
95305,0,1342,0
95307,0,1343,0
95309,72544,1343,1
95311,0,1342,0
95313,0,1343,0
95315,0,1351,0
95317,0,1341,0
95319,0,1342,0
95321,0,1342,0
95323,0,1343,0
95325,0,1343,0
95327,0,1341,0
95329,0,1343,0
95331,0,1343,0
95333,0,1341,0
95335,0,1341,0
95337,0,1343,0
95339,0,1341,0
95341,0,1341,0
95343,0,1341,0
95345,0,1341,0
95347,0,1342,0
95349,72649,1341,1
95351,0,1342,0
95353,0,1341,0
95355,0,1341,0
95357,0,1341,0
95359,0,1341,0
95361,0,1341,0
95363,0,1343,0
95365,0,1342,0
95367,0,1340,0
95369,0,1343,0
95371,0,1341,0
95373,0,1343,0
95375,0,1342,0
95377,0,1343,0
95379,0,1341,0
95381,0,1343,0
95383,0,1341,0
95385,0,1342,0
95387,0,1343,0
95389,72651,1343,1
95391,0,1341,0
95393,0,1342,0
95395,0,1343,0
95397,0,1340,0
95399,0,1342,0
95401,0,1342,0
95403,0,1342,0
95405,0,1343,0
95407,0,1343,0
95409,0,1347,0
95411,0,1343,0
95413,0,1349,0
95415,0,1349,0
95417,0,1343,0
95419,0,1349,0
95421,0,1341,0
95423,0,1343,0
95425,0,1350,0
95427,0,1349,0
95429,72511,1351,1
95431,0,1343,0
95433,0,1343,0
95435,0,1343,0
95437,0,1349,0
95439,0,1350,0
95441,0,1350,0
95443,0,1350,0
95445,0,1351,0
95447,0,1349,0
95449,0,1351,0
95451,0,1352,0
95453,0,1353,0
95455,0,1350,0
95457,0,1351,0
95459,0,1352,0
95461,0,1352,0
95463,0,1352,0
95465,0,1352,0
95467,0,1353,0
95469,72454,1352,1
95471,0,1353,0
95473,0,1351,0
95475,0,1353,0
95477,0,1354,0
95479,0,1352,0
95481,0,1354,0
95483,0,1353,0
95485,0,1353,0
95487,0,1352,0
95489,0,1353,0
95491,0,1353,0
95493,0,1353,0
95495,0,1354,0
95497,0,1353,0
95499,0,1351,0
95501,0,1353,0
95503,0,1353,0
95505,0,1353,0
95507,0,1355,0
95509,72499,1363,1
95511,0,1355,0
95513,0,1355,0
95515,0,1355,0
95517,0,1355,0
95519,0,1354,0
95521,0,1354,0
95523,0,1355,0
95525,0,1355,0
95527,0,1356,0
95529,0,1357,0
95531,0,1354,0
95533,0,1356,0
95535,0,1356,0
95537,0,1357,0
95539,0,1355,0
95541,0,1355,0
95543,0,1357,0
95545,0,1357,0
95547,0,1357,0
95549,72425,1355,1
95551,0,1357,0
95553,0,1358,0
95555,0,1357,0
95557,0,1356,0
95559,0,1357,0
95561,0,1352,0
95563,0,1353,0
95565,0,1356,0
95567,0,1357,0
95569,0,1357,0
95571,0,1357,0
95573,0,1357,0
95575,0,1367,0
95577,0,1355,0
95579,0,1357,0
95581,0,1359,0
95583,0,1358,0
95585,0,1357,0
95587,0,1357,0
95589,72373,1356,1
95591,0,1357,0
95593,0,1357,0
95595,0,1356,0
95597,0,1357,0
95599,0,1359,0
95601,0,1359,0
95603,0,1358,0
95605,0,1361,0
95607,0,1358,0
95609,0,1359,0
95611,0,1356,0
95613,0,1359,0
95615,0,1359,0
95617,0,1358,0
95619,0,1363,0
95621,0,1359,0
95623,0,1361,0
95625,0,1365,0
95627,72226,1357,1
95629,0,1361,0
95631,0,1362,0
95633,0,1361,0
95635,0,1359,0
95637,0,1359,0
95639,0,1359,0
95641,0,1362,0
95643,0,1359,0
95645,0,1359,0
95647,0,1361,0
95649,0,1359,0
95651,0,1359,0
95653,0,1363,0
95655,0,1361,0
95657,0,1363,0
95659,0,1362,0
95661,0,1363,0
95663,0,1361,0
95665,0,1364,0
95667,71942,1365,1
95669,0,1362,0
95671,0,1359,0
95673,0,1356,0
95675,0,1361,0
95677,0,1367,0
95679,0,1363,0
95681,0,1363,0
95683,0,1362,0
95685,0,1361,0
95687,0,1363,0
95689,0,1362,0
95691,0,1363,0
95693,0,1363,0
95695,0,1363,0
95697,0,1359,0
95699,0,1359,0
95701,0,1361,0
95703,0,1361,0
95705,0,1361,0
95707,71777,1359,1
95709,0,1359,0
95711,0,1363,0
95713,0,1362,0
95715,0,1359,0
95717,0,1363,0
95719,0,1363,0
95721,0,1363,0
95723,0,1362,0
95725,0,1363,0
95727,0,1364,0
95729,0,1363,0
95731,0,1359,0
95733,0,1359,0
95735,0,1362,0
95737,0,1361,0
95739,0,1363,0
95741,0,1361,0
95743,0,1362,0
95745,0,1363,0
95747,71641,1361,1
95749,0,1361,0
95751,0,1359,0
95753,0,1361,0
95755,0,1359,0
95757,0,1362,0
95759,0,1361,0
95761,0,1359,0
95763,0,1359,0
95765,0,1363,0
95767,0,1361,0
95769,0,1359,0
95771,0,1359,0
95773,0,1361,0
95775,0,1359,0
95777,0,1361,0
95779,0,1359,0
95781,0,1361,0
95783,0,1359,0
95785,0,1357,0
95787,71533,1359,1
95789,0,1358,0
95791,0,1361,0
95793,0,1361,0
95795,0,1359,0
95797,0,1357,0
95799,0,1359,0
95801,0,1359,0
95803,0,1359,0
95805,0,1357,0
95807,0,1357,0
95809,0,1356,0
95811,0,1359,0
95813,0,1357,0
95815,0,1358,0
95817,0,1356,0
95819,0,1357,0
95821,0,1357,0
95823,0,1357,0
95825,0,1357,0
95827,71495,1357,1
95829,0,1357,0
95831,0,1357,0
95833,0,1357,0
95835,0,1355,0
95837,0,1356,0
95839,0,1356,0
95841,0,1357,0
95843,0,1357,0
95845,0,1355,0
95847,0,1355,0
95849,0,1357,0
95851,0,1356,0
95853,0,1356,0
95855,0,1355,0
95857,0,1356,0
95859,0,1356,0
95861,0,1355,0
95863,0,1355,0
95865,0,1355,0
95867,71502,1355,1
95869,0,1355,0
95871,0,1355,0
95873,0,1355,0
95875,0,1355,0
95877,0,1355,0
95879,0,1355,0
95881,0,1355,0
95883,0,1355,0
95885,0,1353,0
95887,0,1355,0
95889,0,1355,0
95891,0,1355,0
95893,0,1355,0
95895,0,1354,0
95897,0,1352,0
95899,0,1354,0
95901,0,1325,0
95903,0,1355,0
95905,0,1355,0
95907,71395,1353,1
95909,0,1355,0
95911,0,1381,0
95913,0,1353,0
95915,0,1352,0
95917,0,1353,0
95919,0,1353,0
95921,0,1353,0
95923,0,1352,0
95925,0,1353,0
95927,0,1355,0
95929,0,1353,0
95931,0,1352,0
95933,0,1354,0
95935,0,1353,0
95937,0,1353,0
95939,0,1353,0
95941,0,1352,0
95943,0,1353,0
95945,0,1353,0
95947,71208,1351,1
95949,0,1353,0
95951,0,1352,0
95953,0,1353,0
95955,0,1352,0
95957,0,1352,0
95959,0,1353,0
95961,0,1352,0
95963,0,1353,0
95965,0,1353,0
95967,0,1353,0
95969,0,1353,0
95971,0,1352,0
95973,0,1351,0
95975,0,1351,0
95977,0,1352,0
95979,0,1351,0
95981,0,1352,0
95983,0,1352,0
95985,0,1351,0
95987,71078,1350,1
95989,0,1353,0
95991,0,1351,0
95993,0,1352,0
95995,0,1351,0
95997,0,1351,0
95999,0,1350,0
96001,0,1348,0
96003,0,1351,0
96005,0,1351,0
96007,0,1344,0
96009,0,1349,0
96011,0,1339,0
96013,0,1351,0
96015,0,1349,0
96018,0,1351,0
96020,0,1351,0
96022,0,1351,0
96024,0,1343,0
96026,70733,1350,1
96028,0,1351,0
96030,0,1351,0
96032,0,1351,0
96034,0,1351,0
96036,0,1351,0
96038,0,1343,0
96040,0,1351,0
96042,0,1349,0
96044,0,1350,0
96046,0,1350,0
96048,0,1351,0
96050,0,1352,0
96052,0,1343,0
96054,0,1349,0
96056,0,1349,0
96058,0,1349,0
96060,0,1349,0
96062,0,1347,0
96064,0,1349,0
96066,70486,1343,1
96068,0,1343,0
96070,0,1349,0
96072,0,1351,0
96074,0,1341,0
96076,0,1343,0
96078,0,1349,0
96080,0,1342,0
96082,0,1348,0
96084,0,1349,0
96086,0,1341,0
96088,0,1341,0
96090,0,1341,0
96092,0,1343,0
96094,0,1341,0
96096,0,1343,0
96098,0,1342,0
96100,0,1342,0
96102,0,1340,0
96104,0,1341,0
96106,70566,1343,1
96108,0,1342,0
96110,0,1343,0
96112,0,1340,0
96114,0,1343,0
96116,0,1342,0
96118,0,1339,0
96120,0,1343,0
96122,0,1341,0
96124,0,1341,0
96126,0,1340,0
96128,0,1341,0
96130,0,1339,0
96132,0,1343,0
96134,0,1341,0
96136,0,1341,0
96138,0,1341,0
96140,0,1340,0
96142,0,1341,0
96144,0,1341,0
96146,70714,1338,1
96148,0,1341,0
96150,0,1341,0
96152,0,1341,0
96154,0,1339,0
96156,0,1341,0
96158,0,1339,0
96160,0,1341,0
96162,0,1341,0
96164,0,1341,0
96166,0,1339,0
96168,0,1337,0
96170,0,1339,0
96172,0,1341,0
96174,0,1339,0
96176,0,1341,0
96178,0,1341,0
96180,0,1339,0
96182,0,1339,0
96184,0,1337,0
96186,71080,1339,1
96188,0,1341,0
96190,0,1339,0
96192,0,1339,0
96194,0,1337,0
96196,0,1341,0
96198,0,1341,0
96200,0,1339,0
96202,0,1339,0
96204,0,1341,0
96206,0,1336,0
96208,0,1339,0
96210,0,1339,0
96212,0,1338,0
96214,0,1341,0
96216,0,1339,0
96218,0,1339,0
96220,0,1339,0
96222,0,1339,0
96224,0,1341,0
96226,71259,1337,1
96228,0,1337,0
96230,0,1339,0
96232,0,1339,0
96234,0,1339,0
96236,0,1341,0
96238,0,1340,0
96240,0,1339,0
96242,0,1339,0
96244,0,1339,0
96246,0,1339,0
96248,0,1357,0
96250,0,1338,0
96252,0,1339,0
96254,0,1337,0
96256,0,1338,0
96258,0,1340,0
96260,0,1339,0
96262,0,1339,0
96264,0,1339,0
96266,71255,1339,1
96268,0,1339,0
96270,0,1339,0
96272,0,1338,0
96274,0,1339,0
96276,0,1339,0
96278,0,1338,0
96280,0,1339,0
96282,0,1339,0
96284,0,1337,0
96286,0,1337,0
96288,0,1339,0
96290,0,1339,0
96292,0,1339,0
96294,0,1337,0
96296,0,1339,0
96298,0,1340,0
96300,0,1337,0
96302,0,1339,0
96304,0,1336,0
96306,71193,1339,1
96308,0,1339,0
96310,0,1337,0
96312,0,1339,0
96314,0,1337,0
96316,0,1337,0
96318,0,1337,0
96320,0,1337,0
96322,0,1337,0
96324,0,1337,0
96326,0,1337,0
96328,0,1336,0
96330,0,1337,0
96332,0,1337,0
96334,0,1335,0
96336,0,1333,0
96338,0,1339,0
96340,0,1337,0
96342,0,1337,0
96344,0,1337,0
96346,70899,1337,1
96348,0,1339,0
96350,0,1337,0
96352,0,1337,0
96354,0,1337,0
96356,0,1335,0
96358,0,1337,0
96360,0,1337,0
96362,0,1337,0
96364,0,1337,0
96366,0,1336,0
96368,0,1336,0
96370,0,1337,0
96372,0,1336,0
96374,0,1335,0
96376,0,1335,0
96378,0,1335,0
96380,0,1336,0
96382,0,1335,0
96384,0,1337,0
96386,70806,1335,1
96388,0,1337,0
96390,0,1323,0
96392,0,1331,0
96394,0,1335,0
96396,0,1334,0
96398,0,1337,0
96400,0,1335,0
96402,0,1336,0
96404,0,1335,0
96406,0,1335,0
96408,0,1335,0
96410,0,1335,0
96412,0,1333,0
96414,0,1335,0
96416,0,1335,0
96418,0,1333,0
96420,0,1334,0
96422,0,1335,0
96424,71064,1335,1
96426,0,1335,0
96428,0,1335,0
96430,0,1335,0
96432,0,1335,0
96434,0,1333,0
96436,0,1335,0
96438,0,1335,0
96440,0,1336,0
96442,0,1334,0
96444,0,1333,0
96446,0,1333,0
96448,0,1335,0
96450,0,1334,0
96452,0,1335,0
96454,0,1333,0
96456,0,1335,0
96458,0,1334,0
96460,0,1334,0
96462,0,1333,0
96464,71249,1335,1
96466,0,1333,0
96468,0,1333,0
96470,0,1335,0
96472,0,1334,0
96474,0,1333,0
96476,0,1335,0
96478,0,1333,0
96480,0,1333,0
96482,0,1333,0
96484,0,1333,0
96486,0,1333,0
96488,0,1333,0
96490,0,1332,0
96492,0,1332,0
96494,0,1333,0
96496,0,1334,0
96498,0,1333,0
96500,0,1333,0
96502,0,1333,0
96504,71419,1333,1
96506,0,1333,0
96508,0,1334,0
96510,0,1366,0
96512,0,1333,0
96514,0,1333,0
96516,0,1335,0
96518,0,1333,0
96520,0,1332,0
96522,0,1331,0
96524,0,1333,0
96526,0,1333,0
96528,0,1331,0
96530,0,1330,0
96532,0,1333,0
96534,0,1331,0
96536,0,1333,0
96538,0,1333,0
96540,0,1331,0
96542,0,1331,0
96544,71486,1333,1
96546,0,1332,0
96548,0,1331,0
96550,0,1333,0
96552,0,1328,0
96554,0,1327,0
96556,0,1327,0
96558,0,1331,0
96560,0,1328,0
96562,0,1333,0
96564,0,1331,0
96566,0,1331,0
96568,0,1331,0
96570,0,1330,0
96572,0,1327,0
96574,0,1331,0
96576,0,1327,0
96578,0,1327,0
96580,0,1331,0
96582,0,1331,0
96584,71258,1332,1
96586,0,1329,0
96588,0,1331,0
96590,0,1327,0
96592,0,1332,0
96594,0,1331,0
96596,0,1328,0
96598,0,1330,0
96600,0,1327,0
96602,0,1329,0
96604,0,1327,0
96606,0,1327,0
96608,0,1327,0
96610,0,1325,0
96612,0,1331,0
96614,0,1327,0
96616,0,1326,0
96618,0,1327,0
96620,0,1325,0
96622,0,1325,0
96624,71327,1325,1
96626,0,1327,0
96628,0,1327,0
96630,0,1327,0
96632,0,1325,0
96634,0,1325,0
96636,0,1326,0
96638,0,1325,0
96640,0,1325,0
96642,0,1325,0
96644,0,1327,0
96646,0,1327,0
96648,0,1325,0
96650,0,1325,0
96652,0,1325,0
96654,0,1323,0
96656,0,1325,0
96658,0,1325,0
96660,0,1324,0
96662,0,1324,0
96664,71704,1323,1
96666,0,1325,0
96668,0,1325,0
96670,0,1324,0
96672,0,1325,0
96674,0,1323,0
96676,0,1305,0
96678,0,1323,0
96680,0,1323,0
96682,0,1323,0
96684,0,1324,0
96686,0,1325,0
96688,0,1325,0
96690,0,1323,0
96692,0,1323,0
96694,0,1323,0
96696,0,1322,0
96698,0,1322,0
96700,0,1321,0
96702,0,1323,0
96704,71846,1323,1
96706,0,1324,0
96708,0,1325,0
96710,0,1322,0
96712,0,1323,0
96714,0,1322,0
96716,0,1321,0
96718,0,1322,0
96720,0,1321,0
96722,0,1321,0
96724,0,1322,0
96726,0,1323,0
96728,0,1321,0
96730,0,1321,0
96732,0,1319,0
96734,0,1325,0
96736,0,1321,0
96738,0,1320,0
96740,0,1321,0
96742,0,1323,0
96744,71743,1318,1
96746,0,1323,0
96748,0,1323,0
96750,0,1320,0
96752,0,1319,0
96754,0,1322,0
96756,0,1321,0
96758,0,1321,0
96760,0,1321,0
96762,0,1320,0
96764,0,1320,0
96766,0,1320,0
96768,0,1321,0
96770,0,1321,0
96772,0,1322,0
96774,0,1320,0
96776,0,1321,0
96778,0,1320,0
96780,0,1320,0
96782,0,1320,0
96784,71459,1319,1
96786,0,1321,0
96788,0,1319,0
96790,0,1320,0
96792,0,1320,0
96794,0,1319,0
96796,0,1319,0
96798,0,1321,0
96800,0,1319,0
96802,0,1320,0
96804,0,1319,0
96806,0,1319,0
96808,0,1318,0
96810,0,1319,0
96812,0,1317,0
96814,0,1318,0
96816,0,1317,0
96818,0,1315,0
96820,0,1319,0
96822,71078,1319,1
96824,0,1317,0
96826,0,1317,0
96828,0,1318,0
96830,0,1318,0
96832,0,1317,0
96834,0,1318,0
96836,0,1317,0
96838,0,1316,0
96840,0,1317,0
96842,0,1317,0
96844,0,1317,0
96846,0,1319,0
96848,0,1319,0
96850,0,1317,0
96852,0,1317,0
96854,0,1315,0
96856,0,1317,0
96858,0,1317,0
96860,0,1315,0
96862,70840,1317,1
96864,0,1315,0
96866,0,1312,0
96868,0,1317,0
96870,0,1316,0
96872,0,1318,0
96874,0,1317,0
96876,0,1316,0
96878,0,1315,0
96880,0,1315,0
96882,0,1311,0
96884,0,1311,0
96886,0,1315,0
96888,0,1315,0
96890,0,1315,0
96892,0,1312,0
96894,0,1311,0
96896,0,1315,0
96898,0,1311,0
96900,0,1311,0
96902,70719,1311,1
96904,0,1311,0
96906,0,1311,0
96908,0,1311,0
96910,0,1311,0
96912,0,1311,0
96914,0,1311,0
96916,0,1317,0
96918,0,1309,0
96920,0,1311,0
96922,0,1311,0
96924,0,1309,0
96926,0,1312,0
96928,0,1311,0
96930,0,1312,0
96932,0,1311,0
96934,0,1311,0
96936,0,1309,0
96938,0,1303,0
96940,0,1309,0
96942,70733,1310,1
96944,0,1310,0
96946,0,1309,0
96948,0,1310,0
96950,0,1309,0
96952,0,1309,0
96954,0,1308,0
96956,0,1309,0
96958,0,1309,0
96960,0,1308,0
96962,0,1308,0
96964,0,1309,0
96966,0,1307,0
96968,0,1308,0
96970,0,1307,0
96972,0,1308,0
96974,0,1307,0
96976,0,1305,0
96978,0,1308,0
96980,0,1305,0
96982,70791,1305,1
96984,0,1305,0
96986,0,1305,0
96988,0,1306,0
96990,0,1307,0
96992,0,1305,0
96994,0,1306,0
96996,0,1307,0
96998,0,1305,0
97000,0,1305,0
97002,0,1306,0
97004,0,1304,0
97006,0,1303,0
97008,0,1305,0
97010,0,1305,0
97012,0,1304,0
97014,0,1303,0
97016,0,1304,0
97018,0,1303,0
97020,0,1305,0
97022,70900,1304,1
97024,0,1304,0
97026,0,1303,0
97028,0,1302,0
97030,0,1303,0
97032,0,1303,0
97034,0,1304,0
97036,0,1302,0
97038,0,1303,0
97040,0,1303,0
97042,0,1302,0
97044,0,1303,0
97046,0,1301,0
97048,0,1303,0
97050,0,1303,0
97052,0,1301,0
97054,0,1301,0
97056,0,1291,0
97058,0,1303,0
97060,0,1300,0
97062,71064,1299,1
97064,0,1300,0
97066,0,1303,0
97068,0,1300,0
97070,0,1301,0
97072,0,1301,0
97074,0,1298,0
97076,0,1301,0
97078,0,1301,0
97080,0,1301,0
97082,0,1299,0
97084,0,1299,0
97086,0,1300,0
97088,0,1299,0
97090,0,1298,0
97092,0,1299,0
97094,0,1298,0
97096,0,1299,0
97098,0,1298,0
97100,0,1297,0
97102,71195,1297,1
97104,0,1295,0
97106,0,1297,0
97108,0,1294,0
97110,0,1295,0
97112,0,1295,0
97114,0,1293,0
97116,0,1295,0
97118,0,1293,0
97120,0,1295,0
97122,0,1293,0
97124,0,1293,0
97126,0,1293,0
97128,0,1295,0
97130,0,1293,0
97132,0,1291,0
97134,0,1293,0
97136,0,1292,0
97138,0,1293,0
97140,0,1293,0
97142,71247,1291,1
97144,0,1291,0
97146,0,1291,0
97148,0,1290,0
97150,0,1298,0
97152,0,1291,0
97154,0,1291,0
97156,0,1289,0
97158,0,1289,0
97160,0,1291,0
97162,0,1291,0
97164,0,1275,0
97166,0,1291,0
97168,0,1291,0
97170,0,1289,0
97172,0,1289,0
97174,0,1289,0
97176,0,1287,0
97178,0,1289,0
97180,0,1288,0
97182,71300,1289,1
97184,0,1288,0
97186,0,1267,0
97188,0,1289,0
97190,0,1289,0
97192,0,1287,0
97194,0,1287,0
97196,0,1287,0
97198,0,1287,0
97200,0,1287,0
97202,0,1287,0
97204,0,1286,0
97206,0,1285,0
97208,0,1285,0
97210,0,1285,0
97212,0,1285,0
97214,0,1279,0
97216,0,1286,0
97218,0,1293,0
97220,71322,1279,1
97222,0,1284,0
97224,0,1277,0
97226,0,1283,0
97228,0,1278,0
97230,0,1277,0
97232,0,1279,0
97234,0,1279,0
97236,0,1277,0
97238,0,1279,0
97240,0,1276,0
97242,0,1277,0
97244,0,1277,0
97246,0,1277,0
97248,0,1277,0
97250,0,1275,0
97252,0,1275,0
97254,0,1274,0
97256,0,1275,0
97258,0,1275,0
97260,71360,1271,1
97262,0,1275,0
97264,0,1273,0
97266,0,1273,0
97268,0,1273,0
97270,0,1274,0
97272,0,1272,0
97274,0,1273,0
97276,0,1272,0
97278,0,1275,0
97280,0,1273,0
97282,0,1275,0
97284,0,1273,0
97286,0,1271,0
97288,0,1271,0
97290,0,1271,0
97292,0,1271,0
97294,0,1272,0
97296,0,1271,0
97298,0,1271,0
97300,71458,1269,1
97302,0,1270,0
97304,0,1269,0
97306,0,1270,0
97308,0,1271,0
97310,0,1270,0
97312,0,1269,0
97314,0,1267,0
97316,0,1269,0
97318,0,1270,0
97320,0,1267,0
97322,0,1269,0
97324,0,1269,0
97326,0,1267,0
97328,0,1269,0
97330,0,1267,0
97332,0,1267,0
97334,0,1267,0
97336,0,1267,0
97338,0,1267,0
97340,71751,1267,1
97342,0,1267,0
97344,0,1267,0
97346,0,1267,0
97348,0,1264,0
97350,0,1263,0
97352,0,1265,0
97354,0,1263,0
97356,0,1261,0
97358,0,1263,0
97360,0,1263,0
97362,0,1263,0
97364,0,1263,0
97366,0,1263,0
97368,0,1262,0
97370,0,1263,0
97372,0,1261,0
97374,0,1262,0
97376,0,1259,0
97378,0,1261,0
97380,72053,1261,1
97382,0,1261,0
97384,0,1259,0
97386,0,1260,0
97388,0,1261,0
97390,0,1261,0
97392,0,1259,0
97394,0,1261,0
97396,0,1259,0
97398,0,1271,0
97400,0,1269,0
97402,0,1259,0
97404,0,1261,0
97406,0,1259,0
97408,0,1259,0
97410,0,1259,0
97412,0,1259,0
97414,0,1259,0
97416,0,1259,0
97418,0,1259,0
97420,72185,1259,1
97422,0,1259,0
97424,0,1258,0
97426,0,1259,0
97428,0,1257,0
97430,0,1259,0
97432,0,1257,0
97434,0,1257,0
97436,0,1257,0
97438,0,1258,0
97440,0,1257,0
97442,0,1259,0
97444,0,1257,0
97446,0,1257,0
97448,0,1258,0
97450,0,1257,0
97452,0,1257,0
97454,0,1257,0
97456,0,1255,0
97458,0,1257,0
97460,72297,1257,1
97462,0,1256,0
97464,0,1257,0
97466,0,1257,0
97468,0,1257,0
97470,0,1257,0
97472,0,1256,0
97474,0,1255,0
97476,0,1255,0
97478,0,1256,0
97480,0,1255,0
97482,0,1256,0
97484,0,1255,0
97486,0,1256,0
97488,0,1255,0
97490,0,1255,0
97492,0,1256,0
97494,0,1255,0
97496,0,1254,0
97498,0,1255,0
97500,72381,1256,1
97502,0,1253,0
97504,0,1255,0
97506,0,1255,0
97508,0,1255,0
97510,0,1255,0
97512,0,1253,0
97514,0,1253,0
97516,0,1255,0
97518,0,1255,0
97520,0,1254,0
97522,0,1255,0
97524,0,1255,0
97526,0,1253,0
97528,0,1252,0
97530,0,1253,0
97532,0,1254,0
97534,0,1255,0
97536,0,1252,0
97538,0,1253,0
97540,72340,1252,1
97542,0,1253,0
97544,0,1253,0
97546,0,1253,0
97548,0,1253,0
97550,0,1253,0
97552,0,1251,0
97554,0,1252,0
97556,0,1252,0
97558,0,1251,0
97560,0,1251,0
97562,0,1252,0
97564,0,1251,0
97566,0,1251,0
97568,0,1251,0
97570,0,1253,0
97572,0,1252,0
97574,0,1251,0
97576,0,1251,0
97578,0,1249,0
97580,72315,1247,1
97582,0,1255,0
97584,0,1247,0
97586,0,1251,0
97588,0,1247,0
97590,0,1251,0
97592,0,1247,0
97594,0,1251,0
97596,0,1247,0
97598,0,1251,0
97600,0,1247,0
97602,0,1250,0
97604,0,1247,0
97606,0,1247,0
97608,0,1247,0
97610,0,1249,0
97612,0,1249,0
97614,0,1243,0
97616,0,1247,0
97618,72282,1243,1
97620,0,1246,0
97622,0,1245,0
97624,0,1245,0
97626,0,1245,0
97628,0,1247,0
97630,0,1247,0
97632,0,1245,0
97634,0,1245,0
97636,0,1247,0
97638,0,1245,0
97640,0,1245,0
97642,0,1247,0
97644,0,1245,0
97646,0,1245,0
97648,0,1245,0
97650,0,1243,0
97652,0,1245,0
97654,0,1245,0
97656,0,1245,0
97658,72173,1243,1
97660,0,1243,0
97662,0,1252,0
97664,0,1243,0
97666,0,1243,0
97668,0,1241,0
97670,0,1244,0
97672,0,1243,0
97674,0,1241,0
97676,0,1243,0
97678,0,1243,0
97680,0,1245,0
97682,0,1243,0
97684,0,1243,0
97686,0,1243,0
97688,0,1242,0
97690,0,1244,0
97692,0,1243,0
97694,0,1242,0
97696,0,1244,0
97698,71879,1242,1
97700,0,1240,0
97702,0,1243,0
97704,0,1243,0
97706,0,1251,0
97708,0,1242,0
97710,0,1241,0
97712,0,1243,0
97714,0,1241,0
97716,0,1241,0
97718,0,1241,0
97720,0,1240,0
97722,0,1240,0
97724,0,1239,0
97726,0,1241,0
97728,0,1241,0
97730,0,1241,0
97732,0,1241,0
97734,0,1241,0
97736,0,1241,0
97738,71563,1241,1
97740,0,1239,0
97742,0,1241,0
97744,0,1241,0
97746,0,1241,0
97748,0,1240,0
97750,0,1241,0
97752,0,1240,0
97754,0,1241,0
97756,0,1240,0
97758,0,1241,0
97760,0,1239,0
97762,0,1241,0
97764,0,1239,0
97766,0,1237,0
97768,0,1241,0
97770,0,1245,0
97772,0,1239,0
97774,0,1239,0
97776,0,1240,0
97778,71289,1241,1
97780,0,1239,0
97782,0,1239,0
97784,0,1239,0
97786,0,1237,0
97788,0,1238,0
97790,0,1238,0
97792,0,1239,0
97794,0,1239,0
97796,0,1239,0
97798,0,1239,0
97800,0,1239,0
97802,0,1241,0
97804,0,1239,0
97806,0,1237,0
97808,0,1239,0
97810,0,1239,0
97812,0,1240,0
97814,0,1243,0
97816,0,1237,0
97818,71112,1239,1
97820,0,1237,0
97822,0,1239,0
97824,0,1239,0
97826,0,1239,0
97828,0,1239,0
97830,0,1239,0
97832,0,1237,0
97834,0,1239,0
97836,0,1239,0
97838,0,1239,0
97840,0,1237,0
97842,0,1239,0
97844,0,1237,0
97846,0,1237,0
97848,0,1237,0
97850,0,1239,0
97852,0,1240,0
97854,0,1237,0
97856,0,1239,0
97858,70958,1239,1
97860,0,1237,0
97862,0,1237,0
97864,0,1237,0
97866,0,1239,0
97868,0,1239,0
97870,0,1239,0
97872,0,1239,0
97874,0,1237,0
97876,0,1237,0
97878,0,1239,0
97880,0,1237,0
97882,0,1238,0
97884,0,1237,0
97886,0,1237,0
97888,0,1237,0
97890,0,1239,0
97892,0,1238,0
97895,0,1237,0
97897,0,1237,0
97899,70804,1237,1
97901,0,1237,0
97903,0,1235,0
97905,0,1239,0
97907,0,1236,0
97909,0,1237,0
97911,0,1237,0
97913,0,1237,0
97915,0,1237,0
97917,0,1237,0
97919,0,1236,0
97921,0,1237,0
97923,0,1237,0
97925,0,1237,0
97927,0,1237,0
97929,0,1237,0
97931,0,1234,0
97933,0,1235,0
97935,0,1236,0
97937,0,1235,0
97939,70615,1235,1
97941,0,1237,0
97943,0,1236,0
97945,0,1235,0
97947,0,1235,0
97949,0,1239,0
97951,0,1231,0
97953,0,1235,0
97955,0,1231,0
97957,0,1231,0
97959,0,1231,0
97961,0,1231,0
97963,0,1235,0
97965,0,1233,0
97967,0,1231,0
97969,0,1231,0
97971,0,1235,0
97973,0,1233,0
97975,0,1231,0
97977,0,1229,0
97979,70385,1232,1
97981,0,1230,0
97983,0,1231,0
97985,0,1230,0
97987,0,1229,0
97989,0,1229,0
97991,0,1230,0
97993,0,1229,0
97995,0,1231,0
97997,0,1228,0
97999,0,1229,0
98001,0,1227,0
98003,0,1228,0
98005,0,1228,0
98007,0,1226,0
98009,0,1227,0
98011,0,1226,0
98013,0,1228,0
98015,0,1227,0
98017,70392,1225,1
98019,0,1223,0
98021,0,1225,0
98023,0,1225,0
98025,0,1227,0
98027,0,1226,0
98029,0,1224,0
98031,0,1223,0
98033,0,1223,0
98035,0,1222,0
98037,0,1225,0
98039,0,1221,0
98041,0,1222,0
98043,0,1223,0
98045,0,1223,0
98047,0,1223,0
98049,0,1221,0
98051,0,1222,0
98053,0,1223,0
98055,0,1221,0
98057,70461,1215,1
98059,0,1221,0
98061,0,1222,0
98063,0,1215,0
98065,0,1222,0
98067,0,1221,0
98069,0,1215,0
98071,0,1227,0
98073,0,1222,0
98075,0,1223,0
98077,0,1221,0
98079,0,1215,0
98081,0,1215,0
98083,0,1223,0
98085,0,1221,0
98087,0,1215,0
98089,0,1215,0
98091,0,1223,0
98093,0,1222,0
98095,0,1215,0
98097,70686,1215,1
98099,0,1215,0
98101,0,1213,0
98103,0,1222,0
98105,0,1222,0
98107,0,1215,0
98109,0,1223,0
98111,0,1223,0
98113,0,1213,0
98115,0,1211,0
98117,0,1222,0
98119,0,1222,0
98121,0,1223,0
98123,0,1221,0
98125,0,1221,0
98127,0,1221,0
98129,0,1223,0
98131,0,1221,0
98133,0,1222,0
98135,0,1223,0
98137,70944,1214,1
98139,0,1223,0
98141,0,1224,0
98143,0,1223,0
98145,0,1216,0
98147,0,1225,0
98149,0,1223,0
98151,0,1222,0
98153,0,1223,0
98155,0,1224,0
98157,0,1215,0
98159,0,1224,0
98161,0,1224,0
98163,0,1223,0
98165,0,1222,0
98167,0,1225,0
98169,0,1224,0
98171,0,1223,0
98173,0,1224,0
98175,0,1223,0
98177,71083,1227,1
98179,0,1224,0
98181,0,1223,0
98183,0,1223,0
98185,0,1223,0
98187,0,1216,0
98189,0,1223,0
98191,0,1224,0
98193,0,1223,0
98195,0,1223,0
98197,0,1223,0
98199,0,1223,0
98201,0,1224,0
98203,0,1224,0
98205,0,1225,0
98207,0,1225,0
98209,0,1224,0
98211,0,1223,0
98213,0,1224,0
98215,0,1225,0
98217,71208,1223,1
98219,0,1223,0
98221,0,1224,0
98223,0,1224,0
98225,0,1224,0
98227,0,1225,0
98229,0,1223,0
98231,0,1224,0
98233,0,1225,0
98235,0,1224,0
98237,0,1224,0
98239,0,1224,0
98241,0,1223,0
98243,0,1223,0
98245,0,1225,0
98247,0,1223,0
98249,0,1225,0
98251,0,1223,0
98253,0,1223,0
98255,0,1224,0
98257,71456,1225,1
98259,0,1225,0
98261,0,1221,0
98263,0,1223,0
98265,0,1223,0
98267,0,1223,0
98269,0,1225,0
98271,0,1225,0
98273,0,1226,0
98275,0,1224,0
98277,0,1223,0
98279,0,1224,0
98281,0,1225,0
98283,0,1224,0
98285,0,1224,0
98287,0,1225,0
98289,0,1225,0
98291,0,1226,0
98293,0,1223,0
98295,0,1223,0
98297,71617,1223,1
98299,0,1224,0
98301,0,1225,0
98303,0,1224,0
98305,0,1224,0
98307,0,1223,0
98309,0,1224,0
98311,0,1223,0
98313,0,1224,0
98315,0,1220,0
98317,0,1224,0
98319,0,1225,0
98321,0,1222,0
98323,0,1223,0
98325,0,1223,0
98327,0,1225,0
98329,0,1223,0
98331,0,1223,0
98333,0,1223,0
98335,0,1223,0
98337,71674,1223,1
98339,0,1215,0
98341,0,1221,0
98343,0,1221,0
98345,0,1221,0
98347,0,1215,0
98349,0,1215,0
98351,0,1215,0
98353,0,1213,0
98355,0,1216,0
98357,0,1215,0
98359,0,1214,0
98361,0,1213,0
98363,0,1213,0
98365,0,1213,0
98367,0,1213,0
98369,0,1211,0
98371,0,1211,0
98373,0,1211,0
98375,0,1211,0
98377,71608,1209,1
98379,0,1211,0
98381,0,1209,0
98383,0,1209,0
98385,0,1209,0
98387,0,1207,0
98389,0,1209,0
98391,0,1207,0
98393,0,1209,0
98395,0,1207,0
98397,0,1207,0
98399,0,1205,0
98401,0,1205,0
98403,0,1204,0
98405,0,1205,0
98407,0,1206,0
98409,0,1205,0
98411,0,1205,0
98413,0,1203,0
98415,71513,1203,1
98417,0,1205,0
98419,0,1205,0
98421,0,1203,0
98423,0,1203,0
98425,0,1203,0
98427,0,1203,0
98429,0,1199,0
98431,0,1197,0
98433,0,1199,0
98435,0,1199,0
98437,0,1199,0
98439,0,1199,0
98441,0,1199,0
98443,0,1200,0
98445,0,1199,0
98447,0,1197,0
98449,0,1199,0
98451,0,1196,0
98453,0,1199,0
98455,71490,1197,1
98457,0,1197,0
98459,0,1197,0
98461,0,1197,0
98463,0,1195,0
98465,0,1197,0
98467,0,1196,0
98469,0,1197,0
98471,0,1197,0
98473,0,1196,0
98475,0,1195,0
98477,0,1196,0
98479,0,1194,0
98481,0,1195,0
98483,0,1197,0
98485,0,1196,0
98487,0,1197,0
98489,0,1197,0
98491,0,1195,0
98493,0,1194,0
98495,71507,1196,1
98497,0,1196,0
98499,0,1196,0
98501,0,1197,0
98503,0,1195,0
98505,0,1195,0
98507,0,1198,0
98509,0,1197,0
98511,0,1197,0
98513,0,1195,0
98515,0,1197,0
98517,0,1196,0
98519,0,1199,0
98521,0,1198,0
98523,0,1199,0
98525,0,1197,0
98527,0,1197,0
98529,0,1197,0
98531,0,1198,0
98533,0,1197,0
98535,71478,1197,1
98537,0,1199,0
98539,0,1197,0
98541,0,1199,0
98543,0,1199,0
98545,0,1197,0
98547,0,1197,0
98549,0,1199,0
98551,0,1199,0
98553,0,1203,0
98555,0,1199,0
98557,0,1203,0
98559,0,1203,0
98561,0,1199,0
98563,0,1203,0
98565,0,1200,0
98567,0,1199,0
98569,0,1199,0
98571,0,1203,0
98573,0,1204,0
98575,71435,1199,1
98577,0,1202,0
98579,0,1203,0
98581,0,1204,0
98583,0,1199,0
98585,0,1203,0
98587,0,1204,0
98589,0,1204,0
98591,0,1203,0
98593,0,1199,0
98595,0,1203,0
98597,0,1205,0
98599,0,1204,0
98601,0,1203,0
98603,0,1205,0
98605,0,1204,0
98607,0,1208,0
98609,0,1205,0
98611,0,1203,0
98613,0,1203,0
98615,71218,1204,1
98617,0,1205,0
98619,0,1203,0
98621,0,1205,0
98623,0,1204,0
98625,0,1205,0
98627,0,1205,0
98629,0,1205,0
98631,0,1206,0
98633,0,1205,0
98635,0,1206,0
98637,0,1205,0
98639,0,1207,0
98641,0,1209,0
98643,0,1207,0
98645,0,1207,0
98647,0,1207,0
98649,0,1207,0
98651,0,1209,0
98653,0,1207,0
98655,70899,1207,1
98657,0,1207,0
98659,0,1205,0
98661,0,1205,0
98663,0,1205,0
98665,0,1207,0
98667,0,1207,0
98669,0,1208,0
98671,0,1208,0
98673,0,1207,0
98675,0,1207,0
98677,0,1208,0
98679,0,1208,0
98681,0,1208,0
98683,0,1207,0
98685,0,1208,0
98687,0,1207,0
98689,0,1208,0
98691,0,1207,0
98693,0,1209,0
98695,70564,1209,1
98697,0,1207,0
98699,0,1209,0
98701,0,1209,0
98703,0,1207,0
98705,0,1206,0
98707,0,1207,0
98709,0,1207,0
98711,0,1205,0
98713,0,1206,0
98715,0,1207,0
98717,0,1205,0
98719,0,1204,0
98721,0,1204,0
98723,0,1205,0
98725,0,1205,0
98727,0,1203,0
98729,0,1205,0
98731,0,1203,0
98733,0,1200,0
98735,70457,1203,1
98737,0,1205,0
98739,0,1202,0
98741,0,1202,0
98743,0,1200,0
98745,0,1203,0
98747,0,1203,0
98749,0,1203,0
98751,0,1200,0
98753,0,1200,0
98755,0,1204,0
98757,0,1203,0
98759,0,1200,0
98761,0,1203,0
98763,0,1199,0
98765,0,1199,0
98767,0,1198,0
98769,0,1198,0
98771,0,1203,0
98773,0,1199,0
98775,70346,1199,1
98777,0,1199,0
98779,0,1199,0
98781,0,1198,0
98783,0,1199,0
98785,0,1199,0
98787,0,1199,0
98789,0,1199,0
98791,0,1205,0
98793,0,1198,0
98795,0,1199,0
98797,0,1199,0
98799,0,1199,0
98801,0,1199,0
98803,0,1200,0
98805,0,1199,0
98807,0,1197,0
98809,0,1199,0
98811,0,1199,0
98813,0,1199,0
98815,70596,1199,1
98817,0,1199,0
98819,0,1199,0
98821,0,1200,0
98823,0,1200,0
98825,0,1199,0
98827,0,1199,0
98829,0,1199,0
98831,0,1197,0
98833,0,1199,0
98835,0,1198,0
98837,0,1199,0
98839,0,1199,0
98841,0,1198,0
98843,0,1197,0
98845,0,1203,0
98847,0,1203,0
98849,0,1203,0
98851,0,1202,0
98853,71326,1197,1
98855,0,1201,0
98857,0,1203,0
98859,0,1203,0
98861,0,1203,0
98863,0,1199,0
98865,0,1203,0
98867,0,1200,0
98869,0,1211,0
98871,0,1201,0
98873,0,1203,0
98875,0,1203,0
98877,0,1200,0
98879,0,1204,0
98881,0,1203,0
98883,0,1205,0
98885,0,1205,0
98887,0,1204,0
98889,0,1205,0
98891,0,1206,0
98893,71836,1205,1
98895,0,1207,0
98897,0,1205,0
98899,0,1205,0
98901,0,1207,0
98903,0,1207,0
98905,0,1205,0
98907,0,1207,0
98909,0,1206,0
98911,0,1207,0
98913,0,1207,0
98915,0,1211,0
98917,0,1207,0
98919,0,1208,0
98921,0,1207,0
98923,0,1208,0
98925,0,1209,0
98927,0,1209,0
98929,0,1209,0
98931,0,1208,0
98933,72105,1209,1
98935,0,1209,0
98937,0,1209,0
98939,0,1209,0
98941,0,1211,0
98943,0,1210,0
98945,0,1211,0
98947,0,1211,0
98949,0,1211,0
98951,0,1209,0
98953,0,1211,0
98955,0,1213,0
98957,0,1209,0
98959,0,1211,0
98961,0,1235,0
98963,0,1213,0
98965,0,1213,0
98967,0,1213,0
98969,0,1213,0
98971,0,1213,0
98973,72274,1212,1
98975,0,1213,0
98977,0,1213,0
98979,0,1213,0
98981,0,1223,0
98983,0,1213,0
98985,0,1213,0
98987,0,1213,0
98989,0,1211,0
98991,0,1213,0
98993,0,1213,0
98995,0,1213,0
98997,0,1214,0
98999,0,1214,0
99001,0,1215,0
99003,0,1215,0
99005,0,1213,0
99007,0,1213,0
99009,0,1215,0
99011,0,1213,0
99013,72333,1213,1
99015,0,1214,0
99017,0,1221,0
99019,0,1221,0
99021,0,1213,0
99023,0,1215,0
99025,0,1214,0
99027,0,1215,0
99029,0,1215,0
99031,0,1215,0
99033,0,1213,0
99035,0,1221,0
99037,0,1213,0
99039,0,1215,0
99041,0,1215,0
99043,0,1215,0
99045,0,1215,0
99047,0,1215,0
99049,0,1215,0
99051,0,1215,0
99053,72372,1215,1
99055,0,1214,0
99057,0,1215,0
99059,0,1213,0
99061,0,1215,0
99063,0,1214,0
99065,0,1215,0
99067,0,1221,0
99069,0,1214,0
99071,0,1222,0
99073,0,1215,0
99075,0,1215,0
99077,0,1221,0
99079,0,1215,0
99081,0,1216,0
99083,0,1215,0
99085,0,1214,0
99087,0,1221,0
99089,0,1221,0
99091,0,1216,0
99093,72351,1227,1
99095,0,1225,0
99097,0,1222,0
99099,0,1221,0
99101,0,1215,0
99103,0,1223,0
99105,0,1215,0
99107,0,1221,0
99109,0,1223,0
99111,0,1222,0
99113,0,1222,0
99115,0,1223,0
99117,0,1222,0
99119,0,1223,0
99121,0,1223,0
99123,0,1222,0
99125,0,1227,0
99127,0,1223,0
99129,0,1222,0
99131,0,1223,0
99133,72442,1222,1
99135,0,1216,0
99137,0,1221,0
99139,0,1221,0
99141,0,1223,0
99143,0,1223,0
99145,0,1222,0
99147,0,1221,0
99149,0,1223,0
99151,0,1223,0
99153,0,1224,0
99155,0,1221,0
99157,0,1222,0
99159,0,1223,0
99161,0,1222,0
99163,0,1223,0
99165,0,1216,0
99167,0,1215,0
99169,0,1215,0
99171,0,1222,0
99173,72527,1215,1
99175,0,1215,0
99177,0,1221,0
99179,0,1215,0
99181,0,1214,0
99183,0,1213,0
99185,0,1214,0
99187,0,1213,0
99189,0,1212,0
99191,0,1213,0
99193,0,1211,0
99195,0,1213,0
99197,0,1211,0
99199,0,1209,0
99201,0,1211,0
99203,0,1210,0
99205,0,1211,0
99207,0,1209,0
99209,0,1209,0
99211,0,1209,0
99213,72615,1209,1
99215,0,1208,0
99217,0,1207,0
99219,0,1207,0
99221,0,1207,0
99223,0,1205,0
99225,0,1207,0
99227,0,1205,0
99229,0,1205,0
99231,0,1204,0
99233,0,1205,0
99235,0,1205,0
99237,0,1203,0
99239,0,1203,0
99241,0,1203,0
99243,0,1199,0
99245,0,1199,0
99247,0,1199,0
99249,0,1199,0
99251,72602,1198,1
99253,0,1197,0
99255,0,1197,0
99257,0,1199,0
99259,0,1195,0
99261,0,1195,0
99263,0,1195,0
99265,0,1195,0
99267,0,1195,0
99269,0,1193,0
99271,0,1193,0
99273,0,1193,0
99275,0,1192,0
99277,0,1191,0
99279,0,1191,0
99281,0,1191,0
99283,0,1192,0
99285,0,1189,0
99287,0,1191,0
99289,0,1190,0
99291,72270,1187,1
99293,0,1189,0
99295,0,1189,0
99297,0,1175,0
99299,0,1183,0
99301,0,1184,0
99303,0,1183,0
99305,0,1182,0
99307,0,1183,0
99309,0,1182,0
99311,0,1181,0
99313,0,1183,0
99315,0,1179,0
99317,0,1179,0
99319,0,1180,0
99321,0,1179,0
99323,0,1178,0
99325,0,1179,0
99327,0,1178,0
99329,0,1177,0
99331,71878,1177,1
99333,0,1177,0
99335,0,1175,0
99337,0,1177,0
99339,0,1176,0
99341,0,1177,0
99343,0,1175,0
99345,0,1175,0
99347,0,1175,0
99349,0,1174,0
99351,0,1171,0
99353,0,1175,0
99355,0,1171,0
99357,0,1171,0
99359,0,1172,0
99361,0,1171,0
99363,0,1172,0
99365,0,1171,0
99367,0,1169,0
99369,0,1170,0
99371,71899,1170,1
99373,0,1171,0
99375,0,1169,0
99377,0,1171,0
99379,0,1167,0
99381,0,1171,0
99383,0,1166,0
99385,0,1170,0
99387,0,1175,0
99389,0,1167,0
99391,0,1167,0
99393,0,1165,0
99395,0,1167,0
99397,0,1165,0
99399,0,1165,0
99401,0,1164,0
99403,0,1165,0
99405,0,1151,0
99407,0,1165,0
99409,0,1165,0
99411,72325,1165,1
99413,0,1170,0
99415,0,1163,0
99417,0,1161,0
99419,0,1163,0
99421,0,1163,0
99423,0,1160,0
99425,0,1163,0
99427,0,1167,0
99429,0,1160,0
99431,0,1161,0
99433,0,1163,0
99435,0,1161,0
99437,0,1161,0
99439,0,1161,0
99441,0,1161,0
99443,0,1162,0
99445,0,1161,0
99447,0,1160,0
99449,0,1161,0
99451,72296,1160,1
99453,0,1160,0
99455,0,1150,0
99457,0,1159,0
99459,0,1161,0
99461,0,1160,0
99463,0,1159,0
99465,0,1159,0
99467,0,1159,0
99469,0,1160,0
99471,0,1159,0
99473,0,1158,0
99475,0,1159,0
99477,0,1157,0
99479,0,1158,0
99481,0,1160,0
99483,0,1151,0
99485,0,1152,0
99487,0,1157,0
99489,0,1157,0
99491,72141,1158,1
99493,0,1158,0
99495,0,1159,0
99497,0,1156,0
99499,0,1157,0
99501,0,1157,0
99503,0,1159,0
99505,0,1157,0
99507,0,1157,0
99509,0,1151,0
99511,0,1149,0
99513,0,1157,0
99515,0,1157,0
99517,0,1157,0
99519,0,1151,0
99521,0,1151,0
99523,0,1158,0
99525,0,1151,0
99527,0,1151,0
99529,0,1150,0
99531,71845,1157,1
99533,0,1151,0
99535,0,1151,0
99537,0,1151,0
99539,0,1151,0
99541,0,1157,0
99543,0,1151,0
99545,0,1157,0
99547,0,1157,0
99549,0,1157,0
