0,0,2505,0
11062,0,2505,0
11064,0,2503,0
11066,0,2504,0
11068,0,2503,0
11070,0,2500,0
11072,0,2505,0
11074,0,2503,0
11076,0,2507,0
11078,0,2503,0
11080,0,2503,0
11082,0,2503,0
11084,0,2504,0
11086,0,2504,0
11088,0,2505,0
11090,0,2503,0
11092,0,2505,0
11094,1669,2503,1
11096,0,2501,0
11098,0,2503,0
11100,0,2503,0
11102,0,2505,0
11104,0,2503,0
11106,0,2503,0
11108,0,2505,0
11110,0,2503,0
11112,0,2501,0
11114,0,2503,0
11116,0,2506,0
11118,0,2503,0
11120,0,2505,0
11122,0,2503,0
11124,0,2504,0
11126,0,2503,0
11128,0,2505,0
11130,0,2503,0
11132,0,2503,0
11134,1672,2495,1
11136,0,2503,0
11138,0,2503,0
11140,0,2503,0
11142,0,2503,0
11144,0,2503,0
11146,0,2503,0
11148,0,2496,0
11150,0,2503,0
11152,0,2502,0
11154,0,2503,0
11156,0,2503,0
11158,0,2495,0
11160,0,2504,0
11162,0,2502,0
11164,0,2503,0
11166,0,2503,0
11168,0,2504,0
11170,0,2502,0
11172,0,2503,0
11174,1672,2504,1
11176,0,2503,0
11178,0,2505,0
11180,0,2507,0
11182,0,2501,0
11184,0,2503,0
11186,0,2503,0
11188,0,2503,0
11190,0,2501,0
11192,0,2503,0
11194,0,2503,0
11196,0,2504,0
11198,0,2503,0
11200,0,2495,0
11202,0,2503,0
11204,0,2504,0
11206,0,2503,0
11208,0,2503,0
11210,0,2495,0
11212,0,2503,0
11214,1682,2501,1
11216,0,2503,0
11218,0,2503,0
11220,0,2502,0
11222,0,2503,0
11224,0,2502,0
11226,0,2501,0
11228,0,2505,0
11230,0,2503,0
11232,0,2505,0
11234,0,2505,0
11236,0,2504,0
11238,0,2504,0
11240,0,2503,0
11242,0,2503,0
11244,0,2503,0
11246,0,2501,0
11248,0,2503,0
11250,0,2503,0
11252,0,2501,0
11254,1674,2504,1
11256,0,2504,0
11258,0,2503,0
11260,0,2503,0
11262,0,2503,0
11264,0,2503,0
11266,0,2503,0
11268,0,2501,0
11270,0,2504,0
11272,0,2503,0
11274,0,2503,0
11276,0,2501,0
11278,0,2503,0
11280,0,2503,0
11282,0,2505,0
11284,0,2501,0
11286,0,2503,0
11288,0,2503,0
11290,0,2505,0
11292,0,2504,0
11294,1694,2503,1
11296,0,2504,0
11298,0,2504,0
11300,0,2503,0
11302,0,2502,0
11304,0,2496,0
11306,0,2503,0
11308,0,2504,0
11310,0,2505,0
11312,0,2504,0
11314,0,2505,0
11316,0,2503,0
11318,0,2503,0
11320,0,2501,0
11322,0,2504,0
11324,0,2502,0
11326,0,2503,0
11328,0,2505,0
11330,0,2505,0
11332,0,2503,0
11334,1694,2504,1
11336,0,2496,0
11338,0,2505,0
11340,0,2504,0
11342,0,2503,0
11344,0,2503,0
11346,0,2503,0
11348,0,2503,0
11350,0,2505,0
11352,0,2503,0
11354,0,2503,0
11356,0,2504,0
11358,0,2502,0
11360,0,2505,0
11362,0,2504,0
11364,0,2533,0
11366,0,2505,0
11368,0,2503,0
11370,0,2505,0
11372,0,2504,0
11374,1660,2503,1
11376,0,2504,0
11378,0,2504,0
11380,0,2507,0
11382,0,2503,0
11384,0,2503,0
11386,0,2504,0
11388,0,2504,0
11390,0,2503,0
11392,0,2503,0
11394,0,2505,0
11396,0,2501,0
11398,0,2504,0
11400,0,2503,0
11402,0,2505,0
11404,0,2503,0
11406,0,2514,0
11408,0,2503,0
11410,0,2503,0
11412,0,2502,0
11414,1652,2504,1
11416,0,2501,0
11418,0,2503,0
11420,0,2505,0
11422,0,2503,0
11424,0,2503,0
11426,0,2503,0
11428,0,2503,0
11430,0,2504,0
11432,0,2503,0
11434,0,2504,0
11436,0,2503,0
11438,0,2503,0
11440,0,2503,0
11442,0,2504,0
11444,0,2503,0
11446,0,2503,0
11448,0,2502,0
11450,0,2507,0
11452,1668,2501,1
11454,0,2505,0
11456,0,2503,0
11458,0,2505,0
11460,0,2503,0
11462,0,2503,0
11464,0,2504,0
11466,0,2501,0
11468,0,2503,0
11470,0,2505,0
11472,0,2502,0
11474,0,2504,0
11476,0,2503,0
11478,0,2503,0
11480,0,2503,0
11482,0,2503,0
11484,0,2503,0
11486,0,2504,0
11488,0,2504,0
11490,0,2503,0
11492,1674,2504,1
11494,0,2504,0
11496,0,2504,0
11498,0,2503,0
11500,0,2501,0
11502,0,2504,0
11504,0,2503,0
11506,0,2502,0
11508,0,2503,0
11510,0,2504,0
11512,0,2504,0
11514,0,2505,0
11516,0,2503,0
11518,0,2504,0
11520,0,2503,0
11522,0,2501,0
11524,0,2502,0
11526,0,2509,0
11528,0,2504,0
11530,0,2503,0
11532,1674,2501,1
11534,0,2503,0
11536,0,2503,0
11538,0,2504,0
11540,0,2503,0
11542,0,2503,0
11544,0,2503,0
11546,0,2503,0
11548,0,2503,0
11550,0,2503,0
11552,0,2503,0
11554,0,2503,0
11556,0,2505,0
11558,0,2503,0
11560,0,2504,0
11562,0,2505,0
11564,0,2501,0
11566,0,2503,0
11568,0,2503,0
11570,0,2503,0
11572,1672,2503,1
11574,0,2503,0
11576,0,2503,0
11578,0,2502,0
11580,0,2495,0
11582,0,2504,0
11584,0,2503,0
11586,0,2503,0
11588,0,2504,0
11590,0,2503,0
11592,0,2503,0
11594,0,2503,0
11596,0,2504,0
11598,0,2503,0
11600,0,2504,0
11602,0,2503,0
11604,0,2503,0
11606,0,2503,0
11608,0,2503,0
11610,0,2503,0
11612,1672,2503,1
11614,0,2503,0
11616,0,2504,0
11618,0,2502,0
11620,0,2503,0
11622,0,2503,0
11624,0,2504,0
11626,0,2504,0
11628,0,2505,0
11630,0,2505,0
11632,0,2501,0
11634,0,2505,0
11636,0,2503,0
11638,0,2503,0
11640,0,2503,0
11642,0,2505,0
11644,0,2503,0
11646,0,2504,0
11648,0,2503,0
11650,0,2504,0
11652,1676,2503,1
11654,0,2503,0
11656,0,2503,0
11658,0,2502,0
11660,0,2504,0
11662,0,2504,0
11664,0,2505,0
11666,0,2505,0
11668,0,2504,0
11670,0,2504,0
11672,0,2504,0
11674,0,2505,0
11676,0,2505,0
11678,0,2504,0
11680,0,2503,0
11682,0,2504,0
11684,0,2506,0
11686,0,2504,0
11688,0,2504,0
11690,0,2503,0
11692,1702,2503,1
11694,0,2504,0
11696,0,2502,0
11698,0,2506,0
11700,0,2503,0
11702,0,2503,0
11704,0,2504,0
11706,0,2503,0
11708,0,2506,0
11710,0,2504,0
11712,0,2503,0
11714,0,2503,0
11716,0,2503,0
11718,0,2500,0
11720,0,2505,0
11722,0,2504,0
11724,0,2503,0
11726,0,2503,0
11728,0,2503,0
11730,0,2496,0
11732,1697,2503,1
11734,0,2503,0
11736,0,2503,0
11738,0,2503,0
11740,0,2503,0
11742,0,2503,0
11744,0,2491,0
11746,0,2503,0
11748,0,2503,0
11750,0,2502,0
11752,0,2503,0
11754,0,2503,0
11756,0,2503,0
11758,0,2503,0
11760,0,2505,0
11762,0,2505,0
11764,0,2504,0
11766,0,2503,0
11768,0,2503,0
11770,0,2503,0
11772,1643,2503,1
11774,0,2503,0
11776,0,2504,0
11778,0,2503,0
11780,0,2503,0
11782,0,2503,0
11784,0,2500,0
11786,0,2503,0
11788,0,2503,0
11790,0,2501,0
11792,0,2503,0
11794,0,2507,0
11796,0,2495,0
11798,0,2503,0
11800,0,2505,0
11802,0,2503,0
11804,0,2502,0
11806,0,2505,0
11808,0,2503,0
11810,0,2503,0
11812,1656,2503,1
11814,0,2493,0
11816,0,2507,0
11818,0,2503,0
11820,0,2503,0
11822,0,2503,0
11824,0,2505,0
11826,0,2504,0
11828,0,2504,0
11830,0,2503,0
11832,0,2505,0
11834,0,2502,0
11836,0,2501,0
11838,0,2502,0
11840,0,2503,0
11842,0,2503,0
11844,0,2505,0
11846,0,2507,0
11848,0,2503,0
11850,1670,2503,1
11852,0,2503,0
11854,0,2504,0
11856,0,2503,0
11858,0,2503,0
11860,0,2495,0
11862,0,2505,0
11864,0,2504,0
11866,0,2502,0
11868,0,2502,0
11870,0,2501,0
11872,0,2503,0
11874,0,2503,0
11876,0,2501,0
11878,0,2503,0
11880,0,2503,0
11882,0,2503,0
11884,0,2503,0
11886,0,2495,0
11888,0,2504,0
11890,1670,2501,1
11892,0,2503,0
11894,0,2504,0
11896,0,2504,0
11898,0,2503,0
11900,0,2503,0
11902,0,2503,0
11904,0,2501,0
11906,0,2503,0
11908,0,2505,0
11910,0,2503,0
11912,0,2503,0
11914,0,2503,0
11916,0,2501,0
11918,0,2502,0
11920,0,2503,0
11922,0,2491,0
11924,0,2504,0
11926,0,2504,0
11928,0,2503,0
11930,1673,2502,1
11932,0,2501,0
11934,0,2504,0
11936,0,2503,0
11938,0,2503,0
11940,0,2503,0
11942,0,2503,0
11944,0,2505,0
11946,0,2503,0
11948,0,2503,0
11950,0,2501,0
11952,0,2502,0
11954,0,2503,0
11956,0,2504,0
11958,0,2503,0
11960,0,2503,0
11962,0,2503,0
11964,0,2503,0
11966,0,2503,0
11968,0,2502,0
11970,1676,2503,1
11972,0,2503,0
11974,0,2503,0
11976,0,2503,0
11978,0,2503,0
11980,0,2504,0
11982,0,2503,0
11984,0,2508,0
11986,0,2505,0
11988,0,2503,0
11990,0,2503,0
11992,0,2503,0
11994,0,2505,0
11996,0,2504,0
11998,0,2503,0
12000,0,2503,0
12002,0,2503,0
12004,0,2496,0
12006,0,2503,0
12008,0,2503,0
12010,1674,2502,1
12012,0,2501,0
12014,0,2503,0
12016,0,2503,0
12018,0,2505,0
12020,0,2503,0
12022,0,2503,0
12024,0,2502,0
12026,0,2495,0
12028,0,2503,0
12030,0,2503,0
12032,0,2504,0
12034,0,2503,0
12036,0,2501,0
12038,0,2503,0
12040,0,2503,0
12042,0,2504,0
12044,0,2503,0
12046,0,2502,0
12048,0,2503,0
12050,1679,2503,1
12052,0,2503,0
12054,0,2502,0
12056,0,2503,0
12058,0,2502,0
12060,0,2495,0
12062,0,2503,0
12064,0,2507,0
12066,0,2503,0
12068,0,2503,0
12070,0,2503,0
12072,0,2503,0
12074,0,2501,0
12076,0,2504,0
12078,0,2504,0
12080,0,2503,0
12082,0,2503,0
12084,0,2503,0
12086,0,2502,0
12088,0,2505,0
12090,1699,2503,1
12092,0,2503,0
12094,0,2495,0
12096,0,2502,0
12098,0,2503,0
12100,0,2501,0
12102,0,2503,0
12104,0,2504,0
12106,0,2503,0
12108,0,2503,0
12110,0,2503,0
12112,0,2503,0
12114,0,2503,0
12116,0,2501,0
12118,0,2502,0
12120,0,2495,0
12122,0,2503,0
12124,0,2503,0
12126,0,2503,0
12128,0,2503,0
12130,1668,2503,1
12132,0,2503,0
12134,0,2505,0
12136,0,2504,0
12138,0,2503,0
12140,0,2501,0
12142,0,2503,0
12144,0,2503,0
12146,0,2503,0
12148,0,2503,0
12150,0,2503,0
12152,0,2503,0
12154,0,2505,0
12156,0,2501,0
12158,0,2503,0
12160,0,2503,0
12162,0,2503,0
12164,0,2501,0
12166,0,2503,0
12168,0,2505,0
12170,1642,2503,1
12172,0,2505,0
12174,0,2503,0
12176,0,2503,0
12178,0,2503,0
12180,0,2502,0
12182,0,2503,0
12184,0,2503,0
12186,0,2503,0
12188,0,2502,0
12190,0,2503,0
12192,0,2505,0
12194,0,2503,0
12196,0,2503,0
12198,0,2503,0
12200,0,2505,0
12202,0,2502,0
12204,0,2503,0
12206,0,2504,0
12208,1659,2503,1
12210,0,2503,0
12212,0,2503,0
12214,0,2503,0
12216,0,2503,0
12218,0,2503,0
12220,0,2503,0
12222,0,2504,0
12224,0,2501,0
12226,0,2504,0
12228,0,2503,0
12230,0,2504,0
12232,0,2501,0
12234,0,2503,0
12236,0,2504,0
12238,0,2504,0
12240,0,2503,0
12242,0,2503,0
12244,0,2504,0
12246,0,2503,0
12248,1676,2503,1
12250,0,2503,0
12252,0,2503,0
12254,0,2504,0
12256,0,2503,0
12258,0,2505,0
12260,0,2502,0
12262,0,2503,0
12264,0,2503,0
12266,0,2501,0
12268,0,2505,0
12270,0,2503,0
12272,0,2503,0
12274,0,2502,0
12276,0,2503,0
12278,0,2503,0
12280,0,2503,0
12282,0,2503,0
12284,0,2504,0
12286,0,2503,0
12288,1675,2503,1
12290,0,2503,0
12292,0,2501,0
12294,0,2503,0
12296,0,2501,0
12298,0,2503,0
12300,0,2503,0
12302,0,2503,0
12304,0,2502,0
12306,0,2503,0
12308,0,2503,0
12310,0,2496,0
12312,0,2503,0
12314,0,2503,0
12316,0,2503,0
12318,0,2503,0
12320,0,2495,0
12322,0,2502,0
12324,0,2503,0
12326,0,2503,0
12328,1669,2503,1
12330,0,2501,0
12332,0,2503,0
12334,0,2496,0
12336,0,2503,0
12338,0,2486,0
12340,0,2503,0
12342,0,2503,0
12344,0,2503,0
12346,0,2503,0
12348,0,2504,0
12350,0,2503,0
12352,0,2506,0
12354,0,2504,0
12356,0,2503,0
12358,0,2503,0
12360,0,2499,0
12362,0,2503,0
12364,0,2503,0
12366,0,2501,0
12368,1675,2503,1
12370,0,2503,0
12372,0,2503,0
12374,0,2505,0
12376,0,2504,0
12378,0,2503,0
12380,0,2503,0
12382,0,2504,0
12384,0,2503,0
12386,0,2504,0
12388,0,2503,0
12390,0,2505,0
12392,0,2502,0
12394,0,2501,0
12396,0,2501,0
12398,0,2503,0
12400,0,2501,0
12402,0,2505,0
12404,0,2504,0
12406,0,2503,0
12408,1671,2502,1
12410,0,2503,0
12413,0,2503,0
12415,0,2501,0
12417,0,2502,0
12419,0,2503,0
12421,0,2505,0
12423,0,2503,0
12425,0,2504,0
12427,0,2504,0
12429,0,2502,0
12431,0,2503,0
12433,0,2501,0
12435,0,2503,0
12437,0,2503,0
12439,0,2503,0
12441,0,2503,0
12443,0,2503,0
12445,0,2503,0
12447,0,2504,0
12449,1698,2504,1
12451,0,2502,0
12453,0,2504,0
12455,0,2503,0
12457,0,2504,0
12459,0,2503,0
12461,0,2501,0
12463,0,2503,0
12465,0,2505,0
12467,0,2503,0
12469,0,2503,0
12471,0,2503,0
12473,0,2503,0
12475,0,2502,0
12477,0,2503,0
12479,0,2505,0
12481,0,2503,0
12483,0,2503,0
12485,0,2503,0
12487,0,2505,0
12489,1701,2501,1
12491,0,2503,0
12493,0,2503,0
12495,0,2503,0
12497,0,2502,0
12499,0,2501,0
12501,0,2503,0
12503,0,2503,0
12505,0,2502,0
12507,0,2503,0
12509,0,2503,0
12511,0,2501,0
12513,0,2503,0
12515,0,2503,0
12517,0,2503,0
12519,0,2503,0
12521,0,2501,0
12523,0,2503,0
12525,0,2503,0
12527,0,2503,0
12529,1657,2501,1
12531,0,2503,0
12533,0,2503,0
12535,0,2503,0
12537,0,2503,0
12539,0,2503,0
12541,0,2503,0
12543,0,2505,0
12545,0,2501,0
12547,0,2504,0
12549,0,2503,0
12551,0,2503,0
12553,0,2503,0
12555,0,2503,0
12557,0,2503,0
12559,0,2503,0
12561,0,2503,0
12563,0,2503,0
12565,0,2503,0
12567,0,2504,0
12569,1650,2503,1
12571,0,2503,0
12573,0,2503,0
12575,0,2501,0
12577,0,2505,0
12579,0,2495,0
12581,0,2503,0
12583,0,2503,0
12585,0,2502,0
12587,0,2504,0
12589,0,2502,0
12591,0,2503,0
12593,0,2503,0
12595,0,2503,0
12597,0,2501,0
12599,0,2500,0
12601,0,2503,0
12603,0,2503,0
12605,0,2503,0
12607,1671,2503,1
12609,0,2503,0
12611,0,2502,0
12613,0,2501,0
12615,0,2501,0
12617,0,2503,0
12619,0,2503,0
12621,0,2505,0
12623,0,2504,0
12625,0,2501,0
12627,0,2503,0
12629,0,2503,0
12631,0,2503,0
12633,0,2503,0
12635,0,2504,0
12637,0,2504,0
12639,0,2504,0
12641,0,2501,0
12643,0,2502,0
12645,0,2504,0
12647,1675,2503,1
12649,0,2503,0
12651,0,2503,0
12653,0,2501,0
12655,0,2507,0
12657,0,2503,0
12659,0,2503,0
12661,0,2505,0
12663,0,2503,0
12665,0,2501,0
12667,0,2501,0
12669,0,2503,0
12671,0,2502,0
12673,0,2502,0
12675,0,2506,0
12677,0,2503,0
12679,0,2503,0
12681,0,2503,0
12683,0,2503,0
12685,0,2503,0
12687,1671,2502,1
12689,0,2502,0
12691,0,2503,0
12693,0,2501,0
12695,0,2502,0
12697,0,2503,0
12699,0,2504,0
12701,0,2503,0
12703,0,2503,0
12705,0,2496,0
12707,0,2503,0
12709,0,2501,0
12711,0,2503,0
12713,0,2503,0
12715,0,2502,0
12717,0,2495,0
12719,0,2503,0
12721,0,2501,0
12723,0,2503,0
12725,0,2503,0
12727,1666,2503,1
12729,0,2503,0
12731,0,2502,0
12733,0,2504,0
12735,0,2503,0
12737,0,2503,0
12739,0,2495,0
12741,0,2503,0
12743,0,2503,0
12745,0,2503,0
12747,0,2501,0
12749,0,2503,0
12751,0,2502,0
12753,0,2503,0
12755,0,2503,0
12757,0,2503,0
12759,0,2503,0
12761,0,2505,0
12763,0,2503,0
12765,0,2501,0
12767,1672,2503,1
12769,0,2502,0
12771,0,2503,0
12773,0,2503,0
12775,0,2502,0
12777,0,2503,0
12779,0,2505,0
12781,0,2501,0
12783,0,2501,0
12785,0,2503,0
12787,0,2503,0
12789,0,2502,0
12791,0,2502,0
12793,0,2503,0
12795,0,2501,0
12797,0,2502,0
12799,0,2503,0
12801,0,2503,0
12803,0,2505,0
12805,0,2503,0
12807,1676,2501,1
12809,0,2503,0
12811,0,2502,0
12813,0,2503,0
12815,0,2503,0
12817,0,2502,0
12819,0,2503,0
12821,0,2499,0
12823,0,2502,0
12825,0,2502,0
12827,0,2505,0
12829,0,2503,0
12831,0,2503,0
12833,0,2503,0
12835,0,2500,0
12837,0,2503,0
12839,0,2503,0
12841,0,2503,0
12843,0,2502,0
12845,0,2502,0
12847,1704,2501,1
12849,0,2501,0
12851,0,2501,0
12853,0,2502,0
12855,0,2501,0
12857,0,2495,0
12859,0,2503,0
12861,0,2503,0
12863,0,2501,0
12865,0,2502,0
12867,0,2505,0
12869,0,2504,0
12871,0,2503,0
12873,0,2503,0
12875,0,2502,0
12877,0,2502,0
12879,0,2503,0
12881,0,2503,0
12883,0,2502,0
12885,0,2501,0
12887,1689,2503,1
12889,0,2501,0
12891,0,2503,0
12893,0,2501,0
12895,0,2505,0
12897,0,2503,0
12899,0,2507,0
12901,0,2501,0
12903,0,2503,0
12905,0,2504,0
12907,0,2501,0
12909,0,2501,0
12911,0,2503,0
12913,0,2501,0
12915,0,2501,0
12917,0,2502,0
12919,0,2503,0
12921,0,2501,0
12923,0,2503,0
12925,0,2503,0
12927,1640,2503,1
12929,0,2503,0
12931,0,2495,0
12933,0,2503,0
12935,0,2505,0
12937,0,2503,0
12939,0,2503,0
12941,0,2503,0
12943,0,2504,0
12945,0,2504,0
12947,0,2503,0
12949,0,2503,0
12951,0,2502,0
12953,0,2503,0
12955,0,2504,0
12957,0,2503,0
12959,0,2504,0
12961,0,2503,0
12963,0,2504,0
12965,0,2503,0
12967,1654,2505,1
12969,0,2503,0
12971,0,2503,0
12973,0,2505,0
12975,0,2503,0
12977,0,2503,0
12979,0,2503,0
12981,0,2503,0
12983,0,2500,0
12985,0,2502,0
12987,0,2504,0
12989,0,2503,0
12991,0,2503,0
12993,0,2503,0
12995,0,2503,0
12997,0,2495,0
12999,0,2503,0
13001,0,2503,0
13003,0,2503,0
13005,1662,2503,1
13007,0,2503,0
13009,0,2503,0
13011,0,2503,0
13013,0,2503,0
13015,0,2503,0
13017,0,2503,0
13019,0,2503,0
13021,0,2503,0
13023,0,2505,0
13025,0,2475,0
13027,0,2505,0
13029,0,2503,0
13031,0,2503,0
13033,0,2503,0
13035,0,2503,0
13037,0,2503,0
13039,0,2503,0
13041,0,2503,0
13043,0,2503,0
13045,1669,2501,1
13047,0,2505,0
13049,0,2503,0
13051,0,2502,0
13053,0,2504,0
13055,0,2503,0
13057,0,2503,0
13059,0,2505,0
13061,0,2503,0
13063,0,2503,0
13065,0,2501,0
13067,0,2503,0
13069,0,2503,0
13071,0,2503,0
13073,0,2505,0
13075,0,2502,0
13077,0,2501,0
13079,0,2503,0
13081,0,2502,0
13083,0,2503,0
13085,1671,2505,1
13087,0,2501,0
13089,0,2504,0
13091,0,2503,0
13093,0,2503,0
13095,0,2501,0
13097,0,2503,0
13099,0,2503,0
13101,0,2504,0
13103,0,2504,0
13105,0,2503,0
13107,0,2501,0
13109,0,2503,0
13111,0,2503,0
13113,0,2501,0
13115,0,2503,0
13117,0,2501,0
13119,0,2501,0
13121,0,2495,0
13123,0,2503,0
13125,1674,2503,1
13127,0,2505,0
13129,0,2501,0
13131,0,2503,0
13133,0,2501,0
13135,0,2503,0
13137,0,2503,0
13139,0,2504,0
13141,0,2504,0
13143,0,2503,0
13145,0,2501,0
13147,0,2502,0
13149,0,2501,0
13151,0,2503,0
13153,0,2505,0
13155,0,2503,0
13157,0,2503,0
13159,0,2503,0
13161,0,2505,0
13163,0,2502,0
13165,1673,2503,1
13167,0,2503,0
13169,0,2503,0
13171,0,2503,0
13173,0,2505,0
13175,0,2504,0
13177,0,2503,0
13179,0,2503,0
13181,0,2501,0
13183,0,2503,0
13185,0,2504,0
13187,0,2503,0
13189,0,2503,0
13191,0,2503,0
13193,0,2503,0
13195,0,2503,0
13197,0,2503,0
13199,0,2501,0
13201,0,2505,0
13203,0,2503,0
13205,1688,2500,1
13207,0,2503,0
13209,0,2501,0
13211,0,2502,0
13213,0,2503,0
13215,0,2503,0
13217,0,2503,0
13219,0,2503,0
13221,0,2503,0
13223,0,2503,0
13225,0,2501,0
13227,0,2504,0
13229,0,2504,0
13231,0,2503,0
13233,0,2503,0
13235,0,2503,0
13237,0,2503,0
13239,0,2503,0
13241,0,2503,0
13243,0,2501,0
13245,1704,2503,1
13247,0,2503,0
13249,0,2504,0
13251,0,2503,0
13253,0,2502,0
13255,0,2504,0
13257,0,2501,0
13259,0,2502,0
13261,0,2501,0
13263,0,2504,0
13265,0,2503,0
13267,0,2503,0
13269,0,2503,0
13271,0,2503,0
13273,0,2503,0
13275,0,2503,0
13277,0,2503,0
13279,0,2502,0
13281,0,2503,0
13283,0,2503,0
13285,1670,2503,1
13287,0,2502,0
13289,0,2503,0
13291,0,2504,0
13293,0,2503,0
13295,0,2505,0
13297,0,2500,0
13299,0,2501,0
13301,0,2503,0
13303,0,2501,0
13305,0,2503,0
13307,0,2502,0
13309,0,2503,0
13311,0,2503,0
13313,0,2503,0
13315,0,2502,0
13317,0,2504,0
13319,0,2504,0
13321,0,2504,0
13323,0,2504,0
13325,1644,2504,1
13327,0,2504,0
13329,0,2504,0
13331,0,2503,0
13333,0,2501,0
13335,0,2502,0
13337,0,2503,0
13339,0,2503,0
13341,0,2501,0
13343,0,2503,0
13345,0,2504,0
13347,0,2503,0
13349,0,2504,0
13351,0,2503,0
13353,0,2503,0
13355,0,2503,0
13357,0,2503,0
13359,0,2503,0
13361,0,2503,0
13363,1661,2503,1
13365,0,2503,0
13367,0,2503,0
13369,0,2503,0
13371,0,2503,0
13373,0,2504,0
13375,0,2503,0
13377,0,2496,0
13379,0,2505,0
13381,0,2502,0
13383,0,2504,0
13385,0,2506,0
13387,0,2495,0
13389,0,2503,0
13391,0,2502,0
13393,0,2503,0
13395,0,2502,0
13397,0,2501,0
13399,0,2503,0
13401,0,2502,0
13403,1675,2502,1
13405,0,2504,0
13407,0,2501,0
13409,0,2504,0
13411,0,2503,0
13413,0,2502,0
13415,0,2503,0
13417,0,2494,0
13419,0,2501,0
13421,0,2503,0
13423,0,2503,0
13425,0,2503,0
13427,0,2503,0
13429,0,2503,0
13431,0,2504,0
13433,0,2501,0
13435,0,2501,0
13437,0,2502,0
13439,0,2505,0
13441,0,2501,0
13443,1676,2503,1
13445,0,2502,0
13447,0,2503,0
13449,0,2505,0
13451,0,2503,0
13453,0,2503,0
13455,0,2503,0
13457,0,2504,0
13459,0,2501,0
13461,0,2501,0
13463,0,2495,0
13465,0,2502,0
13467,0,2502,0
13469,0,2495,0
13471,0,2501,0
13473,0,2503,0
13475,0,2504,0
13477,0,2503,0
13479,0,2504,0
13481,0,2495,0
13483,1675,2504,1
13485,0,2503,0
13487,0,2503,0
13489,0,2501,0
13491,0,2505,0
13493,0,2505,0
13495,0,2505,0
13497,0,2503,0
13499,0,2504,0
13501,0,2502,0
13503,0,2503,0
13505,0,2503,0
13507,0,2503,0
13509,0,2504,0
13511,0,2495,0
13513,0,2504,0
13515,0,2505,0
13517,0,2503,0
13519,0,2503,0
13521,0,2502,0
13523,1671,2505,1
13525,0,2504,0
13527,0,2501,0
13529,0,2502,0
13531,0,2503,0
13533,0,2503,0
13535,0,2502,0
13537,0,2503,0
13539,0,2503,0
13541,0,2503,0
13543,0,2503,0
13545,0,2502,0
13547,0,2503,0
13549,0,2503,0
13551,0,2502,0
13553,0,2503,0
13555,0,2504,0
13557,0,2503,0
13559,0,2504,0
13561,0,2503,0
13563,1675,2503,1
13565,0,2500,0
13567,0,2504,0
13569,0,2504,0
13571,0,2501,0
13573,0,2505,0
13575,0,2503,0
13577,0,2505,0
13579,0,2501,0
13581,0,2501,0
13583,0,2503,0
13585,0,2501,0
13587,0,2503,0
13589,0,2503,0
13591,0,2501,0
13593,0,2503,0
13595,0,2503,0
13597,0,2500,0
13599,0,2505,0
13601,0,2503,0
13603,1697,2501,1
13605,0,2503,0
13607,0,2503,0
13609,0,2503,0
13611,0,2504,0
13613,0,2503,0
13615,0,2503,0
13617,0,2501,0
13619,0,2503,0
13621,0,2503,0
13623,0,2504,0
13625,0,2503,0
13627,0,2502,0
13629,0,2489,0
13631,0,2501,0
13633,0,2504,0
13635,0,2502,0
13637,0,2503,0
13639,0,2503,0
13641,0,2503,0
13643,1696,2504,1
13645,0,2501,0
13647,0,2501,0
13649,0,2504,0
13651,0,2503,0
13653,0,2505,0
13655,0,2503,0
13657,0,2503,0
13659,0,2501,0
13661,0,2502,0
13663,0,2503,0
13665,0,2501,0
13667,0,2502,0
13669,0,2503,0
13671,0,2503,0
13673,0,2496,0
13675,0,2503,0
13677,0,2503,0
13679,0,2502,0
13681,0,2503,0
13683,1652,2496,1
13685,0,2503,0
13687,0,2503,0
13689,0,2502,0
13691,0,2503,0
13693,0,2509,0
13695,0,2503,0
13697,0,2502,0
13699,0,2501,0
13701,0,2501,0
13703,0,2503,0
13705,0,2496,0
13707,0,2501,0
13709,0,2503,0
13711,0,2504,0
13713,0,2502,0
13715,0,2503,0
13717,0,2503,0
13719,0,2503,0
13721,0,2503,0
13723,1651,2503,1
13725,0,2505,0
13727,0,2502,0
13729,0,2501,0
13731,0,2503,0
13733,0,2503,0
13735,0,2502,0
13737,0,2503,0
13739,0,2501,0
13741,0,2501,0
13743,0,2503,0
13745,0,2503,0
13747,0,2504,0
13749,0,2502,0
13751,0,2503,0
13753,0,2502,0
13755,0,2503,0
13757,0,2503,0
13759,0,2503,0
13761,1676,2501,1
13763,0,2503,0
13765,0,2505,0
13767,0,2503,0
13769,0,2504,0
13771,0,2503,0
13773,0,2503,0
13775,0,2501,0
13777,0,2503,0
13779,0,2501,0
13781,0,2503,0
13783,0,2502,0
13785,0,2505,0
13787,0,2503,0
13789,0,2503,0
13791,0,2503,0
13793,0,2503,0
13795,0,2502,0
13797,0,2503,0
13799,0,2503,0
13801,1678,2503,1
13803,0,2502,0
13805,0,2503,0
13807,0,2495,0
13809,0,2503,0
13811,0,2501,0
13813,0,2503,0
13815,0,2503,0
13817,0,2501,0
13819,0,2503,0
13821,0,2503,0
13823,0,2503,0
13825,0,2503,0
13827,0,2502,0
13829,0,2501,0
13831,0,2502,0
13833,0,2503,0
13835,0,2504,0
13837,0,2501,0
13839,0,2503,0
13841,1672,2503,1
13843,0,2501,0
13845,0,2503,0
13847,0,2503,0
13849,0,2502,0
13851,0,2501,0
13853,0,2501,0
13855,0,2501,0
13857,0,2495,0
13859,0,2503,0
13861,0,2503,0
13863,0,2503,0
13865,0,2503,0
13867,0,2503,0
13869,0,2501,0
13871,0,2503,0
13873,0,2501,0
13875,0,2501,0
13877,0,2503,0
13879,0,2503,0
13881,1672,2503,1
13883,0,2503,0
13885,0,2503,0
13887,0,2502,0
13889,0,2505,0
13891,0,2501,0
13893,0,2501,0
13895,0,2503,0
13897,0,2502,0
13899,0,2503,0
13901,0,2503,0
13903,0,2502,0
13905,0,2502,0
13907,0,2503,0
13909,0,2503,0
13911,0,2503,0
13913,0,2502,0
13915,0,2502,0
13917,0,2501,0
13919,0,2503,0
13921,1671,2503,1
13923,0,2503,0
13925,0,2504,0
13927,0,2503,0
13929,0,2503,0
13931,0,2503,0
13933,0,2503,0
13935,0,2501,0
13937,0,2503,0
13939,0,2503,0
13941,0,2503,0
13943,0,2503,0
13945,0,2503,0
13947,0,2503,0
13949,0,2503,0
13951,0,2502,0
13953,0,2503,0
13955,0,2503,0
13957,0,2503,0
13959,0,2495,0
13961,1678,2501,1
13963,0,2501,0
13965,0,2503,0
13967,0,2503,0
13969,0,2503,0
13971,0,2505,0
13973,0,2503,0
13975,0,2503,0
13977,0,2503,0
13979,0,2502,0
13981,0,2503,0
13983,0,2503,0
13985,0,2502,0
13987,0,2502,0
13989,0,2502,0
13991,0,2495,0
13993,0,2503,0
13995,0,2503,0
13997,0,2503,0
13999,0,2501,0
14001,1697,2501,1
14003,0,2503,0
14005,0,2501,0
14007,0,2503,0
14009,0,2503,0
14011,0,2502,0
14013,0,2503,0
14015,0,2503,0
14017,0,2503,0
14019,0,2501,0
14021,0,2503,0
14023,0,2503,0
14025,0,2501,0
14027,0,2503,0
14029,0,2502,0
14031,0,2501,0
14033,0,2501,0
14035,0,2496,0
14037,0,2503,0
14039,0,2503,0
14041,1683,2502,1
14043,0,2503,0
14045,0,2503,0
14047,0,2503,0
14049,0,2493,0
14051,0,2502,0
14053,0,2503,0
14055,0,2501,0
14057,0,2503,0
14059,0,2501,0
14061,0,2501,0
14063,0,2502,0
14065,0,2503,0
14067,0,2503,0
14069,0,2502,0
14071,0,2501,0
14073,0,2503,0
14075,0,2503,0
14077,0,2501,0
14079,0,2503,0
14081,1642,2503,1
14083,0,2501,0
14085,0,2502,0
14087,0,2501,0
14089,0,2503,0
14091,0,2504,0
14093,0,2503,0
14095,0,2502,0
14097,0,2503,0
14099,0,2501,0
14101,0,2503,0
14103,0,2504,0
14105,0,2503,0
14107,0,2503,0
14109,0,2503,0
14111,0,2504,0
14113,0,2503,0
14115,0,2501,0
14117,0,2501,0
14119,1659,2503,1
14121,0,2503,0
14123,0,2501,0
14125,0,2501,0
14127,0,2503,0
14129,0,2503,0
14131,0,2501,0
14133,0,2501,0
14135,0,2501,0
14137,0,2504,0
14139,0,2505,0
14141,0,2503,0
14143,0,2503,0
14145,0,2504,0
14147,0,2507,0
14149,0,2502,0
14151,0,2502,0
14153,0,2501,0
14155,0,2503,0
14157,0,2503,0
14159,1669,2496,1
14161,0,2502,0
14163,0,2501,0
14165,0,2504,0
14167,0,2503,0
14169,0,2504,0
14171,0,2500,0
14173,0,2503,0
14175,0,2503,0
14177,0,2503,0
14179,0,2505,0
14181,0,2501,0
14183,0,2495,0
14185,0,2503,0
14187,0,2501,0
14189,0,2503,0
14191,0,2503,0
14193,0,2503,0
14195,0,2502,0
14197,0,2502,0
14199,1674,2503,1
14201,0,2501,0
14203,0,2501,0
14205,0,2502,0
14207,0,2504,0
14209,0,2503,0
14211,0,2502,0
14213,0,2501,0
14215,0,2503,0
14217,0,2501,0
14219,0,2503,0
14221,0,2502,0
14223,0,2503,0
14225,0,2503,0
14227,0,2503,0
14229,0,2503,0
14231,0,2503,0
14233,0,2504,0
14235,0,2503,0
14237,0,2503,0
14239,1674,2503,1
14241,0,2503,0
14243,0,2503,0
14245,0,2503,0
14247,0,2503,0
14249,0,2503,0
14251,0,2503,0
14253,0,2503,0
14255,0,2503,0
14257,0,2501,0
14259,0,2495,0
14261,0,2503,0
14263,0,2503,0
14265,0,2504,0
14267,0,2502,0
14269,0,2502,0
14271,0,2503,0
14274,0,2503,0
14276,0,2503,0
14278,0,2502,0
14280,1676,2504,1
14282,0,2503,0
14284,0,2495,0
14286,0,2501,0
14288,0,2503,0
14290,0,2503,0
14292,0,2503,0
14294,0,2503,0
14296,0,2501,0
14298,0,2503,0
14300,0,2496,0
14302,0,2502,0
14304,0,2501,0
14306,0,2495,0
14308,0,2502,0
14310,0,2503,0
14312,0,2502,0
14314,0,2503,0
14316,0,2503,0
14318,0,2503,0
14320,1669,2504,1
14322,0,2502,0
14324,0,2503,0
14326,0,2503,0
14328,0,2503,0
14330,0,2503,0
14332,0,2503,0
14334,0,2503,0
14336,0,2503,0
14338,0,2505,0
14340,0,2505,0
14342,0,2501,0
14344,0,2503,0
14346,0,2502,0
14348,0,2501,0
14350,0,2501,0
14352,0,2503,0
14354,0,2501,0
14356,0,2503,0
14358,0,2503,0
14360,1689,2503,1
14362,0,2503,0
14364,0,2503,0
14366,0,2503,0
14368,0,2503,0
14370,0,2507,0
14372,0,2506,0
14374,0,2501,0
14376,0,2501,0
14378,0,2495,0
14380,0,2503,0
14382,0,2495,0
14384,0,2501,0
14386,0,2504,0
14388,0,2502,0
14390,0,2503,0
14392,0,2508,0
14394,0,2504,0
14396,0,2503,0
14398,0,2501,0
14400,1705,2503,1
14402,0,2504,0
14404,0,2503,0
14406,0,2505,0
14408,0,2503,0
14410,0,2503,0
14412,0,2503,0
14414,0,2507,0
14416,0,2503,0
14418,0,2501,0
14420,0,2503,0
14422,0,2503,0
14424,0,2502,0
14426,0,2495,0
14428,0,2505,0
14430,0,2503,0
14432,0,2503,0
14434,0,2501,0
14436,0,2503,0
14438,0,2501,0
14440,1662,2505,1
14442,0,2501,0
14444,0,2503,0
14446,0,2501,0
14448,0,2503,0
14450,0,2503,0
14452,0,2495,0
14454,0,2504,0
14456,0,2503,0
14458,0,2504,0
14460,0,2501,0
14462,0,2501,0
14464,0,2503,0
14466,0,2502,0
14468,0,2500,0
14470,0,2503,0
14472,0,2501,0
14474,0,2503,0
14476,0,2503,0
14478,0,2501,0
14480,1642,2501,1
14482,0,2503,0
14484,0,2503,0
14486,0,2503,0
14488,0,2501,0
14490,0,2501,0
14492,0,2503,0
14494,0,2500,0
14496,0,2501,0
14498,0,2501,0
14500,0,2503,0
14502,0,2495,0
14504,0,2505,0
14506,0,2503,0
14508,0,2503,0
14510,0,2502,0
14512,0,2503,0
14514,0,2501,0
14516,0,2501,0
14518,1666,2502,1
14520,0,2500,0
14522,0,2507,0
14524,0,2503,0
14526,0,2501,0
14528,0,2501,0
14530,0,2503,0
14532,0,2501,0
14534,0,2503,0
14536,0,2502,0
14538,0,2501,0
14540,0,2502,0
14542,0,2503,0
14544,0,2503,0
14546,0,2502,0
14548,0,2504,0
14550,0,2503,0
14552,0,2492,0
14554,0,2495,0
14556,0,2503,0
14558,1669,2501,1
14560,0,2503,0
14562,0,2505,0
14564,0,2503,0
14566,0,2502,0
14568,0,2501,0
14570,0,2501,0
14572,0,2503,0
14574,0,2503,0
14576,0,2501,0
14578,0,2503,0
14580,0,2501,0
14582,0,2503,0
14584,0,2503,0
14586,0,2503,0
14588,0,2504,0
14590,0,2503,0
14592,0,2503,0
14594,0,2503,0
14596,0,2503,0
14598,1677,2501,1
14600,0,2503,0
14602,0,2503,0
14604,0,2503,0
14606,0,2501,0
14608,0,2505,0
14610,0,2504,0
14612,0,2503,0
14614,0,2502,0
14616,0,2502,0
14618,0,2505,0
14620,0,2505,0
14622,0,2501,0
14624,0,2503,0
14626,0,2502,0
14628,0,2501,0
14630,0,2503,0
14632,0,2503,0
14634,0,2503,0
14636,0,2502,0
14638,1677,2503,1
14640,0,2505,0
14642,0,2503,0
14644,0,2504,0
14646,0,2503,0
14648,0,2495,0
14650,0,2501,0
14652,0,2504,0
14654,0,2503,0
14656,0,2503,0
14658,0,2500,0
14660,0,2503,0
14662,0,2504,0
14664,0,2501,0
14666,0,2505,0
14668,0,2503,0
14670,0,2504,0
14672,0,2503,0
14674,0,2503,0
14676,0,2502,0
14678,1678,2505,1
14680,0,2505,0
14682,0,2503,0
14684,0,2503,0
14686,0,2501,0
14688,0,2505,0
14690,0,2503,0
14692,0,2503,0
14694,0,2503,0
14696,0,2503,0
14698,0,2503,0
14700,0,2503,0
14702,0,2503,0
14704,0,2503,0
14706,0,2503,0
14708,0,2501,0
14710,0,2503,0
14712,0,2503,0
14714,0,2503,0
14716,0,2503,0
14718,1677,2503,1
14720,0,2503,0
14722,0,2503,0
14724,0,2503,0
14726,0,2503,0
14728,0,2501,0
14730,0,2504,0
14732,0,2503,0
14734,0,2503,0
14736,0,2503,0
14738,0,2504,0
14740,0,2503,0
14742,0,2503,0
14744,0,2503,0
14746,0,2505,0
14748,0,2503,0
14750,0,2503,0
14752,0,2503,0
14754,0,2504,0
14756,0,2503,0
14758,1699,2503,1
14760,0,2501,0
14762,0,2502,0
14764,0,2503,0
14766,0,2501,0
14768,0,2504,0
14770,0,2503,0
14772,0,2501,0
14774,0,2503,0
14776,0,2503,0
14778,0,2502,0
14780,0,2502,0
14782,0,2501,0
14784,0,2502,0
14786,0,2502,0
14788,0,2503,0
14790,0,2505,0
14792,0,2501,0
14794,0,2501,0
14796,0,2503,0
14798,1701,2503,1
14800,0,2503,0
14802,0,2501,0
14804,0,2502,0
14806,0,2501,0
14808,0,2503,0
14810,0,2503,0
14812,0,2504,0
14814,0,2503,0
14816,0,2501,0
14818,0,2503,0
14820,0,2503,0
14822,0,2502,0
14824,0,2503,0
14826,0,2501,0
14828,0,2505,0
14830,0,2502,0
14832,0,2503,0
14834,0,2503,0
14836,0,2504,0
14838,1647,2503,1
14840,0,2505,0
14842,0,2504,0
14844,0,2503,0
14846,0,2503,0
14848,0,2505,0
14850,0,2503,0
14852,0,2502,0
14854,0,2503,0
14856,0,2503,0
14858,0,2501,0
14860,0,2504,0
14862,0,2503,0
14864,0,2502,0
14866,0,2503,0
14868,0,2503,0
14870,0,2502,0
14872,0,2503,0
14874,0,2503,0
14876,0,2503,0
14878,1654,2503,1
14880,0,2503,0
14882,0,2501,0
14884,0,2503,0
14886,0,2503,0
14888,0,2503,0
14890,0,2503,0
14892,0,2503,0
14894,0,2503,0
14896,0,2503,0
14898,0,2501,0
14900,0,2502,0
14902,0,2504,0
14904,0,2507,0
14906,0,2504,0
14908,0,2504,0
14910,0,2503,0
14912,0,2504,0
14914,0,2503,0
14916,1676,2503,1
14918,0,2503,0
14920,0,2503,0
14922,0,2504,0
14924,0,2503,0
14926,0,2502,0
14928,0,2503,0
14930,0,2505,0
14932,0,2503,0
14934,0,2503,0
14936,0,2505,0
14938,0,2503,0
14940,0,2504,0
14942,0,2504,0
14944,0,2503,0
14946,0,2503,0
14948,0,2503,0
14950,0,2503,0
14952,0,2503,0
14954,0,2503,0
14956,1676,2503,1
14958,0,2504,0
14960,0,2503,0
14962,0,2496,0
14964,0,2501,0
14966,0,2502,0
14968,0,2503,0
14970,0,2502,0
14972,0,2503,0
14974,0,2507,0
14976,0,2501,0
14978,0,2503,0
14980,0,2503,0
14982,0,2503,0
14984,0,2503,0
14986,0,2503,0
14988,0,2503,0
14990,0,2503,0
14992,0,2504,0
14994,0,2503,0
14996,1676,2504,1
14998,0,2503,0
15000,0,2503,0
15002,0,2503,0
15004,0,2501,0
15006,0,2504,0
15008,0,2493,0
15010,0,2503,0
15012,0,2503,0
15014,0,2503,0
15016,0,2503,0
15018,0,2503,0
15020,0,2502,0
15022,0,2505,0
15024,0,2503,0
15026,0,2504,0
15028,0,2503,0
15030,0,2504,0
15032,0,2503,0
15034,0,2502,0
15036,1671,2501,1
15038,0,2502,0
15040,0,2501,0
15042,0,2503,0
15044,0,2502,0
15046,0,2503,0
15048,0,2502,0
15050,0,2503,0
15052,0,2503,0
15054,0,2501,0
15056,0,2501,0
15058,0,2503,0
15060,0,2502,0
15062,0,2495,0
15064,0,2503,0
15066,0,2503,0
15068,0,2501,0
15070,0,2505,0
15072,0,2503,0
15074,0,2503,0
15076,1675,2505,1
15078,0,2500,0
15080,0,2503,0
15082,0,2503,0
15084,0,2503,0
15086,0,2501,0
15088,0,2502,0
15090,0,2503,0
15092,0,2503,0
15094,0,2502,0
15096,0,2503,0
15098,0,2502,0
15100,0,2503,0
15102,0,2503,0
15104,0,2502,0
15106,0,2503,0
15108,0,2503,0
15110,0,2501,0
15112,0,2503,0
15114,0,2503,0
15116,1682,2503,1
15118,0,2503,0
15120,0,2505,0
15122,0,2495,0
15124,0,2501,0
15126,0,2503,0
15128,0,2503,0
15130,0,2503,0
15132,0,2503,0
15134,0,2503,0
15136,0,2503,0
15138,0,2502,0
15140,0,2503,0
15142,0,2504,0
15144,0,2503,0
15146,0,2505,0
15148,0,2503,0
15150,0,2503,0
15152,0,2504,0
15154,0,2503,0
15156,1703,2503,1
15158,0,2502,0
15160,0,2502,0
15162,0,2502,0
15164,0,2503,0
15166,0,2503,0
15168,0,2504,0
15170,0,2503,0
15172,0,2504,0
15174,0,2504,0
15176,0,2503,0
15178,0,2503,0
15180,0,2495,0
15182,0,2505,0
15184,0,2504,0
15186,0,2505,0
15188,0,2503,0
15190,0,2505,0
15192,0,2502,0
15194,0,2504,0
15196,1679,2504,1
15198,0,2503,0
15200,0,2505,0
15202,0,2503,0
15204,0,2501,0
15206,0,2507,0
15208,0,2503,0
15210,0,2503,0
15212,0,2503,0
15214,0,2504,0
15216,0,2503,0
15218,0,2503,0
15220,0,2504,0
15222,0,2503,0
15224,0,2503,0
15226,0,2495,0
15228,0,2504,0
15230,0,2503,0
15232,0,2505,0
15234,0,2503,0
15236,1649,2503,1
15238,0,2503,0
15240,0,2503,0
15242,0,2501,0
15244,0,2503,0
15246,0,2503,0
15248,0,2501,0
15250,0,2503,0
15252,0,2502,0
15254,0,2503,0
15256,0,2505,0
15258,0,2502,0
15260,0,2502,0
15262,0,2503,0
15264,0,2503,0
15266,0,2502,0
15268,0,2505,0
15270,0,2501,0
15272,0,2503,0
15274,1661,2501,1
15276,0,2503,0
15278,0,2496,0
15280,0,2501,0
15282,0,2502,0
15284,0,2505,0
15286,0,2503,0
15288,0,2501,0
15290,0,2503,0
15292,0,2504,0
15294,0,2503,0
15296,0,2504,0
15298,0,2495,0
15300,0,2503,0
15302,0,2505,0
15304,0,2502,0
15306,0,2501,0
15308,0,2504,0
15310,0,2504,0
15312,0,2503,0
15314,1670,2503,1
15316,0,2503,0
15318,0,2503,0
15320,0,2503,0
15322,0,2504,0
15324,0,2505,0
15326,0,2502,0
15328,0,2503,0
15330,0,2501,0
15332,0,2503,0
15334,0,2503,0
15336,0,2493,0
15338,0,2503,0
15340,0,2503,0
15342,0,2501,0
15344,0,2503,0
15346,0,2503,0
15348,0,2503,0
15350,0,2503,0
15352,0,2503,0
15354,1679,2503,1
15356,0,2501,0
15358,0,2502,0
15360,0,2503,0
15362,0,2504,0
15364,0,2503,0
15366,0,2503,0
15368,0,2495,0
15370,0,2495,0
15372,0,2503,0
15374,0,2503,0
15376,0,2503,0
15378,0,2502,0
15380,0,2503,0
15382,0,2503,0
15384,0,2501,0
15386,0,2503,0
15388,0,2503,0
15390,0,2501,0
15392,0,2503,0
15394,1676,2503,1
15396,0,2503,0
15398,0,2503,0
15400,0,2503,0
15402,0,2501,0
15404,0,2503,0
15406,0,2501,0
15408,0,2503,0
15410,0,2502,0
15412,0,2503,0
15414,0,2501,0
15416,0,2503,0
15418,0,2503,0
15420,0,2502,0
15422,0,2501,0
15424,0,2503,0
15426,0,2502,0
15428,0,2504,0
15430,0,2503,0
15432,0,2495,0
15434,1671,2503,1
15436,0,2503,0
15438,0,2503,0
15440,0,2503,0
15442,0,2504,0
15444,0,2503,0
15446,0,2501,0
15448,0,2503,0
15450,0,2505,0
15452,0,2504,0
15454,0,2503,0
15456,0,2503,0
15458,0,2501,0
15460,0,2503,0
15462,0,2502,0
15464,0,2503,0
15466,0,2503,0
15468,0,2504,0
15470,0,2503,0
15472,0,2502,0
15474,1672,2502,1
15476,0,2501,0
15478,0,2488,0
15480,0,2501,0
15482,0,2503,0
15484,0,2502,0
15486,0,2501,0
15488,0,2505,0
15490,0,2503,0
15492,0,2501,0
15494,0,2503,0
15496,0,2503,0
15498,0,2502,0
15500,0,2501,0
15502,0,2503,0
15504,0,2501,0
15506,0,2504,0
15508,0,2504,0
15510,0,2503,0
15512,0,2503,0
15514,1692,2503,1
15516,0,2504,0
15518,0,2500,0
15520,0,2503,0
15522,0,2503,0
15524,0,2503,0
15526,0,2502,0
15528,0,2505,0
15530,0,2503,0
15532,0,2503,0
15534,0,2503,0
15536,0,2503,0
15538,0,2491,0
15540,0,2503,0
15542,0,2503,0
15544,0,2503,0
15546,0,2503,0
15548,0,2503,0
15550,0,2503,0
15552,0,2503,0
15554,1706,2504,1
15556,0,2503,0
15558,0,2501,0
15560,0,2503,0
15562,0,2504,0
15564,0,2503,0
15566,0,2504,0
15568,0,2505,0
15570,0,2504,0
15572,0,2503,0
15574,0,2502,0
15576,0,2504,0
15578,0,2503,0
15580,0,2501,0
15582,0,2504,0
15584,0,2502,0
15586,0,2503,0
15588,0,2502,0
15590,0,2503,0
15592,0,2503,0
15594,1660,2503,1
15596,0,2503,0
15598,0,2503,0
15600,0,2502,0
15602,0,2501,0
15604,0,2503,0
15606,0,2503,0
15608,0,2503,0
15610,0,2503,0
15612,0,2503,0
15614,0,2503,0
15616,0,2501,0
15618,0,2503,0
15620,0,2503,0
15622,0,2503,0
15624,0,2503,0
15626,0,2503,0
15628,0,2504,0
15630,0,2503,0
15632,0,2503,0
15634,1649,2505,1
15636,0,2504,0
15638,0,2504,0
15640,0,2504,0
15642,0,2503,0
15644,0,2503,0
15646,0,2503,0
15648,0,2503,0
15650,0,2503,0
15652,0,2504,0
15654,0,2503,0
15656,0,2503,0
15658,0,2501,0
15660,0,2503,0
15662,0,2503,0
15664,0,2503,0
15666,0,2503,0
15668,0,2503,0
15670,0,2503,0
15672,1661,2503,1
15674,0,2496,0
15676,0,2503,0
15678,0,2495,0
15680,0,2505,0
15682,0,2503,0
15684,0,2504,0
15686,0,2504,0
15688,0,2503,0
15690,0,2504,0
15692,0,2503,0
15694,0,2504,0
15696,0,2501,0
15698,0,2503,0
15700,0,2501,0
15702,0,2503,0
15704,0,2503,0
15706,0,2503,0
15708,0,2504,0
15710,0,2503,0
15712,1665,2505,1
15714,0,2504,0
15716,0,2501,0
15718,0,2504,0
15720,0,2503,0
15722,0,2501,0
15724,0,2503,0
15726,0,2503,0
15728,0,2501,0
15730,0,2503,0
15732,0,2503,0
15734,0,2503,0
15736,0,2503,0
15738,0,2502,0
15740,0,2503,0
15742,0,2501,0
15744,0,2503,0
15746,0,2504,0
15748,0,2503,0
15750,0,2502,0
15752,1677,2503,1
15754,0,2505,0
15756,0,2503,0
15758,0,2503,0
15760,0,2502,0
15762,0,2505,0
15764,0,2502,0
15766,0,2503,0
15768,0,2503,0
15770,0,2505,0
15772,0,2502,0
15774,0,2503,0
15776,0,2504,0
15778,0,2503,0
15780,0,2503,0
15782,0,2503,0
15784,0,2503,0
15786,0,2503,0
15788,0,2503,0
15790,0,2504,0
15792,1671,2505,1
15794,0,2503,0
15796,0,2504,0
15798,0,2501,0
15800,0,2503,0
15802,0,2503,0
15804,0,2503,0
15806,0,2503,0
15808,0,2496,0
15810,0,2505,0
15812,0,2503,0
15814,0,2503,0
15816,0,2503,0
15818,0,2503,0
15820,0,2503,0
15822,0,2503,0
15824,0,2501,0
15826,0,2503,0
15828,0,2503,0
15830,0,2505,0
15832,1672,2502,1
15834,0,2504,0
15836,0,2504,0
15838,0,2503,0
15840,0,2503,0
15842,0,2501,0
15844,0,2505,0
15846,0,2504,0
15848,0,2503,0
15850,0,2496,0
15852,0,2501,0
15854,0,2503,0
15856,0,2503,0
15858,0,2504,0
15860,0,2505,0
15862,0,2507,0
15864,0,2504,0
15866,0,2503,0
15868,0,2503,0
15870,0,2503,0
15872,1675,2504,1
15874,0,2504,0
15876,0,2503,0
15878,0,2503,0
15880,0,2504,0
15882,0,2503,0
15884,0,2503,0
15886,0,2503,0
15888,0,2503,0
15890,0,2503,0
15892,0,2505,0
15894,0,2505,0
15896,0,2503,0
15898,0,2503,0
15900,0,2504,0
15902,0,2503,0
15904,0,2503,0
15906,0,2503,0
15908,0,2504,0
15910,0,2503,0
15912,1698,2503,1
15914,0,2504,0
15916,0,2502,0
15918,0,2504,0
15920,0,2503,0
15922,0,2503,0
15924,0,2501,0
15926,0,2496,0
15928,0,2502,0
15930,0,2501,0
15932,0,2502,0
15934,0,2496,0
15936,0,2503,0
15938,0,2503,0
15940,0,2503,0
15942,0,2502,0
15944,0,2503,0
15946,0,2508,0
15948,0,2503,0
15950,0,2503,0
15952,1698,2503,1
15954,0,2496,0
15956,0,2502,0
15958,0,2502,0
15960,0,2504,0
15962,0,2502,0
15964,0,2503,0
15966,0,2503,0
15968,0,2503,0
15970,0,2503,0
15972,0,2500,0
15974,0,2504,0
15976,0,2503,0
15978,0,2503,0
15980,0,2501,0
15982,0,2503,0
15984,0,2503,0
15986,0,2503,0
15988,0,2505,0
15990,0,2493,0
15992,1652,2503,1
15994,0,2504,0
15996,0,2503,0
15998,0,2504,0
16000,0,2495,0
16002,0,2503,0
16004,0,2505,0
16006,0,2504,0
16008,0,2503,0
16010,0,2503,0
16012,0,2502,0
16014,0,2503,0
16016,0,2503,0
16018,0,2503,0
16020,0,2495,0
16022,0,2503,0
16024,0,2504,0
16026,0,2503,0
16028,0,2503,0
16030,0,2503,0
16032,1653,2503,1
16034,0,2505,0
16036,0,2503,0
16038,0,2503,0
16040,0,2503,0
16042,0,2508,0
16044,0,2503,0
16046,0,2504,0
16048,0,2503,0
16050,0,2502,0
16052,0,2502,0
16054,0,2503,0
16056,0,2505,0
16058,0,2504,0
16060,0,2503,0
16062,0,2505,0
16064,0,2504,0
16066,0,2504,0
16068,0,2504,0
16070,1675,2503,1
16072,0,2504,0
16074,0,2504,0
16076,0,2501,0
16078,0,2503,0
16080,0,2503,0
16082,0,2503,0
16084,0,2505,0
16086,0,2504,0
16088,0,2503,0
16090,0,2503,0
16092,0,2503,0
16094,0,2505,0
16096,0,2503,0
16098,0,2496,0
16100,0,2504,0
16102,0,2503,0
16104,0,2503,0
16106,0,2505,0
16108,0,2505,0
16110,1668,2503,1
16112,0,2503,0
16114,0,2503,0
16116,0,2504,0
16118,0,2504,0
16120,0,2503,0
16122,0,2503,0
16125,0,2504,0
16127,0,2505,0
16129,0,2503,0
16131,0,2502,0
16133,0,2501,0
16135,0,2504,0
16137,0,2503,0
16139,0,2503,0
16141,0,2505,0
16143,0,2503,0
16145,0,2505,0
16147,0,2503,0
16149,0,2503,0
16151,1673,2504,1
16153,0,2503,0
16155,0,2501,0
16157,0,2504,0
16159,0,2504,0
16161,0,2503,0
16163,0,2494,0
16165,0,2502,0
16167,0,2503,0
16169,0,2503,0
16171,0,2503,0
16173,0,2503,0
16175,0,2503,0
16177,0,2503,0
16179,0,2504,0
16181,0,2504,0
16183,0,2503,0
16185,0,2503,0
16187,0,2505,0
16189,0,2505,0
16191,1671,2503,1
16193,0,2506,0
16195,0,2503,0
16197,0,2496,0
16199,0,2503,0
16201,0,2503,0
16203,0,2505,0
16205,0,2503,0
16207,0,2507,0
16209,0,2503,0
16211,0,2504,0
16213,0,2503,0
16215,0,2504,0
16217,0,2503,0
16219,0,2504,0
16221,0,2504,0
16223,0,2503,0
16225,0,2503,0
16227,0,2504,0
16229,0,2501,0
16231,1675,2503,1
16233,0,2505,0
16235,0,2503,0
16237,0,2503,0
16239,0,2493,0
16241,0,2518,0
16243,0,2502,0
16245,0,2504,0
16247,0,2503,0
16249,0,2503,0
16251,0,2502,0
16253,0,2505,0
16255,0,2503,0
16257,0,2504,0
16259,0,2503,0
16261,0,2503,0
16263,0,2503,0
16265,0,2503,0
16267,0,2504,0
16269,0,2502,0
16271,1681,2501,1
16273,0,2503,0
16275,0,2503,0
16277,0,2501,0
16279,0,2503,0
16281,0,2504,0
16283,0,2503,0
16285,0,2503,0
16287,0,2503,0
16289,0,2503,0
16291,0,2502,0
16293,0,2501,0
16295,0,2503,0
16297,0,2503,0
16299,0,2503,0
16301,0,2501,0
16303,0,2503,0
16305,0,2502,0
16307,0,2503,0
16309,0,2503,0
16311,1706,2503,1
16313,0,2506,0
16315,0,2504,0
16317,0,2503,0
16319,0,2503,0
16321,0,2505,0
16323,0,2503,0
16325,0,2505,0
16327,0,2503,0
16329,0,2503,0
16331,0,2503,0
16333,0,2503,0
16335,0,2496,0
16337,0,2503,0
16339,0,2502,0
16341,0,2503,0
16343,0,2505,0
16345,0,2505,0
16347,0,2503,0
16349,0,2505,0
16351,1674,2501,1
16353,0,2503,0
16355,0,2504,0
16357,0,2501,0
16359,0,2505,0
16361,0,2503,0
16363,0,2504,0
16365,0,2504,0
16367,0,2502,0
16369,0,2500,0
16371,0,2503,0
16373,0,2504,0
16375,0,2503,0
16377,0,2505,0
16379,0,2503,0
16381,0,2503,0
16383,0,2504,0
16385,0,2503,0
16387,0,2503,0
16389,0,2503,0
16391,1644,2504,1
16393,0,2504,0
16395,0,2503,0
16397,0,2503,0
16399,0,2503,0
16401,0,2501,0
16403,0,2501,0
16405,0,2503,0
16407,0,2503,0
16409,0,2503,0
16411,0,2507,0
16413,0,2508,0
16415,0,2503,0
16417,0,2503,0
16419,0,2503,0
16421,0,2502,0
16423,0,2503,0
16425,0,2504,0
16427,0,2503,0
16429,1664,2503,1
16431,0,2505,0
16433,0,2502,0
16435,0,2505,0
16437,0,2503,0
16439,0,2504,0
16441,0,2507,0
16443,0,2503,0
16445,0,2505,0
16447,0,2504,0
16449,0,2503,0
16451,0,2503,0
16453,0,2503,0
16455,0,2503,0
16457,0,2503,0
16459,0,2504,0
16461,0,2502,0
16463,0,2502,0
16465,0,2505,0
16467,0,2503,0
16469,1676,2503,1
16471,0,2505,0
16473,0,2503,0
16475,0,2503,0
16477,0,2503,0
16479,0,2503,0
16481,0,2505,0
16483,0,2503,0
16485,0,2507,0
16487,0,2503,0
16489,0,2504,0
16491,0,2503,0
16493,0,2505,0
16495,0,2503,0
16497,0,2503,0
16499,0,2503,0
16501,0,2504,0
16503,0,2503,0
16505,0,2504,0
16507,0,2507,0
16509,1675,2503,1
16511,0,2502,0
16513,0,2503,0
16515,0,2503,0
16517,0,2505,0
16519,0,2503,0
16521,0,2503,0
16523,0,2504,0
16525,0,2504,0
16527,0,2503,0
16529,0,2501,0
16531,0,2505,0
16533,0,2503,0
16535,0,2507,0
16537,0,2505,0
16539,0,2500,0
16541,0,2503,0
16543,0,2504,0
16545,0,2501,0
16547,0,2507,0
16549,1670,2503,1
16551,0,2504,0
16553,0,2503,0
16555,0,2503,0
16557,0,2504,0
16559,0,2503,0
16561,0,2504,0
16563,0,2505,0
16565,0,2503,0
16567,0,2505,0
16569,0,2503,0
16571,0,2503,0
16573,0,2503,0
16575,0,2505,0
16577,0,2504,0
16579,0,2503,0
16581,0,2503,0
16583,0,2503,0
16585,0,2503,0
16587,0,2495,0
16589,1677,2503,1
16591,0,2503,0
16593,0,2502,0
16595,0,2505,0
16597,0,2501,0
16599,0,2503,0
16601,0,2503,0
16603,0,2501,0
16605,0,2503,0
16607,0,2508,0
16609,0,2504,0
16611,0,2504,0
16613,0,2502,0
16615,0,2503,0
16617,0,2504,0
16619,0,2503,0
16621,0,2503,0
16623,0,2503,0
16625,0,2503,0
16627,0,2503,0
16629,1677,2503,1
16631,0,2503,0
16633,0,2503,0
16635,0,2504,0
16637,0,2503,0
16639,0,2501,0
16641,0,2504,0
16643,0,2504,0
16645,0,2502,0
16647,0,2502,0
16649,0,2503,0
16651,0,2503,0
16653,0,2503,0
16655,0,2502,0
16657,0,2503,0
16659,0,2502,0
16661,0,2508,0
16663,0,2503,0
16665,0,2504,0
16667,0,2503,0
16669,1694,2505,1
16671,0,2503,0
16673,0,2503,0
16675,0,2503,0
16677,0,2503,0
16679,0,2503,0
16681,0,2502,0
16683,0,2503,0
16685,0,2501,0
16687,0,2501,0
16689,0,2503,0
16691,0,2503,0
16693,0,2500,0
16695,0,2502,0
16697,0,2503,0
16699,0,2505,0
16701,0,2503,0
16703,0,2503,0
16705,0,2504,0
16707,0,2505,0
16709,1701,2501,1
16711,0,2503,0
16713,0,2501,0
16715,0,2495,0
16717,0,2503,0
16719,0,2501,0
16721,0,2503,0
16723,0,2505,0
16725,0,2504,0
16727,0,2509,0
16729,0,2503,0
16731,0,2501,0
16733,0,2505,0
16735,0,2501,0
16737,0,2503,0
16739,0,2503,0
16741,0,2502,0
16743,0,2503,0
16745,0,2503,0
16747,0,2503,0
16749,1654,2501,1
16751,0,2503,0
16753,0,2503,0
16755,0,2503,0
16757,0,2502,0
16759,0,2501,0
16761,0,2503,0
16763,0,2503,0
16765,0,2503,0
16767,0,2503,0
16769,0,2503,0
16771,0,2506,0
16773,0,2503,0
16775,0,2503,0
16777,0,2504,0
16779,0,2503,0
16781,0,2503,0
16783,0,2503,0
16785,0,2503,0
16787,0,2504,0
16789,1643,2502,1
16791,0,2502,0
16793,0,2505,0
16795,0,2503,0
16797,0,2503,0
16799,0,2504,0
16801,0,2504,0
16803,0,2502,0
16805,0,2502,0
16807,0,2503,0
16809,0,2505,0
16811,0,2503,0
16813,0,2502,0
16815,0,2503,0
16817,0,2503,0
16819,0,2503,0
16821,0,2503,0
16823,0,2503,0
16825,0,2507,0
16827,1667,2503,1
16829,0,2505,0
16831,0,2503,0
16833,0,2505,0
16835,0,2505,0
16837,0,2503,0
16839,0,2505,0
16841,0,2502,0
16843,0,2503,0
16845,0,2502,0
16847,0,2503,0
16849,0,2504,0
16851,0,2503,0
16853,0,2503,0
16855,0,2502,0
16857,0,2502,0
16859,0,2503,0
16861,0,2495,0
16863,0,2501,0
16865,0,2501,0
16867,1671,2501,1
16869,0,2503,0
16871,0,2503,0
16873,0,2502,0
16875,0,2505,0
16877,0,2503,0
16879,0,2503,0
16881,0,2503,0
16883,0,2503,0
16885,0,2503,0
16887,0,2503,0
16889,0,2503,0
16891,0,2503,0
16893,0,2500,0
16895,0,2495,0
16897,0,2503,0
16899,0,2502,0
16901,0,2503,0
16903,0,2501,0
16905,0,2503,0
16907,1675,2503,1
16909,0,2502,0
16911,0,2503,0
16913,0,2503,0
16915,0,2503,0
16917,0,2503,0
16919,0,2503,0
16921,0,2503,0
16923,0,2495,0
16925,0,2501,0
16927,0,2503,0
16929,0,2503,0
16931,0,2503,0
16933,0,2503,0
16935,0,2503,0
16937,0,2503,0
16939,0,2503,0
16941,0,2503,0
16943,0,2487,0
16945,0,2505,0
16947,1668,2503,1
16949,0,2503,0
16951,0,2500,0
16953,0,2501,0
16955,0,2503,0
16957,0,2501,0
16959,0,2501,0
16961,0,2503,0
16963,0,2503,0
16965,0,2503,0
16967,0,2501,0
16969,0,2503,0
16971,0,2503,0
16973,0,2499,0
16975,0,2503,0
16977,0,2502,0
16979,0,2501,0
16981,0,2503,0
16983,0,2511,0
16985,0,2501,0
16987,1672,2503,1
16989,0,2503,0
16991,0,2503,0
16993,0,2503,0
16995,0,2495,0
16997,0,2502,0
16999,0,2503,0
17001,0,2503,0
17003,0,2503,0
17005,0,2503,0
17007,0,2502,0
17009,0,2503,0
17011,0,2502,0
17013,0,2495,0
17015,0,2503,0
17017,0,2503,0
17019,0,2503,0
17021,0,2503,0
17023,0,2504,0
17025,0,2503,0
17027,1677,2503,1
17029,0,2503,0
17031,0,2504,0
17033,0,2503,0
17035,0,2503,0
17037,0,2504,0
17039,0,2503,0
17041,0,2503,0
17043,0,2504,0
17045,0,2503,0
17047,0,2504,0
17049,0,2504,0
17051,0,2503,0
17053,0,2505,0
17055,0,2504,0
17057,0,2505,0
17059,0,2503,0
17061,0,2503,0
17063,0,2503,0
17065,0,2509,0
17067,1701,2505,1
17069,0,2503,0
17071,0,2503,0
17073,0,2504,0
17075,0,2503,0
17077,0,2505,0
17079,0,2503,0
17081,0,2505,0
17083,0,2496,0
17085,0,2504,0
17087,0,2500,0
17089,0,2503,0
17091,0,2501,0
17093,0,2501,0
17095,0,2503,0
17097,0,2503,0
17099,0,2503,0
17101,0,2504,0
17103,0,2503,0
17105,0,2503,0
17107,1685,2503,1
17109,0,2504,0
17111,0,2503,0
17113,0,2503,0
17115,0,2503,0
17117,0,2503,0
17119,0,2504,0
17121,0,2505,0
17123,0,2495,0
17125,0,2504,0
17127,0,2505,0
17129,0,2502,0
17131,0,2505,0
17133,0,2504,0
17135,0,2504,0
17137,0,2503,0
17139,0,2487,0
17141,0,2508,0
17143,0,2501,0
17145,0,2503,0
17147,1648,2505,1
17149,0,2504,0
17151,0,2504,0
17153,0,2503,0
17155,0,2503,0
17157,0,2503,0
17159,0,2503,0
17161,0,2503,0
17163,0,2504,0
17165,0,2503,0
17167,0,2504,0
17169,0,2503,0
17171,0,2492,0
17173,0,2504,0
17175,0,2503,0
17177,0,2503,0
17179,0,2503,0
17181,0,2503,0
17183,0,2501,0
17185,1662,2503,1
17187,0,2503,0
17189,0,2502,0
17191,0,2495,0
17193,0,2507,0
17195,0,2503,0
17197,0,2503,0
17199,0,2505,0
17201,0,2503,0
17203,0,2507,0
17205,0,2505,0
17207,0,2504,0
17209,0,2503,0
17211,0,2502,0
17213,0,2505,0
17215,0,2506,0
17217,0,2503,0
17219,0,2503,0
17221,0,2503,0
17223,0,2504,0
17225,1674,2503,1
17227,0,2503,0
17229,0,2504,0
17231,0,2501,0
17233,0,2503,0
17235,0,2503,0
17237,0,2505,0
17239,0,2503,0
17241,0,2504,0
17243,0,2503,0
17245,0,2503,0
17247,0,2504,0
17249,0,2503,0
17251,0,2503,0
17253,0,2503,0
17255,0,2503,0
17257,0,2504,0
17259,0,2503,0
17261,0,2503,0
17263,0,2503,0
17265,1681,2502,1
17267,0,2503,0
17269,0,2504,0
17271,0,2503,0
17273,0,2504,0
17275,0,2503,0
17277,0,2504,0
17279,0,2504,0
17281,0,2503,0
17283,0,2503,0
17285,0,2503,0
17287,0,2503,0
17289,0,2503,0
17291,0,2504,0
17293,0,2503,0
17295,0,2501,0
17297,0,2503,0
17299,0,2503,0
17301,0,2501,0
17303,0,2504,0
17305,1673,2504,1
17307,0,2501,0
17309,0,2503,0
17311,0,2503,0
17313,0,2503,0
17315,0,2501,0
17317,0,2503,0
17319,0,2503,0
17321,0,2503,0
17323,0,2503,0
17325,0,2503,0
17327,0,2503,0
17329,0,2502,0
17331,0,2504,0
17333,0,2504,0
17335,0,2502,0
17337,0,2503,0
17339,0,2503,0
17341,0,2503,0
17343,0,2502,0
17345,1673,2503,1
17347,0,2503,0
17349,0,2503,0
17351,0,2503,0
17353,0,2503,0
17355,0,2501,0
17357,0,2503,0
17359,0,2504,0
17361,0,2503,0
17363,0,2503,0
17365,0,2503,0
17367,0,2502,0
17369,0,2502,0
17371,0,2503,0
17373,0,2504,0
17375,0,2503,0
17377,0,2503,0
17379,0,2503,0
17381,0,2503,0
17383,0,2503,0
17385,1676,2503,1
17387,0,2503,0
17389,0,2503,0
17391,0,2503,0
17393,0,2503,0
17395,0,2503,0
17397,0,2503,0
17399,0,2503,0
17401,0,2501,0
17403,0,2501,0
17405,0,2503,0
17407,0,2505,0
17409,0,2503,0
17411,0,2503,0
17413,0,2505,0
17415,0,2503,0
17417,0,2505,0
17419,0,2506,0
17421,0,2503,0
17423,0,2501,0
17425,1697,2496,1
17427,0,2505,0
17429,0,2503,0
17431,0,2503,0
17433,0,2502,0
17435,0,2503,0
17437,0,2503,0
17439,0,2502,0
17441,0,2495,0
17443,0,2504,0
17445,0,2504,0
17447,0,2504,0
17449,0,2503,0
17451,0,2496,0
17453,0,2505,0
17455,0,2503,0
17457,0,2503,0
17459,0,2503,0
17461,0,2503,0
17463,0,2504,0
17465,1698,2501,1
17467,0,2505,0
17469,0,2503,0
17471,0,2501,0
17473,0,2503,0
17475,0,2503,0
17477,0,2503,0
17479,0,2504,0
17481,0,2503,0
17483,0,2503,0
17485,0,2502,0
17487,0,2501,0
17489,0,2501,0
17491,0,2503,0
17493,0,2503,0
17495,0,2505,0
17497,0,2501,0
17499,0,2503,0
17501,0,2503,0
17503,0,2503,0
17505,1661,2503,1
17507,0,2503,0
17509,0,2503,0
17511,0,2504,0
17513,0,2496,0
17515,0,2503,0
17517,0,2505,0
17519,0,2496,0
17521,0,2503,0
17523,0,2501,0
17525,0,2502,0
17527,0,2503,0
17529,0,2503,0
17531,0,2503,0
17533,0,2503,0
17535,0,2503,0
17537,0,2501,0
17539,0,2502,0
17541,0,2504,0
17543,0,2505,0
17545,1651,2503,1
17547,0,2503,0
17549,0,2505,0
17551,0,2503,0
17553,0,2504,0
17555,0,2503,0
17557,0,2501,0
17559,0,2505,0
17561,0,2503,0
17563,0,2503,0
17565,0,2503,0
17567,0,2503,0
17569,0,2501,0
17571,0,2502,0
17573,0,2503,0
17575,0,2503,0
17577,0,2503,0
17579,0,2503,0
17581,0,2503,0
17583,1669,2503,1
17585,0,2503,0
17587,0,2503,0
17589,0,2502,0
17591,0,2501,0
17593,0,2502,0
17595,0,2496,0
17597,0,2479,0
17599,0,2503,0
17601,0,2501,0
17603,0,2501,0
17605,0,2495,0
17607,0,2506,0
17609,0,2501,0
17611,0,2503,0
17613,0,2504,0
17615,0,2495,0
17617,0,2503,0
17619,0,2503,0
17621,0,2503,0
17623,1676,2503,1
17625,0,2502,0
17627,0,2503,0
17629,0,2502,0
17631,0,2503,0
17633,0,2503,0
17635,0,2505,0
17637,0,2503,0
17639,0,2503,0
17641,0,2503,0
17643,0,2503,0
17645,0,2503,0
17647,0,2503,0
17649,0,2503,0
17651,0,2503,0
17653,0,2503,0
17655,0,2501,0
17657,0,2496,0
17659,0,2505,0
17661,0,2503,0
17663,1675,2503,1
17665,0,2505,0
17667,0,2504,0
17669,0,2502,0
17671,0,2504,0
17673,0,2502,0
17675,0,2503,0
17677,0,2503,0
17679,0,2505,0
17681,0,2501,0
17683,0,2504,0
17685,0,2503,0
17687,0,2505,0
17689,0,2503,0
17691,0,2503,0
17693,0,2502,0
17695,0,2503,0
17697,0,2503,0
17699,0,2501,0
17701,0,2503,0
17703,1680,2503,1
17705,0,2503,0
17707,0,2503,0
17709,0,2502,0
17711,0,2505,0
17713,0,2501,0
17715,0,2503,0
17717,0,2503,0
17719,0,2502,0
17721,0,2503,0
17723,0,2504,0
17725,0,2503,0
17727,0,2503,0
17729,0,2503,0
17731,0,2505,0
17733,0,2495,0
17735,0,2503,0
17737,0,2503,0
17739,0,2503,0
17741,0,2503,0
17743,1676,2503,1
17745,0,2505,0
17747,0,2503,0
17749,0,2504,0
17751,0,2503,0
17753,0,2502,0
17755,0,2503,0
17757,0,2503,0
17759,0,2503,0
17761,0,2503,0
17763,0,2495,0
17765,0,2494,0
17767,0,2503,0
17769,0,2503,0
17771,0,2503,0
17773,0,2501,0
17775,0,2505,0
17777,0,2503,0
17779,0,2503,0
17781,0,2505,0
17783,1674,2503,1
17785,0,2487,0
17787,0,2503,0
17789,0,2503,0
17791,0,2503,0
17793,0,2504,0
17795,0,2504,0
17797,0,2504,0
17799,0,2503,0
17801,0,2503,0
17803,0,2501,0
17805,0,2503,0
17807,0,2503,0
17809,0,2503,0
17811,0,2504,0
17813,0,2503,0
17815,0,2503,0
17817,0,2505,0
17819,0,2503,0
17821,0,2505,0
17823,1702,2504,1
17825,0,2504,0
17827,0,2503,0
17829,0,2503,0
17831,0,2505,0
17833,0,2504,0
17835,0,2505,0
17837,0,2503,0
17839,0,2503,0
17841,0,2503,0
17843,0,2501,0
17845,0,2503,0
17847,0,2503,0
17849,0,2504,0
17851,0,2504,0
17853,0,2496,0
17855,0,2503,0
17857,0,2504,0
17859,0,2504,0
17861,0,2504,0
17863,1689,2503,1
17865,0,2503,0
17867,0,2504,0
17869,0,2504,0
17871,0,2503,0
17873,0,2503,0
17875,0,2505,0
17877,0,2505,0
17879,0,2504,0
17881,0,2504,0
17883,0,2504,0
17885,0,2503,0
17887,0,2503,0
17889,0,2503,0
17891,0,2503,0
17893,0,2503,0
17895,0,2504,0
17897,0,2503,0
17899,0,2504,0
17901,0,2503,0
17903,1638,2505,1
17905,0,2503,0
17907,0,2495,0
17909,0,2504,0
17911,0,2504,0
17913,0,2502,0
17915,0,2500,0
17917,0,2503,0
17919,0,2502,0
17921,0,2501,0
17923,0,2503,0
17925,0,2504,0
17927,0,2503,0
17929,0,2502,0
17931,0,2503,0
17933,0,2503,0
17935,0,2504,0
17937,0,2502,0
17939,0,2504,0
17941,1666,2502,1
17943,0,2503,0
17945,0,2503,0
17947,0,2503,0
17949,0,2503,0
17951,0,2503,0
17954,0,2503,0
17956,0,2503,0
17958,0,2503,0
17960,0,2503,0
17962,0,2504,0
17964,0,2503,0
17966,0,2503,0
17968,0,2503,0
17970,0,2504,0
17972,0,2503,0
17974,0,2493,0
17976,0,2503,0
17978,0,2503,0
17980,0,2503,0
17982,1675,2501,1
17984,0,2504,0
17986,0,2503,0
17988,0,2503,0
17990,0,2503,0
17992,0,2503,0
17994,0,2504,0
17996,0,2503,0
17998,0,2504,0
18000,0,2503,0
18002,0,2503,0
18004,0,2503,0
18006,0,2503,0
18008,0,2507,0
18010,0,2503,0
18012,0,2504,0
18014,0,2501,0
18016,0,2503,0
18018,0,2502,0
18020,0,2504,0
18022,1677,2503,1
18024,0,2503,0
18026,0,2503,0
18028,0,2505,0
18030,0,2505,0
18032,0,2503,0
18034,0,2503,0
18036,0,2501,0
18038,0,2503,0
18040,0,2505,0
18042,0,2503,0
18044,0,2503,0
18046,0,2503,0
18048,0,2503,0
18050,0,2503,0
18052,0,2505,0
18054,0,2503,0
18056,0,2503,0
18058,0,2503,0
18060,0,2503,0
18062,1669,2504,1
18064,0,2503,0
18066,0,2503,0
18068,0,2503,0
18070,0,2503,0
18072,0,2505,0
18074,0,2502,0
18076,0,2502,0
18078,0,2505,0
18080,0,2504,0
18082,0,2504,0
18084,0,2502,0
18086,0,2505,0
18088,0,2503,0
18090,0,2502,0
18092,0,2502,0
18094,0,2503,0
18096,0,2504,0
18098,0,2503,0
18100,0,2502,0
18102,1673,2505,1
18104,0,2505,0
18106,0,2502,0
18108,0,2503,0
18110,0,2503,0
18112,0,2502,0
18114,0,2502,0
18116,0,2501,0
18118,0,2504,0
18120,0,2503,0
18122,0,2503,0
18124,0,2504,0
18126,0,2503,0
18128,0,2504,0
18130,0,2503,0
18132,0,2503,0
18134,0,2503,0
18136,0,2503,0
18138,0,2501,0
18140,0,2504,0
18142,1667,2503,1
18144,0,2501,0
18146,0,2503,0
18148,0,2496,0
18150,0,2502,0
18152,0,2503,0
18154,0,2502,0
18156,0,2503,0
18158,0,2505,0
18160,0,2503,0
18162,0,2504,0
18164,0,2503,0
18166,0,2504,0
18168,0,2501,0
18170,0,2502,0
18172,0,2501,0
18174,0,2505,0
18176,0,2503,0
18178,0,2504,0
18180,0,2504,0
18182,1691,2496,1
18184,0,2505,0
18186,0,2503,0
18188,0,2503,0
18190,0,2505,0
18192,0,2502,0
18194,0,2502,0
18196,0,2501,0
18198,0,2502,0
18200,0,2502,0
18202,0,2504,0
18204,0,2496,0
18206,0,2505,0
18208,0,2503,0
18210,0,2503,0
18212,0,2504,0
18214,0,2503,0
18216,0,2503,0
18218,0,2503,0
18220,0,2503,0
18222,1706,2503,1
18224,0,2503,0
18226,0,2501,0
18228,0,2503,0
18230,0,2503,0
18232,0,2504,0
18234,0,2503,0
18236,0,2501,0
18238,0,2505,0
18240,0,2503,0
18242,0,2501,0
18244,0,2504,0
18246,0,2503,0
18248,0,2503,0
18250,0,2502,0
18252,0,2503,0
18254,0,2501,0
18256,0,2504,0
18258,0,2503,0
18260,0,2503,0
18262,1671,2504,1
18264,0,2504,0
18266,0,2503,0
18268,0,2503,0
18270,0,2491,0
18272,0,2502,0
18274,0,2501,0
18276,0,2503,0
18278,0,2503,0
18280,0,2505,0
18282,0,2503,0
18284,0,2503,0
18286,0,2496,0
18288,0,2495,0
18290,0,2505,0
18292,0,2505,0
18294,0,2504,0
18296,0,2503,0
18298,0,2503,0
18300,0,2503,0
18302,1645,2503,1
18304,0,2505,0
18306,0,2503,0
18308,0,2503,0
18310,0,2501,0
18312,0,2501,0
18314,0,2503,0
18316,0,2493,0
18318,0,2505,0
18320,0,2504,0
18322,0,2504,0
18324,0,2501,0
18326,0,2503,0
18328,0,2501,0
18330,0,2502,0
18332,0,2504,0
18334,0,2495,0
18336,0,2505,0
18338,0,2505,0
18340,1667,2503,1
18342,0,2503,0
18344,0,2501,0
18346,0,2503,0
18348,0,2504,0
18350,0,2504,0
18352,0,2503,0
18354,0,2504,0
18356,0,2502,0
18358,0,2503,0
18360,0,2503,0
18362,0,2505,0
18364,0,2504,0
18366,0,2503,0
18368,0,2503,0
18370,0,2502,0
18372,0,2503,0
18374,0,2504,0
18376,0,2503,0
18378,0,2504,0
18380,1677,2503,1
18382,0,2503,0
18384,0,2504,0
18386,0,2503,0
18388,0,2503,0
18390,0,2495,0
18392,0,2503,0
18394,0,2502,0
18396,0,2504,0
18398,0,2505,0
18400,0,2503,0
18402,0,2501,0
18404,0,2503,0
18406,0,2503,0
18408,0,2504,0
18410,0,2503,0
18412,0,2503,0
18414,0,2507,0
18416,0,2504,0
18418,0,2505,0
18420,1670,2502,1
18422,0,2503,0
18424,0,2505,0
18426,0,2503,0
18428,0,2503,0
18430,0,2503,0
18432,0,2503,0
18434,0,2503,0
18436,0,2503,0
18438,0,2503,0
18440,0,2505,0
18442,0,2503,0
18444,0,2506,0
18446,0,2503,0
18448,0,2505,0
18450,0,2503,0
18452,0,2503,0
18454,0,2495,0
18456,0,2503,0
18458,0,2505,0
18460,1675,2503,1
18462,0,2505,0
18464,0,2505,0
18466,0,2503,0
18468,0,2504,0
18470,0,2504,0
18472,0,2503,0
18474,0,2502,0
18476,0,2503,0
18478,0,2505,0
18480,0,2503,0
18482,0,2502,0
18484,0,2504,0
18486,0,2503,0
18488,0,2503,0
18490,0,2503,0
18492,0,2504,0
18494,0,2503,0
18496,0,2501,0
18498,0,2501,0
18500,1671,2503,1
18502,0,2502,0
18504,0,2503,0
18506,0,2505,0
18508,0,2505,0
18510,0,2503,0
18512,0,2504,0
18514,0,2503,0
18516,0,2502,0
18518,0,2503,0
18520,0,2505,0
18522,0,2503,0
18524,0,2503,0
18526,0,2503,0
18528,0,2501,0
18530,0,2501,0
18532,0,2503,0
18534,0,2503,0
18536,0,2505,0
18538,0,2504,0
18540,1677,2503,1
18542,0,2501,0
18544,0,2503,0
18546,0,2503,0
18548,0,2504,0
18550,0,2503,0
18552,0,2503,0
18554,0,2503,0
18556,0,2503,0
18558,0,2504,0
18560,0,2500,0
18562,0,2503,0
18564,0,2503,0
18566,0,2503,0
18568,0,2503,0
18570,0,2503,0
18572,0,2503,0
18574,0,2502,0
18576,0,2503,0
18578,0,2503,0
18580,1697,2504,1
18582,0,2503,0
18584,0,2503,0
18586,0,2503,0
18588,0,2503,0
18590,0,2503,0
18592,0,2502,0
18594,0,2503,0
18596,0,2503,0
18598,0,2503,0
18600,0,2504,0
18602,0,2503,0
18604,0,2505,0
18606,0,2505,0
18608,0,2503,0
18610,0,2504,0
18612,0,2503,0
18614,0,2504,0
18616,0,2503,0
18618,0,2503,0
18620,1695,2503,1
18622,0,2501,0
18624,0,2507,0
18626,0,2503,0
18628,0,2503,0
18630,0,2503,0
18632,0,2505,0
18634,0,2503,0
18636,0,2503,0
18638,0,2501,0
18640,0,2504,0
18642,0,2503,0
18644,0,2504,0
18646,0,2503,0
18648,0,2503,0
18650,0,2501,0
18652,0,2503,0
18654,0,2504,0
18656,0,2501,0
18658,0,2495,0
18660,1655,2503,1
18662,0,2503,0
18664,0,2495,0
18666,0,2505,0
18668,0,2503,0
18670,0,2503,0
18672,0,2503,0
18674,0,2503,0
18676,0,2503,0
18678,0,2502,0
18680,0,2503,0
18682,0,2503,0
18684,0,2503,0
18686,0,2502,0
18688,0,2503,0
18690,0,2504,0
18692,0,2495,0
18694,0,2503,0
18696,0,2501,0
18698,0,2505,0
18700,1651,2503,1
18702,0,2503,0
18704,0,2503,0
18706,0,2503,0
18708,0,2511,0
18710,0,2505,0
18712,0,2501,0
18714,0,2504,0
18716,0,2503,0
18718,0,2504,0
18720,0,2503,0
18722,0,2505,0
18724,0,2502,0
18726,0,2503,0
18728,0,2501,0
18730,0,2503,0
18732,0,2503,0
18734,0,2505,0
18736,0,2503,0
18738,1673,2505,1
18740,0,2502,0
18742,0,2503,0
18744,0,2503,0
18746,0,2501,0
18748,0,2504,0
18750,0,2495,0
18752,0,2503,0
18754,0,2501,0
18756,0,2503,0
18758,0,2501,0
18760,0,2504,0
18762,0,2503,0
18764,0,2503,0
18766,0,2504,0
18768,0,2503,0
18770,0,2504,0
18772,0,2503,0
18774,0,2503,0
18776,0,2504,0
18778,1675,2503,1
18780,0,2503,0
18782,0,2503,0
18784,0,2501,0
18786,0,2495,0
18788,0,2502,0
18790,0,2495,0
18792,0,2503,0
18794,0,2502,0
18796,0,2503,0
18798,0,2503,0
18800,0,2514,0
18802,0,2503,0
18804,0,2503,0
18806,0,2501,0
18808,0,2502,0
18810,0,2501,0
18812,0,2503,0
18814,0,2503,0
18816,0,2503,0
18818,1678,2503,1
18820,0,2507,0
18822,0,2503,0
18824,0,2502,0
18826,0,2503,0
18828,0,2503,0
18830,0,2504,0
18832,0,2487,0
18834,0,2503,0
18836,0,2503,0
18838,0,2503,0
18840,0,2496,0
18842,0,2504,0
18844,0,2503,0
18846,0,2503,0
18848,0,2494,0
18850,0,2503,0
18852,0,2503,0
18854,0,2504,0
18856,0,2503,0
18858,1678,2505,1
18860,0,2504,0
18862,0,2503,0
18864,0,2503,0
18866,0,2504,0
18868,0,2504,0
18870,0,2504,0
18872,0,2504,0
18874,0,2503,0
18876,0,2503,0
18878,0,2503,0
18880,0,2503,0
18882,0,2504,0
18884,0,2503,0
18886,0,2503,0
18888,0,2501,0
18890,0,2503,0
18892,0,2489,0
18894,0,2503,0
18896,0,2502,0
18898,1670,2501,1
18900,0,2501,0
18902,0,2503,0
18904,0,2503,0
18906,0,2503,0
18908,0,2503,0
18910,0,2503,0
18912,0,2503,0
18914,0,2502,0
18916,0,2502,0
18918,0,2503,0
18920,0,2503,0
18922,0,2501,0
18924,0,2504,0
18926,0,2503,0
18928,0,2505,0
18930,0,2501,0
18932,0,2503,0
18934,0,2503,0
18936,0,2503,0
18938,1687,2501,1
18940,0,2503,0
18942,0,2503,0
18944,0,2503,0
18946,0,2503,0
18948,0,2504,0
18950,0,2503,0
18952,0,2504,0
18954,0,2503,0
18956,0,2503,0
18958,0,2503,0
18960,0,2503,0
18962,0,2503,0
18964,0,2505,0
18966,0,2504,0
18968,0,2504,0
18970,0,2503,0
18972,0,2502,0
18974,0,2501,0
18976,0,2503,0
18978,1701,2503,1
18980,0,2495,0
18982,0,2503,0
18984,0,2503,0
18986,0,2503,0
18988,0,2503,0
18990,0,2503,0
18992,0,2503,0
18994,0,2503,0
18996,0,2501,0
18998,0,2504,0
19000,0,2503,0
19002,0,2503,0
19004,0,2503,0
19006,0,2503,0
19008,0,2503,0
19010,0,2503,0
19012,0,2503,0
19014,0,2502,0
19016,0,2503,0
19018,1673,2503,1
19020,0,2503,0
19022,0,2503,0
19024,0,2502,0
19026,0,2503,0
19028,0,2503,0
19030,0,2503,0
19032,0,2503,0
19034,0,2503,0
19036,0,2503,0
19038,0,2503,0
19040,0,2503,0
19042,0,2505,0
19044,0,2503,0
19046,0,2502,0
19048,0,2503,0
19050,0,2504,0
19052,0,2501,0
19054,0,2503,0
19056,0,2503,0
19058,1645,2504,1
19060,0,2503,0
19062,0,2503,0
19064,0,2505,0
19066,0,2504,0
19068,0,2503,0
19070,0,2504,0
19072,0,2503,0
19074,0,2503,0
19076,0,2501,0
19078,0,2503,0
19080,0,2503,0
19082,0,2503,0
19084,0,2503,0
19086,0,2501,0
19088,0,2503,0
19090,0,2502,0
19092,0,2503,0
19094,0,2503,0
19096,1662,2503,1
19098,0,2504,0
19100,0,2503,0
19102,0,2503,0
19104,0,2506,0
19106,0,2503,0
19108,0,2503,0
19110,0,2503,0
19112,0,2505,0
19114,0,2495,0
19116,0,2502,0
19118,0,2503,0
19120,0,2503,0
19122,0,2503,0
19124,0,2504,0
19126,0,2505,0
19128,0,2503,0
19130,0,2503,0
19132,0,2504,0
19134,0,2503,0
19136,1678,2503,1
19138,0,2505,0
19140,0,2504,0
19142,0,2504,0
19144,0,2495,0
19146,0,2504,0
19148,0,2503,0
19150,0,2503,0
19152,0,2501,0
19154,0,2515,0
19156,0,2504,0
19158,0,2502,0
19160,0,2503,0
19162,0,2503,0
19164,0,2503,0
19166,0,2503,0
19168,0,2503,0
19170,0,2504,0
19172,0,2501,0
19174,0,2507,0
19176,1670,2501,1
19178,0,2503,0
19180,0,2502,0
19182,0,2503,0
19184,0,2502,0
19186,0,2505,0
19188,0,2505,0
19190,0,2504,0
19192,0,2503,0
19194,0,2505,0
19196,0,2503,0
19198,0,2502,0
19200,0,2503,0
19202,0,2503,0
19204,0,2503,0
19206,0,2503,0
19208,0,2503,0
19210,0,2503,0
19212,0,2503,0
19214,0,2503,0
19216,1674,2503,1
19218,0,2503,0
19220,0,2503,0
19222,0,2503,0
19224,0,2505,0
19226,0,2503,0
19228,0,2505,0
19230,0,2503,0
19232,0,2503,0
19234,0,2503,0
19236,0,2503,0
19238,0,2496,0
19240,0,2491,0
19242,0,2501,0
19244,0,2501,0
19246,0,2503,0
19248,0,2503,0
19250,0,2503,0
19252,0,2501,0
19254,0,2501,0
19256,1675,2503,1
19258,0,2503,0
19260,0,2505,0
19262,0,2503,0
19264,0,2503,0
19266,0,2503,0
19268,0,2503,0
19270,0,2503,0
19272,0,2505,0
19274,0,2503,0
19276,0,2503,0
19278,0,2504,0
19280,0,2503,0
19282,0,2503,0
19284,0,2503,0
19286,0,2501,0
19288,0,2504,0
19290,0,2503,0
19292,0,2502,0
19294,0,2501,0
19296,1672,2503,1
19298,0,2504,0
19300,0,2503,0
19302,0,2503,0
19304,0,2503,0
19306,0,2502,0
19308,0,2503,0
19310,0,2504,0
19312,0,2504,0
19314,0,2503,0
19316,0,2503,0
19318,0,2503,0
19320,0,2503,0
19322,0,2504,0
19324,0,2504,0
19326,0,2501,0
19328,0,2503,0
19330,0,2503,0
19332,0,2503,0
19334,0,2503,0
19336,1700,2503,1
19338,0,2503,0
19340,0,2504,0
19342,0,2503,0
19344,0,2503,0
19346,0,2503,0
19348,0,2505,0
19350,0,2505,0
19352,0,2503,0
19354,0,2504,0
19356,0,2503,0
19358,0,2503,0
19360,0,2503,0
19362,0,2503,0
19364,0,2504,0
19366,0,2495,0
19368,0,2502,0
19370,0,2501,0
19372,0,2501,0
19374,0,2504,0
19376,1700,2501,1
19378,0,2504,0
19380,0,2504,0
19382,0,2503,0
19384,0,2502,0
19386,0,2504,0
19388,0,2510,0
19390,0,2503,0
19392,0,2504,0
19394,0,2505,0
19396,0,2503,0
19398,0,2500,0
19400,0,2504,0
19402,0,2503,0
19404,0,2503,0
19406,0,2503,0
19408,0,2503,0
19410,0,2504,0
19412,0,2502,0
19414,0,2504,0
19416,1655,2503,1
19418,0,2503,0
19420,0,2504,0
19422,0,2503,0
19424,0,2504,0
19426,0,2503,0
19428,0,2503,0
19430,0,2504,0
19432,0,2503,0
19434,0,2505,0
19436,0,2504,0
19438,0,2501,0
19440,0,2503,0
19442,0,2507,0
19444,0,2503,0
19446,0,2503,0
19448,0,2503,0
19450,0,2503,0
19452,0,2503,0
19454,0,2504,0
19456,1646,2503,1
19458,0,2503,0
19460,0,2504,0
19462,0,2503,0
19464,0,2504,0
19466,0,2503,0
19468,0,2503,0
19470,0,2503,0
19472,0,2502,0
19474,0,2503,0
19476,0,2507,0
19478,0,2503,0
19480,0,2504,0
19482,0,2505,0
19484,0,2495,0
19486,0,2503,0
19488,0,2505,0
19490,0,2503,0
19492,0,2503,0
19494,1664,2501,1
19496,0,2505,0
19498,0,2503,0
19500,0,2504,0
19502,0,2503,0
19504,0,2502,0
19506,0,2505,0
19508,0,2503,0
19510,0,2503,0
19512,0,2503,0
19514,0,2501,0
19516,0,2503,0
19518,0,2503,0
19520,0,2505,0
19522,0,2504,0
19524,0,2504,0
19526,0,2503,0
19528,0,2503,0
19530,0,2503,0
19532,0,2503,0
19534,1677,2505,1
19536,0,2504,0
19538,0,2505,0
19540,0,2503,0
19542,0,2503,0
19544,0,2501,0
19546,0,2503,0
19548,0,2504,0
19550,0,2504,0
19552,0,2503,0
19554,0,2503,0
19556,0,2503,0
19558,0,2501,0
19560,0,2503,0
19562,0,2503,0
19564,0,2503,0
19566,0,2503,0
19568,0,2503,0
19570,0,2503,0
19572,0,2504,0
19574,1677,2503,1
19576,0,2503,0
19578,0,2503,0
19580,0,2505,0
19582,0,2505,0
19584,0,2503,0
19586,0,2501,0
19588,0,2501,0
19590,0,2503,0
19592,0,2505,0
19594,0,2503,0
19596,0,2504,0
19598,0,2504,0
19600,0,2502,0
19602,0,2503,0
19604,0,2504,0
19606,0,2503,0
19608,0,2503,0
19610,0,2501,0
19612,0,2501,0
19614,1673,2505,1
19616,0,2504,0
19618,0,2505,0
19620,0,2503,0
19622,0,2503,0
19624,0,2503,0
19626,0,2503,0
19628,0,2503,0
19630,0,2503,0
19632,0,2503,0
19634,0,2501,0
19636,0,2502,0
19638,0,2503,0
19640,0,2503,0
19642,0,2507,0
19644,0,2503,0
19646,0,2504,0
19648,0,2504,0
19650,0,2504,0
19652,0,2503,0
19654,1678,2504,1
19656,0,2504,0
19658,0,2503,0
19660,0,2504,0
19662,0,2504,0
19664,0,2508,0
19666,0,2495,0
19668,0,2507,0
19670,0,2503,0
19672,0,2503,0
19674,0,2501,0
19676,0,2503,0
19678,0,2503,0
19680,0,2501,0
19682,0,2505,0
19684,0,2495,0
19686,0,2503,0
19688,0,2503,0
19690,0,2503,0
19692,0,2504,0
19694,1684,2503,1
19696,0,2501,0
19698,0,2501,0
19700,0,2503,0
19702,0,2503,0
19704,0,2503,0
19706,0,2500,0
19708,0,2505,0
19710,0,2504,0
19712,0,2505,0
19714,0,2503,0
19716,0,2503,0
19718,0,2503,0
19720,0,2504,0
19722,0,2501,0
19724,0,2503,0
19726,0,2501,0
19728,0,2507,0
19730,0,2503,0
19732,0,2503,0
19734,1705,2504,1
19736,0,2501,0
19738,0,2495,0
19740,0,2505,0
19742,0,2503,0
19744,0,2502,0
19746,0,2503,0
19748,0,2503,0
19750,0,2495,0
19752,0,2503,0
19754,0,2503,0
19756,0,2505,0
19758,0,2503,0
19760,0,2503,0
19762,0,2503,0
19764,0,2503,0
19766,0,2503,0
19768,0,2501,0
19770,0,2503,0
19772,0,2495,0
19774,1684,2503,1
19776,0,2505,0
19778,0,2502,0
19780,0,2502,0
19782,0,2503,0
19784,0,2503,0
19786,0,2505,0
19788,0,2504,0
19790,0,2503,0
19792,0,2507,0
19794,0,2504,0
19796,0,2504,0
19798,0,2504,0
19800,0,2502,0
19802,0,2501,0
19804,0,2502,0
19806,0,2503,0
19808,0,2503,0
19810,0,2503,0
19812,0,2504,0
19814,1644,2503,1
19816,0,2504,0
19818,0,2502,0
19821,0,2504,0
19823,0,2505,0
19825,0,2487,0
19827,0,2505,0
19829,0,2505,0
19831,0,2503,0
19833,0,2503,0
19835,0,2504,0
19837,0,2505,0
19839,0,2503,0
19841,0,2503,0
19843,0,2501,0
19845,0,2503,0
19847,0,2501,0
19849,0,2503,0
19851,0,2503,0
19853,1662,2503,1
19855,0,2503,0
19857,0,2504,0
19859,0,2503,0
19861,0,2503,0
19863,0,2503,0
19865,0,2505,0
19867,0,2501,0
19869,0,2505,0
19871,0,2503,0
19873,0,2503,0
19875,0,2503,0
19877,0,2505,0
19879,0,2503,0
19881,0,2503,0
19883,0,2504,0
19885,0,2503,0
19887,0,2503,0
19889,0,2501,0
19891,0,2502,0
19893,1679,2503,1
19895,0,2501,0
19897,0,2503,0
19899,0,2504,0
19901,0,2505,0
19903,0,2503,0
19905,0,2505,0
19907,0,2502,0
19909,0,2503,0
19911,0,2504,0
19913,0,2504,0
19915,0,2503,0
19917,0,2503,0
19919,0,2504,0
19921,0,2503,0
19923,0,2495,0
19925,0,2505,0
19927,0,2504,0
19929,0,2503,0
19931,0,2503,0
19933,1675,2503,1
19935,0,2502,0
19937,0,2503,0
19939,0,2501,0
19941,0,2503,0
19943,0,2501,0
19945,0,2501,0
19947,0,2503,0
19949,0,2505,0
19951,0,2503,0
19953,0,2504,0
19955,0,2493,0
19957,0,2501,0
19959,0,2503,0
19961,0,2501,0
19963,0,2504,0
19965,0,2503,0
19967,0,2502,0
19969,0,2503,0
19971,0,2501,0
19973,1674,2503,1
19975,0,2502,0
19977,0,2503,0
19979,0,2503,0
19981,0,2503,0
19983,0,2503,0
19985,0,2503,0
19987,0,2504,0
19989,0,2503,0
19991,0,2504,0
19993,0,2501,0
19995,0,2503,0
19997,0,2503,0
19999,0,2504,0
20001,0,2504,0
20003,0,2503,0
20005,0,2502,0
20007,0,2503,0
20009,0,2503,0
20011,0,2503,0
20013,1675,2504,1
20015,0,2505,0
20017,0,2496,0
20019,0,2507,0
20021,0,2503,0
20023,0,2503,0
20025,0,2504,0
20027,0,2502,0
20029,0,2503,0
20031,0,2504,0
20033,0,2505,0
20035,0,2503,0
20037,0,2503,0
20039,0,2503,0
20041,0,2503,0
20043,0,2504,0
20045,0,2503,0
20047,0,2504,0
20049,0,2505,0
20051,0,2501,0
20053,1671,2503,1
20055,0,2503,0
20057,0,2503,0
20059,0,2496,0
20061,0,2503,0
20063,0,2504,0
20065,0,2503,0
20067,0,2503,0
20069,0,2504,0
20071,0,2504,0
20073,0,2505,0
20075,0,2504,0
20077,0,2503,0
20079,0,2503,0
20081,0,2505,0
20083,0,2503,0
20085,0,2503,0
20087,0,2503,0
20089,0,2504,0
20091,0,2504,0
20093,1685,2503,1
20095,0,2503,0
20097,0,2503,0
20099,0,2503,0
20101,0,2502,0
20103,0,2504,0
20105,0,2503,0
20107,0,2504,0
20109,0,2503,0
20111,0,2504,0
20113,0,2505,0
20115,0,2502,0
20117,0,2504,0
20119,0,2501,0
20121,0,2501,0
20123,0,2504,0
20125,0,2503,0
20127,0,2504,0
20129,0,2503,0
20131,0,2503,0
20133,1701,2503,1
20135,0,2503,0
20137,0,2505,0
20139,0,2502,0
20141,0,2504,0
20143,0,2505,0
20145,0,2503,0
20147,0,2504,0
20149,0,2503,0
20151,0,2501,0
20153,0,2507,0
20155,0,2503,0
20157,0,2503,0
20159,0,2503,0
20161,0,2504,0
20163,0,2503,0
20165,0,2503,0
20167,0,2501,0
20169,0,2503,0
20171,0,2503,0
20173,1665,2505,1
20175,0,2504,0
20177,0,2504,0
20179,0,2504,0
20181,0,2503,0
20183,0,2495,0
20185,0,2503,0
20187,0,2503,0
20189,0,2503,0
20191,0,2503,0
20193,0,2503,0
20195,0,2489,0
20197,0,2503,0
20199,0,2503,0
20201,0,2503,0
20203,0,2503,0
20205,0,2503,0
20207,0,2503,0
20209,0,2504,0
20211,0,2503,0
20213,1653,2496,1
20215,0,2501,0
20217,0,2503,0
20219,0,2503,0
20221,0,2503,0
20223,0,2501,0
20225,0,2487,0
20227,0,2503,0
20229,0,2503,0
20231,0,2503,0
20233,0,2496,0
20235,0,2503,0
20237,0,2503,0
20239,0,2502,0
20241,0,2505,0
20243,0,2502,0
20245,0,2503,0
20247,0,2503,0
20249,0,2504,0
20251,1670,2503,1
20253,0,2505,0
20255,0,2503,0
20257,0,2503,0
20259,0,2504,0
20261,0,2503,0
20263,0,2503,0
20265,0,2505,0
20267,0,2503,0
20269,0,2503,0
20271,0,2501,0
20273,0,2502,0
20275,0,2502,0
20277,0,2503,0
20279,0,2503,0
20281,0,2509,0
20283,0,2503,0
20285,0,2503,0
20287,0,2503,0
20289,0,2503,0
20291,1681,2503,1
20293,0,2501,0
20295,0,2503,0
20297,0,2503,0
20299,0,2503,0
20301,0,2504,0
20303,0,2501,0
20305,0,2503,0
20307,0,2502,0
20309,0,2503,0
20311,0,2501,0
20313,0,2503,0
20315,0,2504,0
20317,0,2502,0
20319,0,2502,0
20321,0,2503,0
20323,0,2504,0
20325,0,2503,0
20327,0,2502,0
20329,0,2503,0
20331,1676,2503,1
20333,0,2503,0
20335,0,2503,0
20337,0,2503,0
20339,0,2503,0
20341,0,2507,0
20343,0,2495,0
20345,0,2505,0
20347,0,2503,0
20349,0,2503,0
20351,0,2496,0
20353,0,2505,0
20355,0,2501,0
20357,0,2503,0
20359,0,2504,0
20361,0,2503,0
20363,0,2503,0
20365,0,2501,0
20367,0,2503,0
20369,0,2503,0
20371,1674,2503,1
20373,0,2504,0
20375,0,2501,0
20377,0,2507,0
20379,0,2503,0
20381,0,2503,0
20383,0,2503,0
20385,0,2502,0
20387,0,2501,0
20389,0,2502,0
20391,0,2501,0
20393,0,2495,0
20395,0,2503,0
20397,0,2504,0
20399,0,2504,0
20401,0,2503,0
20403,0,2503,0
20405,0,2503,0
20407,0,2503,0
20409,0,2503,0
20411,1671,2504,1
20413,0,2505,0
20415,0,2503,0
20417,0,2506,0
20419,0,2503,0
20421,0,2502,0
20423,0,2502,0
20425,0,2500,0
20427,0,2503,0
20429,0,2502,0
20431,0,2502,0
20433,0,2504,0
20435,0,2503,0
20437,0,2503,0
20439,0,2504,0
20441,0,2503,0
20443,0,2503,0
20445,0,2504,0
20447,0,2505,0
20449,0,2503,0
20451,1675,2504,1
20453,0,2503,0
20455,0,2501,0
20457,0,2501,0
20459,0,2501,0
20461,0,2495,0
20463,0,2503,0
20465,0,2503,0
20467,0,2502,0
20469,0,2477,0
20471,0,2502,0
20473,0,2503,0
20475,0,2503,0
20477,0,2503,0
20479,0,2503,0
20481,0,2504,0
20483,0,2503,0
20485,0,2503,0
20487,0,2504,0
20489,0,2503,0
20491,1701,2505,1
20493,0,2505,0
20495,0,2504,0
20497,0,2503,0
20499,0,2503,0
20501,0,2502,0
20503,0,2503,0
20505,0,2503,0
20507,0,2503,0
20509,0,2503,0
20511,0,2502,0
20513,0,2504,0
20515,0,2503,0
20517,0,2503,0
20519,0,2503,0
20521,0,2504,0
20523,0,2503,0
20525,0,2504,0
20527,0,2503,0
20529,0,2503,0
20531,1693,2505,1
20533,0,2501,0
20535,0,2503,0
20537,0,2503,0
20539,0,2502,0
20541,0,2503,0
20543,0,2495,0
20545,0,2502,0
20547,0,2504,0
20549,0,2503,0
20551,0,2505,0
20553,0,2503,0
20555,0,2504,0
20557,0,2503,0
20559,0,2503,0
20561,0,2504,0
20563,0,2503,0
20565,0,2504,0
20567,0,2503,0
20569,0,2503,0
20571,1644,2503,1
20573,0,2503,0
20575,0,2501,0
20577,0,2503,0
20579,0,2503,0
20581,0,2503,0
20583,0,2503,0
20585,0,2505,0
20587,0,2504,0
20589,0,2502,0
20591,0,2503,0
20593,0,2503,0
20595,0,2502,0
20597,0,2501,0
20599,0,2503,0
20601,0,2492,0
20603,0,2503,0
20605,0,2501,0
20607,0,2495,0
20609,0,2501,0
20611,1650,2503,1
20613,0,2503,0
20615,0,2503,0
20617,0,2501,0
20619,0,2502,0
20621,0,2501,0
20623,0,2503,0
20625,0,2503,0
20627,0,2503,0
20629,0,2502,0
20631,0,2502,0
20633,0,2503,0
20635,0,2503,0
20637,0,2502,0
20639,0,2504,0
20641,0,2503,0
20643,0,2503,0
20645,0,2503,0
20647,0,2503,0
20649,1671,2503,1
20651,0,2502,0
20653,0,2503,0
20655,0,2501,0
20657,0,2503,0
20659,0,2503,0
20661,0,2503,0
20663,0,2503,0
20665,0,2503,0
20667,0,2504,0
20669,0,2503,0
20671,0,2503,0
20673,0,2505,0
20675,0,2503,0
20677,0,2503,0
20679,0,2503,0
20681,0,2503,0
20683,0,2503,0
20685,0,2503,0
20687,0,2501,0
20689,1671,2503,1
20691,0,2503,0
20693,0,2501,0
20695,0,2503,0
20697,0,2504,0
20699,0,2503,0
20701,0,2503,0
20703,0,2503,0
20705,0,2501,0
20707,0,2503,0
20709,0,2504,0
20711,0,2504,0
20713,0,2503,0
20715,0,2502,0
20717,0,2503,0
20719,0,2495,0
20721,0,2503,0
20723,0,2503,0
20725,0,2503,0
20727,0,2503,0
20729,1672,2504,1
20731,0,2503,0
20733,0,2502,0
20735,0,2501,0
20737,0,2503,0
20739,0,2503,0
20741,0,2503,0
20743,0,2503,0
20745,0,2505,0
20747,0,2503,0
20749,0,2503,0
20751,0,2503,0
20753,0,2503,0
20755,0,2503,0
20757,0,2503,0
20759,0,2504,0
20761,0,2503,0
20763,0,2503,0
20765,0,2502,0
20767,0,2501,0
20769,1674,2504,1
20771,0,2496,0
20773,0,2495,0
20775,0,2503,0
20777,0,2503,0
20779,0,2503,0
20781,0,2503,0
20783,0,2503,0
20785,0,2503,0
20787,0,2503,0
20789,0,2504,0
20791,0,2503,0
20793,0,2503,0
20795,0,2503,0
20797,0,2502,0
20799,0,2489,0
20801,0,2503,0
20803,0,2503,0
20805,0,2503,0
20807,0,2496,0
20809,1677,2504,1
20811,0,2503,0
20813,0,2503,0
20815,0,2503,0
20817,0,2502,0
20819,0,2503,0
20821,0,2504,0
20823,0,2503,0
20825,0,2503,0
20827,0,2496,0
20829,0,2503,0
20831,0,2504,0
20833,0,2503,0
20835,0,2503,0
20837,0,2501,0
20839,0,2501,0
20841,0,2503,0
20843,0,2503,0
20845,0,2504,0
20847,0,2503,0
20849,1684,2502,1
20851,0,2503,0
20853,0,2503,0
20855,0,2503,0
20857,0,2505,0
20859,0,2505,0
20861,0,2503,0
20863,0,2503,0
20865,0,2507,0
20867,0,2505,0
20869,0,2503,0
20871,0,2503,0
20873,0,2503,0
20875,0,2501,0
20877,0,2503,0
20879,0,2502,0
20881,0,2503,0
20883,0,2503,0
20885,0,2502,0
20887,0,2504,0
20889,1699,2503,1
20891,0,2504,0
20893,0,2503,0
20895,0,2501,0
20897,0,2504,0
20899,0,2503,0
20901,0,2503,0
20903,0,2503,0
20905,0,2503,0
20907,0,2503,0
20909,0,2503,0
20911,0,2503,0
20913,0,2503,0
20915,0,2505,0
20917,0,2503,0
20919,0,2503,0
20921,0,2503,0
20923,0,2503,0
20925,0,2502,0
20927,0,2505,0
20929,1672,2502,1
20931,0,2503,0
20933,0,2502,0
20935,0,2507,0
20937,0,2503,0
20939,0,2503,0
20941,0,2503,0
20943,0,2501,0
20945,0,2503,0
20947,0,2503,0
20949,0,2503,0
20951,0,2503,0
20953,0,2503,0
20955,0,2495,0
20957,0,2501,0
20959,0,2502,0
20961,0,2503,0
20963,0,2501,0
20965,0,2501,0
20967,0,2494,0
20969,1653,2495,1
20971,0,2503,0
20973,0,2502,0
20975,0,2501,0
20977,0,2501,0
20979,0,2502,0
20981,0,2504,0
20983,0,2503,0
20985,0,2503,0
20987,0,2501,0
20989,0,2505,0
20991,0,2503,0
20993,0,2501,0
20995,0,2501,0
20997,0,2501,0
20999,0,2503,0
21001,0,2503,0
21003,0,2505,0
21005,0,2503,0
21007,1660,2503,1
21009,0,2503,0
21011,0,2503,0
21013,0,2503,0
21015,0,2503,0
21017,0,2505,0
21019,0,2502,0
21021,0,2503,0
21023,0,2502,0
21025,0,2502,0
21027,0,2503,0
21029,0,2503,0
21031,0,2503,0
21033,0,2503,0
21035,0,2501,0
21037,0,2504,0
21039,0,2495,0
21041,0,2503,0
21043,0,2501,0
21045,0,2503,0
21047,1673,2503,1
21049,0,2503,0
21051,0,2501,0
21053,0,2504,0
21055,0,2503,0
21057,0,2493,0
21059,0,2504,0
21061,0,2503,0
21063,0,2503,0
21065,0,2503,0
21067,0,2504,0
21069,0,2501,0
21071,0,2503,0
21073,0,2503,0
21075,0,2503,0
21077,0,2503,0
21079,0,2503,0
21081,0,2504,0
21083,0,2504,0
21085,0,2503,0
21087,1672,2505,1
21089,0,2503,0
21091,0,2501,0
21093,0,2503,0
21095,0,2502,0
21097,0,2496,0
21099,0,2503,0
21101,0,2501,0
21103,0,2503,0
21105,0,2503,0
21107,0,2503,0
21109,0,2503,0
21111,0,2503,0
21113,0,2506,0
21115,0,2503,0
21117,0,2503,0
21119,0,2503,0
21121,0,2502,0
21123,0,2501,0
21125,0,2503,0
21127,1677,2501,1
21129,0,2504,0
21131,0,2503,0
21133,0,2503,0
21135,0,2503,0
21137,0,2504,0
21139,0,2503,0
21141,0,2501,0
21143,0,2504,0
21145,0,2504,0
21147,0,2503,0
21149,0,2503,0
21151,0,2502,0
21153,0,2507,0
21155,0,2504,0
21157,0,2503,0
21159,0,2503,0
21161,0,2504,0
21163,0,2503,0
21165,0,2504,0
21167,1676,2502,1
21169,0,2503,0
21171,0,2496,0
21173,0,2504,0
21175,0,2502,0
21177,0,2505,0
21179,0,2503,0
21181,0,2504,0
21183,0,2503,0
21185,0,2504,0
21187,0,2504,0
21189,0,2503,0
21191,0,2504,0
21193,0,2503,0
21195,0,2503,0
21197,0,2503,0
21199,0,2503,0
21201,0,2503,0
21203,0,2505,0
21205,0,2503,0
21207,1672,2503,1
21209,0,2503,0
21211,0,2501,0
21213,0,2504,0
21215,0,2503,0
21217,0,2503,0
21219,0,2501,0
21221,0,2503,0
21223,0,2501,0
21225,0,2504,0
21227,0,2502,0
21229,0,2503,0
21231,0,2503,0
21233,0,2505,0
21235,0,2502,0
21237,0,2503,0
21239,0,2504,0
21241,0,2505,0
21243,0,2503,0
21245,0,2503,0
21247,1694,2504,1
21249,0,2488,0
21251,0,2501,0
21253,0,2505,0
21255,0,2504,0
21257,0,2503,0
21259,0,2501,0
21261,0,2503,0
21263,0,2503,0
21265,0,2496,0
21267,0,2501,0
21269,0,2503,0
21271,0,2503,0
21273,0,2503,0
21275,0,2502,0
21277,0,2503,0
21279,0,2502,0
21281,0,2503,0
21283,0,2501,0
21285,0,2503,0
21287,1695,2503,1
21289,0,2504,0
21291,0,2502,0
21293,0,2503,0
21295,0,2504,0
21297,0,2503,0
21299,0,2504,0
21301,0,2503,0
21303,0,2504,0
21305,0,2502,0
21307,0,2501,0
21309,0,2502,0
21311,0,2501,0
21313,0,2503,0
21315,0,2503,0
21317,0,2508,0
21319,0,2503,0
21321,0,2503,0
21323,0,2503,0
21325,0,2503,0
21327,1659,2504,1
21329,0,2503,0
21331,0,2503,0
21333,0,2501,0
21335,0,2504,0
21337,0,2504,0
21339,0,2503,0
21341,0,2501,0
21343,0,2503,0
21345,0,2502,0
21347,0,2503,0
21349,0,2503,0
21351,0,2504,0
21353,0,2502,0
21355,0,2503,0
21357,0,2504,0
21359,0,2503,0
21361,0,2503,0
21363,0,2504,0
21365,0,2503,0
21367,1660,2503,1
21369,0,2501,0
21371,0,2501,0
21373,0,2501,0
21375,0,2503,0
21377,0,2504,0
21379,0,2503,0
21381,0,2502,0
21383,0,2503,0
21385,0,2502,0
21387,0,2495,0
21389,0,2501,0
21391,0,2501,0
21393,0,2502,0
21395,0,2501,0
21397,0,2503,0
21399,0,2503,0
21401,0,2503,0
21403,0,2502,0
21405,1676,2503,1
21407,0,2503,0
21409,0,2509,0
21411,0,2503,0
21413,0,2504,0
21415,0,2502,0
21417,0,2503,0
21419,0,2504,0
21421,0,2503,0
21423,0,2505,0
21425,0,2504,0
21427,0,2503,0
21429,0,2514,0
21431,0,2503,0
21433,0,2502,0
21435,0,2503,0
21437,0,2502,0
21439,0,2503,0
21441,0,2503,0
21443,0,2503,0
21445,1670,2503,1
21447,0,2501,0
21449,0,2504,0
21451,0,2503,0
21453,0,2504,0
21455,0,2502,0
21457,0,2502,0
21459,0,2503,0
21461,0,2503,0
21463,0,2503,0
21465,0,2504,0
21467,0,2503,0
21469,0,2504,0
21471,0,2503,0
21473,0,2501,0
21475,0,2503,0
21477,0,2504,0
21479,0,2503,0
21481,0,2503,0
21483,0,2505,0
21485,1676,2502,1
21487,0,2505,0
21489,0,2503,0
21491,0,2502,0
21493,0,2503,0
21495,0,2503,0
21497,0,2502,0
21499,0,2503,0
21501,0,2503,0
21503,0,2504,0
21505,0,2502,0
21507,0,2503,0
21509,0,2502,0
21511,0,2501,0
21513,0,2503,0
21515,0,2501,0
21517,0,2503,0
21519,0,2503,0
21521,0,2503,0
21523,0,2509,0
21525,1678,2503,1
21527,0,2503,0
21529,0,2503,0
21531,0,2503,0
21533,0,2503,0
21535,0,2503,0
21537,0,2495,0
21539,0,2505,0
21541,0,2503,0
21543,0,2503,0
21545,0,2504,0
21547,0,2503,0
21549,0,2506,0
21551,0,2503,0
21553,0,2503,0
21555,0,2503,0
21557,0,2503,0
21559,0,2503,0
21561,0,2503,0
21563,0,2504,0
21565,1672,2505,1
21567,0,2503,0
21569,0,2501,0
21571,0,2503,0
21573,0,2502,0
21575,0,2502,0
21577,0,2502,0
21579,0,2503,0
21581,0,2505,0
21583,0,2503,0
21585,0,2503,0
21587,0,2505,0
21589,0,2501,0
21591,0,2503,0
21593,0,2504,0
21595,0,2503,0
21597,0,2503,0
21599,0,2503,0
21601,0,2503,0
21603,0,2503,0
21605,1677,2503,1
21607,0,2503,0
21609,0,2504,0
21611,0,2502,0
21613,0,2503,0
21615,0,2504,0
21617,0,2503,0
21619,0,2503,0
21621,0,2503,0
21623,0,2503,0
21625,0,2503,0
21627,0,2503,0
21629,0,2503,0
21631,0,2503,0
21633,0,2503,0
21635,0,2504,0
21637,0,2504,0
21639,0,2503,0
21641,0,2503,0
21643,0,2505,0
21645,1699,2503,1
21647,0,2505,0
21649,0,2503,0
21651,0,2503,0
21653,0,2503,0
21655,0,2501,0
21657,0,2501,0
21659,0,2504,0
21661,0,2505,0
21663,0,2496,0
21665,0,2505,0
21667,0,2504,0
21669,0,2501,0
21671,0,2502,0
21673,0,2503,0
21676,0,2505,0
21678,0,2515,0
21680,0,2504,0
21682,0,2503,0
21684,0,2503,0
21686,1681,2503,1
21688,0,2504,0
21690,0,2505,0
21692,0,2503,0
21694,0,2501,0
21696,0,2495,0
21698,0,2503,0
21700,0,2505,0
21702,0,2505,0
21704,0,2504,0
21706,0,2504,0
21708,0,2502,0
21710,0,2503,0
21712,0,2505,0
21714,0,2503,0
21716,0,2503,0
21718,0,2504,0
21720,0,2501,0
21722,0,2503,0
21724,0,2503,0
21726,1643,2503,1
21728,0,2503,0
21730,0,2504,0
21732,0,2503,0
21734,0,2503,0
21736,0,2503,0
21738,0,2504,0
21740,0,2502,0
21742,0,2503,0
21744,0,2503,0
21746,0,2503,0
21748,0,2503,0
21750,0,2502,0
21752,0,2505,0
21754,0,2503,0
21756,0,2503,0
21758,0,2503,0
21760,0,2503,0
21762,0,2502,0
21764,1656,2504,1
21766,0,2503,0
21768,0,2503,0
21770,0,2501,0
21772,0,2502,0
21774,0,2495,0
21776,0,2503,0
21778,0,2503,0
21780,0,2504,0
21782,0,2503,0
21784,0,2496,0
21786,0,2504,0
21788,0,2503,0
21790,0,2503,0
21792,0,2504,0
21794,0,2495,0
21796,0,2503,0
21798,0,2502,0
21800,0,2503,0
21802,0,2503,0
21804,1667,2504,1
21806,0,2504,0
21808,0,2503,0
21810,0,2503,0
21812,0,2503,0
21814,0,2504,0
21816,0,2503,0
21818,0,2505,0
21820,0,2503,0
21822,0,2504,0
21824,0,2503,0
21826,0,2503,0
21828,0,2505,0
21830,0,2503,0
21832,0,2503,0
21834,0,2504,0
21836,0,2503,0
21838,0,2504,0
21840,0,2503,0
21842,0,2503,0
21844,1674,2502,1
21846,0,2502,0
21848,0,2505,0
21850,0,2504,0
21852,0,2503,0
21854,0,2503,0
21856,0,2501,0
21858,0,2505,0
21860,0,2505,0
21862,0,2503,0
21864,0,2504,0
21866,0,2505,0
21868,0,2504,0
21870,0,2503,0
21872,0,2504,0
21874,0,2503,0
21876,0,2504,0
21878,0,2503,0
21880,0,2503,0
21882,0,2503,0
21884,1677,2503,1
21886,0,2503,0
21888,0,2505,0
21890,0,2503,0
21892,0,2504,0
21894,0,2503,0
21896,0,2504,0
21898,0,2503,0
21900,0,2504,0
21902,0,2503,0
21904,0,2503,0
21906,0,2503,0
21908,0,2502,0
21910,0,2503,0
21912,0,2503,0
21914,0,2505,0
21916,0,2503,0
21918,0,2504,0
21920,0,2506,0
21922,0,2503,0
21924,1674,2503,1
21926,0,2503,0
21928,0,2503,0
21930,0,2506,0
21932,0,2505,0
21934,0,2503,0
21936,0,2503,0
21938,0,2503,0
21940,0,2503,0
21942,0,2503,0
21944,0,2502,0
21946,0,2503,0
21948,0,2504,0
21950,0,2502,0
21952,0,2501,0
21954,0,2503,0
21956,0,2506,0
21958,0,2503,0
21960,0,2502,0
21962,0,2503,0
21964,1673,2504,1
21966,0,2503,0
21968,0,2503,0
21970,0,2504,0
21972,0,2504,0
21974,0,2502,0
21976,0,2503,0
21978,0,2503,0
21980,0,2503,0
21982,0,2503,0
21984,0,2503,0
21986,0,2503,0
21988,0,2503,0
21990,0,2503,0
21992,0,2503,0
21994,0,2503,0
21996,0,2503,0
21998,0,2503,0
22000,0,2505,0
22002,0,2503,0
22004,1693,2503,1
22006,0,2505,0
22008,0,2505,0
22010,0,2503,0
22012,0,2504,0
22014,0,2505,0
22016,0,2504,0
22018,0,2505,0
22020,0,2503,0
22022,0,2503,0
22024,0,2504,0
22026,0,2503,0
22028,0,2503,0
22030,0,2501,0
22032,0,2503,0
22034,0,2501,0
22036,0,2505,0
22038,0,2503,0
22040,0,2504,0
22042,0,2504,0
22044,1695,2505,1
22046,0,2507,0
22048,0,2504,0
22050,0,2505,0
22052,0,2505,0
22054,0,2505,0
22056,0,2503,0
22058,0,2504,0
22060,0,2503,0
22062,0,2503,0
22064,0,2504,0
22066,0,2503,0
22068,0,2504,0
22070,0,2503,0
22072,0,2503,0
22074,0,2503,0
22076,0,2501,0
22078,0,2503,0
22080,0,2503,0
22082,0,2504,0
22084,1663,2503,1
22086,0,2505,0
22088,0,2505,0
22090,0,2503,0
22092,0,2503,0
22094,0,2503,0
22096,0,2504,0
22098,0,2504,0
22100,0,2505,0
22102,0,2501,0
22104,0,2505,0
22106,0,2505,0
22108,0,2504,0
22110,0,2503,0
22112,0,2503,0
22114,0,2505,0
22116,0,2504,0
22118,0,2503,0
22120,0,2501,0
22122,0,2504,0
22124,1647,2505,1
22126,0,2503,0
22128,0,2503,0
22130,0,2504,0
22132,0,2503,0
22134,0,2505,0
22136,0,2504,0
22138,0,2504,0
22140,0,2505,0
22142,0,2503,0
22144,0,2503,0
22146,0,2504,0
22148,0,2502,0
22150,0,2504,0
22152,0,2502,0
22154,0,2502,0
22156,0,2504,0
22158,0,2503,0
22160,0,2504,0
22162,1666,2505,1
22164,0,2503,0
22166,0,2503,0
22168,0,2503,0
22170,0,2503,0
22172,0,2505,0
22174,0,2503,0
22176,0,2504,0
22178,0,2502,0
22180,0,2505,0
22182,0,2504,0
22184,0,2504,0
22186,0,2505,0
22188,0,2503,0
22190,0,2503,0
22192,0,2505,0
22194,0,2503,0
22196,0,2503,0
22198,0,2501,0
22200,0,2505,0
22202,1672,2503,1
22204,0,2503,0
22206,0,2503,0
22208,0,2503,0
22210,0,2509,0
22212,0,2503,0
22214,0,2505,0
22216,0,2503,0
22218,0,2505,0
22220,0,2503,0
22222,0,2504,0
22224,0,2503,0
22226,0,2504,0
22228,0,2504,0
22230,0,2507,0
22232,0,2505,0
22234,0,2504,0
22236,0,2503,0
22238,0,2503,0
22240,0,2501,0
22242,1672,2507,1
22244,0,2501,0
22246,0,2505,0
22248,0,2503,0
22250,0,2502,0
22252,0,2504,0
22254,0,2503,0
22256,0,2505,0
22258,0,2503,0
22260,0,2503,0
22262,0,2503,0
22264,0,2503,0
22266,0,2505,0
22268,0,2503,0
22270,0,2503,0
22272,0,2503,0
22274,0,2503,0
22276,0,2503,0
22278,0,2505,0
22280,0,2504,0
22282,1677,2502,1
22284,0,2504,0
22286,0,2503,0
22288,0,2504,0
22290,0,2503,0
22292,0,2505,0
22294,0,2502,0
22296,0,2504,0
22298,0,2495,0
22300,0,2503,0
22302,0,2505,0
22304,0,2504,0
22306,0,2503,0
22308,0,2504,0
22310,0,2504,0
22312,0,2508,0
22314,0,2505,0
22316,0,2505,0
22318,0,2503,0
22320,0,2504,0
22322,1673,2504,1
22324,0,2504,0
22326,0,2501,0
22328,0,2504,0
22330,0,2503,0
22332,0,2503,0
22334,0,2503,0
22336,0,2503,0
22338,0,2503,0
22340,0,2505,0
22342,0,2503,0
22344,0,2503,0
22346,0,2503,0
22348,0,2504,0
22350,0,2505,0
22352,0,2504,0
22354,0,2504,0
22356,0,2505,0
22358,0,2505,0
22360,0,2503,0
22362,1671,2504,1
22364,0,2504,0
22366,0,2503,0
22368,0,2503,0
22370,0,2503,0
22372,0,2503,0
22374,0,2504,0
22376,0,2504,0
22378,0,2503,0
22380,0,2505,0
22382,0,2503,0
22384,0,2504,0
22386,0,2503,0
22388,0,2504,0
22390,0,2501,0
22392,0,2504,0
22394,0,2504,0
22396,0,2503,0
22398,0,2504,0
22400,0,2504,0
22402,1696,2503,1
22404,0,2504,0
22406,0,2503,0
22408,0,2502,0
22410,0,2503,0
22412,0,2505,0
22414,0,2503,0
22416,0,2503,0
22418,0,2502,0
22420,0,2505,0
22422,0,2503,0
22424,0,2503,0
22426,0,2503,0
22428,0,2505,0
22430,0,2503,0
22432,0,2505,0
22434,0,2504,0
22436,0,2505,0
22438,0,2503,0
22440,0,2503,0
22442,1701,2503,1
22444,0,2504,0
22446,0,2504,0
22448,0,2503,0
22450,0,2502,0
22452,0,2504,0
22454,0,2503,0
22456,0,2505,0
22458,0,2505,0
22460,0,2502,0
22462,0,2502,0
22464,0,2503,0
22466,0,2504,0
22468,0,2503,0
22470,0,2503,0
22472,0,2505,0
22474,0,2503,0
22476,0,2504,0
22478,0,2505,0
22480,0,2504,0
22482,1656,2505,1
22484,0,2501,0
22486,0,2503,0
22488,0,2505,0
22490,0,2504,0
22492,0,2503,0
22494,0,2505,0
22496,0,2503,0
22498,0,2508,0
22500,0,2503,0
22502,0,2505,0
22504,0,2503,0
22506,0,2503,0
22508,0,2503,0
22510,0,2503,0
22512,0,2504,0
22514,0,2503,0
22516,0,2505,0
22518,0,2505,0
22520,0,2505,0
22522,1654,2503,1
22524,0,2503,0
22526,0,2505,0
22528,0,2505,0
22530,0,2503,0
22532,0,2504,0
22534,0,2503,0
22536,0,2502,0
22538,0,2503,0
22540,0,2503,0
22542,0,2503,0
22544,0,2505,0
22546,0,2504,0
22548,0,2493,0
22550,0,2501,0
22552,0,2504,0
22554,0,2504,0
22556,0,2503,0
22558,0,2501,0
22560,1671,2503,1
22562,0,2503,0
22564,0,2503,0
22566,0,2505,0
22568,0,2503,0
22570,0,2503,0
22572,0,2504,0
22574,0,2504,0
22576,0,2503,0
22578,0,2503,0
22580,0,2503,0
22582,0,2503,0
22584,0,2501,0
22586,0,2502,0
22588,0,2505,0
22590,0,2503,0
22592,0,2504,0
22594,0,2505,0
22596,0,2505,0
22598,0,2503,0
22600,1673,2503,1
22602,0,2503,0
22604,0,2504,0
22606,0,2503,0
22608,0,2503,0
22610,0,2505,0
22612,0,2507,0
22614,0,2502,0
22616,0,2505,0
22618,0,2503,0
22620,0,2504,0
22622,0,2503,0
22624,0,2504,0
22626,0,2503,0
22628,0,2504,0
22630,0,2503,0
22632,0,2505,0
22634,0,2503,0
22636,0,2505,0
22638,0,2503,0
22640,1678,2503,1
22642,0,2505,0
22644,0,2504,0
22646,0,2505,0
22648,0,2503,0
22650,0,2503,0
22652,0,2503,0
22654,0,2502,0
22656,0,2501,0
22658,0,2504,0
22660,0,2503,0
22662,0,2503,0
22664,0,2505,0
22666,0,2503,0
22668,0,2503,0
22670,0,2505,0
22672,0,2504,0
22674,0,2502,0
22676,0,2501,0
22678,0,2495,0
22680,1672,2504,1
22682,0,2501,0
22684,0,2503,0
22686,0,2503,0
22688,0,2505,0
22690,0,2504,0
22692,0,2502,0
22694,0,2502,0
22696,0,2504,0
22698,0,2505,0
22700,0,2503,0
22702,0,2504,0
22704,0,2502,0
22706,0,2503,0
22708,0,2503,0
22710,0,2502,0
22712,0,2503,0
22714,0,2503,0
22716,0,2506,0
22718,0,2503,0
22720,1673,2505,1
22722,0,2503,0
22724,0,2503,0
22726,0,2503,0
22728,0,2503,0
22730,0,2502,0
22732,0,2501,0
22734,0,2504,0
22736,0,2503,0
22738,0,2505,0
22740,0,2505,0
22742,0,2503,0
22744,0,2505,0
22746,0,2503,0
22748,0,2503,0
22750,0,2502,0
22752,0,2504,0
22754,0,2503,0
22756,0,2504,0
22758,0,2503,0
22760,1676,2496,1
22762,0,2502,0
22764,0,2503,0
22766,0,2505,0
22768,0,2504,0
22770,0,2503,0
22772,0,2504,0
22774,0,2504,0
22776,0,2503,0
22778,0,2504,0
22780,0,2507,0
22782,0,2503,0
22784,0,2503,0
22786,0,2503,0
22788,0,2504,0
22790,0,2505,0
22792,0,2503,0
22794,0,2503,0
22796,0,2503,0
22798,0,2505,0
22800,1710,2504,1
22802,0,2492,0
22804,0,2503,0
22806,0,2503,0
22808,0,2505,0
22810,0,2505,0
22812,0,2503,0
22814,0,2503,0
22816,0,2505,0
22818,0,2503,0
22820,0,2504,0
22822,0,2503,0
22824,0,2503,0
22826,0,2503,0
22828,0,2503,0
22830,0,2503,0
22832,0,2505,0
22834,0,2503,0
22836,0,2507,0
22838,0,2503,0
22840,1684,2505,1
22842,0,2504,0
22844,0,2505,0
22846,0,2505,0
22848,0,2504,0
22850,0,2503,0
22852,0,2502,0
22854,0,2495,0
22856,0,2507,0
22858,0,2503,0
22860,0,2503,0
22862,0,2501,0
22864,0,2503,0
22866,0,2507,0
22868,0,2504,0
22870,0,2503,0
22872,0,2503,0
22874,0,2502,0
22876,0,2504,0
22878,0,2503,0
22880,1659,2505,1
22882,0,2503,0
22884,0,2503,0
22886,0,2504,0
22888,0,2504,0
22890,0,2503,0
22892,0,2504,0
22894,0,2502,0
22896,0,2505,0
22898,0,2505,0
22900,0,2504,0
22902,0,2503,0
22904,0,2501,0
22906,0,2505,0
22908,0,2501,0
22910,0,2503,0
22912,0,2503,0
22914,0,2502,0
22916,0,2505,0
22918,1659,2503,1
22920,0,2503,0
22922,0,2503,0
22924,0,2503,0
22926,0,2504,0
22928,0,2504,0
22930,0,2503,0
22932,0,2505,0
22934,0,2502,0
22936,0,2505,0
22938,0,2504,0
22940,0,2503,0
22942,0,2504,0
22944,0,2503,0
22946,0,2503,0
22948,0,2503,0
22950,0,2503,0
22952,0,2503,0
22954,0,2507,0
22956,0,2504,0
22958,1670,2503,1
22960,0,2504,0
22962,0,2503,0
22964,0,2504,0
22966,0,2505,0
22968,0,2504,0
22970,0,2503,0
22972,0,2503,0
22974,0,2504,0
22976,0,2505,0
22978,0,2501,0
22980,0,2504,0
22982,0,2505,0
22984,0,2503,0
22986,0,2505,0
22988,0,2505,0
22990,0,2505,0
22992,0,2503,0
22994,0,2503,0
22996,0,2503,0
22998,1672,2507,1
23000,0,2504,0
23002,0,2505,0
23004,0,2503,0
23006,0,2505,0
23008,0,2505,0
23010,0,2505,0
23012,0,2505,0
23014,0,2503,0
23016,0,2505,0
23018,0,2505,0
23020,0,2503,0
23022,0,2505,0
23024,0,2505,0
23026,0,2503,0
23028,0,2503,0
23030,0,2502,0
23032,0,2503,0
23034,0,2503,0
23036,0,2505,0
23038,1678,2503,1
23040,0,2504,0
23042,0,2503,0
23044,0,2504,0
23046,0,2504,0
23048,0,2504,0
23050,0,2501,0
23052,0,2503,0
23054,0,2501,0
23056,0,2505,0
23058,0,2503,0
23060,0,2504,0
23062,0,2503,0
23064,0,2504,0
23066,0,2503,0
23068,0,2503,0
23070,0,2503,0
23072,0,2503,0
23074,0,2505,0
23076,0,2504,0
23078,1674,2505,1
23080,0,2505,0
23082,0,2502,0
23084,0,2503,0
23086,0,2503,0
23088,0,2505,0
23090,0,2502,0
23092,0,2503,0
23094,0,2503,0
23096,0,2504,0
23098,0,2504,0
23100,0,2503,0
23102,0,2504,0
23104,0,2503,0
23106,0,2504,0
23108,0,2504,0
23110,0,2505,0
23112,0,2505,0
23114,0,2504,0
23116,0,2503,0
23118,1669,2511,1
23120,0,2503,0
23122,0,2504,0
23124,0,2504,0
23126,0,2504,0
23128,0,2504,0
23130,0,2503,0
23132,0,2504,0
23134,0,2503,0
23136,0,2505,0
23138,0,2506,0
23140,0,2503,0
23142,0,2504,0
23144,0,2504,0
23146,0,2505,0
23148,0,2504,0
23150,0,2503,0
23152,0,2505,0
23154,0,2505,0
23156,0,2506,0
23158,1687,2503,1
23160,0,2503,0
23162,0,2503,0
23164,0,2503,0
23166,0,2503,0
23168,0,2504,0
23170,0,2505,0
23172,0,2504,0
23174,0,2503,0
23176,0,2502,0
23178,0,2503,0
23180,0,2503,0
23182,0,2503,0
23184,0,2504,0
23186,0,2504,0
23188,0,2502,0
23190,0,2503,0
23192,0,2504,0
23194,0,2503,0
23196,0,2503,0
23198,1705,2503,1
23200,0,2502,0
23202,0,2502,0
23204,0,2503,0
23206,0,2504,0
23208,0,2503,0
23210,0,2503,0
23212,0,2503,0
23214,0,2507,0
23216,0,2503,0
23218,0,2504,0
23220,0,2503,0
23222,0,2504,0
23224,0,2504,0
23226,0,2503,0
23228,0,2504,0
23230,0,2505,0
23232,0,2503,0
23234,0,2505,0
23236,0,2505,0
23238,1663,2505,1
23240,0,2503,0
23242,0,2505,0
23244,0,2503,0
23246,0,2505,0
23248,0,2505,0
23250,0,2504,0
23252,0,2504,0
23254,0,2502,0
23256,0,2504,0
23258,0,2504,0
23260,0,2503,0
23262,0,2503,0
23264,0,2504,0
23266,0,2507,0
23268,0,2503,0
23270,0,2503,0
23272,0,2503,0
23274,0,2504,0
23276,0,2503,0
23278,1651,2504,1
23280,0,2504,0
23282,0,2503,0
23284,0,2496,0
23286,0,2503,0
23288,0,2503,0
23290,0,2503,0
23292,0,2503,0
23294,0,2503,0
23296,0,2504,0
23298,0,2503,0
23300,0,2505,0
23302,0,2504,0
23304,0,2503,0
23306,0,2505,0
23308,0,2503,0
23310,0,2503,0
23312,0,2503,0
23314,0,2503,0
23316,1670,2504,1
23318,0,2504,0
23320,0,2500,0
23322,0,2503,0
23324,0,2503,0
23326,0,2504,0
23328,0,2504,0
23330,0,2504,0
23332,0,2503,0
23334,0,2503,0
23336,0,2503,0
23338,0,2495,0
23340,0,2505,0
23342,0,2503,0
23344,0,2503,0
23346,0,2502,0
23348,0,2505,0
23350,0,2503,0
23352,0,2505,0
23354,0,2503,0
23356,1673,2505,1
23358,0,2504,0
23360,0,2505,0
23362,0,2505,0
23364,0,2505,0
23366,0,2505,0
23368,0,2502,0
23370,0,2503,0
23372,0,2503,0
23374,0,2505,0
23376,0,2504,0
23378,0,2505,0
23380,0,2504,0
23382,0,2504,0
23384,0,2504,0
23386,0,2503,0
23388,0,2504,0
23390,0,2504,0
23392,0,2503,0
23394,0,2503,0
23396,1680,2505,1
23398,0,2503,0
23400,0,2503,0
23402,0,2496,0
23404,0,2503,0
23406,0,2501,0
23408,0,2505,0
23410,0,2502,0
23412,0,2501,0
23414,0,2505,0
23416,0,2503,0
23418,0,2503,0
23420,0,2505,0
23422,0,2504,0
23424,0,2504,0
23426,0,2504,0
23428,0,2505,0
23430,0,2503,0
23432,0,2504,0
23434,0,2503,0
23436,1680,2502,1
23438,0,2504,0
23440,0,2504,0
23442,0,2503,0
23444,0,2505,0
23446,0,2502,0
23448,0,2503,0
23450,0,2504,0
23452,0,2505,0
23454,0,2505,0
23456,0,2504,0
23458,0,2505,0
23460,0,2505,0
23462,0,2503,0
23464,0,2504,0
23466,0,2506,0
23468,0,2500,0
23470,0,2505,0
23472,0,2503,0
23474,0,2504,0
23476,1678,2503,1
23478,0,2507,0
23480,0,2503,0
23482,0,2503,0
23484,0,2505,0
23486,0,2503,0
23488,0,2505,0
23490,0,2503,0
23492,0,2504,0
23494,0,2503,0
23496,0,2503,0
23498,0,2503,0
23500,0,2503,0
23502,0,2505,0
23504,0,2503,0
23506,0,2504,0
23508,0,2504,0
23510,0,2505,0
23512,0,2503,0
23514,0,2503,0
23516,1667,2505,1
23518,0,2503,0
23520,0,2503,0
23522,0,2505,0
23524,0,2505,0
23526,0,2503,0
23528,0,2504,0
23530,0,2504,0
23532,0,2503,0
23534,0,2503,0
23536,0,2504,0
23539,0,2506,0
23541,0,2507,0
23543,0,2503,0
23545,0,2505,0
23547,0,2504,0
23549,0,2506,0
23551,0,2504,0
23553,0,2505,0
23555,0,2504,0
23557,1704,2505,1
23559,0,2507,0
23561,0,2505,0
23563,0,2502,0
23565,0,2503,0
23567,0,2503,0
23569,0,2501,0
23571,0,2503,0
23573,0,2503,0
23575,0,2503,0
23577,0,2504,0
23579,0,2503,0
23581,0,2511,0
23583,0,2503,0
23585,0,2501,0
23587,0,2504,0
23589,0,2504,0
23591,0,2503,0
23593,0,2505,0
23595,0,2505,0
23597,1690,2503,1
23599,0,2503,0
23601,0,2505,0
23603,0,2505,0
23605,0,2504,0
23607,0,2503,0
23609,0,2504,0
23611,0,2504,0
23613,0,2504,0
23615,0,2503,0
23617,0,2504,0
23619,0,2503,0
23621,0,2505,0
23623,0,2503,0
23625,0,2505,0
23627,0,2505,0
23629,0,2503,0
23631,0,2503,0
23633,0,2502,0
23635,0,2503,0
23637,1649,2505,1
23639,0,2503,0
23641,0,2503,0
23643,0,2505,0
23645,0,2505,0
23647,0,2505,0
23649,0,2505,0
23651,0,2503,0
23653,0,2505,0
23655,0,2501,0
23657,0,2503,0
23659,0,2505,0
23661,0,2504,0
23663,0,2504,0
23665,0,2503,0
23667,0,2503,0
23669,0,2504,0
23671,0,2504,0
23673,0,2504,0
23675,0,2502,0
23677,1653,2504,1
23679,0,2504,0
23681,0,2501,0
23683,0,2503,0
23685,0,2503,0
23687,0,2502,0
23689,0,2495,0
23691,0,2509,0
23693,0,2503,0
23695,0,2504,0
23697,0,2504,0
23699,0,2505,0
23701,0,2503,0
23703,0,2504,0
23705,0,2505,0
23707,0,2504,0
23709,0,2505,0
23711,0,2505,0
23713,0,2503,0
23715,1670,2505,1
23717,0,2504,0
23719,0,2504,0
23721,0,2508,0
23723,0,2503,0
23725,0,2503,0
23727,0,2505,0
23729,0,2502,0
23731,0,2505,0
23733,0,2503,0
23735,0,2503,0
23737,0,2501,0
23739,0,2501,0
23741,0,2505,0
23743,0,2496,0
23745,0,2504,0
23747,0,2503,0
23749,0,2502,0
23751,0,2503,0
23753,0,2504,0
23755,1674,2503,1
23757,0,2503,0
23759,0,2505,0
23761,0,2503,0
23763,0,2504,0
23765,0,2503,0
23767,0,2503,0
23769,0,2504,0
23771,0,2503,0
23773,0,2503,0
23775,0,2504,0
23777,0,2503,0
23779,0,2505,0
23781,0,2504,0
23783,0,2504,0
23785,0,2503,0
23787,0,2503,0
23789,0,2503,0
23791,0,2503,0
23793,0,2504,0
23795,1674,2503,1
23797,0,2503,0
23799,0,2503,0
23801,0,2495,0
23803,0,2503,0
23805,0,2502,0
23807,0,2503,0
23809,0,2495,0
23811,0,2503,0
23813,0,2501,0
23815,0,2503,0
23817,0,2502,0
23819,0,2502,0
23821,0,2503,0
23823,0,2504,0
23825,0,2503,0
23827,0,2504,0
23829,0,2504,0
23831,0,2502,0
23833,0,2505,0
23835,1669,2504,1
23837,0,2502,0
23839,0,2502,0
23841,0,2504,0
23843,0,2503,0
23845,0,2505,0
23847,0,2503,0
23849,0,2503,0
23851,0,2504,0
23853,0,2503,0
23855,0,2504,0
23857,0,2504,0
23859,0,2505,0
23861,0,2502,0
23863,0,2507,0
23865,0,2504,0
23867,0,2503,0
23869,0,2503,0
23871,0,2503,0
23873,0,2503,0
23875,1673,2501,1
23877,0,2503,0
23879,0,2504,0
23881,0,2504,0
23883,0,2503,0
23885,0,2504,0
23887,0,2503,0
23889,0,2503,0
23891,0,2504,0
23893,0,2503,0
23895,0,2503,0
23897,0,2501,0
23899,0,2503,0
23901,0,2504,0
23903,0,2505,0
23905,0,2504,0
23907,0,2504,0
23909,0,2503,0
23911,0,2503,0
23913,0,2503,0
23915,1682,2503,1
23917,0,2505,0
23919,0,2503,0
23921,0,2503,0
23923,0,2503,0
23925,0,2503,0
23927,0,2505,0
23929,0,2503,0
23931,0,2505,0
23933,0,2504,0
23935,0,2503,0
23937,0,2504,0
23939,0,2503,0
23941,0,2504,0
23943,0,2503,0
23945,0,2504,0
23947,0,2503,0
23949,0,2504,0
23951,0,2503,0
23953,0,2505,0
23955,1704,2506,1
23957,0,2503,0
23959,0,2504,0
23961,0,2505,0
23963,0,2501,0
23965,0,2503,0
23967,0,2505,0
23969,0,2503,0
23971,0,2505,0
23973,0,2504,0
23975,0,2503,0
23977,0,2503,0
23979,0,2503,0
23981,0,2504,0
23983,0,2504,0
23985,0,2495,0
23987,0,2503,0
23989,0,2504,0
23991,0,2503,0
23993,0,2508,0
23995,1673,2504,1
23997,0,2504,0
23999,0,2505,0
24001,0,2503,0
24003,0,2507,0
24005,0,2503,0
24007,0,2505,0
24009,0,2504,0
24011,0,2496,0
24013,0,2503,0
24015,0,2505,0
24017,0,2504,0
24019,0,2503,0
24021,0,2505,0
24023,0,2507,0
24025,0,2503,0
24027,0,2503,0
24029,0,2504,0
24031,0,2505,0
24033,0,2503,0
24035,1643,2503,1
24037,0,2505,0
24039,0,2503,0
24041,0,2503,0
24043,0,2503,0
24045,0,2504,0
24047,0,2504,0
24049,0,2503,0
24051,0,2504,0
24053,0,2505,0
24055,0,2503,0
24057,0,2504,0
24059,0,2505,0
24061,0,2504,0
24063,0,2503,0
24065,0,2503,0
24067,0,2504,0
24069,0,2505,0
24071,0,2504,0
24073,1667,2503,1
24075,0,2504,0
24077,0,2504,0
24079,0,2503,0
24081,0,2505,0
24083,0,2505,0
24085,0,2505,0
24087,0,2505,0
24089,0,2505,0
24091,0,2505,0
24093,0,2503,0
24095,0,2504,0
24097,0,2503,0
24099,0,2502,0
24101,0,2504,0
24103,0,2503,0
24105,0,2503,0
24107,0,2503,0
24109,0,2504,0
24111,0,2503,0
24113,1677,2503,1
24115,0,2503,0
24117,0,2504,0
24119,0,2503,0
24121,0,2503,0
24123,0,2505,0
24125,0,2504,0
24127,0,2505,0
24129,0,2504,0
24131,0,2504,0
24133,0,2501,0
24135,0,2505,0
24137,0,2503,0
24139,0,2505,0
24141,0,2505,0
24143,0,2503,0
24145,0,2503,0
24147,0,2504,0
24149,0,2504,0
24151,0,2503,0
24153,1680,2503,1
24155,0,2503,0
24157,0,2503,0
24159,0,2503,0
24161,0,2504,0
24163,0,2504,0
24165,0,2504,0
24167,0,2503,0
24169,0,2503,0
24171,0,2503,0
24173,0,2505,0
24175,0,2504,0
24177,0,2503,0
24179,0,2503,0
24181,0,2503,0
24183,0,2504,0
24185,0,2504,0
24187,0,2503,0
24189,0,2505,0
24191,0,2505,0
24193,1675,2503,1
24195,0,2503,0
24197,0,2503,0
24199,0,2503,0
24201,0,2504,0
24203,0,2503,0
24205,0,2501,0
24207,0,2504,0
24209,0,2504,0
24211,0,2504,0
24213,0,2504,0
24215,0,2501,0
24217,0,2504,0
24219,0,2503,0
24221,0,2503,0
24223,0,2507,0
24225,0,2503,0
24227,0,2502,0
24229,0,2505,0
24231,0,2503,0
24233,1670,2503,1
24235,0,2504,0
24237,0,2504,0
24239,0,2504,0
24241,0,2502,0
24243,0,2503,0
24245,0,2504,0
24247,0,2504,0
24249,0,2505,0
24251,0,2504,0
24253,0,2503,0
24255,0,2503,0
24257,0,2504,0
24259,0,2504,0
24261,0,2504,0
24263,0,2506,0
24265,0,2504,0
24267,0,2503,0
24269,0,2505,0
24271,0,2505,0
24273,1675,2505,1
24275,0,2503,0
24277,0,2503,0
24279,0,2503,0
24281,0,2503,0
24283,0,2503,0
24285,0,2501,0
24287,0,2503,0
24289,0,2503,0
24291,0,2504,0
24293,0,2501,0
24295,0,2504,0
24297,0,2503,0
24299,0,2505,0
24301,0,2504,0
24303,0,2504,0
24305,0,2504,0
24307,0,2505,0
24309,0,2507,0
24311,0,2504,0
24313,1704,2503,1
24315,0,2504,0
24317,0,2503,0
24319,0,2505,0
24321,0,2503,0
24323,0,2505,0
24325,0,2503,0
24327,0,2505,0
24329,0,2503,0
24331,0,2505,0
24333,0,2504,0
24335,0,2503,0
24337,0,2504,0
24339,0,2503,0
24341,0,2503,0
24343,0,2503,0
24345,0,2504,0
24347,0,2503,0
24349,0,2503,0
24351,0,2503,0
24353,1703,2501,1
24355,0,2505,0
24357,0,2504,0
24359,0,2501,0
24361,0,2505,0
24363,0,2504,0
24365,0,2503,0
24367,0,2504,0
24369,0,2501,0
24371,0,2503,0
24373,0,2504,0
24375,0,2503,0
24377,0,2505,0
24379,0,2504,0
24381,0,2504,0
24383,0,2503,0
24385,0,2505,0
24387,0,2505,0
24389,0,2503,0
24391,0,2503,0
24393,1657,2503,1
24395,0,2503,0
24397,0,2503,0
24399,0,2505,0
24401,0,2505,0
24403,0,2504,0
24405,0,2505,0
24407,0,2505,0
24409,0,2504,0
24411,0,2503,0
24413,0,2504,0
24415,0,2505,0
24417,0,2508,0
24419,0,2504,0
24421,0,2503,0
24423,0,2503,0
24425,0,2505,0
24427,0,2504,0
24429,0,2503,0
24431,0,2503,0
24433,1653,2503,1
24435,0,2505,0
24437,0,2503,0
24439,0,2503,0
24441,0,2504,0
24443,0,2504,0
24445,0,2496,0
24447,0,2504,0
24449,0,2501,0
24451,0,2505,0
24453,0,2503,0
24455,0,2501,0
24457,0,2503,0
24459,0,2501,0
24461,0,2503,0
24463,0,2496,0
24465,0,2503,0
24467,0,2503,0
24469,0,2504,0
24471,1671,2505,1
24473,0,2504,0
24475,0,2504,0
24477,0,2501,0
24479,0,2503,0
24481,0,2503,0
24483,0,2504,0
24485,0,2505,0
24487,0,2505,0
24489,0,2503,0
24491,0,2503,0
24493,0,2504,0
24495,0,2503,0
24497,0,2503,0
24499,0,2503,0
24501,0,2503,0
24503,0,2503,0
24505,0,2501,0
24507,0,2503,0
24509,0,2505,0
24511,1677,2504,1
24513,0,2503,0
24515,0,2504,0
24517,0,2503,0
24519,0,2504,0
24521,0,2495,0
24523,0,2505,0
24525,0,2504,0
24527,0,2503,0
24529,0,2502,0
24531,0,2504,0
24533,0,2503,0
24535,0,2504,0
24537,0,2503,0
24539,0,2504,0
24541,0,2504,0
24543,0,2503,0
24545,0,2504,0
24547,0,2504,0
24549,0,2503,0
24551,1673,2503,1
24553,0,2495,0
24555,0,2503,0
24557,0,2505,0
24559,0,2504,0
24561,0,2495,0
24563,0,2505,0
24565,0,2504,0
24567,0,2505,0
24569,0,2504,0
24571,0,2483,0
24573,0,2503,0
24575,0,2503,0
24577,0,2505,0
24579,0,2503,0
24581,0,2504,0
24583,0,2503,0
24585,0,2503,0
24587,0,2503,0
24589,0,2503,0
24591,1674,2505,1
24593,0,2503,0
24595,0,2503,0
24597,0,2503,0
24599,0,2503,0
24601,0,2503,0
24603,0,2509,0
24605,0,2502,0
24607,0,2503,0
24609,0,2504,0
24611,0,2503,0
24613,0,2503,0
24615,0,2505,0
24617,0,2503,0
24619,0,2504,0
24621,0,2505,0
24623,0,2503,0
24625,0,2505,0
24627,0,2505,0
24629,0,2504,0
24631,1667,2505,1
24633,0,2505,0
24635,0,2504,0
24637,0,2504,0
24639,0,2503,0
24641,0,2503,0
24643,0,2504,0
24645,0,2504,0
24647,0,2503,0
24649,0,2503,0
24651,0,2504,0
24653,0,2501,0
24655,0,2504,0
24657,0,2504,0
24659,0,2503,0
24661,0,2503,0
24663,0,2501,0
24665,0,2503,0
24667,0,2503,0
24669,0,2503,0
24671,1679,2505,1
24673,0,2504,0
24675,0,2503,0
24677,0,2505,0
24679,0,2504,0
24681,0,2504,0
24683,0,2504,0
24685,0,2509,0
24687,0,2502,0
24689,0,2505,0
24691,0,2504,0
24693,0,2505,0
24695,0,2503,0
24697,0,2504,0
24699,0,2505,0
24701,0,2503,0
24703,0,2505,0
24705,0,2503,0
24707,0,2505,0
24709,0,2505,0
24711,1709,2504,1
24713,0,2503,0
24715,0,2503,0
24717,0,2503,0
24719,0,2503,0
24721,0,2504,0
24723,0,2503,0
24725,0,2503,0
24727,0,2505,0
24729,0,2504,0
24731,0,2504,0
24733,0,2503,0
24735,0,2503,0
24737,0,2503,0
24739,0,2503,0
24741,0,2504,0
24743,0,2503,0
24745,0,2505,0
24747,0,2504,0
24749,0,2503,0
24751,1682,2503,1
24753,0,2505,0
24755,0,2505,0
24757,0,2503,0
24759,0,2505,0
24761,0,2503,0
24763,0,2505,0
24765,0,2504,0
24767,0,2505,0
24769,0,2505,0
24771,0,2505,0
24773,0,2503,0
24775,0,2504,0
24777,0,2505,0
24779,0,2503,0
24781,0,2503,0
24783,0,2503,0
24785,0,2503,0
24787,0,2504,0
24789,0,2503,0
24791,1655,2501,1
24793,0,2503,0
24795,0,2503,0
24797,0,2502,0
24799,0,2503,0
24801,0,2502,0
24803,0,2504,0
24805,0,2505,0
24807,0,2503,0
24809,0,2504,0
24811,0,2504,0
24813,0,2506,0
24815,0,2503,0
24817,0,2503,0
24819,0,2504,0
24821,0,2503,0
24823,0,2503,0
24825,0,2506,0
24827,0,2504,0
24829,1662,2505,1
24831,0,2503,0
24833,0,2503,0
24835,0,2503,0
24837,0,2505,0
24839,0,2503,0
24841,0,2504,0
24843,0,2504,0
24845,0,2503,0
24847,0,2503,0
24849,0,2503,0
24851,0,2503,0
24853,0,2503,0
24855,0,2504,0
24857,0,2503,0
24859,0,2504,0
24861,0,2504,0
24863,0,2503,0
24865,0,2503,0
24867,0,2505,0
24869,1666,2504,1
24871,0,2504,0
24873,0,2504,0
24875,0,2502,0
24877,0,2507,0
24879,0,2504,0
24881,0,2504,0
24883,0,2503,0
24885,0,2504,0
24887,0,2503,0
24889,0,2504,0
24891,0,2504,0
24893,0,2503,0
24895,0,2503,0
24897,0,2502,0
24899,0,2504,0
24901,0,2505,0
24903,0,2505,0
24905,0,2504,0
24907,0,2503,0
24909,1671,2504,1
24911,0,2504,0
24913,0,2503,0
24915,0,2501,0
24917,0,2505,0
24919,0,2504,0
24921,0,2503,0
24923,0,2505,0
24925,0,2504,0
24927,0,2503,0
24929,0,2505,0
24931,0,2504,0
24933,0,2503,0
24935,0,2505,0
24937,0,2505,0
24939,0,2504,0
24941,0,2504,0
24943,0,2504,0
24945,0,2505,0
24947,0,2505,0
24949,1676,2503,1
24951,0,2504,0
24953,0,2503,0
24955,0,2503,0
24957,0,2502,0
24959,0,2506,0
24961,0,2503,0
24963,0,2503,0
24965,0,2505,0
24967,0,2503,0
24969,0,2503,0
24971,0,2505,0
24973,0,2505,0
24975,0,2503,0
24977,0,2503,0
24979,0,2505,0
24981,0,2504,0
24983,0,2504,0
24985,0,2505,0
24987,0,2503,0
24989,1674,2504,1
24991,0,2505,0
24993,0,2505,0
24995,0,2504,0
24997,0,2503,0
24999,0,2505,0
25001,0,2503,0
25003,0,2503,0
25005,0,2503,0
25007,0,2503,0
25009,0,2503,0
25011,0,2503,0
25013,0,2508,0
25015,0,2505,0
25017,0,2504,0
25019,0,2503,0
25021,0,2505,0
25023,0,2505,0
25025,0,2504,0
25027,0,2503,0
25029,1674,2504,1
25031,0,2504,0
25033,0,2503,0
25035,0,2506,0
25037,0,2503,0
25039,0,2503,0
25041,0,2505,0
25043,0,2504,0
25045,0,2505,0
25047,0,2505,0
25049,0,2504,0
25051,0,2503,0
25053,0,2505,0
25055,0,2503,0
25057,0,2507,0
25059,0,2495,0
25061,0,2503,0
25063,0,2503,0
25065,0,2503,0
25067,0,2505,0
25069,1697,2505,1
25071,0,2503,0
25073,0,2505,0
25075,0,2503,0
25077,0,2503,0
25079,0,2504,0
25081,0,2503,0
25083,0,2505,0
25085,0,2504,0
25087,0,2507,0
25089,0,2506,0
25091,0,2505,0
25093,0,2505,0
25095,0,2502,0
25097,0,2505,0
25099,0,2503,0
25101,0,2505,0
25103,0,2505,0
25105,0,2505,0
25107,0,2503,0
25109,1698,2505,1
25111,0,2505,0
25113,0,2503,0
25115,0,2503,0
25117,0,2504,0
25119,0,2504,0
25121,0,2503,0
25123,0,2503,0
25125,0,2503,0
25127,0,2504,0
25129,0,2501,0
25131,0,2505,0
25133,0,2503,0
25135,0,2504,0
25137,0,2503,0
25139,0,2503,0
25141,0,2505,0
25143,0,2502,0
25145,0,2504,0
25147,0,2503,0
25149,1661,2505,1
25151,0,2503,0
25153,0,2504,0
25155,0,2503,0
25157,0,2504,0
25159,0,2504,0
25161,0,2503,0
25163,0,2505,0
25165,0,2505,0
25167,0,2505,0
25169,0,2503,0
25171,0,2503,0
25173,0,2503,0
25175,0,2504,0
25177,0,2503,0
25179,0,2503,0
25181,0,2505,0
25183,0,2503,0
25185,0,2502,0
25187,0,2495,0
25189,1649,2505,1
25191,0,2501,0
25193,0,2503,0
25195,0,2505,0
25197,0,2503,0
25199,0,2505,0
25201,0,2504,0
25203,0,2504,0
25205,0,2504,0
25207,0,2505,0
25209,0,2505,0
25211,0,2503,0
25213,0,2503,0
25215,0,2503,0
25217,0,2503,0
25219,0,2504,0
25221,0,2505,0
25223,0,2501,0
25225,0,2504,0
25227,1664,2504,1
25229,0,2505,0
25231,0,2503,0
25233,0,2505,0
25235,0,2503,0
25237,0,2503,0
25239,0,2503,0
25241,0,2505,0
25243,0,2507,0
25245,0,2503,0
25247,0,2505,0
25249,0,2505,0
25251,0,2503,0
25253,0,2506,0
25255,0,2504,0
25257,0,2503,0
25259,0,2503,0
25261,0,2503,0
25263,0,2504,0
25265,0,2503,0
25267,1673,2503,1
25269,0,2505,0
25271,0,2503,0
25273,0,2491,0
25275,0,2507,0
25277,0,2505,0
25279,0,2504,0
25281,0,2505,0
25283,0,2503,0
25285,0,2495,0
25287,0,2504,0
25289,0,2504,0
25291,0,2505,0
25293,0,2503,0
25295,0,2502,0
25297,0,2504,0
25299,0,2503,0
25301,0,2504,0
25303,0,2504,0
25305,0,2504,0
25307,1672,2503,1
25309,0,2491,0
25311,0,2505,0
25313,0,2504,0
25315,0,2504,0
25317,0,2504,0
25319,0,2503,0
25321,0,2504,0
25323,0,2503,0
25325,0,2504,0
25327,0,2505,0
25329,0,2505,0
25331,0,2505,0
25333,0,2504,0
25335,0,2505,0
25337,0,2505,0
25339,0,2505,0
25341,0,2503,0
25343,0,2505,0
25345,0,2503,0
25347,1675,2504,1
25349,0,2503,0
25351,0,2503,0
25353,0,2504,0
25355,0,2504,0
25357,0,2505,0
25359,0,2504,0
25361,0,2496,0
25363,0,2505,0
25365,0,2504,0
25367,0,2504,0
25369,0,2518,0
25371,0,2503,0
25373,0,2503,0
25375,0,2504,0
25377,0,2503,0
25379,0,2505,0
25381,0,2505,0
25383,0,2503,0
25385,0,2505,0
25387,1670,2503,1
25389,0,2504,0
25391,0,2505,0
25394,0,2504,0
25396,0,2503,0
25398,0,2503,0
25400,0,2502,0
25402,0,2504,0
25404,0,2504,0
25406,0,2505,0
25408,0,2503,0
25410,0,2504,0
25412,0,2503,0
25414,0,2509,0
25416,0,2495,0
25418,0,2505,0
25420,0,2505,0
25422,0,2505,0
25424,0,2503,0
25426,0,2505,0
25428,1669,2505,1
25430,0,2505,0
25432,0,2503,0
25434,0,2505,0
25436,0,2502,0
25438,0,2502,0
25440,0,2503,0
25442,0,2505,0
25444,0,2504,0
25446,0,2516,0
25448,0,2505,0
25450,0,2505,0
25452,0,2505,0
25454,0,2506,0
25456,0,2503,0
25458,0,2503,0
25460,0,2503,0
25462,0,2504,0
25464,0,2506,0
25466,0,2505,0
25468,1700,2505,1
25470,0,2505,0
25472,0,2504,0
25474,0,2503,0
25476,0,2504,0
25478,0,2505,0
25480,0,2505,0
25482,0,2503,0
25484,0,2505,0
25486,0,2505,0
25488,0,2505,0
25490,0,2504,0
25492,0,2503,0
25494,0,2505,0
25496,0,2505,0
25498,0,2503,0
25500,0,2505,0
25502,0,2505,0
25504,0,2505,0
25506,0,2504,0
25508,1689,2505,1
25510,0,2504,0
25512,0,2505,0
25514,0,2505,0
25516,0,2503,0
25518,0,2505,0
25520,0,2504,0
25522,0,2505,0
25524,0,2503,0
25526,0,2513,0
25528,0,2505,0
25530,0,2503,0
25532,0,2502,0
25534,0,2505,0
25536,0,2503,0
25538,0,2504,0
25540,0,2504,0
25542,0,2505,0
25544,0,2504,0
25546,0,2503,0
25548,1647,2505,1
25550,0,2505,0
25552,0,2504,0
25554,0,2502,0
25556,0,2505,0
25558,0,2506,0
25560,0,2504,0
25562,0,2507,0
25564,0,2503,0
25566,0,2507,0
25568,0,2504,0
25570,0,2503,0
25572,0,2505,0
25574,0,2495,0
25576,0,2503,0
25578,0,2503,0
25580,0,2505,0
25582,0,2505,0
25584,0,2505,0
25586,1655,2495,1
25588,0,2504,0
25590,0,2503,0
25592,0,2504,0
25594,0,2507,0
25596,0,2501,0
25598,0,2503,0
25600,0,2504,0
25602,0,2505,0
25604,0,2507,0
25606,0,2505,0
25608,0,2503,0
25610,0,2504,0
25612,0,2506,0
25614,0,2503,0
25616,0,2504,0
25618,0,2505,0
25620,0,2504,0
25622,0,2504,0
25624,0,2505,0
25626,1673,2505,1
25628,0,2503,0
25630,0,2505,0
25632,0,2505,0
25634,0,2505,0
25636,0,2503,0
25638,0,2504,0
25640,0,2503,0
25642,0,2503,0
25644,0,2504,0
25646,0,2503,0
25648,0,2504,0
25650,0,2505,0
25652,0,2503,0
25654,0,2505,0
25656,0,2505,0
25658,0,2504,0
25660,0,2507,0
25662,0,2504,0
25664,0,2504,0
25666,1669,2503,1
25668,0,2504,0
25670,0,2503,0
25672,0,2503,0
25674,0,2505,0
25676,0,2504,0
25678,0,2505,0
25680,0,2505,0
25682,0,2503,0
25684,0,2504,0
25686,0,2503,0
25688,0,2505,0
25690,0,2503,0
25692,0,2503,0
25694,0,2505,0
25696,0,2503,0
25698,0,2507,0
25700,0,2504,0
25702,0,2505,0
25704,0,2503,0
25706,1674,2503,1
25708,0,2503,0
25710,0,2505,0
25712,0,2503,0
25714,0,2503,0
25716,0,2505,0
25718,0,2504,0
25720,0,2505,0
25722,0,2505,0
25724,0,2505,0
25726,0,2503,0
25728,0,2506,0
25730,0,2505,0
25732,0,2505,0
25734,0,2504,0
25736,0,2504,0
25738,0,2505,0
25740,0,2504,0
25742,0,2504,0
25744,0,2505,0
25746,1676,2505,1
25748,0,2505,0
25750,0,2506,0
25752,0,2503,0
25754,0,2503,0
25756,0,2505,0
25758,0,2505,0
25760,0,2505,0
25762,0,2504,0
25764,0,2505,0
25766,0,2505,0
25768,0,2504,0
25770,0,2503,0
25772,0,2503,0
25774,0,2503,0
25776,0,2504,0
25778,0,2503,0
25780,0,2504,0
25782,0,2504,0
25784,0,2505,0
25786,1673,2505,1
25788,0,2507,0
25790,0,2505,0
25792,0,2503,0
25794,0,2505,0
25796,0,2504,0
25798,0,2504,0
25800,0,2504,0
25802,0,2504,0
25804,0,2504,0
25806,0,2503,0
25808,0,2505,0
25810,0,2504,0
25812,0,2504,0
25814,0,2503,0
25816,0,2503,0
25818,0,2503,0
25820,0,2504,0
25822,0,2505,0
25824,0,2505,0
25826,1693,2503,1
25828,0,2505,0
25830,0,2503,0
25832,0,2503,0
25834,0,2503,0
25836,0,2504,0
25838,0,2506,0
25840,0,2505,0
25842,0,2504,0
25844,0,2504,0
25846,0,2504,0
25848,0,2503,0
25850,0,2506,0
25852,0,2503,0
25854,0,2503,0
25856,0,2505,0
25858,0,2503,0
25860,0,2503,0
25862,0,2503,0
25864,0,2503,0
25866,1699,2503,1
25868,0,2505,0
25870,0,2505,0
25872,0,2505,0
25874,0,2503,0
25876,0,2504,0
25878,0,2503,0
25880,0,2503,0
25882,0,2496,0
25884,0,2504,0
25886,0,2504,0
25888,0,2505,0
25890,0,2502,0
25892,0,2505,0
25894,0,2505,0
25896,0,2503,0
25898,0,2504,0
25900,0,2504,0
25902,0,2504,0
25904,0,2505,0
25906,1671,2503,1
25908,0,2505,0
25910,0,2505,0
25912,0,2504,0
25914,0,2502,0
25916,0,2503,0
25918,0,2503,0
25920,0,2503,0
25922,0,2505,0
25924,0,2504,0
25926,0,2504,0
25928,0,2503,0
25930,0,2503,0
25932,0,2503,0
25934,0,2503,0
25936,0,2503,0
25938,0,2505,0
25940,0,2505,0
25942,0,2505,0
25944,0,2505,0
25946,1648,2504,1
25948,0,2505,0
25950,0,2503,0
25952,0,2503,0
25954,0,2504,0
25956,0,2502,0
25958,0,2503,0
25960,0,2505,0
25962,0,2505,0
25964,0,2503,0
25966,0,2504,0
25968,0,2503,0
25970,0,2503,0
25972,0,2503,0
25974,0,2503,0
25976,0,2503,0
25978,0,2505,0
25980,0,2504,0
25982,0,2504,0
25984,1671,2505,1
25986,0,2505,0
25988,0,2505,0
25990,0,2504,0
25992,0,2503,0
25994,0,2502,0
25996,0,2505,0
25998,0,2504,0
26000,0,2503,0
26002,0,2504,0
26004,0,2505,0
26006,0,2502,0
26008,0,2503,0
26010,0,2504,0
26012,0,2503,0
26014,0,2503,0
26016,0,2504,0
26018,0,2505,0
26020,0,2505,0
26022,0,2505,0
26024,1671,2505,1
26026,0,2502,0
26028,0,2503,0
26030,0,2504,0
26032,0,2504,0
26034,0,2504,0
26036,0,2504,0
26038,0,2504,0
26040,0,2501,0
26042,0,2503,0
26044,0,2504,0
26046,0,2504,0
26048,0,2503,0
26050,0,2501,0
26052,0,2504,0
26054,0,2502,0
26056,0,2505,0
26058,0,2489,0
26060,0,2504,0
26062,0,2504,0
26064,1673,2505,1
26066,0,2504,0
26068,0,2503,0
26070,0,2505,0
26072,0,2503,0
26074,0,2505,0
26076,0,2503,0
26078,0,2504,0
26080,0,2505,0
26082,0,2505,0
26084,0,2503,0
26086,0,2505,0
26088,0,2501,0
26090,0,2504,0
26092,0,2505,0
26094,0,2502,0
26096,0,2504,0
26098,0,2504,0
26100,0,2503,0
26102,0,2504,0
26104,1670,2505,1
26106,0,2505,0
26108,0,2503,0
26110,0,2503,0
26112,0,2504,0
26114,0,2503,0
26116,0,2503,0
26118,0,2503,0
26120,0,2503,0
26122,0,2503,0
26124,0,2505,0
26126,0,2503,0
26128,0,2502,0
26130,0,2504,0
26132,0,2503,0
26134,0,2503,0
26136,0,2503,0
26138,0,2505,0
26140,0,2504,0
26142,0,2505,0
26144,1670,2504,1
26146,0,2504,0
26148,0,2505,0
26150,0,2503,0
26152,0,2503,0
26154,0,2504,0
26156,0,2505,0
26158,0,2505,0
26160,0,2505,0
26162,0,2509,0
26164,0,2505,0
26166,0,2505,0
26168,0,2504,0
26170,0,2507,0
26172,0,2503,0
26174,0,2504,0
26176,0,2503,0
26178,0,2503,0
26180,0,2502,0
26182,0,2503,0
26184,1674,2503,1
26186,0,2508,0
26188,0,2505,0
26190,0,2505,0
26192,0,2503,0
26194,0,2504,0
26196,0,2505,0
26198,0,2503,0
26200,0,2505,0
26202,0,2505,0
26204,0,2502,0
26206,0,2504,0
26208,0,2504,0
26210,0,2504,0
26212,0,2507,0
26214,0,2503,0
26216,0,2505,0
26218,0,2502,0
26220,0,2505,0
26222,0,2505,0
26224,1705,2505,1
26226,0,2504,0
26228,0,2503,0
26230,0,2503,0
26232,0,2505,0
26234,0,2504,0
26236,0,2505,0
26238,0,2504,0
26240,0,2505,0
26242,0,2505,0
26244,0,2505,0
26246,0,2505,0
26248,0,2504,0
26250,0,2521,0
26252,0,2504,0
26254,0,2503,0
26256,0,2503,0
26258,0,2505,0
26260,0,2504,0
26262,0,2504,0
26264,1696,2503,1
26266,0,2503,0
26268,0,2504,0
26270,0,2504,0
26272,0,2504,0
26274,0,2504,0
26276,0,2503,0
26278,0,2505,0
26280,0,2503,0
26282,0,2505,0
26284,0,2503,0
26286,0,2503,0
26288,0,2504,0
26290,0,2505,0
26292,0,2503,0
26294,0,2505,0
26296,0,2504,0
26298,0,2503,0
26300,0,2505,0
26302,0,2506,0
26304,1647,2504,1
26306,0,2504,0
26308,0,2505,0
26310,0,2505,0
26312,0,2505,0
26314,0,2504,0
26316,0,2505,0
26318,0,2505,0
26320,0,2505,0
26322,0,2507,0
26324,0,2503,0
26326,0,2505,0
26328,0,2505,0
26330,0,2503,0
26332,0,2504,0
26334,0,2505,0
26336,0,2505,0
26338,0,2505,0
26340,0,2506,0
26342,0,2504,0
26344,1651,2501,1
26346,0,2503,0
26348,0,2503,0
26350,0,2507,0
26352,0,2505,0
26354,0,2505,0
26356,0,2505,0
26358,0,2505,0
26360,0,2504,0
26362,0,2503,0
26364,0,2503,0
26366,0,2505,0
26368,0,2503,0
26370,0,2504,0
26372,0,2502,0
26374,0,2503,0
26376,0,2505,0
26378,0,2505,0
26380,0,2504,0
26382,1673,2505,1
26384,0,2505,0
26386,0,2505,0
26388,0,2503,0
26390,0,2504,0
26392,0,2503,0
26394,0,2505,0
26396,0,2505,0
26398,0,2504,0
26400,0,2504,0
26402,0,2505,0
26404,0,2501,0
26406,0,2504,0
26408,0,2505,0
26410,0,2505,0
26412,0,2504,0
26414,0,2504,0
26416,0,2505,0
26418,0,2505,0
26420,0,2505,0
26422,1673,2504,1
26424,0,2507,0
26426,0,2505,0
26428,0,2505,0
26430,0,2504,0
26432,0,2504,0
26434,0,2505,0
26436,0,2503,0
26438,0,2504,0
26440,0,2505,0
26442,0,2504,0
26444,0,2505,0
26446,0,2507,0
26448,0,2505,0
26450,0,2503,0
26452,0,2503,0
26454,0,2505,0
26456,0,2504,0
26458,0,2504,0
26460,0,2505,0
26462,1676,2504,1
26464,0,2505,0
26466,0,2504,0
26468,0,2505,0
26470,0,2505,0
26472,0,2505,0
26474,0,2504,0
26476,0,2509,0
26478,0,2505,0
26480,0,2505,0
26482,0,2503,0
26484,0,2506,0
26486,0,2504,0
26488,0,2502,0
26490,0,2504,0
26492,0,2505,0
26494,0,2504,0
26496,0,2504,0
26498,0,2505,0
26500,0,2504,0
26502,1671,2504,1
26504,0,2505,0
26506,0,2503,0
26508,0,2506,0
26510,0,2507,0
26512,0,2503,0
26514,0,2505,0
26516,0,2505,0
26518,0,2505,0
26520,0,2509,0
26522,0,2505,0
26524,0,2503,0
26526,0,2505,0
26528,0,2503,0
26530,0,2503,0
26532,0,2504,0
26534,0,2505,0
26536,0,2505,0
26538,0,2504,0
26540,0,2503,0
26542,1673,2503,1
26544,0,2502,0
26546,0,2503,0
26548,0,2504,0
26550,0,2503,0
26552,0,2501,0
26554,0,2503,0
26556,0,2503,0
26558,0,2504,0
26560,0,2505,0
26562,0,2505,0
26564,0,2503,0
26566,0,2504,0
26568,0,2503,0
26570,0,2503,0
26572,0,2503,0
26574,0,2488,0
26576,0,2503,0
26578,0,2505,0
26580,0,2504,0
26582,1687,2505,1
26584,0,2506,0
26586,0,2503,0
26588,0,2503,0
26590,0,2505,0
26592,0,2505,0
26594,0,2503,0
26596,0,2505,0
26598,0,2504,0
26600,0,2505,0
26602,0,2504,0
26604,0,2507,0
26606,0,2507,0
26608,0,2503,0
26610,0,2505,0
26612,0,2505,0
26614,0,2504,0
26616,0,2504,0
26618,0,2504,0
26620,0,2504,0
26622,1701,2504,1
26624,0,2505,0
26626,0,2504,0
26628,0,2503,0
26630,0,2505,0
26632,0,2503,0
26634,0,2504,0
26636,0,2504,0
26638,0,2505,0
26640,0,2505,0
26642,0,2504,0
26644,0,2505,0
26646,0,2503,0
26648,0,2505,0
26650,0,2505,0
26652,0,2503,0
26654,0,2504,0
26656,0,2503,0
26658,0,2505,0
26660,0,2505,0
26662,1666,2503,1
26664,0,2504,0
26666,0,2504,0
26668,0,2503,0
26670,0,2505,0
26672,0,2504,0
26674,0,2505,0
26676,0,2505,0
26678,0,2503,0
26680,0,2505,0
26682,0,2505,0
26684,0,2508,0
26686,0,2505,0
26688,0,2505,0
26690,0,2504,0
26692,0,2503,0
26694,0,2503,0
26696,0,2505,0
26698,0,2502,0
26700,0,2503,0
26702,1654,2505,1
26704,0,2505,0
26706,0,2492,0
26708,0,2504,0
26710,0,2502,0
26712,0,2503,0
26714,0,2504,0
26716,0,2505,0
26718,0,2503,0
26720,0,2505,0
26722,0,2503,0
26724,0,2505,0
26726,0,2505,0
26728,0,2503,0
26730,0,2505,0
26732,0,2505,0
26734,0,2505,0
26736,0,2503,0
26738,0,2504,0
26740,1667,2503,1
26742,0,2505,0
26744,0,2505,0
26746,0,2503,0
26748,0,2509,0
26750,0,2503,0
26752,0,2503,0
26754,0,2503,0
26756,0,2503,0
26758,0,2505,0
26760,0,2503,0
26762,0,2505,0
26764,0,2503,0
26766,0,2496,0
26768,0,2501,0
26770,0,2503,0
26772,0,2505,0
26774,0,2504,0
26776,0,2503,0
26778,0,2504,0
26780,1670,2503,1
26782,0,2504,0
26784,0,2504,0
26786,0,2503,0
26788,0,2503,0
26790,0,2507,0
26792,0,2505,0
26794,0,2504,0
26796,0,2504,0
26798,0,2504,0
26800,0,2495,0
26802,0,2505,0
26804,0,2503,0
26806,0,2503,0
26808,0,2503,0
26810,0,2503,0
26812,0,2507,0
26814,0,2504,0
26816,0,2503,0
26818,0,2504,0
26820,1673,2505,1
26822,0,2508,0
26824,0,2504,0
26826,0,2505,0
26828,0,2505,0
26830,0,2506,0
26832,0,2503,0
26834,0,2503,0
26836,0,2503,0
26838,0,2505,0
26840,0,2505,0
26842,0,2503,0
26844,0,2505,0
26846,0,2503,0
26848,0,2505,0
26850,0,2505,0
26852,0,2505,0
26854,0,2505,0
26856,0,2507,0
26858,0,2503,0
26860,1674,2505,1
26862,0,2504,0
26864,0,2505,0
26866,0,2503,0
26868,0,2503,0
26870,0,2504,0
26872,0,2503,0
26874,0,2505,0
26876,0,2504,0
26878,0,2503,0
26880,0,2505,0
26882,0,2505,0
26884,0,2504,0
26886,0,2503,0
26888,0,2505,0
26890,0,2505,0
26892,0,2503,0
26894,0,2504,0
26896,0,2505,0
26898,0,2503,0
26900,1677,2505,1
26902,0,2503,0
26904,0,2505,0
26906,0,2505,0
26908,0,2503,0
26910,0,2503,0
26912,0,2505,0
26914,0,2504,0
26916,0,2505,0
26918,0,2505,0
26920,0,2502,0
26922,0,2505,0
26924,0,2504,0
26926,0,2505,0
26928,0,2505,0
26930,0,2503,0
26932,0,2504,0
26934,0,2505,0
26936,0,2504,0
26938,0,2507,0
26940,1666,2503,1
26942,0,2504,0
26944,0,2505,0
26946,0,2504,0
26948,0,2504,0
26950,0,2503,0
26952,0,2505,0
26954,0,2504,0
26956,0,2504,0
26958,0,2504,0
26960,0,2504,0
26962,0,2481,0
26964,0,2504,0
26966,0,2505,0
26968,0,2504,0
26970,0,2503,0
26972,0,2505,0
26974,0,2505,0
26976,0,2505,0
26978,0,2503,0
26980,1699,2506,1
26982,0,2504,0
26984,0,2505,0
26986,0,2505,0
26988,0,2504,0
26990,0,2505,0
26992,0,2504,0
26994,0,2503,0
26996,0,2502,0
26998,0,2503,0
27000,0,2503,0
27002,0,2505,0
27004,0,2505,0
27006,0,2505,0
27008,0,2504,0
27010,0,2504,0
27012,0,2503,0
27014,0,2504,0
27016,0,2503,0
27018,0,2504,0
27020,1692,2505,1
27022,0,2503,0
27024,0,2503,0
27026,0,2504,0
27028,0,2505,0
27030,0,2505,0
27032,0,2505,0
27034,0,2504,0
27036,0,2505,0
27038,0,2504,0
27040,0,2505,0
27042,0,2504,0
27044,0,2505,0
27046,0,2504,0
27048,0,2505,0
27050,0,2503,0
27052,0,2505,0
27054,0,2505,0
27056,0,2507,0
27058,0,2504,0
27060,1656,2503,1
27062,0,2505,0
27064,0,2503,0
27066,0,2503,0
27068,0,2503,0
27070,0,2505,0
27072,0,2504,0
27074,0,2501,0
27076,0,2505,0
27078,0,2505,0
27080,0,2503,0
27082,0,2506,0
27084,0,2505,0
27086,0,2503,0
27088,0,2503,0
27090,0,2504,0
27092,0,2502,0
27094,0,2505,0
27096,0,2503,0
27098,0,2504,0
27100,1649,2503,1
27102,0,2504,0
27104,0,2496,0
27106,0,2503,0
27108,0,2503,0
27110,0,2504,0
27112,0,2505,0
27114,0,2503,0
27116,0,2505,0
27118,0,2507,0
27120,0,2503,0
27122,0,2504,0
27124,0,2503,0
27126,0,2503,0
27128,0,2504,0
27130,0,2504,0
27132,0,2504,0
27134,0,2503,0
27136,0,2506,0
27138,1663,2503,1
27140,0,2505,0
27142,0,2503,0
27144,0,2505,0
27146,0,2503,0
27148,0,2505,0
27150,0,2505,0
27152,0,2504,0
27154,0,2504,0
27156,0,2504,0
27158,0,2503,0
27160,0,2505,0
27162,0,2504,0
27164,0,2505,0
27166,0,2503,0
27168,0,2505,0
27170,0,2502,0
27172,0,2504,0
27174,0,2505,0
27176,0,2503,0
27178,1676,2504,1
27180,0,2505,0
27182,0,2504,0
27184,0,2504,0
27186,0,2503,0
27188,0,2505,0
27190,0,2503,0
27192,0,2504,0
27194,0,2505,0
27196,0,2503,0
27198,0,2503,0
27200,0,2503,0
27202,0,2504,0
27204,0,2503,0
27206,0,2505,0
27208,0,2500,0
27210,0,2504,0
27212,0,2504,0
27214,0,2503,0
27216,0,2501,0
27218,1672,2504,1
27221,0,2505,0
27223,0,2504,0
27225,0,2503,0
27227,0,2504,0
27229,0,2505,0
27231,0,2505,0
27233,0,2504,0
27235,0,2504,0
27237,0,2504,0
27239,0,2503,0
27241,0,2504,0
27243,0,2504,0
27245,0,2503,0
27247,0,2504,0
27249,0,2505,0
27251,0,2504,0
27253,0,2502,0
27255,0,2503,0
27257,0,2504,0
27259,1673,2503,1
27261,0,2504,0
27263,0,2504,0
27265,0,2503,0
27267,0,2505,0
27269,0,2504,0
27271,0,2496,0
27273,0,2503,0
27275,0,2503,0
27277,0,2503,0
27279,0,2505,0
27281,0,2504,0
27283,0,2505,0
27285,0,2504,0
27287,0,2505,0
27289,0,2504,0
27291,0,2504,0
27293,0,2505,0
27295,0,2505,0
27297,0,2503,0
27299,1677,2504,1
27301,0,2504,0
27303,0,2503,0
27305,0,2504,0
27307,0,2503,0
27309,0,2505,0
27311,0,2505,0
27313,0,2509,0
27315,0,2505,0
27317,0,2502,0
27319,0,2501,0
27321,0,2504,0
27323,0,2503,0
27325,0,2504,0
27327,0,2502,0
27329,0,2505,0
27331,0,2503,0
27333,0,2503,0
27335,0,2505,0
27337,0,2505,0
27339,1680,2503,1
27341,0,2504,0
27343,0,2505,0
27345,0,2505,0
27347,0,2505,0
27349,0,2505,0
27351,0,2503,0
27353,0,2505,0
27355,0,2504,0
27357,0,2503,0
27359,0,2503,0
27361,0,2503,0
27363,0,2505,0
27365,0,2505,0
27367,0,2503,0
27369,0,2505,0
27371,0,2503,0
27373,0,2506,0
27375,0,2503,0
27377,0,2505,0
27379,1705,2505,1
27381,0,2503,0
27383,0,2505,0
27385,0,2503,0
27387,0,2503,0
27389,0,2503,0
27391,0,2505,0
27393,0,2504,0
27395,0,2504,0
27397,0,2505,0
27399,0,2505,0
27401,0,2505,0
27403,0,2505,0
27405,0,2504,0
27407,0,2503,0
27409,0,2503,0
27411,0,2505,0
27413,0,2505,0
27415,0,2505,0
27417,0,2504,0
27419,1677,2505,1
27421,0,2503,0
27423,0,2505,0
27425,0,2503,0
27427,0,2505,0
27429,0,2503,0
27431,0,2504,0
27433,0,2503,0
27435,0,2503,0
27437,0,2504,0
27439,0,2505,0
27441,0,2503,0
27443,0,2505,0
27445,0,2503,0
27447,0,2505,0
27449,0,2503,0
27451,0,2505,0
27453,0,2504,0
27455,0,2504,0
27457,0,2503,0
27459,1642,2503,1
27461,0,2503,0
27463,0,2504,0
27465,0,2505,0
27467,0,2505,0
27469,0,2503,0
27471,0,2505,0
27473,0,2503,0
27475,0,2504,0
27477,0,2503,0
27479,0,2504,0
27481,0,2503,0
27483,0,2504,0
27485,0,2503,0
27487,0,2503,0
27489,0,2505,0
27491,0,2504,0
27493,0,2503,0
27495,0,2505,0
27497,1662,2504,1
27499,0,2502,0
27501,0,2503,0
27503,0,2505,0
27505,0,2503,0
27507,0,2503,0
27509,0,2504,0
27511,0,2503,0
27513,0,2505,0
27515,0,2501,0
27517,0,2505,0
27519,0,2505,0
27521,0,2503,0
27523,0,2507,0
27525,0,2503,0
27527,0,2504,0
27529,0,2505,0
27531,0,2503,0
27533,0,2504,0
27535,0,2503,0
27537,1671,2505,1
27539,0,2505,0
27541,0,2505,0
27543,0,2503,0
27545,0,2502,0
27547,0,2504,0
27549,0,2507,0
27551,0,2502,0
27553,0,2503,0
27555,0,2504,0
27557,0,2503,0
27559,0,2503,0
27561,0,2503,0
27563,0,2504,0
27565,0,2503,0
27567,0,2503,0
27569,0,2504,0
27571,0,2505,0
27573,0,2504,0
27575,0,2504,0
27577,1670,2504,1
27579,0,2504,0
27581,0,2503,0
27583,0,2504,0
27585,0,2502,0
27587,0,2503,0
27589,0,2505,0
27591,0,2507,0
27593,0,2504,0
27595,0,2505,0
27597,0,2503,0
27599,0,2506,0
27601,0,2503,0
27603,0,2505,0
27605,0,2504,0
27607,0,2505,0
27609,0,2505,0
27611,0,2503,0
27613,0,2505,0
27615,0,2503,0
27617,1675,2504,1
27619,0,2504,0
27621,0,2503,0
27623,0,2505,0
27625,0,2503,0
27627,0,2503,0
27629,0,2503,0
27631,0,2503,0
27633,0,2502,0
27635,0,2502,0
27637,0,2503,0
27639,0,2503,0
27641,0,2503,0
27643,0,2504,0
27645,0,2503,0
27647,0,2505,0
27649,0,2503,0
27651,0,2503,0
27653,0,2503,0
27655,0,2502,0
27657,1677,2505,1
27659,0,2505,0
27661,0,2503,0
27663,0,2503,0
27665,0,2504,0
27667,0,2503,0
27669,0,2504,0
27671,0,2505,0
27673,0,2504,0
27675,0,2503,0
27677,0,2503,0
27679,0,2505,0
27681,0,2505,0
27683,0,2503,0
27685,0,2502,0
27687,0,2503,0
27689,0,2503,0
27691,0,2504,0
27693,0,2504,0
27695,0,2505,0
27697,1670,2503,1
27699,0,2502,0
27701,0,2503,0
27703,0,2503,0
27705,0,2503,0
27707,0,2503,0
27709,0,2503,0
27711,0,2504,0
27713,0,2505,0
27715,0,2503,0
27717,0,2504,0
27719,0,2503,0
27721,0,2504,0
27723,0,2505,0
27725,0,2504,0
27727,0,2503,0
27729,0,2505,0
27731,0,2503,0
27733,0,2504,0
27735,0,2504,0
27737,1689,2503,1
27739,0,2503,0
27741,0,2503,0
27743,0,2504,0
27745,0,2505,0
27747,0,2505,0
27749,0,2504,0
27751,0,2503,0
27753,0,2504,0
27755,0,2505,0
27757,0,2503,0
27759,0,2503,0
27761,0,2501,0
27763,0,2507,0
27765,0,2503,0
27767,0,2505,0
27769,0,2504,0
27771,0,2503,0
27773,0,2503,0
27775,0,2505,0
27777,1703,2503,1
27779,0,2503,0
27781,0,2507,0
27783,0,2505,0
27785,0,2505,0
27787,0,2504,0
27789,0,2504,0
27791,0,2504,0
27793,0,2505,0
27795,0,2503,0
27797,0,2505,0
27799,0,2505,0
27801,0,2504,0
27803,0,2505,0
27805,0,2503,0
27807,0,2504,0
27809,0,2503,0
27811,0,2504,0
27813,0,2505,0
27815,0,2504,0
27817,1661,2504,1
27819,0,2503,0
27821,0,2504,0
27823,0,2504,0
27825,0,2503,0
27827,0,2504,0
27829,0,2503,0
27831,0,2503,0
27833,0,2507,0
27835,0,2504,0
27837,0,2504,0
27839,0,2503,0
27841,0,2504,0
27843,0,2505,0
27845,0,2503,0
27847,0,2503,0
27849,0,2503,0
27851,0,2505,0
27853,0,2503,0
27855,0,2503,0
27857,1647,2505,1
27859,0,2504,0
27861,0,2503,0
27863,0,2504,0
27865,0,2503,0
27867,0,2504,0
27869,0,2504,0
27871,0,2503,0
27873,0,2503,0
27875,0,2501,0
27877,0,2504,0
27879,0,2505,0
27881,0,2503,0
27883,0,2503,0
27885,0,2503,0
27887,0,2504,0
27889,0,2503,0
27891,0,2503,0
27893,0,2504,0
27895,1667,2503,1
27897,0,2501,0
27899,0,2504,0
27901,0,2503,0
27903,0,2503,0
27905,0,2505,0
27907,0,2491,0
27909,0,2504,0
27911,0,2503,0
27913,0,2503,0
27915,0,2504,0
27917,0,2504,0
27919,0,2503,0
27921,0,2503,0
27923,0,2503,0
27925,0,2503,0
27927,0,2503,0
27929,0,2505,0
27931,0,2503,0
27933,0,2503,0
27935,1674,2503,1
27937,0,2505,0
27939,0,2503,0
27941,0,2504,0
27943,0,2503,0
27945,0,2504,0
27947,0,2504,0
27949,0,2505,0
27951,0,2505,0
27953,0,2503,0
27955,0,2504,0
27957,0,2504,0
27959,0,2504,0
27961,0,2505,0
27963,0,2503,0
27965,0,2505,0
27967,0,2505,0
27969,0,2501,0
27971,0,2504,0
27973,0,2505,0
27975,1670,2505,1
27977,0,2503,0
27979,0,2507,0
27981,0,2503,0
27983,0,2504,0
27985,0,2505,0
27987,0,2503,0
27989,0,2503,0
27991,0,2503,0
27993,0,2503,0
27995,0,2503,0
27997,0,2502,0
27999,0,2505,0
28001,0,2495,0
28003,0,2503,0
28005,0,2504,0
28007,0,2501,0
28009,0,2505,0
28011,0,2504,0
28013,0,2503,0
28015,1677,2501,1
28017,0,2504,0
28019,0,2504,0
28021,0,2504,0
28023,0,2505,0
28025,0,2504,0
28027,0,2504,0
28029,0,2505,0
28031,0,2505,0
28033,0,2504,0
28035,0,2503,0
28037,0,2503,0
28039,0,2505,0
28041,0,2503,0
28043,0,2505,0
28045,0,2505,0
28047,0,2503,0
28049,0,2504,0
28051,0,2503,0
28053,0,2502,0
28055,1671,2505,1
28057,0,2503,0
28059,0,2503,0
28061,0,2505,0
28063,0,2505,0
28065,0,2503,0
28067,0,2504,0
28069,0,2505,0
28071,0,2501,0
28073,0,2505,0
28075,0,2505,0
28077,0,2504,0
28079,0,2505,0
28081,0,2505,0
28083,0,2503,0
28085,0,2503,0
28087,0,2503,0
28089,0,2505,0
28091,0,2503,0
28093,0,2504,0
28095,1672,2503,1
28097,0,2503,0
28099,0,2507,0
28101,0,2503,0
28103,0,2503,0
28105,0,2503,0
28107,0,2503,0
28109,0,2505,0
28111,0,2501,0
28113,0,2504,0
28115,0,2505,0
28117,0,2505,0
28119,0,2504,0
28121,0,2503,0
28123,0,2503,0
28125,0,2503,0
28127,0,2504,0
28129,0,2506,0
28131,0,2495,0
28133,0,2504,0
28135,1695,2503,1
28137,0,2505,0
28139,0,2503,0
28141,0,2503,0
28143,0,2503,0
28145,0,2502,0
28147,0,2504,0
28149,0,2504,0
28151,0,2505,0
28153,0,2502,0
28155,0,2504,0
28157,0,2505,0
28159,0,2504,0
28161,0,2505,0
28163,0,2503,0
28165,0,2503,0
28167,0,2505,0
28169,0,2503,0
28171,0,2503,0
28173,0,2489,0
28175,1702,2505,1
28177,0,2505,0
28179,0,2506,0
28181,0,2504,0
28183,0,2503,0
28185,0,2504,0
28187,0,2502,0
28189,0,2504,0
28191,0,2502,0
28193,0,2504,0
28195,0,2505,0
28197,0,2505,0
28199,0,2503,0
28201,0,2504,0
28203,0,2493,0
28205,0,2503,0
28207,0,2503,0
28209,0,2505,0
28211,0,2505,0
28213,0,2504,0
28215,1653,2503,1
28217,0,2504,0
28219,0,2504,0
28221,0,2503,0
28223,0,2505,0
28225,0,2503,0
28227,0,2501,0
28229,0,2504,0
28231,0,2503,0
28233,0,2506,0
28235,0,2504,0
28237,0,2503,0
28239,0,2503,0
28241,0,2503,0
28243,0,2504,0
28245,0,2503,0
28247,0,2505,0
28249,0,2503,0
28251,0,2503,0
28253,0,2503,0
28255,1655,2504,1
28257,0,2503,0
28259,0,2503,0
28261,0,2503,0
28263,0,2503,0
28265,0,2504,0
28267,0,2503,0
28269,0,2495,0
28271,0,2504,0
28273,0,2503,0
28275,0,2503,0
28277,0,2504,0
28279,0,2503,0
28281,0,2505,0
28283,0,2504,0
28285,0,2505,0
28287,0,2503,0
28289,0,2505,0
28291,0,2505,0
28293,1671,2504,1
28295,0,2503,0
28297,0,2503,0
28299,0,2504,0
28301,0,2504,0
28303,0,2503,0
28305,0,2505,0
28307,0,2505,0
28309,0,2505,0
28311,0,2501,0
28313,0,2507,0
28315,0,2504,0
28317,0,2504,0
28319,0,2503,0
28321,0,2506,0
28323,0,2503,0
28325,0,2505,0
28327,0,2503,0
28329,0,2501,0
28331,0,2503,0
28333,1672,2506,1
28335,0,2504,0
28337,0,2502,0
28339,0,2504,0
28341,0,2504,0
28343,0,2503,0
28345,0,2504,0
28347,0,2503,0
28349,0,2503,0
28351,0,2504,0
28353,0,2504,0
28355,0,2503,0
28357,0,2505,0
28359,0,2505,0
28361,0,2502,0
28363,0,2505,0
28365,0,2503,0
28367,0,2503,0
28369,0,2505,0
28371,0,2505,0
28373,1677,2504,1
28375,0,2504,0
28377,0,2503,0
28379,0,2504,0
28381,0,2503,0
28383,0,2503,0
28385,0,2503,0
28387,0,2507,0
28389,0,2505,0
28391,0,2503,0
28393,0,2505,0
28395,0,2503,0
28397,0,2501,0
28399,0,2506,0
28401,0,2503,0
28403,0,2504,0
28405,0,2503,0
28407,0,2506,0
28409,0,2504,0
28411,0,2505,0
28413,1675,2503,1
28415,0,2505,0
28417,0,2505,0
28419,0,2504,0
28421,0,2503,0
28423,0,2504,0
28425,0,2503,0
28427,0,2502,0
28429,0,2503,0
28431,0,2504,0
28433,0,2504,0
28435,0,2505,0
28437,0,2504,0
28439,0,2503,0
28441,0,2507,0
28443,0,2503,0
28445,0,2505,0
28447,0,2505,0
28449,0,2505,0
28451,0,2504,0
28453,1676,2503,1
28455,0,2503,0
28457,0,2505,0
28459,0,2505,0
28461,0,2503,0
28463,0,2504,0
28465,0,2503,0
28467,0,2503,0
28469,0,2504,0
28471,0,2504,0
28473,0,2495,0
28475,0,2503,0
28477,0,2503,0
28479,0,2505,0
28481,0,2505,0
28483,0,2504,0
28485,0,2504,0
28487,0,2504,0
28489,0,2503,0
28491,0,2507,0
28493,1683,2501,1
28495,0,2505,0
28497,0,2505,0
28499,0,2505,0
28501,0,2496,0
28503,0,2507,0
28505,0,2503,0
28507,0,2503,0
28509,0,2504,0
28511,0,2505,0
28513,0,2496,0
28515,0,2501,0
28517,0,2503,0
28519,0,2503,0
28521,0,2502,0
28523,0,2504,0
28525,0,2489,0
28527,0,2505,0
28529,0,2505,0
28531,0,2503,0
28533,1702,2502,1
28535,0,2507,0
28537,0,2505,0
28539,0,2504,0
28541,0,2503,0
28543,0,2504,0
28545,0,2503,0
28547,0,2503,0
28549,0,2506,0
28551,0,2504,0
28553,0,2504,0
28555,0,2507,0
28557,0,2503,0
28559,0,2504,0
28561,0,2505,0
28563,0,2504,0
28565,0,2505,0
28567,0,2504,0
28569,0,2503,0
28571,0,2505,0
28573,1687,2503,1
28575,0,2503,0
28577,0,2505,0
28579,0,2503,0
28581,0,2504,0
28583,0,2505,0
28585,0,2503,0
28587,0,2503,0
28589,0,2508,0
28591,0,2504,0
28593,0,2505,0
28595,0,2503,0
28597,0,2505,0
28599,0,2504,0
28601,0,2504,0
28603,0,2503,0
28605,0,2505,0
28607,0,2502,0
28609,0,2505,0
28611,0,2503,0
28613,1651,2504,1
28615,0,2503,0
28617,0,2503,0
28619,0,2501,0
28621,0,2503,0
28623,0,2504,0
28625,0,2505,0
28627,0,2503,0
28629,0,2501,0
28631,0,2503,0
28633,0,2505,0
28635,0,2505,0
28637,0,2503,0
28639,0,2505,0
28641,0,2503,0
28643,0,2505,0
28645,0,2503,0
28647,0,2505,0
28649,0,2502,0
28651,1657,2504,1
28653,0,2504,0
28655,0,2504,0
28657,0,2503,0
28659,0,2505,0
28661,0,2503,0
28663,0,2505,0
28665,0,2504,0
28667,0,2504,0
28669,0,2503,0
28671,0,2503,0
28673,0,2505,0
28675,0,2504,0
28677,0,2503,0
28679,0,2503,0
28681,0,2504,0
28683,0,2504,0
28685,0,2505,0
28687,0,2503,0
28689,0,2503,0
28691,1675,2503,1
28693,0,2505,0
28695,0,2503,0
28697,0,2504,0
28699,0,2505,0
28701,0,2504,0
28703,0,2495,0
28705,0,2505,0
28707,0,2503,0
28709,0,2503,0
28711,0,2504,0
28713,0,2505,0
28715,0,2503,0
28717,0,2507,0
28719,0,2503,0
28721,0,2505,0
28723,0,2493,0
28725,0,2503,0
28727,0,2505,0
28729,0,2503,0
28731,1682,2495,1
28733,0,2505,0
28735,0,2504,0
28737,0,2503,0
28739,0,2502,0
28741,0,2505,0
28743,0,2503,0
28745,0,2503,0
28747,0,2504,0
28749,0,2503,0
28751,0,2505,0
28753,0,2503,0
28755,0,2505,0
28757,0,2504,0
28759,0,2505,0
28761,0,2505,0
28763,0,2503,0
28765,0,2503,0
28767,0,2503,0
28769,0,2503,0
28771,1681,2505,1
28773,0,2503,0
28775,0,2504,0
28777,0,2505,0
28779,0,2503,0
28781,0,2505,0
28783,0,2503,0
28785,0,2504,0
28787,0,2504,0
28789,0,2505,0
28791,0,2504,0
28793,0,2509,0
28795,0,2504,0
28797,0,2505,0
28799,0,2505,0
28801,0,2503,0
28803,0,2505,0
28805,0,2505,0
28807,0,2504,0
28809,0,2505,0
28811,1672,2505,1
28813,0,2505,0
28815,0,2514,0
28817,0,2503,0
28819,0,2503,0
28821,0,2503,0
28823,0,2504,0
28825,0,2504,0
28827,0,2505,0
28829,0,2505,0
28831,0,2504,0
28833,0,2503,0
28835,0,2503,0
28837,0,2505,0
28839,0,2505,0
28841,0,2503,0
28843,0,2505,0
28845,0,2503,0
28847,0,2510,0
28849,0,2505,0
28851,1677,2504,1
28853,0,2503,0
28855,0,2505,0
28857,0,2503,0
28859,0,2504,0
28861,0,2505,0
28863,0,2505,0
28865,0,2504,0
28867,0,2504,0
28869,0,2506,0
28871,0,2503,0
28873,0,2504,0
28875,0,2503,0
28877,0,2503,0
28879,0,2501,0
28881,0,2504,0
28883,0,2504,0
28885,0,2506,0
28887,0,2505,0
28889,0,2505,0
28891,1693,2503,1
28893,0,2504,0
28895,0,2504,0
28897,0,2504,0
28899,0,2504,0
28901,0,2504,0
28903,0,2504,0
28905,0,2503,0
28907,0,2505,0
28909,0,2504,0
28911,0,2504,0
28913,0,2504,0
28915,0,2504,0
28917,0,2504,0
28919,0,2505,0
28921,0,2503,0
28923,0,2504,0
28925,0,2504,0
28927,0,2503,0
28929,0,2504,0
28931,1698,2504,1
28933,0,2503,0
28935,0,2504,0
28937,0,2507,0
28939,0,2505,0
28941,0,2505,0
28943,0,2503,0
28945,0,2503,0
28947,0,2505,0
28949,0,2505,0
28951,0,2503,0
28953,0,2503,0
28955,0,2505,0
28957,0,2508,0
28959,0,2504,0
28961,0,2503,0
28963,0,2504,0
28965,0,2503,0
28967,0,2503,0
28969,0,2503,0
28971,1662,2504,1
28973,0,2505,0
28975,0,2503,0
28977,0,2503,0
28979,0,2506,0
28981,0,2503,0
28983,0,2504,0
28985,0,2503,0
28987,0,2503,0
28989,0,2504,0
28991,0,2505,0
28993,0,2505,0
28995,0,2503,0
28997,0,2503,0
28999,0,2503,0
29001,0,2502,0
29003,0,2503,0
29005,0,2505,0
29007,0,2504,0
29009,0,2503,0
29011,1656,2504,1
29013,0,2503,0
29015,0,2503,0
29017,0,2505,0
29019,0,2503,0
29021,0,2505,0
29023,0,2504,0
29025,0,2504,0
29027,0,2505,0
29029,0,2504,0
29031,0,2504,0
29033,0,2504,0
29035,0,2503,0
29037,0,2503,0
29039,0,2505,0
29041,0,2505,0
29043,0,2505,0
29045,0,2502,0
29047,0,2507,0
29049,1668,2503,1
29051,0,2503,0
29053,0,2503,0
29055,0,2503,0
29057,0,2504,0
29059,0,2503,0
29061,0,2504,0
29063,0,2504,0
29065,0,2503,0
29067,0,2503,0
29069,0,2505,0
29071,0,2503,0
29073,0,2505,0
29075,0,2503,0
29077,0,2504,0
29079,0,2504,0
29081,0,2504,0
29084,0,2507,0
29086,0,2504,0
29088,0,2504,0
29090,1667,2503,1
29092,0,2502,0
29094,0,2503,0
29096,0,2503,0
29098,0,2504,0
29100,0,2503,0
29102,0,2505,0
29104,0,2503,0
29106,0,2504,0
29108,0,2505,0
29110,0,2505,0
29112,0,2505,0
29114,0,2505,0
29116,0,2503,0
29118,0,2503,0
29120,0,2505,0
29122,0,2505,0
29124,0,2505,0
29126,0,2503,0
29128,0,2504,0
29130,1674,2504,1
29132,0,2504,0
29134,0,2503,0
29136,0,2505,0
29138,0,2504,0
29140,0,2505,0
29142,0,2503,0
29144,0,2503,0
29146,0,2504,0
29148,0,2503,0
29150,0,2504,0
29152,0,2502,0
29154,0,2505,0
29156,0,2505,0
29158,0,2503,0
29160,0,2505,0
29162,0,2504,0
29164,0,2503,0
29166,0,2503,0
29168,0,2504,0
29170,1674,2503,1
29172,0,2504,0
29174,0,2504,0
29176,0,2503,0
29178,0,2504,0
29180,0,2505,0
29182,0,2504,0
29184,0,2503,0
29186,0,2503,0
29188,0,2505,0
29190,0,2503,0
29192,0,2504,0
29194,0,2505,0
29196,0,2502,0
29198,0,2503,0
29200,0,2503,0
29202,0,2504,0
29204,0,2505,0
29206,0,2504,0
29208,0,2503,0
29210,1667,2504,1
29212,0,2503,0
29214,0,2503,0
29216,0,2503,0
29218,0,2503,0
29220,0,2503,0
29222,0,2505,0
29224,0,2505,0
29226,0,2503,0
29228,0,2504,0
29230,0,2496,0
29232,0,2509,0
29234,0,2505,0
29236,0,2504,0
29238,0,2504,0
29240,0,2504,0
29242,0,2503,0
29244,0,2503,0
29246,0,2503,0
29248,0,2501,0
29250,1676,2505,1
29252,0,2503,0
29254,0,2504,0
29256,0,2503,0
29258,0,2503,0
29260,0,2503,0
29262,0,2503,0
29264,0,2504,0
29266,0,2504,0
29268,0,2504,0
29270,0,2503,0
29272,0,2504,0
29274,0,2502,0
29276,0,2504,0
29278,0,2505,0
29280,0,2504,0
29282,0,2505,0
29284,0,2502,0
29286,0,2505,0
29288,0,2505,0
29290,1688,2503,1
29292,0,2505,0
29294,0,2505,0
29296,0,2503,0
29298,0,2503,0
29300,0,2505,0
29302,0,2506,0
29304,0,2505,0
29306,0,2494,0
29308,0,2505,0
29310,0,2504,0
29312,0,2503,0
29314,0,2503,0
29316,0,2503,0
29318,0,2503,0
29320,0,2503,0
29322,0,2504,0
29324,0,2505,0
29326,0,2503,0
29328,0,2505,0
29330,1699,2503,1
29332,0,2503,0
29334,0,2503,0
29336,0,2503,0
29338,0,2503,0
29340,0,2505,0
29342,0,2505,0
29344,0,2503,0
29346,0,2507,0
29348,0,2503,0
29350,0,2505,0
29352,0,2503,0
29354,0,2503,0
29356,0,2502,0
29358,0,2504,0
29360,0,2503,0
29362,0,2503,0
29364,0,2503,0
29366,0,2503,0
29368,0,2507,0
29370,1648,2503,1
29372,0,2504,0
29374,0,2504,0
29376,0,2504,0
29378,0,2503,0
29380,0,2505,0
29382,0,2503,0
29384,0,2504,0
29386,0,2504,0
29388,0,2504,0
29390,0,2503,0
29392,0,2501,0
29394,0,2503,0
29396,0,2503,0
29398,0,2503,0
29400,0,2503,0
29402,0,2503,0
29404,0,2503,0
29406,0,2506,0
29408,0,2505,0
29410,1657,2504,1
29412,0,2504,0
29414,0,2503,0
29416,0,2503,0
29418,0,2503,0
29420,0,2507,0
29422,0,2503,0
29424,0,2503,0
29426,0,2504,0
29428,0,2502,0
29430,0,2509,0
29432,0,2503,0
29434,0,2505,0
29436,0,2504,0
29438,0,2503,0
29440,0,2496,0
29442,0,2503,0
29444,0,2504,0
29446,0,2504,0
29448,1671,2503,1
29450,0,2503,0
29452,0,2503,0
29454,0,2506,0
29456,0,2505,0
29458,0,2504,0
29460,0,2503,0
29462,0,2503,0
29464,0,2504,0
29466,0,2503,0
29468,0,2504,0
29470,0,2503,0
29472,0,2503,0
29474,0,2504,0
29476,0,2505,0
29478,0,2505,0
29480,0,2505,0
29482,0,2504,0
29484,0,2503,0
29486,0,2505,0
29488,1670,2505,1
29490,0,2505,0
29492,0,2503,0
29494,0,2505,0
29496,0,2504,0
29498,0,2504,0
29500,0,2503,0
29502,0,2503,0
29504,0,2503,0
29506,0,2503,0
29508,0,2504,0
29510,0,2503,0
29512,0,2504,0
29514,0,2503,0
29516,0,2506,0
29518,0,2504,0
29520,0,2503,0
29522,0,2501,0
29524,0,2501,0
29526,0,2495,0
29528,1676,2503,1
29530,0,2503,0
29532,0,2503,0
29534,0,2503,0
29536,0,2503,0
29538,0,2503,0
29540,0,2505,0
29542,0,2503,0
29544,0,2503,0
29546,0,2504,0
29548,0,2504,0
29550,0,2505,0
29552,0,2503,0
29554,0,2504,0
29556,0,2503,0
29558,0,2503,0
29560,0,2505,0
29562,0,2503,0
29564,0,2503,0
29566,0,2503,0
29568,1668,2504,1
29570,0,2503,0
29572,0,2507,0
29574,0,2505,0
29576,0,2503,0
29578,0,2503,0
29580,0,2503,0
29582,0,2505,0
29584,0,2503,0
29586,0,2502,0
29588,0,2503,0
29590,0,2503,0
29592,0,2505,0
29594,0,2503,0
29596,0,2502,0
29598,0,2503,0
29600,0,2504,0
29602,0,2504,0
29604,0,2503,0
29606,0,2504,0
29608,1676,2503,1
29610,0,2503,0
29612,0,2503,0
29614,0,2505,0
29616,0,2503,0
29618,0,2503,0
29620,0,2504,0
29622,0,2505,0
29624,0,2504,0
29626,0,2503,0
29628,0,2501,0
29630,0,2503,0
29632,0,2505,0
29634,0,2503,0
29636,0,2502,0
29638,0,2503,0
29640,0,2503,0
29642,0,2493,0
29644,0,2505,0
29646,0,2503,0
29648,1687,2504,1
29650,0,2503,0
29652,0,2503,0
29654,0,2503,0
29656,0,2503,0
29658,0,2505,0
29660,0,2504,0
29662,0,2496,0
29664,0,2503,0
29666,0,2503,0
29668,0,2505,0
29670,0,2504,0
29672,0,2504,0
29674,0,2505,0
29676,0,2504,0
29678,0,2503,0
29680,0,2505,0
29682,0,2504,0
29684,0,2505,0
29686,0,2503,0
29688,1706,2503,1
29690,0,2504,0
29692,0,2501,0
29694,0,2503,0
29696,0,2503,0
29698,0,2504,0
29700,0,2501,0
29702,0,2504,0
29704,0,2501,0
29706,0,2495,0
29708,0,2492,0
29710,0,2503,0
29712,0,2505,0
29714,0,2505,0
29716,0,2503,0
29718,0,2503,0
29720,0,2505,0
29722,0,2505,0
29724,0,2505,0
29726,0,2504,0
29728,1679,2509,1
29730,0,2503,0
29732,0,2505,0
29734,0,2503,0
29736,0,2503,0
29738,0,2503,0
29740,0,2505,0
29742,0,2503,0
29744,0,2505,0
29746,0,2505,0
29748,0,2503,0
29750,0,2504,0
29752,0,2495,0
29754,0,2503,0
29756,0,2505,0
29758,0,2505,0
29760,0,2504,0
29762,0,2501,0
29764,0,2504,0
29766,0,2503,0
29768,1641,2504,1
29770,0,2505,0
29772,0,2504,0
29774,0,2505,0
29776,0,2504,0
29778,0,2504,0
29780,0,2504,0
29782,0,2503,0
29784,0,2504,0
29786,0,2504,0
29788,0,2502,0
29790,0,2505,0
29792,0,2489,0
29794,0,2505,0
29796,0,2501,0
29798,0,2504,0
29800,0,2504,0
29802,0,2503,0
29804,0,2503,0
29806,1664,2505,1
29808,0,2503,0
29810,0,2503,0
29812,0,2503,0
29814,0,2501,0
29816,0,2508,0
29818,0,2502,0
29820,0,2503,0
29822,0,2503,0
29824,0,2501,0
29826,0,2504,0
29828,0,2503,0
29830,0,2504,0
29832,0,2504,0
29834,0,2479,0
29836,0,2505,0
29838,0,2503,0
29840,0,2502,0
29842,0,2503,0
29844,0,2502,0
29846,1670,2503,1
29848,0,2503,0
29850,0,2505,0
29852,0,2501,0
29854,0,2501,0
29856,0,2505,0
29858,0,2501,0
29860,0,2503,0
29862,0,2503,0
29864,0,2502,0
29866,0,2504,0
29868,0,2503,0
29870,0,2494,0
29872,0,2504,0
29874,0,2503,0
29876,0,2504,0
29878,0,2504,0
29880,0,2503,0
29882,0,2503,0
29884,0,2501,0
29886,1678,2501,1
29888,0,2503,0
29890,0,2504,0
29892,0,2504,0
29894,0,2503,0
29896,0,2505,0
29898,0,2502,0
29900,0,2502,0
29902,0,2503,0
29904,0,2503,0
29906,0,2503,0
29908,0,2503,0
29910,0,2502,0
29912,0,2501,0
29914,0,2503,0
29916,0,2504,0
29918,0,2503,0
29920,0,2503,0
29922,0,2504,0
29924,0,2503,0
29926,1673,2501,1
29928,0,2503,0
29930,0,2503,0
29932,0,2503,0
29934,0,2503,0
29936,0,2503,0
29938,0,2503,0
29940,0,2495,0
29942,0,2508,0
29944,0,2503,0
29946,0,2503,0
29948,0,2503,0
29950,0,2503,0
29952,0,2503,0
29954,0,2503,0
29956,0,2502,0
29958,0,2503,0
29960,0,2503,0
29962,0,2503,0
29964,0,2504,0
29966,1674,2503,1
29968,0,2505,0
29970,0,2503,0
29972,0,2502,0
29974,0,2503,0
29976,0,2503,0
29978,0,2507,0
29980,0,2501,0
29982,0,2504,0
29984,0,2503,0
29986,0,2517,0
29988,0,2505,0
29990,0,2503,0
29992,0,2500,0
29994,0,2505,0
29996,0,2504,0
29998,0,2503,0
30000,0,2505,0
30002,0,2504,0
30004,0,2505,0
30006,1672,2505,1
30008,0,2504,0
30010,0,2502,0
30012,0,2503,0
30014,0,2504,0
30016,0,2507,0
30018,0,2504,0
30020,0,2503,0
30022,0,2503,0
30024,0,2503,0
30026,0,2504,0
30028,0,2506,0
30030,0,2504,0
30032,0,2503,0
30034,0,2503,0
30036,0,2508,0
30038,0,2503,0
30040,0,2503,0
30042,0,2505,0
30044,0,2502,0
30046,1699,2504,1
30048,0,2503,0
30050,0,2504,0
30052,0,2506,0
30054,0,2503,0
30056,0,2504,0
30058,0,2503,0
30060,0,2503,0
30062,0,2503,0
30064,0,2505,0
30066,0,2505,0
30068,0,2505,0
30070,0,2503,0
30072,0,2505,0
30074,0,2503,0
30076,0,2505,0
30078,0,2503,0
30080,0,2505,0
30082,0,2505,0
30084,0,2504,0
30086,1700,2503,1
30088,0,2507,0
30090,0,2503,0
30092,0,2503,0
30094,0,2504,0
30096,0,2508,0
30098,0,2505,0
30100,0,2501,0
30102,0,2504,0
30104,0,2504,0
30106,0,2505,0
30108,0,2503,0
30110,0,2503,0
30112,0,2504,0
30114,0,2503,0
30116,0,2509,0
30118,0,2503,0
30120,0,2503,0
30122,0,2504,0
30124,0,2504,0
30126,1652,2503,1
30128,0,2503,0
30130,0,2503,0
30132,0,2503,0
30134,0,2503,0
30136,0,2505,0
30138,0,2502,0
30140,0,2500,0
30142,0,2503,0
30144,0,2504,0
30146,0,2503,0
30148,0,2503,0
30150,0,2504,0
30152,0,2503,0
30154,0,2505,0
30156,0,2503,0
30158,0,2503,0
30160,0,2503,0
30162,0,2504,0
30164,0,2503,0
30166,1651,2503,1
30168,0,2503,0
30170,0,2504,0
30172,0,2503,0
30174,0,2501,0
30176,0,2505,0
30178,0,2505,0
30180,0,2503,0
30182,0,2503,0
30184,0,2503,0
30186,0,2505,0
30188,0,2503,0
30190,0,2503,0
30192,0,2507,0
30194,0,2503,0
30196,0,2505,0
30198,0,2504,0
30200,0,2503,0
30202,0,2504,0
30204,1674,2504,1
30206,0,2503,0
30208,0,2503,0
30210,0,2503,0
30212,0,2504,0
30214,0,2505,0
30216,0,2504,0
30218,0,2503,0
30220,0,2501,0
30222,0,2502,0
30224,0,2503,0
30226,0,2503,0
30228,0,2503,0
30230,0,2503,0
30232,0,2503,0
30234,0,2503,0
30236,0,2502,0
30238,0,2503,0
30240,0,2504,0
30242,0,2503,0
30244,1677,2503,1
30246,0,2502,0
30248,0,2505,0
30250,0,2503,0
30252,0,2503,0
30254,0,2503,0
30256,0,2503,0
30258,0,2503,0
30260,0,2503,0
30262,0,2501,0
30264,0,2503,0
30266,0,2503,0
30268,0,2503,0
30270,0,2503,0
30272,0,2504,0
30274,0,2504,0
30276,0,2503,0
30278,0,2504,0
30280,0,2503,0
30282,0,2505,0
30284,1674,2504,1
30286,0,2503,0
30288,0,2503,0
30290,0,2503,0
30292,0,2501,0
30294,0,2501,0
30296,0,2505,0
30298,0,2503,0
30300,0,2503,0
30302,0,2504,0
30304,0,2503,0
30306,0,2503,0
30308,0,2495,0
30310,0,2504,0
30312,0,2503,0
30314,0,2503,0
30316,0,2505,0
30318,0,2503,0
30320,0,2505,0
30322,0,2503,0
30324,1673,2504,1
30326,0,2505,0
30328,0,2503,0
30330,0,2501,0
30332,0,2503,0
30334,0,2503,0
30336,0,2503,0
30338,0,2505,0
30340,0,2495,0
30342,0,2503,0
30344,0,2501,0
30346,0,2503,0
30348,0,2503,0
30350,0,2505,0
30352,0,2503,0
30354,0,2504,0
30356,0,2502,0
30358,0,2503,0
30360,0,2503,0
30362,0,2501,0
30364,1674,2503,1
30366,0,2503,0
30368,0,2502,0
30370,0,2503,0
30372,0,2503,0
30374,0,2503,0
30376,0,2504,0
30378,0,2505,0
30380,0,2504,0
30382,0,2503,0
30384,0,2504,0
30386,0,2504,0
30388,0,2504,0
30390,0,2503,0
30392,0,2503,0
30394,0,2503,0
30396,0,2503,0
30398,0,2504,0
30400,0,2503,0
30402,0,2501,0
30404,1675,2503,1
30406,0,2501,0
30408,0,2503,0
30410,0,2503,0
30412,0,2502,0
30414,0,2503,0
30416,0,2503,0
30418,0,2503,0
30420,0,2503,0
30422,0,2503,0
30424,0,2504,0
30426,0,2504,0
30428,0,2504,0
30430,0,2503,0
30432,0,2503,0
30434,0,2504,0
30436,0,2503,0
30438,0,2504,0
30440,0,2504,0
30442,0,2503,0
30444,1698,2505,1
30446,0,2505,0
30448,0,2505,0
30450,0,2503,0
30452,0,2505,0
30454,0,2503,0
30456,0,2504,0
30458,0,2503,0
30460,0,2503,0
30462,0,2505,0
30464,0,2504,0
30466,0,2503,0
30468,0,2503,0
30470,0,2502,0
30472,0,2501,0
30474,0,2503,0
30476,0,2503,0
30478,0,2503,0
30480,0,2503,0
30482,0,2503,0
30484,1690,2503,1
30486,0,2503,0
30488,0,2505,0
30490,0,2503,0
30492,0,2503,0
30494,0,2507,0
30496,0,2503,0
30498,0,2503,0
30500,0,2503,0
30502,0,2503,0
30504,0,2501,0
30506,0,2503,0
30508,0,2504,0
30510,0,2503,0
30512,0,2503,0
30514,0,2503,0
30516,0,2496,0
30518,0,2501,0
30520,0,2503,0
30522,0,2503,0
30524,1650,2501,1
30526,0,2503,0
30528,0,2505,0
30530,0,2503,0
30532,0,2503,0
30534,0,2503,0
30536,0,2503,0
30538,0,2503,0
30540,0,2503,0
30542,0,2503,0
30544,0,2502,0
30546,0,2503,0
30548,0,2501,0
30550,0,2503,0
30552,0,2504,0
30554,0,2504,0
30556,0,2503,0
30558,0,2489,0
30560,0,2503,0
30562,1657,2503,1
30564,0,2505,0
30566,0,2503,0
30568,0,2503,0
30570,0,2503,0
30572,0,2503,0
30574,0,2503,0
30576,0,2503,0
30578,0,2503,0
30580,0,2504,0
30582,0,2503,0
30584,0,2503,0
30586,0,2503,0
30588,0,2502,0
30590,0,2504,0
30592,0,2513,0
30594,0,2503,0
30596,0,2503,0
30598,0,2503,0
30600,0,2505,0
30602,1672,2502,1
30604,0,2504,0
30606,0,2504,0
30608,0,2503,0
30610,0,2505,0
30612,0,2501,0
30614,0,2496,0
30616,0,2503,0
30618,0,2503,0
30620,0,2505,0
30622,0,2503,0
30624,0,2503,0
30626,0,2504,0
30628,0,2505,0
30630,0,2505,0
30632,0,2503,0
30634,0,2503,0
30636,0,2505,0
30638,0,2504,0
30640,0,2503,0
30642,1678,2504,1
30644,0,2504,0
30646,0,2502,0
30648,0,2503,0
30650,0,2503,0
30652,0,2505,0
30654,0,2505,0
30656,0,2504,0
30658,0,2504,0
30660,0,2503,0
30662,0,2504,0
30664,0,2505,0
30666,0,2503,0
30668,0,2503,0
30670,0,2501,0
30672,0,2503,0
30674,0,2505,0
30676,0,2502,0
30678,0,2506,0
30680,0,2504,0
30682,1676,2505,1
30684,0,2504,0
30686,0,2505,0
30688,0,2503,0
30690,0,2505,0
30692,0,2505,0
30694,0,2504,0
30696,0,2504,0
30698,0,2501,0
30700,0,2504,0
30702,0,2505,0
30704,0,2505,0
30706,0,2503,0
30708,0,2503,0
30710,0,2505,0
30712,0,2505,0
30714,0,2505,0
30716,0,2503,0
30718,0,2505,0
30720,0,2503,0
30722,1670,2505,1
30724,0,2503,0
30726,0,2503,0
30728,0,2504,0
30730,0,2502,0
30732,0,2503,0
30734,0,2503,0
30736,0,2503,0
30738,0,2503,0
30740,0,2503,0
30742,0,2503,0
30744,0,2505,0
30746,0,2504,0
30748,0,2504,0
30750,0,2504,0
30752,0,2505,0
30754,0,2505,0
30756,0,2503,0
30758,0,2505,0
30760,0,2503,0
30762,1680,2504,1
30764,0,2503,0
30766,0,2505,0
30768,0,2504,0
30770,0,2503,0
30772,0,2505,0
30774,0,2505,0
30776,0,2504,0
30778,0,2503,0
30780,0,2501,0
30782,0,2503,0
30784,0,2504,0
30786,0,2504,0
30788,0,2503,0
30790,0,2503,0
30792,0,2503,0
30794,0,2503,0
30796,0,2502,0
30798,0,2503,0
30800,0,2501,0
30802,1689,2501,1
30804,0,2504,0
30806,0,2503,0
30808,0,2504,0
30810,0,2503,0
30812,0,2503,0
30814,0,2504,0
30816,0,2503,0
30818,0,2503,0
30820,0,2504,0
30822,0,2503,0
30824,0,2503,0
30826,0,2503,0
30828,0,2504,0
30830,0,2505,0
30832,0,2504,0
30834,0,2504,0
30836,0,2505,0
30838,0,2504,0
30840,0,2503,0
30842,1704,2503,1
30844,0,2503,0
30846,0,2503,0
30848,0,2503,0
30850,0,2505,0
30852,0,2505,0
30854,0,2505,0
30856,0,2504,0
30858,0,2503,0
30860,0,2504,0
30862,0,2503,0
30864,0,2503,0
30866,0,2504,0
30868,0,2504,0
30870,0,2504,0
30872,0,2505,0
30874,0,2503,0
30876,0,2503,0
30878,0,2503,0
30880,0,2503,0
30882,1669,2503,1
30884,0,2503,0
30886,0,2503,0
30888,0,2503,0
30890,0,2504,0
30892,0,2503,0
30894,0,2505,0
30896,0,2505,0
30898,0,2503,0
30900,0,2503,0
30902,0,2504,0
30904,0,2501,0
30906,0,2504,0
30908,0,2503,0
30910,0,2503,0
30912,0,2503,0
30914,0,2503,0
30916,0,2504,0
30918,0,2503,0
30920,0,2503,0
30922,1648,2504,1
30924,0,2503,0
30926,0,2504,0
30928,0,2503,0
30930,0,2505,0
30932,0,2504,0
30934,0,2503,0
30936,0,2503,0
30938,0,2504,0
30940,0,2504,0
30942,0,2493,0
30944,0,2505,0
30946,0,2504,0
30948,0,2505,0
30951,0,2503,0
30953,0,2503,0
30955,0,2501,0
30957,0,2505,0
30959,0,2501,0
30961,1667,2503,1
30963,0,2505,0
30965,0,2505,0
30967,0,2504,0
30969,0,2503,0
30971,0,2505,0
30973,0,2504,0
30975,0,2504,0
30977,0,2504,0
30979,0,2505,0
30981,0,2507,0
30983,0,2503,0
30985,0,2504,0
30987,0,2505,0
30989,0,2505,0
30991,0,2503,0
30993,0,2503,0
30995,0,2505,0
30997,0,2503,0
30999,0,2505,0
31001,1675,2503,1
31003,0,2505,0
31005,0,2503,0
31007,0,2503,0
31009,0,2503,0
31011,0,2505,0
31013,0,2504,0
31015,0,2503,0
31017,0,2504,0
31019,0,2505,0
31021,0,2505,0
31023,0,2504,0
31025,0,2505,0
31027,0,2501,0
31029,0,2504,0
31031,0,2505,0
31033,0,2503,0
31035,0,2503,0
31037,0,2505,0
31039,0,2503,0
31041,1673,2505,1
31043,0,2505,0
31045,0,2504,0
31047,0,2503,0
31049,0,2503,0
31051,0,2503,0
31053,0,2507,0
31055,0,2505,0
31057,0,2503,0
31059,0,2503,0
31061,0,2504,0
31063,0,2505,0
31065,0,2503,0
31067,0,2504,0
31069,0,2504,0
31071,0,2505,0
31073,0,2503,0
31075,0,2507,0
31077,0,2504,0
31079,0,2503,0
31081,1676,2504,1
31083,0,2503,0
31085,0,2503,0
31087,0,2505,0
31089,0,2503,0
31091,0,2503,0
31093,0,2503,0
31095,0,2504,0
31097,0,2501,0
31099,0,2503,0
31101,0,2503,0
31103,0,2503,0
31105,0,2505,0
31107,0,2503,0
31109,0,2505,0
31111,0,2503,0
31113,0,2502,0
31115,0,2503,0
31117,0,2511,0
31119,0,2503,0
31121,1676,2503,1
31123,0,2505,0
31125,0,2503,0
31127,0,2503,0
31129,0,2505,0
31131,0,2504,0
31133,0,2503,0
31135,0,2503,0
31137,0,2505,0
31139,0,2504,0
31141,0,2504,0
31143,0,2503,0
31145,0,2504,0
31147,0,2505,0
31149,0,2505,0
31151,0,2503,0
31153,0,2503,0
31155,0,2503,0
31157,0,2503,0
31159,0,2504,0
31161,1677,2504,1
31163,0,2503,0
31165,0,2507,0
31167,0,2503,0
31169,0,2504,0
31171,0,2505,0
31173,0,2504,0
31175,0,2505,0
31177,0,2505,0
31179,0,2504,0
31181,0,2504,0
31183,0,2505,0
31185,0,2503,0
31187,0,2504,0
31189,0,2504,0
31191,0,2505,0
31193,0,2507,0
31195,0,2504,0
31197,0,2505,0
31199,0,2505,0
31201,1695,2505,1
31203,0,2504,0
31205,0,2504,0
31207,0,2503,0
31209,0,2503,0
31211,0,2503,0
31213,0,2504,0
31215,0,2503,0
31217,0,2502,0
31219,0,2505,0
31221,0,2502,0
31223,0,2504,0
31225,0,2507,0
31227,0,2504,0
31229,0,2505,0
31231,0,2503,0
31233,0,2507,0
31235,0,2505,0
31237,0,2505,0
31239,0,2504,0
31241,1698,2503,1
31243,0,2505,0
31245,0,2501,0
31247,0,2503,0
31249,0,2505,0
31251,0,2503,0
31253,0,2504,0
31255,0,2504,0
31257,0,2505,0
31259,0,2503,0
31261,0,2505,0
31263,0,2503,0
31265,0,2504,0
31267,0,2495,0
31269,0,2504,0
31271,0,2503,0
31273,0,2504,0
31275,0,2507,0
31277,0,2503,0
31279,0,2504,0
31281,1644,2503,1
31283,0,2503,0
31285,0,2504,0
31287,0,2504,0
31289,0,2505,0
31291,0,2503,0
31293,0,2503,0
31295,0,2501,0
31297,0,2503,0
31299,0,2504,0
31301,0,2505,0
31303,0,2505,0
31305,0,2505,0
31307,0,2508,0
31309,0,2503,0
31311,0,2504,0
31313,0,2505,0
31315,0,2504,0
31317,0,2504,0
31319,0,2505,0
31321,1659,2503,1
31323,0,2503,0
31325,0,2501,0
31327,0,2496,0
31329,0,2504,0
31331,0,2504,0
31333,0,2503,0
31335,0,2504,0
31337,0,2503,0
31339,0,2503,0
31341,0,2504,0
31343,0,2503,0
31345,0,2505,0
31347,0,2504,0
31349,0,2502,0
31351,0,2504,0
31353,0,2505,0
31355,0,2503,0
31357,0,2503,0
31359,1667,2503,1
31361,0,2507,0
31363,0,2503,0
31365,0,2503,0
31367,0,2503,0
31369,0,2503,0
31371,0,2501,0
31373,0,2503,0
31375,0,2495,0
31377,0,2503,0
31379,0,2503,0
31381,0,2503,0
31383,0,2504,0
31385,0,2504,0
31387,0,2505,0
31389,0,2504,0
31391,0,2504,0
31393,0,2504,0
31395,0,2495,0
31397,0,2505,0
31399,1674,2501,1
31401,0,2507,0
31403,0,2503,0
31405,0,2503,0
31407,0,2505,0
31409,0,2505,0
31411,0,2504,0
31413,0,2505,0
31415,0,2505,0
31417,0,2505,0
31419,0,2504,0
31421,0,2504,0
31423,0,2503,0
31425,0,2505,0
31427,0,2504,0
31429,0,2505,0
31431,0,2503,0
31433,0,2503,0
31435,0,2503,0
31437,0,2503,0
31439,1675,2503,1
31441,0,2505,0
31443,0,2503,0
31445,0,2503,0
31447,0,2505,0
31449,0,2503,0
31451,0,2505,0
31453,0,2507,0
31455,0,2503,0
31457,0,2505,0
31459,0,2503,0
31461,0,2503,0
31463,0,2505,0
31465,0,2503,0
31467,0,2503,0
31469,0,2505,0
31471,0,2501,0
31473,0,2503,0
31475,0,2504,0
31477,0,2505,0
31479,1673,2505,1
31481,0,2501,0
31483,0,2505,0
31485,0,2503,0
31487,0,2504,0
31489,0,2503,0
31491,0,2505,0
31493,0,2503,0
31495,0,2503,0
31497,0,2495,0
31499,0,2503,0
31501,0,2504,0
31503,0,2506,0
31505,0,2505,0
31507,0,2503,0
31509,0,2505,0
31511,0,2501,0
31513,0,2503,0
31515,0,2503,0
31517,0,2503,0
31519,1673,2505,1
31521,0,2504,0
31523,0,2503,0
31525,0,2504,0
31527,0,2503,0
31529,0,2496,0
31531,0,2504,0
31533,0,2501,0
31535,0,2503,0
31537,0,2504,0
31539,0,2504,0
31541,0,2489,0
31543,0,2505,0
31545,0,2504,0
31547,0,2503,0
31549,0,2505,0
31551,0,2503,0
31553,0,2503,0
31555,0,2503,0
31557,0,2503,0
31559,1683,2504,1
31561,0,2503,0
31563,0,2505,0
31565,0,2503,0
31567,0,2505,0
31569,0,2503,0
31571,0,2504,0
31573,0,2507,0
31575,0,2503,0
31577,0,2504,0
31579,0,2502,0
31581,0,2503,0
31583,0,2505,0
31585,0,2503,0
31587,0,2503,0
31589,0,2504,0
31591,0,2504,0
31593,0,2505,0
31595,0,2503,0
31597,0,2503,0
31599,1703,2503,1
31601,0,2505,0
31603,0,2505,0
31605,0,2505,0
31607,0,2503,0
31609,0,2504,0
31611,0,2504,0
31613,0,2503,0
31615,0,2503,0
31617,0,2503,0
31619,0,2503,0
31621,0,2503,0
31623,0,2504,0
31625,0,2503,0
31627,0,2504,0
31629,0,2503,0
31631,0,2503,0
31633,0,2503,0
31635,0,2503,0
31637,0,2505,0
31639,1680,2505,1
31641,0,2504,0
31643,0,2505,0
31645,0,2505,0
31647,0,2505,0
31649,0,2504,0
31651,0,2504,0
31653,0,2505,0
31655,0,2505,0
31657,0,2502,0
31659,0,2504,0
31661,0,2504,0
31663,0,2504,0
31665,0,2503,0
31667,0,2491,0
31669,0,2503,0
31671,0,2503,0
31673,0,2505,0
31675,0,2504,0
31677,0,2503,0
31679,1646,2505,1
31681,0,2503,0
31683,0,2502,0
31685,0,2505,0
31687,0,2502,0
31689,0,2507,0
31691,0,2505,0
31693,0,2504,0
31695,0,2505,0
31697,0,2504,0
31699,0,2503,0
31701,0,2501,0
31703,0,2505,0
31705,0,2503,0
31707,0,2503,0
31709,0,2503,0
31711,0,2502,0
31713,0,2503,0
31715,0,2504,0
31717,1665,2502,1
31719,0,2507,0
31721,0,2503,0
31723,0,2505,0
31725,0,2504,0
31727,0,2502,0
31729,0,2504,0
31731,0,2504,0
31733,0,2505,0
31735,0,2505,0
31737,0,2505,0
31739,0,2503,0
31741,0,2505,0
31743,0,2493,0
31745,0,2503,0
31747,0,2503,0
31749,0,2503,0
31751,0,2503,0
31753,0,2505,0
31755,0,2509,0
31757,1672,2503,1
31759,0,2505,0
31761,0,2503,0
31763,0,2503,0
31765,0,2504,0
31767,0,2503,0
31769,0,2504,0
31771,0,2503,0
31773,0,2505,0
31775,0,2503,0
31777,0,2504,0
31779,0,2505,0
31781,0,2505,0
31783,0,2504,0
31785,0,2505,0
31787,0,2504,0
31789,0,2504,0
31791,0,2503,0
31793,0,2504,0
31795,0,2503,0
31797,1679,2505,1
31799,0,2504,0
31801,0,2504,0
31803,0,2503,0
31805,0,2504,0
31807,0,2503,0
31809,0,2505,0
31811,0,2503,0
31813,0,2503,0
31815,0,2505,0
31817,0,2503,0
31819,0,2505,0
31821,0,2505,0
31823,0,2503,0
31825,0,2504,0
31827,0,2504,0
31829,0,2505,0
31831,0,2503,0
31833,0,2503,0
31835,0,2505,0
31837,1669,2503,1
31839,0,2503,0
31841,0,2503,0
31843,0,2505,0
31845,0,2505,0
31847,0,2504,0
31849,0,2506,0
31851,0,2505,0
31853,0,2503,0
31855,0,2503,0
31857,0,2504,0
31859,0,2504,0
31861,0,2502,0
31863,0,2504,0
31865,0,2503,0
31867,0,2507,0
31869,0,2505,0
31871,0,2505,0
31873,0,2505,0
31875,0,2495,0
31877,1674,2505,1
31879,0,2503,0
31881,0,2504,0
31883,0,2504,0
31885,0,2504,0
31887,0,2503,0
31889,0,2503,0
31891,0,2503,0
31893,0,2503,0
31895,0,2505,0
31897,0,2505,0
31899,0,2504,0
31901,0,2504,0
31903,0,2503,0
31905,0,2504,0
31907,0,2505,0
31909,0,2505,0
31911,0,2503,0
31913,0,2503,0
31915,0,2504,0
31917,1670,2503,1
31919,0,2505,0
31921,0,2505,0
31923,0,2503,0
31925,0,2505,0
31927,0,2504,0
31929,0,2504,0
31931,0,2503,0
31933,0,2503,0
31935,0,2504,0
31937,0,2503,0
31939,0,2504,0
31941,0,2504,0
31943,0,2504,0
31945,0,2503,0
31947,0,2504,0
31949,0,2505,0
31951,0,2488,0
31953,0,2504,0
31955,0,2505,0
31957,1704,2503,1
31959,0,2504,0
31961,0,2503,0
31963,0,2503,0
31965,0,2503,0
31967,0,2504,0
31969,0,2503,0
31971,0,2491,0
31973,0,2505,0
31975,0,2504,0
31977,0,2505,0
31979,0,2503,0
31981,0,2504,0
31983,0,2503,0
31985,0,2505,0
31987,0,2503,0
31989,0,2503,0
31991,0,2505,0
31993,0,2505,0
31995,0,2505,0
31997,1702,2504,1
31999,0,2503,0
32001,0,2496,0
32003,0,2504,0
32005,0,2504,0
32007,0,2503,0
32009,0,2503,0
32011,0,2503,0
32013,0,2503,0
32015,0,2504,0
32017,0,2503,0
32019,0,2503,0
32021,0,2503,0
32023,0,2507,0
32025,0,2504,0
32027,0,2503,0
32029,0,2503,0
32031,0,2505,0
32033,0,2506,0
32035,0,2503,0
32037,1661,2504,1
32039,0,2503,0
32041,0,2505,0
32043,0,2505,0
32045,0,2503,0
32047,0,2503,0
32049,0,2503,0
32051,0,2504,0
32053,0,2504,0
32055,0,2503,0
32057,0,2502,0
32059,0,2505,0
32061,0,2505,0
32063,0,2503,0
32065,0,2507,0
32067,0,2505,0
32069,0,2503,0
32071,0,2504,0
32073,0,2504,0
32075,0,2504,0
32077,1645,2505,1
32079,0,2504,0
32081,0,2503,0
32083,0,2503,0
32085,0,2503,0
32087,0,2501,0
32089,0,2505,0
32091,0,2505,0
32093,0,2504,0
32095,0,2504,0
32097,0,2502,0
32099,0,2505,0
32101,0,2504,0
32103,0,2503,0
32105,0,2503,0
32107,0,2504,0
32109,0,2504,0
32111,0,2505,0
32113,0,2503,0
32115,1667,2504,1
32117,0,2505,0
32119,0,2504,0
32121,0,2504,0
32123,0,2504,0
32125,0,2505,0
32127,0,2505,0
32129,0,2504,0
32131,0,2504,0
32133,0,2505,0
32135,0,2504,0
32137,0,2503,0
32139,0,2505,0
32141,0,2507,0
32143,0,2504,0
32145,0,2503,0
32147,0,2503,0
32149,0,2504,0
32151,0,2502,0
32153,0,2503,0
32155,1673,2505,1
32157,0,2504,0
32159,0,2503,0
32161,0,2506,0
32163,0,2503,0
32165,0,2504,0
32167,0,2503,0
32169,0,2503,0
32171,0,2505,0
32173,0,2503,0
32175,0,2504,0
32177,0,2505,0
32179,0,2504,0
32181,0,2503,0
32183,0,2493,0
32185,0,2503,0
32187,0,2503,0
32189,0,2505,0
32191,0,2505,0
32193,0,2504,0
32195,1671,2507,1
32197,0,2503,0
32199,0,2503,0
32201,0,2505,0
32203,0,2505,0
32205,0,2503,0
32207,0,2504,0
32209,0,2503,0
32211,0,2504,0
32213,0,2505,0
32215,0,2504,0
32217,0,2503,0
32219,0,2503,0
32221,0,2493,0
32223,0,2502,0
32225,0,2503,0
32227,0,2504,0
32229,0,2503,0
32231,0,2504,0
32233,0,2503,0
32235,1672,2503,1
32237,0,2503,0
32239,0,2503,0
32241,0,2505,0
32243,0,2501,0
32245,0,2503,0
32247,0,2503,0
32249,0,2504,0
32251,0,2503,0
32253,0,2503,0
32255,0,2505,0
32257,0,2503,0
32259,0,2503,0
32261,0,2503,0
32263,0,2504,0
32265,0,2502,0
32267,0,2504,0
32269,0,2504,0
32271,0,2503,0
32273,0,2503,0
32275,1675,2507,1
32277,0,2503,0
32279,0,2503,0
32281,0,2503,0
32283,0,2503,0
32285,0,2503,0
32287,0,2503,0
32289,0,2504,0
32291,0,2504,0
32293,0,2504,0
32295,0,2500,0
32297,0,2503,0
32299,0,2501,0
32301,0,2504,0
32303,0,2504,0
32305,0,2503,0
32307,0,2505,0
32309,0,2503,0
32311,0,2504,0
32313,0,2503,0
32315,1677,2504,1
32317,0,2503,0
32319,0,2503,0
32321,0,2504,0
32323,0,2503,0
32325,0,2504,0
32327,0,2503,0
32329,0,2503,0
32331,0,2505,0
32333,0,2503,0
32335,0,2503,0
32337,0,2504,0
32339,0,2503,0
32341,0,2504,0
32343,0,2504,0
32345,0,2503,0
32347,0,2504,0
32349,0,2503,0
32351,0,2503,0
32353,0,2503,0
32355,1699,2503,1
32357,0,2503,0
32359,0,2505,0
32361,0,2503,0
32363,0,2504,0
32365,0,2503,0
32367,0,2505,0
32369,0,2505,0
32371,0,2503,0
32373,0,2503,0
32375,0,2503,0
32377,0,2503,0
32379,0,2504,0
32381,0,2504,0
32383,0,2503,0
32385,0,2504,0
32387,0,2502,0
32389,0,2504,0
32391,0,2503,0
32393,0,2503,0
32395,1674,2504,1
32397,0,2503,0
32399,0,2503,0
32401,0,2501,0
32403,0,2503,0
32405,0,2504,0
32407,0,2503,0
32409,0,2503,0
32411,0,2485,0
32413,0,2503,0
32415,0,2503,0
32417,0,2503,0
32419,0,2505,0
32421,0,2504,0
32423,0,2505,0
32425,0,2505,0
32427,0,2503,0
32429,0,2503,0
32431,0,2503,0
32433,0,2503,0
32435,1644,2504,1
32437,0,2503,0
32439,0,2503,0
32441,0,2502,0
32443,0,2505,0
32445,0,2505,0
32447,0,2505,0
32449,0,2503,0
32451,0,2505,0
32453,0,2507,0
32455,0,2509,0
32457,0,2505,0
32459,0,2503,0
32461,0,2504,0
32463,0,2506,0
32465,0,2503,0
32467,0,2503,0
32469,0,2504,0
32471,0,2503,0
32473,1661,2503,1
32475,0,2507,0
32477,0,2507,0
32479,0,2503,0
32481,0,2503,0
32483,0,2502,0
32485,0,2502,0
32487,0,2505,0
32489,0,2503,0
32491,0,2503,0
32493,0,2503,0
32495,0,2505,0
32497,0,2504,0
32499,0,2505,0
32501,0,2503,0
32503,0,2506,0
32505,0,2503,0
32507,0,2505,0
32509,0,2503,0
32511,0,2504,0
32513,1671,2503,1
32515,0,2504,0
32517,0,2503,0
32519,0,2504,0
32521,0,2504,0
32523,0,2505,0
32525,0,2503,0
32527,0,2503,0
32529,0,2503,0
32531,0,2503,0
32533,0,2503,0
32535,0,2505,0
32537,0,2505,0
32539,0,2503,0
32541,0,2501,0
32543,0,2504,0
32545,0,2505,0
32547,0,2505,0
32549,0,2504,0
32551,0,2504,0
32553,1676,2503,1
32555,0,2503,0
32557,0,2503,0
32559,0,2503,0
32561,0,2504,0
32563,0,2504,0
32565,0,2503,0
32567,0,2503,0
32569,0,2504,0
32571,0,2503,0
32573,0,2503,0
32575,0,2503,0
32577,0,2504,0
32579,0,2504,0
32581,0,2505,0
32583,0,2505,0
32585,0,2503,0
32587,0,2504,0
32589,0,2505,0
32591,0,2503,0
32593,1670,2503,1
32595,0,2504,0
32597,0,2504,0
32599,0,2504,0
32601,0,2504,0
32603,0,2503,0
32605,0,2504,0
32607,0,2503,0
32609,0,2504,0
32611,0,2503,0
32613,0,2503,0
32615,0,2503,0
32617,0,2503,0
32619,0,2503,0
32621,0,2503,0
32623,0,2504,0
32625,0,2503,0
32627,0,2503,0
32629,0,2503,0
32631,0,2502,0
32633,1672,2503,1
32635,0,2503,0
32637,0,2509,0
32639,0,2503,0
32641,0,2502,0
32643,0,2503,0
32645,0,2505,0
32647,0,2501,0
32649,0,2503,0
32651,0,2503,0
32653,0,2503,0
32655,0,2496,0
32657,0,2504,0
32659,0,2504,0
32661,0,2504,0
32663,0,2503,0
32665,0,2502,0
32667,0,2504,0
32669,0,2503,0
32671,0,2502,0
32673,1674,2503,1
32675,0,2503,0
32677,0,2503,0
32679,0,2509,0
32681,0,2504,0
32683,0,2503,0
32685,0,2503,0
32687,0,2503,0
32689,0,2503,0
32691,0,2504,0
32693,0,2503,0
32695,0,2504,0
32697,0,2504,0
32699,0,2505,0
32701,0,2496,0
32703,0,2503,0
32705,0,2503,0
32707,0,2503,0
32709,0,2503,0
32711,0,2503,0
32713,1696,2503,1
32715,0,2503,0
32717,0,2503,0
32719,0,2503,0
32721,0,2502,0
32723,0,2501,0
32725,0,2502,0
32727,0,2505,0
32729,0,2503,0
32731,0,2504,0
32733,0,2495,0
32735,0,2502,0
32737,0,2503,0
32739,0,2503,0
32741,0,2505,0
32743,0,2503,0
32745,0,2503,0
32747,0,2504,0
32749,0,2503,0
32751,0,2501,0
32753,1702,2504,1
32755,0,2502,0
32757,0,2503,0
32759,0,2503,0
32761,0,2504,0
32763,0,2504,0
32765,0,2503,0
32767,0,2503,0
32769,0,2503,0
32771,0,2503,0
32773,0,2505,0
32775,0,2505,0
32777,0,2505,0
32779,0,2505,0
32781,0,2503,0
32783,0,2506,0
32785,0,2503,0
32787,0,2504,0
32789,0,2507,0
32791,0,2503,0
32793,1661,2505,1
32795,0,2505,0
32797,0,2507,0
32799,0,2505,0
32801,0,2496,0
32803,0,2501,0
32805,0,2505,0
32808,0,2503,0
32810,0,2503,0
32812,0,2505,0
32814,0,2501,0
32816,0,2503,0
32818,0,2504,0
32820,0,2503,0
32822,0,2504,0
32824,0,2503,0
32826,0,2503,0
32828,0,2504,0
32830,0,2504,0
32832,0,2503,0
32834,1655,2504,1
32836,0,2502,0
32838,0,2505,0
32840,0,2507,0
32842,0,2503,0
32844,0,2503,0
32846,0,2504,0
32848,0,2503,0
32850,0,2504,0
32852,0,2505,0
32854,0,2503,0
32856,0,2505,0
32858,0,2505,0
32860,0,2505,0
32862,0,2505,0
32864,0,2503,0
32866,0,2503,0
32868,0,2501,0
32870,0,2503,0
32872,1673,2503,1
32874,0,2503,0
32876,0,2503,0
32878,0,2503,0
32880,0,2503,0
32882,0,2505,0
32884,0,2503,0
32886,0,2504,0
32888,0,2503,0
32890,0,2503,0
32892,0,2505,0
32894,0,2503,0
32896,0,2503,0
32898,0,2501,0
32900,0,2504,0
32902,0,2493,0
32904,0,2504,0
32906,0,2503,0
32908,0,2504,0
32910,0,2503,0
32912,1676,2505,1
32914,0,2503,0
32916,0,2504,0
32918,0,2503,0
32920,0,2503,0
32922,0,2503,0
32924,0,2503,0
32926,0,2505,0
32928,0,2504,0
32930,0,2505,0
32932,0,2503,0
32934,0,2503,0
32936,0,2502,0
32938,0,2503,0
32940,0,2504,0
32942,0,2502,0
32944,0,2504,0
32946,0,2507,0
32948,0,2507,0
32950,0,2503,0
32952,1675,2504,1
32954,0,2503,0
32956,0,2504,0
32958,0,2503,0
32960,0,2503,0
32962,0,2505,0
32964,0,2507,0
32966,0,2503,0
32968,0,2505,0
32970,0,2504,0
32972,0,2503,0
32974,0,2502,0
32976,0,2509,0
32978,0,2511,0
32980,0,2504,0
32982,0,2504,0
32984,0,2505,0
32986,0,2509,0
32988,0,2503,0
32990,0,2505,0
32992,1671,2502,1
32994,0,2503,0
32996,0,2503,0
32998,0,2502,0
33000,0,2503,0
33002,0,2507,0
33004,0,2503,0
33006,0,2503,0
33008,0,2503,0
33010,0,2503,0
33012,0,2504,0
33014,0,2505,0
33016,0,2501,0
33018,0,2501,0
33020,0,2503,0
33022,0,2504,0
33024,0,2502,0
33026,0,2503,0
33028,0,2503,0
33030,0,2501,0
33032,1678,2501,1
33034,0,2503,0
33036,0,2503,0
33038,0,2503,0
33040,0,2505,0
33042,0,2504,0
33044,0,2503,0
33046,0,2503,0
33048,0,2503,0
33050,0,2505,0
33052,0,2503,0
33054,0,2505,0
33056,0,2503,0
33058,0,2504,0
33060,0,2503,0
33062,0,2503,0
33064,0,2503,0
33066,0,2505,0
33068,0,2495,0
33070,0,2504,0
33072,1679,2501,1
33074,0,2503,0
33076,0,2503,0
33078,0,2503,0
33080,0,2504,0
33082,0,2504,0
33084,0,2505,0
33086,0,2503,0
33088,0,2503,0
33090,0,2501,0
33092,0,2503,0
33094,0,2495,0
33096,0,2502,0
33098,0,2503,0
33100,0,2504,0
33102,0,2504,0
33104,0,2501,0
33106,0,2505,0
33108,0,2502,0
33110,0,2503,0
33112,1692,2503,1
33114,0,2504,0
33116,0,2503,0
33118,0,2503,0
33120,0,2503,0
33122,0,2503,0
33124,0,2502,0
33126,0,2505,0
33128,0,2505,0
33130,0,2504,0
33132,0,2505,0
33134,0,2505,0
33136,0,2503,0
33138,0,2503,0
33140,0,2503,0
33142,0,2503,0
33144,0,2504,0
33146,0,2502,0
33148,0,2502,0
33150,0,2503,0
33152,1688,2505,1
33154,0,2503,0
33156,0,2503,0
33158,0,2504,0
33160,0,2504,0
33162,0,2505,0
33164,0,2503,0
33166,0,2503,0
33168,0,2503,0
33170,0,2504,0
33172,0,2504,0
33174,0,2503,0
33176,0,2504,0
33178,0,2503,0
33180,0,2503,0
33182,0,2503,0
33184,0,2503,0
33186,0,2503,0
33188,0,2503,0
33190,0,2503,0
33192,1641,2503,1
33194,0,2502,0
33196,0,2503,0
33198,0,2503,0
33200,0,2503,0
33202,0,2504,0
33204,0,2504,0
33206,0,2504,0
33208,0,2504,0
33210,0,2503,0
33212,0,2503,0
33214,0,2502,0
33216,0,2503,0
33218,0,2504,0
33220,0,2505,0
33222,0,2503,0
33224,0,2504,0
33226,0,2505,0
33228,0,2503,0
33230,1657,2503,1
33232,0,2503,0
33234,0,2502,0
33236,0,2504,0
33238,0,2501,0
33240,0,2504,0
33242,0,2503,0
33244,0,2503,0
33246,0,2503,0
33248,0,2503,0
33250,0,2505,0
33252,0,2495,0
33254,0,2503,0
33256,0,2504,0
33258,0,2505,0
33260,0,2503,0
33262,0,2503,0
33264,0,2503,0
33266,0,2504,0
33268,0,2503,0
33270,1680,2505,1
33272,0,2503,0
33274,0,2503,0
33276,0,2503,0
33278,0,2503,0
33280,0,2503,0
33282,0,2503,0
33284,0,2503,0
33286,0,2503,0
33288,0,2501,0
33290,0,2503,0
33292,0,2501,0
33294,0,2503,0
33296,0,2503,0
33298,0,2503,0
33300,0,2503,0
33302,0,2503,0
33304,0,2496,0
33306,0,2501,0
33308,0,2503,0
33310,1674,2503,1
33312,0,2503,0
33314,0,2504,0
33316,0,2503,0
33318,0,2503,0
33320,0,2504,0
33322,0,2506,0
33324,0,2503,0
33326,0,2503,0
33328,0,2505,0
33330,0,2503,0
33332,0,2503,0
33334,0,2503,0
33336,0,2502,0
33338,0,2504,0
33340,0,2504,0
33342,0,2504,0
33344,0,2501,0
33346,0,2503,0
33348,0,2501,0
33350,1678,2503,1
33352,0,2505,0
33354,0,2503,0
33356,0,2505,0
33358,0,2505,0
33360,0,2503,0
33362,0,2504,0
33364,0,2504,0
33366,0,2502,0
33368,0,2503,0
33370,0,2505,0
33372,0,2504,0
33374,0,2504,0
33376,0,2501,0
33378,0,2505,0
33380,0,2503,0
33382,0,2503,0
33384,0,2505,0
33386,0,2503,0
33388,0,2503,0
33390,1679,2504,1
33392,0,2503,0
33394,0,2501,0
33396,0,2503,0
33398,0,2501,0
33400,0,2503,0
33402,0,2503,0
33404,0,2504,0
33406,0,2502,0
33408,0,2501,0
33410,0,2502,0
33412,0,2503,0
33414,0,2503,0
33416,0,2502,0
33418,0,2503,0
33420,0,2503,0
33422,0,2503,0
33424,0,2502,0
33426,0,2504,0
33428,0,2495,0
33430,1672,2503,1
33432,0,2503,0
33434,0,2505,0
33436,0,2503,0
33438,0,2503,0
33440,0,2503,0
33442,0,2504,0
33444,0,2503,0
33446,0,2503,0
33448,0,2502,0
33450,0,2501,0
33452,0,2509,0
33454,0,2505,0
33456,0,2503,0
33458,0,2503,0
33460,0,2505,0
33462,0,2503,0
33464,0,2504,0
33466,0,2503,0
33468,0,2503,0
33470,1690,2503,1
33472,0,2503,0
33474,0,2504,0
33476,0,2503,0
33478,0,2505,0
33480,0,2503,0
33482,0,2503,0
33484,0,2504,0
33486,0,2503,0
33488,0,2503,0
33490,0,2503,0
33492,0,2503,0
33494,0,2503,0
33496,0,2503,0
33498,0,2503,0
33500,0,2503,0
33502,0,2505,0
33504,0,2503,0
33506,0,2506,0
33508,0,2505,0
33510,1705,2502,1
33512,0,2503,0
33514,0,2504,0
33516,0,2501,0
33518,0,2503,0
33520,0,2504,0
33522,0,2505,0
33524,0,2503,0
33526,0,2504,0
33528,0,2501,0
33530,0,2504,0
33532,0,2504,0
33534,0,2505,0
33536,0,2503,0
33538,0,2502,0
33540,0,2503,0
33542,0,2504,0
33544,0,2504,0
33546,0,2505,0
33548,0,2503,0
33550,1661,2503,1
33552,0,2504,0
33554,0,2503,0
33556,0,2503,0
33558,0,2503,0
33560,0,2501,0
33562,0,2501,0
33564,0,2505,0
33566,0,2503,0
33568,0,2505,0
33570,0,2503,0
33572,0,2503,0
33574,0,2503,0
33576,0,2503,0
33578,0,2503,0
33580,0,2504,0
33582,0,2503,0
33584,0,2505,0
33586,0,2504,0
33588,0,2503,0
33590,1649,2504,1
33592,0,2505,0
33594,0,2501,0
33596,0,2504,0
33598,0,2503,0
33600,0,2501,0
33602,0,2503,0
33604,0,2505,0
33606,0,2501,0
33608,0,2503,0
33610,0,2503,0
33612,0,2504,0
33614,0,2503,0
33616,0,2504,0
33618,0,2504,0
33620,0,2503,0
33622,0,2503,0
33624,0,2505,0
33626,0,2501,0
33628,1664,2503,1
33630,0,2503,0
33632,0,2503,0
33634,0,2503,0
33636,0,2505,0
33638,0,2503,0
33640,0,2503,0
33642,0,2504,0
33644,0,2503,0
33646,0,2503,0
33648,0,2502,0
33650,0,2505,0
33652,0,2503,0
33654,0,2503,0
33656,0,2505,0
33658,0,2505,0
33660,0,2503,0
33662,0,2503,0
33664,0,2503,0
33666,0,2503,0
33668,1668,2505,1
33670,0,2508,0
33672,0,2503,0
33674,0,2504,0
33676,0,2503,0
33678,0,2505,0
33680,0,2503,0
33682,0,2504,0
33684,0,2501,0
33686,0,2504,0
33688,0,2507,0
33690,0,2503,0
33692,0,2503,0
33694,0,2504,0
33696,0,2504,0
33698,0,2504,0
33700,0,2504,0
33702,0,2503,0
33704,0,2504,0
33706,0,2496,0
33708,1674,2503,1
33710,0,2505,0
33712,0,2504,0
33714,0,2505,0
33716,0,2503,0
33718,0,2503,0
33720,0,2503,0
33722,0,2501,0
33724,0,2502,0
33726,0,2504,0
33728,0,2505,0
33730,0,2503,0
33732,0,2505,0
33734,0,2505,0
33736,0,2502,0
33738,0,2503,0
33740,0,2503,0
33742,0,2503,0
33744,0,2503,0
33746,0,2505,0
33748,1674,2503,1
33750,0,2503,0
33752,0,2503,0
33754,0,2503,0
33756,0,2504,0
33758,0,2503,0
33760,0,2505,0
33762,0,2503,0
33764,0,2503,0
33766,0,2503,0
33768,0,2504,0
33770,0,2504,0
33772,0,2505,0
33774,0,2504,0
33776,0,2504,0
33778,0,2503,0
33780,0,2503,0
33782,0,2501,0
33784,0,2503,0
33786,0,2501,0
33788,1670,2503,1
33790,0,2495,0
33792,0,2503,0
33794,0,2503,0
33796,0,2505,0
33798,0,2503,0
33800,0,2503,0
33802,0,2505,0
33804,0,2504,0
33806,0,2504,0
33808,0,2509,0
33810,0,2503,0
33812,0,2503,0
33814,0,2503,0
33816,0,2505,0
33818,0,2503,0
33820,0,2503,0
33822,0,2505,0
33824,0,2502,0
33826,0,2503,0
33828,1672,2501,1
33830,0,2496,0
33832,0,2495,0
33834,0,2503,0
33836,0,2503,0
33838,0,2504,0
33840,0,2505,0
33842,0,2504,0
33844,0,2503,0
33846,0,2503,0
33848,0,2503,0
33850,0,2504,0
33852,0,2504,0
33854,0,2503,0
33856,0,2501,0
33858,0,2504,0
33860,0,2503,0
33862,0,2503,0
33864,0,2504,0
33866,0,2504,0
33868,1701,2505,1
33870,0,2501,0
33872,0,2505,0
33874,0,2503,0
33876,0,2503,0
33878,0,2503,0
33880,0,2503,0
33882,0,2503,0
33884,0,2503,0
33886,0,2503,0
33888,0,2503,0
33890,0,2505,0
33892,0,2504,0
33894,0,2505,0
33896,0,2505,0
33898,0,2503,0
33900,0,2492,0
33902,0,2501,0
33904,0,2504,0
33906,0,2503,0
33908,1701,2502,1
33910,0,2501,0
33912,0,2503,0
33914,0,2503,0
33916,0,2505,0
33918,0,2503,0
33920,0,2503,0
33922,0,2507,0
33924,0,2503,0
33926,0,2503,0
33928,0,2504,0
33930,0,2503,0
33932,0,2502,0
33934,0,2507,0
33936,0,2504,0
33938,0,2503,0
33940,0,2503,0
33942,0,2505,0
33944,0,2501,0
33946,0,2505,0
33948,1658,2503,1
33950,0,2503,0
33952,0,2501,0
33954,0,2503,0
33956,0,2505,0
33958,0,2505,0
33960,0,2503,0
33962,0,2505,0
33964,0,2502,0
33966,0,2503,0
33968,0,2504,0
33970,0,2505,0
33972,0,2505,0
33974,0,2503,0
33976,0,2501,0
33978,0,2503,0
33980,0,2504,0
33982,0,2505,0
33984,0,2505,0
33986,0,2503,0
33988,1656,2503,1
33990,0,2495,0
33992,0,2503,0
33994,0,2505,0
33996,0,2505,0
33998,0,2503,0
34000,0,2503,0
34002,0,2502,0
34004,0,2503,0
34006,0,2507,0
34008,0,2503,0
34010,0,2504,0
34012,0,2504,0
34014,0,2503,0
34016,0,2505,0
34018,0,2504,0
34020,0,2505,0
34022,0,2505,0
34024,0,2504,0
34026,1670,2491,1
34028,0,2505,0
34030,0,2505,0
34032,0,2503,0
34034,0,2503,0
34036,0,2503,0
34038,0,2507,0
34040,0,2503,0
34042,0,2503,0
34044,0,2504,0
34046,0,2501,0
34048,0,2503,0
34050,0,2503,0
34052,0,2503,0
34054,0,2494,0
34056,0,2503,0
34058,0,2502,0
34060,0,2503,0
34062,0,2496,0
34064,0,2503,0
34066,1675,2504,1
34068,0,2503,0
34070,0,2502,0
34072,0,2503,0
34074,0,2504,0
34076,0,2495,0
34078,0,2504,0
34080,0,2503,0
34082,0,2505,0
34084,0,2503,0
34086,0,2501,0
34088,0,2502,0
34090,0,2501,0
34092,0,2505,0
34094,0,2504,0
34096,0,2503,0
34098,0,2502,0
34100,0,2503,0
34102,0,2504,0
34104,0,2503,0
34106,1677,2501,1
34108,0,2507,0
34110,0,2502,0
34112,0,2504,0
34114,0,2501,0
34116,0,2503,0
34118,0,2496,0
34120,0,2502,0
34122,0,2503,0
34124,0,2502,0
34126,0,2504,0
34128,0,2496,0
34130,0,2502,0
34132,0,2503,0
34134,0,2503,0
34136,0,2504,0
34138,0,2503,0
34140,0,2502,0
34142,0,2495,0
34144,0,2504,0
34146,1668,2503,1
34148,0,2503,0
34150,0,2503,0
34152,0,2503,0
34154,0,2503,0
34156,0,2503,0
34158,0,2503,0
34160,0,2503,0
34162,0,2503,0
34164,0,2503,0
34166,0,2504,0
34168,0,2503,0
34170,0,2496,0
34172,0,2503,0
34174,0,2504,0
34176,0,2503,0
34178,0,2503,0
34180,0,2503,0
34182,0,2503,0
34184,0,2503,0
34186,1672,2502,1
34188,0,2504,0
34190,0,2503,0
34192,0,2505,0
34194,0,2504,0
34196,0,2503,0
34198,0,2502,0
34200,0,2504,0
34202,0,2503,0
34204,0,2504,0
34206,0,2504,0
34208,0,2503,0
34210,0,2503,0
34212,0,2503,0
34214,0,2504,0
34216,0,2504,0
34218,0,2503,0
34220,0,2504,0
34222,0,2505,0
34224,0,2504,0
34226,1686,2503,1
34228,0,2505,0
34230,0,2504,0
34232,0,2503,0
34234,0,2503,0
34236,0,2503,0
34238,0,2505,0
34240,0,2504,0
34242,0,2503,0
34244,0,2504,0
34246,0,2503,0
34248,0,2503,0
34250,0,2503,0
34252,0,2503,0
34254,0,2505,0
34256,0,2504,0
34258,0,2505,0
34260,0,2505,0
34262,0,2504,0
34264,0,2503,0
34266,1699,2504,1
34268,0,2503,0
34270,0,2505,0
34272,0,2503,0
34274,0,2501,0
34276,0,2503,0
34278,0,2503,0
34280,0,2504,0
34282,0,2504,0
34284,0,2504,0
34286,0,2504,0
34288,0,2503,0
34290,0,2505,0
34292,0,2505,0
34294,0,2505,0
34296,0,2505,0
34298,0,2504,0
34300,0,2507,0
34302,0,2504,0
34304,0,2503,0
34306,1676,2503,1
34308,0,2504,0
34310,0,2504,0
34312,0,2509,0
34314,0,2501,0
34316,0,2503,0
34318,0,2503,0
34320,0,2502,0
34322,0,2503,0
34324,0,2505,0
34326,0,2503,0
34328,0,2504,0
34330,0,2504,0
34332,0,2504,0
34334,0,2503,0
34336,0,2504,0
34338,0,2503,0
34340,0,2503,0
34342,0,2503,0
34344,0,2496,0
34346,1655,2503,1
34348,0,2503,0
34350,0,2502,0
34352,0,2503,0
34354,0,2503,0
34356,0,2503,0
34358,0,2503,0
34360,0,2504,0
34362,0,2501,0
34364,0,2505,0
34366,0,2501,0
34368,0,2503,0
34370,0,2503,0
34372,0,2503,0
34374,0,2504,0
34376,0,2504,0
34378,0,2504,0
34380,0,2503,0
34382,0,2503,0
34384,1660,2503,1
34386,0,2503,0
34388,0,2503,0
34390,0,2503,0
34392,0,2503,0
34394,0,2502,0
34396,0,2502,0
34398,0,2504,0
34400,0,2503,0
34402,0,2503,0
34404,0,2502,0
34406,0,2503,0
34408,0,2505,0
34410,0,2501,0
34412,0,2504,0
34414,0,2495,0
34416,0,2503,0
34418,0,2503,0
34420,0,2503,0
34422,0,2503,0
34424,1675,2504,1
34426,0,2503,0
34428,0,2503,0
34430,0,2503,0
34432,0,2505,0
34434,0,2505,0
34436,0,2503,0
34438,0,2503,0
34440,0,2495,0
34442,0,2504,0
34444,0,2503,0
34446,0,2503,0
34448,0,2504,0
34450,0,2503,0
34452,0,2503,0
34454,0,2503,0
34456,0,2496,0
34458,0,2503,0
34460,0,2503,0
34462,0,2504,0
34464,1676,2504,1
34466,0,2503,0
34468,0,2501,0
34470,0,2504,0
34472,0,2503,0
34474,0,2505,0
34476,0,2488,0
34478,0,2504,0
34480,0,2503,0
34482,0,2503,0
34484,0,2503,0
34486,0,2505,0
34488,0,2504,0
34490,0,2503,0
34492,0,2505,0
34494,0,2503,0
34496,0,2503,0
34498,0,2506,0
34500,0,2503,0
34502,0,2505,0
34504,1672,2503,1
34506,0,2503,0
34508,0,2504,0
34510,0,2504,0
34512,0,2504,0
34514,0,2503,0
34516,0,2503,0
34518,0,2496,0
34520,0,2503,0
34522,0,2503,0
34524,0,2504,0
34526,0,2503,0
34528,0,2503,0
34530,0,2503,0
34532,0,2503,0
34534,0,2504,0
34536,0,2503,0
34538,0,2503,0
34540,0,2503,0
34542,0,2504,0
34544,1669,2503,1
34546,0,2501,0
34548,0,2503,0
34550,0,2505,0
34552,0,2503,0
34554,0,2503,0
34556,0,2505,0
34558,0,2501,0
34560,0,2503,0
34562,0,2503,0
34564,0,2501,0
34566,0,2503,0
34568,0,2502,0
34570,0,2503,0
34572,0,2504,0
34574,0,2503,0
34576,0,2503,0
34578,0,2506,0
34580,0,2503,0
34582,0,2506,0
34584,1673,2503,1
34586,0,2504,0
34588,0,2504,0
34590,0,2504,0
34592,0,2503,0
34594,0,2503,0
34596,0,2503,0
34598,0,2503,0
34600,0,2503,0
34602,0,2501,0
34604,0,2503,0
34606,0,2501,0
34608,0,2504,0
34610,0,2503,0
34612,0,2504,0
34614,0,2503,0
34616,0,2495,0
34618,0,2505,0
34620,0,2503,0
34622,0,2504,0
34624,1692,2503,1
34626,0,2504,0
34628,0,2503,0
34630,0,2503,0
34632,0,2495,0
34634,0,2504,0
34636,0,2503,0
34638,0,2505,0
34640,0,2504,0
34642,0,2500,0
34645,0,2503,0
34647,0,2503,0
34649,0,2503,0
34651,0,2505,0
34653,0,2504,0
34655,0,2505,0
34657,0,2503,0
34659,0,2503,0
34661,0,2503,0
34663,0,2503,0
34665,1695,2508,1
34667,0,2504,0
34669,0,2504,0
34671,0,2503,0
34673,0,2504,0
34675,0,2503,0
34677,0,2502,0
34679,0,2504,0
34681,0,2503,0
34683,0,2503,0
34685,0,2504,0
34687,0,2503,0
34689,0,2507,0
34691,0,2505,0
34693,0,2503,0
34695,0,2502,0
34697,0,2505,0
34699,0,2503,0
34701,0,2503,0
34703,0,2504,0
34705,1660,2503,1
34707,0,2503,0
34709,0,2502,0
34711,0,2503,0
34713,0,2504,0
34715,0,2505,0
34717,0,2495,0
34719,0,2503,0
34721,0,2503,0
34723,0,2503,0
34725,0,2503,0
34727,0,2504,0
34729,0,2489,0
34731,0,2503,0
34733,0,2503,0
34735,0,2503,0
34737,0,2505,0
34739,0,2503,0
34741,0,2503,0
34743,0,2503,0
34745,1652,2501,1
34747,0,2505,0
34749,0,2503,0
34751,0,2503,0
34753,0,2504,0
34755,0,2503,0
34757,0,2503,0
34759,0,2504,0
34761,0,2505,0
34763,0,2503,0
34765,0,2503,0
34767,0,2493,0
34769,0,2505,0
34771,0,2503,0
34773,0,2502,0
34775,0,2503,0
34777,0,2503,0
34779,0,2503,0
34781,0,2503,0
34783,1670,2504,1
34785,0,2500,0
34787,0,2503,0
34789,0,2501,0
34791,0,2505,0
34793,0,2503,0
34795,0,2503,0
34797,0,2496,0
34799,0,2503,0
34801,0,2503,0
34803,0,2503,0
34805,0,2504,0
34807,0,2503,0
34809,0,2503,0
34811,0,2503,0
34813,0,2503,0
34815,0,2503,0
34817,0,2505,0
34819,0,2503,0
34821,0,2503,0
34823,1676,2504,1
34825,0,2503,0
34827,0,2503,0
34829,0,2504,0
34831,0,2504,0
34833,0,2502,0
34835,0,2502,0
34837,0,2504,0
34839,0,2503,0
34841,0,2503,0
34843,0,2503,0
34845,0,2503,0
34847,0,2503,0
34849,0,2505,0
34851,0,2505,0
34853,0,2501,0
34855,0,2504,0
34857,0,2503,0
34859,0,2503,0
34861,0,2501,0
34863,1676,2503,1
34865,0,2504,0
34867,0,2503,0
34869,0,2503,0
34871,0,2505,0
34873,0,2504,0
34875,0,2505,0
34877,0,2503,0
34879,0,2503,0
34881,0,2504,0
34883,0,2502,0
34885,0,2503,0
34887,0,2503,0
34889,0,2503,0
34891,0,2505,0
34893,0,2502,0
34895,0,2504,0
34897,0,2503,0
34899,0,2503,0
34901,0,2508,0
34903,1673,2503,1
34905,0,2503,0
34907,0,2503,0
34909,0,2504,0
34911,0,2503,0
34913,0,2504,0
34915,0,2503,0
34917,0,2504,0
34919,0,2503,0
34921,0,2502,0
34923,0,2503,0
34925,0,2503,0
34927,0,2504,0
34929,0,2504,0
34931,0,2502,0
34933,0,2504,0
34935,0,2503,0
34937,0,2503,0
34939,0,2503,0
34941,0,2505,0
34943,1676,2503,1
34945,0,2503,0
34947,0,2503,0
34949,0,2504,0
34951,0,2503,0
34953,0,2499,0
34955,0,2503,0
34957,0,2504,0
34959,0,2503,0
34961,0,2502,0
34963,0,2503,0
34965,0,2503,0
34967,0,2503,0
34969,0,2501,0
34971,0,2504,0
34973,0,2504,0
34975,0,2496,0
34977,0,2503,0
34979,0,2505,0
34981,0,2503,0
34983,1673,2503,1
34985,0,2503,0
34987,0,2505,0
34989,0,2503,0
34991,0,2504,0
34993,0,2503,0
34995,0,2505,0
34997,0,2504,0
34999,0,2505,0
35001,0,2505,0
35003,0,2505,0
35005,0,2503,0
35007,0,2503,0
35009,0,2503,0
35011,0,2503,0
35013,0,2503,0
35015,0,2503,0
35017,0,2503,0
35019,0,2503,0
35021,0,2503,0
35023,1705,2501,1
35025,0,2504,0
35027,0,2504,0
35029,0,2507,0
35031,0,2503,0
35033,0,2505,0
35035,0,2504,0
35037,0,2503,0
35039,0,2505,0
35041,0,2503,0
35043,0,2503,0
35045,0,2505,0
35047,0,2504,0
35049,0,2504,0
35051,0,2503,0
35053,0,2504,0
35055,0,2503,0
35057,0,2503,0
35059,0,2507,0
35061,0,2503,0
35063,1692,2503,1
35065,0,2503,0
35067,0,2503,0
35069,0,2503,0
35071,0,2503,0
35073,0,2505,0
35075,0,2503,0
35077,0,2503,0
35079,0,2496,0
35081,0,2505,0
35083,0,2503,0
35085,0,2505,0
35087,0,2502,0
35089,0,2500,0
35091,0,2505,0
35093,0,2504,0
35095,0,2504,0
35097,0,2503,0
35099,0,2503,0
35101,0,2502,0
35103,1643,2503,1
35105,0,2502,0
35107,0,2503,0
35109,0,2502,0
35111,0,2503,0
35113,0,2507,0
35115,0,2503,0
35117,0,2505,0
35119,0,2504,0
35121,0,2502,0
35123,0,2503,0
35125,0,2505,0
35127,0,2503,0
35129,0,2504,0
35131,0,2501,0
35133,0,2505,0
35135,0,2504,0
35137,0,2503,0
35139,0,2503,0
35141,0,2501,0
35143,1660,2503,1
35145,0,2503,0
35147,0,2505,0
35149,0,2503,0
35151,0,2502,0
35153,0,2503,0
35155,0,2502,0
35157,0,2503,0
35159,0,2503,0
35161,0,2505,0
35163,0,2505,0
35165,0,2505,0
35167,0,2502,0
35169,0,2503,0
35171,0,2503,0
35173,0,2503,0
35175,0,2503,0
35177,0,2505,0
35179,0,2504,0
35181,1667,2495,1
35183,0,2503,0
35185,0,2503,0
35187,0,2502,0
35189,0,2503,0
35191,0,2503,0
35193,0,2503,0
35195,0,2505,0
35197,0,2505,0
35199,0,2503,0
35201,0,2503,0
35203,0,2503,0
35205,0,2503,0
35207,0,2505,0
35209,0,2503,0
35211,0,2501,0
35213,0,2505,0
35215,0,2503,0
35217,0,2501,0
35219,0,2503,0
35221,1667,2503,1
35223,0,2503,0
35225,0,2503,0
35227,0,2503,0
35229,0,2504,0
35231,0,2503,0
35233,0,2496,0
35235,0,2504,0
35237,0,2503,0
35239,0,2503,0
35241,0,2503,0
35243,0,2503,0
35245,0,2503,0
35247,0,2505,0
35249,0,2503,0
35251,0,2503,0
35253,0,2503,0
35255,0,2503,0
35257,0,2504,0
35259,0,2504,0
35261,1672,2503,1
35263,0,2495,0
35265,0,2503,0
35267,0,2503,0
35269,0,2503,0
35271,0,2503,0
35273,0,2504,0
35275,0,2504,0
35277,0,2503,0
35279,0,2501,0
35281,0,2503,0
35283,0,2504,0
35285,0,2503,0
35287,0,2505,0
35289,0,2505,0
35291,0,2505,0
35293,0,2505,0
35295,0,2505,0
35297,0,2504,0
35299,0,2502,0
35301,1671,2503,1
35303,0,2503,0
35305,0,2504,0
35307,0,2503,0
35309,0,2503,0
35311,0,2503,0
35313,0,2505,0
35315,0,2503,0
35317,0,2503,0
35319,0,2504,0
35321,0,2504,0
35323,0,2503,0
35325,0,2503,0
35327,0,2503,0
35329,0,2503,0
35331,0,2503,0
35333,0,2503,0
35335,0,2503,0
35337,0,2505,0
35339,0,2496,0
35341,1675,2503,1
35343,0,2503,0
35345,0,2504,0
35347,0,2503,0
35349,0,2501,0
35351,0,2503,0
35353,0,2503,0
35355,0,2505,0
35357,0,2503,0
35359,0,2503,0
35361,0,2505,0
35363,0,2505,0
35365,0,2504,0
35367,0,2505,0
35369,0,2503,0
35371,0,2503,0
35373,0,2503,0
35375,0,2503,0
35377,0,2505,0
35379,0,2503,0
35381,1687,2505,1
35383,0,2501,0
35385,0,2501,0
35387,0,2504,0
35389,0,2503,0
35391,0,2503,0
35393,0,2503,0
35395,0,2503,0
35397,0,2501,0
35399,0,2503,0
35401,0,2505,0
35403,0,2503,0
35405,0,2502,0
35407,0,2504,0
35409,0,2503,0
35411,0,2505,0
35413,0,2503,0
35415,0,2503,0
35417,0,2503,0
35419,0,2502,0
35421,1698,2503,1
35423,0,2495,0
35425,0,2502,0
35427,0,2503,0
35429,0,2503,0
35431,0,2503,0
35433,0,2505,0
35435,0,2505,0
35437,0,2503,0
35439,0,2503,0
35441,0,2503,0
35443,0,2503,0
35445,0,2503,0
35447,0,2503,0
35449,0,2505,0
35451,0,2502,0
35453,0,2504,0
35455,0,2493,0
35457,0,2503,0
35459,0,2502,0
35461,1666,2501,1
35463,0,2503,0
35465,0,2503,0
35467,0,2503,0
35469,0,2505,0
35471,0,2503,0
35473,0,2503,0
35475,0,2503,0
35477,0,2503,0
35479,0,2505,0
35481,0,2503,0
35483,0,2503,0
35485,0,2503,0
35487,0,2505,0
35489,0,2505,0
35491,0,2505,0
35493,0,2504,0
35495,0,2504,0
35497,0,2503,0
35499,0,2503,0
35501,1651,2503,1
35503,0,2503,0
35505,0,2503,0
35507,0,2503,0
35509,0,2503,0
35511,0,2503,0
35513,0,2504,0
35515,0,2502,0
35517,0,2504,0
35519,0,2507,0
35521,0,2505,0
35523,0,2503,0
35525,0,2503,0
35527,0,2503,0
35529,0,2503,0
35531,0,2505,0
35533,0,2505,0
35535,0,2504,0
35537,0,2504,0
35539,1662,2504,1
35541,0,2503,0
35543,0,2504,0
35545,0,2504,0
35547,0,2503,0
35549,0,2504,0
35551,0,2503,0
35553,0,2505,0
35555,0,2504,0
35557,0,2503,0
35559,0,2505,0
35561,0,2502,0
35563,0,2505,0
35565,0,2503,0
35567,0,2505,0
35569,0,2504,0
35571,0,2503,0
35573,0,2505,0
35575,0,2503,0
35577,0,2503,0
35579,1671,2503,1
35581,0,2505,0
35583,0,2504,0
35585,0,2504,0
35587,0,2504,0
35589,0,2504,0
35591,0,2502,0
35593,0,2504,0
35595,0,2504,0
35597,0,2504,0
35599,0,2505,0
35601,0,2502,0
35603,0,2503,0
35605,0,2495,0
35607,0,2503,0
35609,0,2503,0
35611,0,2503,0
35613,0,2504,0
35615,0,2503,0
35617,0,2504,0
35619,1676,2495,1
35621,0,2505,0
35623,0,2503,0
35625,0,2502,0
35627,0,2504,0
35629,0,2505,0
35631,0,2503,0
35633,0,2503,0
35635,0,2504,0
35637,0,2505,0
35639,0,2505,0
35641,0,2503,0
35643,0,2505,0
35645,0,2503,0
35647,0,2503,0
35649,0,2503,0
35651,0,2503,0
35653,0,2505,0
35655,0,2507,0
35657,0,2505,0
35659,1671,2503,1
35661,0,2503,0
35663,0,2503,0
35665,0,2508,0
35667,0,2503,0
35669,0,2503,0
35671,0,2504,0
35673,0,2504,0
35675,0,2503,0
35677,0,2504,0
35679,0,2505,0
35681,0,2504,0
35683,0,2503,0
35685,0,2501,0
35687,0,2505,0
35689,0,2503,0
35691,0,2503,0
35693,0,2503,0
35695,0,2501,0
35697,0,2503,0
35699,1674,2505,1
35701,0,2503,0
35703,0,2505,0
35705,0,2505,0
35707,0,2505,0
35709,0,2503,0
35711,0,2503,0
35713,0,2505,0
35715,0,2504,0
35717,0,2502,0
35719,0,2504,0
35721,0,2503,0
35723,0,2505,0
35725,0,2504,0
35727,0,2505,0
35729,0,2503,0
35731,0,2503,0
35733,0,2504,0
35735,0,2504,0
35737,0,2504,0
35739,1674,2502,1
35741,0,2503,0
35743,0,2503,0
35745,0,2505,0
35747,0,2505,0
35749,0,2501,0
35751,0,2504,0
35753,0,2504,0
35755,0,2503,0
35757,0,2496,0
35759,0,2503,0
35761,0,2504,0
35763,0,2503,0
35765,0,2505,0
35767,0,2503,0
35769,0,2503,0
35771,0,2505,0
35773,0,2504,0
35775,0,2503,0
35777,0,2503,0
35779,1703,2503,1
35781,0,2505,0
35783,0,2503,0
35785,0,2502,0
35787,0,2504,0
35789,0,2503,0
35791,0,2504,0
35793,0,2503,0
35795,0,2503,0
35797,0,2504,0
35799,0,2503,0
35801,0,2505,0
35803,0,2503,0
35805,0,2503,0
35807,0,2501,0
35809,0,2505,0
35811,0,2495,0
35813,0,2505,0
35815,0,2503,0
35817,0,2503,0
35819,1698,2500,1
35821,0,2496,0
35823,0,2503,0
35825,0,2503,0
35827,0,2503,0
35829,0,2503,0
35831,0,2503,0
35833,0,2505,0
35835,0,2505,0
35837,0,2503,0
35839,0,2503,0
35841,0,2503,0
35843,0,2503,0
35845,0,2504,0
35847,0,2505,0
35849,0,2504,0
35851,0,2503,0
35853,0,2503,0
35855,0,2504,0
35857,0,2503,0
35859,1654,2504,1
35861,0,2504,0
35863,0,2503,0
35865,0,2504,0
35867,0,2503,0
35869,0,2503,0
35871,0,2503,0
35873,0,2504,0
35875,0,2503,0
35877,0,2501,0
35879,0,2503,0
35881,0,2503,0
35883,0,2503,0
35885,0,2504,0
35887,0,2503,0
35889,0,2503,0
35891,0,2503,0
35893,0,2503,0
35895,0,2504,0
35897,0,2503,0
35899,1651,2503,1
35901,0,2503,0
35903,0,2504,0
35905,0,2504,0
35907,0,2505,0
35909,0,2505,0
35911,0,2504,0
35913,0,2503,0
35915,0,2505,0
35917,0,2502,0
35919,0,2503,0
35921,0,2504,0
35923,0,2504,0
35925,0,2504,0
35927,0,2504,0
35929,0,2504,0
35931,0,2504,0
35933,0,2503,0
35935,0,2505,0
35937,1674,2504,1
35939,0,2504,0
35941,0,2503,0
35943,0,2503,0
35945,0,2505,0
35947,0,2504,0
35949,0,2501,0
35951,0,2503,0
35953,0,2503,0
35955,0,2501,0
35957,0,2503,0
35959,0,2503,0
35961,0,2503,0
35963,0,2503,0
35965,0,2504,0
35967,0,2505,0
35969,0,2503,0
35971,0,2503,0
35973,0,2503,0
35975,0,2504,0
35977,1675,2502,1
35979,0,2503,0
35981,0,2503,0
35983,0,2503,0
35985,0,2503,0
35987,0,2503,0
35989,0,2507,0
35991,0,2505,0
35993,0,2503,0
35995,0,2505,0
35997,0,2503,0
35999,0,2503,0
36001,0,2503,0
36003,0,2503,0
36005,0,2503,0
36007,0,2503,0
36009,0,2501,0
36011,0,2503,0
36013,0,2503,0
36015,0,2503,0
36017,1673,2500,1
36019,0,2503,0
36021,0,2503,0
36023,0,2501,0
36025,0,2503,0
36027,0,2503,0
36029,0,2501,0
36031,0,2503,0
36033,0,2503,0
36035,0,2504,0
36037,0,2502,0
36039,0,2503,0
36041,0,2503,0
36043,0,2505,0
36045,0,2503,0
36047,0,2505,0
36049,0,2502,0
36051,0,2503,0
36053,0,2503,0
36055,0,2504,0
36057,1672,2503,1
36059,0,2504,0
36061,0,2504,0
36063,0,2504,0
36065,0,2503,0
36067,0,2504,0
36069,0,2503,0
36071,0,2505,0
36073,0,2504,0
36075,0,2504,0
36077,0,2503,0
36079,0,2503,0
36081,0,2505,0
36083,0,2504,0
36085,0,2495,0
36087,0,2503,0
36089,0,2503,0
36091,0,2502,0
36093,0,2504,0
36095,0,2505,0
36097,1680,2495,1
36099,0,2503,0
36101,0,2501,0
36103,0,2503,0
36105,0,2493,0
36107,0,2501,0
36109,0,2503,0
36111,0,2501,0
36113,0,2503,0
36115,0,2501,0
36117,0,2489,0
36119,0,2503,0
36121,0,2504,0
36123,0,2503,0
36125,0,2504,0
36127,0,2502,0
36129,0,2503,0
36131,0,2502,0
36133,0,2504,0
36135,0,2503,0
36137,1680,2503,1
36139,0,2503,0
36141,0,2503,0
36143,0,2501,0
36145,0,2505,0
36147,0,2502,0
36149,0,2503,0
36151,0,2503,0
36153,0,2504,0
36155,0,2505,0
36157,0,2501,0
36159,0,2504,0
36161,0,2501,0
36163,0,2505,0
36165,0,2503,0
36167,0,2503,0
36169,0,2505,0
36171,0,2501,0
36173,0,2502,0
36175,0,2503,0
36177,1703,2504,1
36179,0,2495,0
36181,0,2506,0
36183,0,2504,0
36185,0,2503,0
36187,0,2502,0
36189,0,2503,0
36191,0,2501,0
36193,0,2504,0
36195,0,2503,0
36197,0,2501,0
36199,0,2503,0
36201,0,2503,0
36203,0,2503,0
36205,0,2505,0
36207,0,2504,0
36209,0,2504,0
36211,0,2509,0
36213,0,2503,0
36215,0,2503,0
36217,1686,2503,1
36219,0,2503,0
36221,0,2503,0
36223,0,2504,0
36225,0,2503,0
36227,0,2505,0
36229,0,2503,0
36231,0,2502,0
36233,0,2504,0
36235,0,2503,0
36237,0,2501,0
36239,0,2503,0
36241,0,2503,0
36243,0,2504,0
36245,0,2503,0
36247,0,2503,0
36249,0,2501,0
36251,0,2503,0
36253,0,2501,0
36255,0,2504,0
36257,1652,2503,1
36259,0,2504,0
36261,0,2503,0
36263,0,2504,0
36265,0,2503,0
36267,0,2503,0
36269,0,2503,0
36271,0,2502,0
36273,0,2517,0
36275,0,2504,0
36277,0,2505,0
36279,0,2502,0
36281,0,2496,0
36283,0,2503,0
36285,0,2501,0
36287,0,2503,0
36289,0,2504,0
36291,0,2505,0
36293,0,2504,0
36295,1657,2504,1
36297,0,2504,0
36299,0,2505,0
36301,0,2503,0
36303,0,2503,0
36305,0,2503,0
36307,0,2505,0
36309,0,2503,0
36311,0,2503,0
36313,0,2503,0
36315,0,2504,0
36317,0,2503,0
36319,0,2503,0
36321,0,2503,0
36323,0,2503,0
36325,0,2503,0
36327,0,2502,0
36329,0,2503,0
36331,0,2504,0
36333,0,2509,0
36335,1674,2502,1
36337,0,2504,0
36339,0,2504,0
36341,0,2503,0
36343,0,2504,0
36345,0,2503,0
36347,0,2503,0
36349,0,2502,0
36351,0,2503,0
36353,0,2504,0
36355,0,2503,0
36357,0,2489,0
36359,0,2504,0
36361,0,2505,0
36363,0,2503,0
36365,0,2503,0
36367,0,2495,0
36369,0,2502,0
36371,0,2503,0
36373,0,2504,0
36375,1680,2503,1
36377,0,2504,0
36379,0,2505,0
36381,0,2503,0
36383,0,2503,0
36385,0,2503,0
36387,0,2504,0
36389,0,2503,0
36391,0,2504,0
36393,0,2505,0
36395,0,2504,0
36397,0,2505,0
36399,0,2507,0
36401,0,2505,0
36403,0,2503,0
36405,0,2501,0
36407,0,2503,0
36409,0,2501,0
36411,0,2505,0
36413,0,2503,0
36415,1669,2504,1
36417,0,2503,0
36419,0,2495,0
36421,0,2505,0
36423,0,2503,0
36425,0,2504,0
36427,0,2506,0
36429,0,2507,0
36431,0,2503,0
36433,0,2504,0
36435,0,2504,0
36437,0,2500,0
36439,0,2503,0
36441,0,2503,0
36443,0,2507,0
36445,0,2505,0
36447,0,2502,0
36449,0,2503,0
36451,0,2505,0
36453,0,2505,0
36455,1670,2503,1
36457,0,2505,0
36459,0,2505,0
36461,0,2495,0
36463,0,2503,0
36465,0,2503,0
36467,0,2505,0
36469,0,2505,0
36471,0,2503,0
36473,0,2501,0
36475,0,2503,0
36477,0,2503,0
36479,0,2505,0
36481,0,2503,0
36483,0,2503,0
36486,0,2503,0
36488,0,2503,0
36490,0,2504,0
36492,0,2501,0
36494,0,2505,0
36496,1671,2504,1
36498,0,2504,0
36500,0,2503,0
36502,0,2504,0
36504,0,2503,0
36506,0,2503,0
36508,0,2503,0
36510,0,2505,0
36512,0,2503,0
36514,0,2505,0
36516,0,2505,0
36518,0,2503,0
36520,0,2504,0
36522,0,2503,0
36524,0,2504,0
36526,0,2503,0
36528,0,2503,0
36530,0,2503,0
36532,0,2505,0
36534,0,2503,0
36536,1695,2503,1
36538,0,2505,0
36540,0,2503,0
36542,0,2502,0
36544,0,2503,0
36546,0,2495,0
36548,0,2505,0
36550,0,2505,0
36552,0,2503,0
36554,0,2503,0
36556,0,2495,0
36558,0,2503,0
36560,0,2501,0
36562,0,2503,0
36564,0,2504,0
36566,0,2506,0
36568,0,2505,0
36570,0,2503,0
36572,0,2504,0
36574,0,2505,0
36576,1697,2502,1
36578,0,2504,0
36580,0,2505,0
36582,0,2505,0
36584,0,2503,0
36586,0,2504,0
36588,0,2503,0
36590,0,2505,0
36592,0,2503,0
36594,0,2504,0
36596,0,2504,0
36598,0,2504,0
36600,0,2503,0
36602,0,2504,0
36604,0,2503,0
36606,0,2505,0
36608,0,2505,0
36610,0,2505,0
36612,0,2505,0
36614,0,2504,0
36616,1660,2503,1
36618,0,2504,0
36620,0,2502,0
36622,0,2504,0
36624,0,2511,0
36626,0,2503,0
36628,0,2502,0
36630,0,2504,0
36632,0,2504,0
36634,0,2503,0
36636,0,2505,0
36638,0,2503,0
36640,0,2503,0
36642,0,2507,0
36644,0,2506,0
36646,0,2503,0
36648,0,2505,0
36650,0,2503,0
36652,0,2501,0
36654,0,2491,0
36656,1646,2503,1
36658,0,2503,0
36660,0,2504,0
36662,0,2504,0
36664,0,2503,0
36666,0,2504,0
36668,0,2503,0
36670,0,2504,0
36672,0,2504,0
36674,0,2505,0
36676,0,2503,0
36678,0,2502,0
36680,0,2501,0
36682,0,2503,0
36684,0,2503,0
36686,0,2502,0
36688,0,2502,0
36690,0,2504,0
36692,0,2504,0
36694,1663,2504,1
36696,0,2503,0
36698,0,2505,0
36700,0,2504,0
36702,0,2502,0
36704,0,2503,0
36706,0,2503,0
36708,0,2507,0
36710,0,2503,0
36712,0,2505,0
36714,0,2505,0
36716,0,2504,0
36718,0,2504,0
36720,0,2503,0
36722,0,2503,0
36724,0,2503,0
36726,0,2504,0
36728,0,2503,0
36730,0,2504,0
36732,0,2504,0
36734,1676,2505,1
36736,0,2502,0
36738,0,2504,0
36740,0,2504,0
36742,0,2501,0
36744,0,2503,0
36746,0,2501,0
36748,0,2502,0
36750,0,2504,0
36752,0,2505,0
36754,0,2503,0
36756,0,2503,0
36758,0,2503,0
36760,0,2501,0
36762,0,2505,0
36764,0,2504,0
36766,0,2503,0
36768,0,2503,0
36770,0,2502,0
36772,0,2503,0
36774,1670,2507,1
36776,0,2503,0
36778,0,2503,0
36780,0,2503,0
36782,0,2503,0
36784,0,2503,0
36786,0,2505,0
36788,0,2503,0
36790,0,2503,0
36792,0,2505,0
36794,0,2502,0
36796,0,2501,0
36798,0,2503,0
36800,0,2504,0
36802,0,2503,0
36804,0,2503,0
36806,0,2503,0
36808,0,2504,0
36810,0,2503,0
36812,0,2503,0
36814,1674,2504,1
36816,0,2503,0
36818,0,2503,0
36820,0,2502,0
36822,0,2507,0
36824,0,2503,0
36826,0,2503,0
36828,0,2505,0
36830,0,2503,0
36832,0,2493,0
36834,0,2503,0
36836,0,2503,0
36838,0,2502,0
36840,0,2503,0
36842,0,2503,0
36844,0,2505,0
36846,0,2504,0
36848,0,2503,0
36850,0,2503,0
36852,0,2502,0
36854,1677,2503,1
36856,0,2503,0
36858,0,2503,0
36860,0,2503,0
36862,0,2503,0
36864,0,2503,0
36866,0,2503,0
36868,0,2504,0
36870,0,2503,0
36872,0,2501,0
36874,0,2503,0
36876,0,2503,0
36878,0,2503,0
36880,0,2503,0
36882,0,2505,0
36884,0,2503,0
36886,0,2503,0
36888,0,2503,0
36890,0,2503,0
36892,0,2502,0
36894,1677,2501,1
36896,0,2503,0
36898,0,2503,0
36900,0,2504,0
36902,0,2503,0
36904,0,2503,0
36906,0,2502,0
36908,0,2503,0
36910,0,2503,0
36912,0,2503,0
36914,0,2507,0
36916,0,2503,0
36918,0,2503,0
36920,0,2504,0
36922,0,2502,0
36924,0,2503,0
36926,0,2503,0
36928,0,2504,0
36930,0,2505,0
36932,0,2503,0
36934,1692,2504,1
36936,0,2502,0
36938,0,2503,0
36940,0,2503,0
36942,0,2503,0
36944,0,2503,0
36946,0,2502,0
36948,0,2501,0
36950,0,2503,0
36952,0,2503,0
36954,0,2503,0
36956,0,2501,0
36958,0,2501,0
36960,0,2501,0
36962,0,2502,0
36964,0,2503,0
36966,0,2505,0
36968,0,2505,0
36970,0,2503,0
36972,0,2504,0
36974,1694,2503,1
36976,0,2504,0
36978,0,2503,0
36980,0,2503,0
36982,0,2503,0
36984,0,2502,0
36986,0,2503,0
36988,0,2503,0
36990,0,2507,0
36992,0,2503,0
36994,0,2505,0
36996,0,2503,0
36998,0,2505,0
37000,0,2505,0
37002,0,2503,0
37004,0,2504,0
37006,0,2504,0
37008,0,2503,0
37010,0,2503,0
37012,0,2503,0
37014,1641,2503,1
37016,0,2501,0
37018,0,2501,0
37020,0,2504,0
37022,0,2504,0
37024,0,2503,0
37026,0,2502,0
37028,0,2502,0
37030,0,2503,0
37032,0,2503,0
37034,0,2503,0
37036,0,2503,0
37038,0,2503,0
37040,0,2503,0
37042,0,2503,0
37044,0,2501,0
37046,0,2503,0
37048,0,2503,0
37050,0,2503,0
37052,0,2501,0
37054,1655,2503,1
37056,0,2503,0
37058,0,2501,0
37060,0,2503,0
37062,0,2503,0
37064,0,2501,0
37066,0,2504,0
37068,0,2503,0
37070,0,2503,0
37072,0,2503,0
37074,0,2495,0
37076,0,2504,0
37078,0,2503,0
37080,0,2503,0
37082,0,2503,0
37084,0,2504,0
37086,0,2504,0
37088,0,2505,0
37090,0,2501,0
37092,1670,2503,1
37094,0,2503,0
37096,0,2503,0
37098,0,2503,0
37100,0,2503,0
37102,0,2501,0
37104,0,2501,0
37106,0,2505,0
37108,0,2502,0
37110,0,2503,0
37112,0,2503,0
37114,0,2503,0
37116,0,2503,0
37118,0,2503,0
37120,0,2503,0
37122,0,2502,0
37124,0,2503,0
37126,0,2501,0
37128,0,2503,0
37130,0,2504,0
37132,1674,2503,1
37134,0,2503,0
37136,0,2501,0
37138,0,2503,0
37140,0,2503,0
37142,0,2503,0
37144,0,2504,0
37146,0,2503,0
37148,0,2503,0
37150,0,2503,0
37152,0,2504,0
37154,0,2501,0
37156,0,2505,0
37158,0,2503,0
37160,0,2501,0
37162,0,2503,0
37164,0,2504,0
37166,0,2503,0
37168,0,2503,0
37170,0,2503,0
37172,1675,2503,1
37174,0,2503,0
37176,0,2505,0
37178,0,2503,0
37180,0,2503,0
37182,0,2503,0
37184,0,2503,0
37186,0,2501,0
37188,0,2501,0
37190,0,2507,0
37192,0,2503,0
37194,0,2501,0
37196,0,2502,0
37198,0,2505,0
37200,0,2503,0
37202,0,2504,0
37204,0,2504,0
37206,0,2503,0
37208,0,2503,0
37210,0,2503,0
37212,1677,2504,1
37214,0,2496,0
37216,0,2503,0
37218,0,2503,0
37220,0,2503,0
37222,0,2504,0
37224,0,2505,0
37226,0,2503,0
37228,0,2504,0
37230,0,2503,0
37232,0,2503,0
37234,0,2504,0
37236,0,2503,0
37238,0,2503,0
37240,0,2504,0
37242,0,2503,0
37244,0,2503,0
37246,0,2503,0
37248,0,2505,0
37250,0,2503,0
37252,1673,2493,1
37254,0,2503,0
37256,0,2503,0
37258,0,2503,0
37260,0,2502,0
37262,0,2503,0
37264,0,2501,0
37266,0,2503,0
37268,0,2505,0
37270,0,2503,0
37272,0,2502,0
37274,0,2503,0
37276,0,2503,0
37278,0,2503,0
37280,0,2503,0
37282,0,2504,0
37284,0,2502,0
37286,0,2491,0
37288,0,2501,0
37290,0,2503,0
37292,1679,2503,1
37294,0,2501,0
37296,0,2503,0
37298,0,2503,0
37300,0,2504,0
37302,0,2503,0
37304,0,2504,0
37306,0,2504,0
37308,0,2503,0
37310,0,2504,0
37312,0,2505,0
37314,0,2495,0
37316,0,2505,0
37318,0,2505,0
37320,0,2504,0
37322,0,2495,0
37324,0,2505,0
37326,0,2496,0
37328,0,2503,0
37330,0,2503,0
37332,1710,2502,1
37334,0,2503,0
37336,0,2503,0
37338,0,2502,0
37340,0,2504,0
37342,0,2503,0
37344,0,2501,0
37346,0,2503,0
37348,0,2504,0
37350,0,2503,0
37352,0,2503,0
37354,0,2503,0
37356,0,2503,0
37358,0,2504,0
37360,0,2503,0
37362,0,2503,0
37364,0,2503,0
37366,0,2505,0
37368,0,2503,0
37370,0,2503,0
37372,1676,2503,1
37374,0,2503,0
37376,0,2503,0
37378,0,2504,0
37380,0,2505,0
37382,0,2503,0
37384,0,2505,0
37386,0,2504,0
37388,0,2503,0
37390,0,2503,0
37392,0,2501,0
37394,0,2503,0
37396,0,2505,0
37398,0,2502,0
37400,0,2504,0
37402,0,2503,0
37404,0,2503,0
37406,0,2505,0
37408,0,2503,0
37410,0,2503,0
37412,1646,2504,1
37414,0,2503,0
37416,0,2503,0
37418,0,2503,0
37420,0,2503,0
37422,0,2503,0
37424,0,2501,0
37426,0,2504,0
37428,0,2502,0
37430,0,2502,0
37432,0,2501,0
37434,0,2503,0
37436,0,2503,0
37438,0,2501,0
37440,0,2503,0
37442,0,2509,0
37444,0,2509,0
37446,0,2501,0
37448,0,2504,0
37450,1664,2501,1
37452,0,2503,0
37454,0,2503,0
37456,0,2503,0
37458,0,2502,0
37460,0,2504,0
37462,0,2504,0
37464,0,2503,0
37466,0,2503,0
37468,0,2503,0
37470,0,2503,0
37472,0,2503,0
37474,0,2505,0
37476,0,2505,0
37478,0,2503,0
37480,0,2501,0
37482,0,2503,0
37484,0,2504,0
37486,0,2501,0
37488,0,2503,0
37490,1679,2505,1
37492,0,2503,0
37494,0,2504,0
37496,0,2503,0
37498,0,2496,0
37500,0,2503,0
37502,0,2503,0
37504,0,2502,0
37506,0,2503,0
37508,0,2503,0
37510,0,2504,0
37512,0,2505,0
37514,0,2504,0
37516,0,2501,0
37518,0,2503,0
37520,0,2502,0
37522,0,2503,0
37524,0,2503,0
37526,0,2503,0
37528,0,2503,0
37530,1682,2503,1
37532,0,2503,0
37534,0,2503,0
37536,0,2502,0
37538,0,2503,0
37540,0,2503,0
37542,0,2503,0
37544,0,2501,0
37546,0,2504,0
37548,0,2505,0
37550,0,2504,0
37552,0,2502,0
37554,0,2505,0
37556,0,2504,0
37558,0,2504,0
37560,0,2503,0
37562,0,2502,0
37564,0,2503,0
37566,0,2503,0
37568,0,2503,0
37570,1678,2503,1
37572,0,2503,0
37574,0,2503,0
37576,0,2503,0
37578,0,2503,0
37580,0,2505,0
37582,0,2503,0
37584,0,2503,0
37586,0,2503,0
37588,0,2504,0
37590,0,2503,0
37592,0,2503,0
37594,0,2503,0
37596,0,2505,0
37598,0,2503,0
37600,0,2503,0
37602,0,2504,0
37604,0,2503,0
37606,0,2504,0
37608,0,2504,0
37610,1672,2503,1
37612,0,2503,0
37614,0,2504,0
37616,0,2502,0
37618,0,2503,0
37620,0,2505,0
37622,0,2503,0
37624,0,2503,0
37626,0,2504,0
37628,0,2503,0
37630,0,2503,0
37632,0,2504,0
37634,0,2503,0
37636,0,2503,0
37638,0,2503,0
37640,0,2503,0
37642,0,2503,0
37644,0,2501,0
37646,0,2503,0
37648,0,2503,0
37650,1676,2503,1
37652,0,2503,0
37654,0,2504,0
37656,0,2504,0
37658,0,2505,0
37660,0,2505,0
37662,0,2503,0
37664,0,2504,0
37666,0,2504,0
37668,0,2503,0
37670,0,2502,0
37672,0,2503,0
37674,0,2503,0
37676,0,2503,0
37678,0,2504,0
37680,0,2504,0
37682,0,2503,0
37684,0,2503,0
37686,0,2501,0
37688,0,2504,0
37690,1694,2505,1
37692,0,2504,0
37694,0,2503,0
37696,0,2503,0
37698,0,2504,0
37700,0,2504,0
37702,0,2503,0
37704,0,2503,0
37706,0,2503,0
37708,0,2503,0
37710,0,2505,0
37712,0,2501,0
37714,0,2501,0
37716,0,2503,0
37718,0,2503,0
37720,0,2501,0
37722,0,2504,0
37724,0,2504,0
37726,0,2496,0
37728,0,2505,0
37730,1699,2503,1
37732,0,2501,0
37734,0,2503,0
37736,0,2495,0
37738,0,2504,0
37740,0,2503,0
37742,0,2495,0
37744,0,2503,0
37746,0,2503,0
37748,0,2503,0
37750,0,2504,0
37752,0,2503,0
37754,0,2506,0
37756,0,2505,0
37758,0,2503,0
37760,0,2504,0
37762,0,2504,0
37764,0,2503,0
37766,0,2506,0
37768,0,2505,0
37770,1661,2505,1
37772,0,2505,0
37774,0,2504,0
37776,0,2503,0
37778,0,2503,0
37780,0,2504,0
37782,0,2503,0
37784,0,2504,0
37786,0,2503,0
37788,0,2503,0
37790,0,2504,0
37792,0,2505,0
37794,0,2505,0
37796,0,2505,0
37798,0,2503,0
37800,0,2504,0
37802,0,2513,0
37804,0,2501,0
37806,0,2503,0
37808,0,2503,0
37810,1653,2504,1
37812,0,2505,0
37814,0,2505,0
37816,0,2503,0
37818,0,2503,0
37820,0,2504,0
37822,0,2503,0
37824,0,2505,0
37826,0,2504,0
37828,0,2504,0
37830,0,2503,0
37832,0,2503,0
37834,0,2503,0
37836,0,2503,0
37838,0,2504,0
37840,0,2501,0
37842,0,2505,0
37844,0,2504,0
37846,0,2503,0
37848,1666,2503,1
37850,0,2503,0
37852,0,2503,0
37854,0,2503,0
37856,0,2505,0
37858,0,2505,0
37860,0,2503,0
37862,0,2504,0
37864,0,2503,0
37866,0,2495,0
37868,0,2503,0
37870,0,2504,0
37872,0,2505,0
37874,0,2503,0
37876,0,2503,0
37878,0,2503,0
37880,0,2504,0
37882,0,2505,0
37884,0,2504,0
37886,0,2505,0
37888,1670,2504,1
37890,0,2505,0
37892,0,2504,0
37894,0,2505,0
37896,0,2505,0
37898,0,2505,0
37900,0,2503,0
37902,0,2505,0
37904,0,2505,0
37906,0,2511,0
37908,0,2505,0
37910,0,2501,0
37912,0,2503,0
37914,0,2504,0
37916,0,2503,0
37918,0,2494,0
37920,0,2504,0
37922,0,2503,0
37924,0,2505,0
37926,0,2502,0
37928,1673,2503,1
37930,0,2505,0
37932,0,2503,0
37934,0,2504,0
37936,0,2504,0
37938,0,2503,0
37940,0,2503,0
37942,0,2504,0
37944,0,2505,0
37946,0,2505,0
37948,0,2503,0
37950,0,2503,0
37952,0,2503,0
37954,0,2504,0
37956,0,2503,0
37958,0,2505,0
37960,0,2503,0
37962,0,2504,0
37964,0,2505,0
37966,0,2505,0
37968,1676,2507,1
37970,0,2503,0
37972,0,2503,0
37974,0,2505,0
37976,0,2507,0
37978,0,2477,0
37980,0,2505,0
37982,0,2504,0
37984,0,2503,0
37986,0,2503,0
37988,0,2504,0
37990,0,2500,0
37992,0,2505,0
37994,0,2503,0
37996,0,2503,0
37998,0,2503,0
38000,0,2503,0
38002,0,2503,0
38004,0,2504,0
38006,0,2501,0
38008,1674,2503,1
38010,0,2504,0
38012,0,2504,0
38014,0,2503,0
38016,0,2503,0
38018,0,2503,0
38020,0,2502,0
38022,0,2504,0
38024,0,2504,0
38026,0,2503,0
38028,0,2503,0
38030,0,2504,0
38032,0,2503,0
38034,0,2503,0
38036,0,2501,0
38038,0,2503,0
38040,0,2503,0
38042,0,2503,0
38044,0,2503,0
38046,0,2503,0
38048,1678,2504,1
38050,0,2503,0
38052,0,2502,0
38054,0,2503,0
38056,0,2503,0
38058,0,2503,0
38060,0,2503,0
38062,0,2503,0
38064,0,2505,0
38066,0,2503,0
38068,0,2503,0
38070,0,2503,0
38072,0,2504,0
38074,0,2501,0
38076,0,2501,0
38078,0,2503,0
38080,0,2503,0
38082,0,2503,0
38084,0,2503,0
38086,0,2504,0
38088,1698,2503,1
38090,0,2503,0
38092,0,2505,0
38094,0,2503,0
38096,0,2503,0
38098,0,2503,0
38100,0,2501,0
38102,0,2503,0
38104,0,2504,0
38106,0,2504,0
38108,0,2502,0
38110,0,2504,0
38112,0,2504,0
38114,0,2505,0
38116,0,2503,0
38118,0,2506,0
38120,0,2505,0
38122,0,2502,0
38124,0,2503,0
38126,0,2504,0
38128,1688,2504,1
38130,0,2505,0
38132,0,2507,0
38134,0,2503,0
38136,0,2503,0
38138,0,2505,0
38140,0,2501,0
38142,0,2503,0
38144,0,2500,0
38146,0,2503,0
38148,0,2503,0
38150,0,2505,0
38152,0,2504,0
38154,0,2504,0
38156,0,2504,0
38158,0,2504,0
38160,0,2503,0
38162,0,2503,0
38164,0,2503,0
38166,0,2505,0
38168,1647,2503,1
38170,0,2505,0
38172,0,2505,0
38174,0,2504,0
38176,0,2503,0
38178,0,2503,0
38180,0,2501,0
38182,0,2503,0
38184,0,2505,0
38186,0,2503,0
38188,0,2502,0
38190,0,2495,0
38192,0,2503,0
38194,0,2503,0
38196,0,2505,0
38198,0,2505,0
38200,0,2505,0
38202,0,2504,0
38204,0,2503,0
38206,1657,2503,1
38208,0,2504,0
38210,0,2503,0
38212,0,2503,0
38214,0,2503,0
38216,0,2504,0
38218,0,2505,0
38220,0,2503,0
38222,0,2496,0
38224,0,2501,0
38226,0,2501,0
38228,0,2502,0
38230,0,2504,0
38232,0,2505,0
38234,0,2504,0
38236,0,2503,0
38238,0,2503,0
38240,0,2502,0
38242,0,2502,0
38244,0,2503,0
38246,1673,2503,1
38248,0,2503,0
38250,0,2502,0
38252,0,2501,0
38254,0,2503,0
38256,0,2503,0
38258,0,2505,0
38260,0,2504,0
38262,0,2503,0
38264,0,2503,0
38266,0,2503,0
38268,0,2502,0
38270,0,2503,0
38272,0,2503,0
38274,0,2503,0
38276,0,2503,0
38278,0,2503,0
38280,0,2504,0
38282,0,2503,0
38284,0,2504,0
38286,1673,2504,1
38288,0,2502,0
38290,0,2501,0
38292,0,2503,0
38294,0,2503,0
38296,0,2503,0
38298,0,2503,0
38300,0,2503,0
38302,0,2504,0
38304,0,2505,0
38306,0,2504,0
38308,0,2504,0
38310,0,2503,0
38312,0,2509,0
38314,0,2504,0
38317,0,2503,0
38319,0,2503,0
38321,0,2504,0
38323,0,2502,0
38325,0,2493,0
38327,1671,2504,1
38329,0,2501,0
38331,0,2502,0
38333,0,2503,0
38335,0,2517,0
38337,0,2507,0
38339,0,2503,0
38341,0,2503,0
38343,0,2503,0
38345,0,2503,0
38347,0,2507,0
38349,0,2503,0
38351,0,2503,0
38353,0,2503,0
38355,0,2501,0
38357,0,2505,0
38359,0,2503,0
38361,0,2505,0
38363,0,2504,0
38365,0,2503,0
38367,1673,2503,1
38369,0,2503,0
38371,0,2503,0
38373,0,2504,0
38375,0,2503,0
38377,0,2503,0
38379,0,2501,0
38381,0,2505,0
38383,0,2503,0
38385,0,2504,0
38387,0,2503,0
38389,0,2503,0
38391,0,2505,0
38393,0,2503,0
38395,0,2503,0
38397,0,2503,0
38399,0,2503,0
38401,0,2501,0
38403,0,2503,0
38405,0,2503,0
38407,1673,2503,1
38409,0,2505,0
38411,0,2502,0
38413,0,2503,0
38415,0,2503,0
38417,0,2503,0
38419,0,2503,0
38421,0,2503,0
38423,0,2496,0
38425,0,2503,0
38427,0,2503,0
38429,0,2503,0
38431,0,2503,0
38433,0,2505,0
38435,0,2504,0
38437,0,2504,0
38439,0,2503,0
38441,0,2503,0
38443,0,2502,0
38445,0,2504,0
38447,1701,2503,1
38449,0,2504,0
38451,0,2503,0
38453,0,2504,0
38455,0,2504,0
38457,0,2503,0
38459,0,2503,0
38461,0,2503,0
38463,0,2502,0
38465,0,2503,0
38467,0,2503,0
38469,0,2503,0
38471,0,2503,0
38473,0,2504,0
38475,0,2505,0
38477,0,2503,0
38479,0,2503,0
38481,0,2504,0
38483,0,2504,0
38485,0,2503,0
38487,1699,2503,1
38489,0,2503,0
38491,0,2505,0
38493,0,2503,0
38495,0,2503,0
38497,0,2504,0
38499,0,2504,0
38501,0,2504,0
38503,0,2504,0
38505,0,2503,0
38507,0,2505,0
38509,0,2501,0
38511,0,2502,0
38513,0,2503,0
38515,0,2505,0
38517,0,2505,0
38519,0,2502,0
38521,0,2503,0
38523,0,2503,0
38525,0,2504,0
38527,1666,2504,1
38529,0,2504,0
38531,0,2503,0
38533,0,2504,0
38535,0,2504,0
38537,0,2503,0
38539,0,2504,0
38541,0,2504,0
38543,0,2503,0
38545,0,2505,0
38547,0,2503,0
38549,0,2503,0
38551,0,2505,0
38553,0,2503,0
38555,0,2503,0
38557,0,2503,0
38559,0,2505,0
38561,0,2503,0
38563,0,2503,0
38565,0,2503,0
38567,1647,2503,1
38569,0,2503,0
38571,0,2503,0
38573,0,2505,0
38575,0,2501,0
38577,0,2501,0
38579,0,2504,0
38581,0,2503,0
38583,0,2505,0
38585,0,2503,0
38587,0,2504,0
38589,0,2503,0
38591,0,2503,0
38593,0,2503,0
38595,0,2505,0
38597,0,2495,0
38599,0,2503,0
38601,0,2503,0
38603,0,2502,0
38605,1660,2502,1
38607,0,2503,0
38609,0,2503,0
38611,0,2503,0
38613,0,2503,0
38615,0,2503,0
38617,0,2501,0
38619,0,2503,0
38621,0,2503,0
38623,0,2503,0
38625,0,2503,0
38627,0,2504,0
38629,0,2503,0
38631,0,2504,0
38633,0,2503,0
38635,0,2504,0
38637,0,2501,0
38639,0,2503,0
38641,0,2505,0
38643,0,2503,0
38645,1678,2504,1
38647,0,2504,0
38649,0,2505,0
38651,0,2505,0
38653,0,2504,0
38655,0,2503,0
38657,0,2503,0
38659,0,2503,0
38661,0,2503,0
38663,0,2505,0
38665,0,2505,0
38667,0,2503,0
38669,0,2503,0
38671,0,2503,0
38673,0,2505,0
38675,0,2503,0
38677,0,2501,0
38679,0,2503,0
38681,0,2505,0
38683,0,2505,0
38685,1681,2504,1
38687,0,2504,0
38689,0,2503,0
38691,0,2502,0
38693,0,2504,0
38695,0,2505,0
38697,0,2503,0
38699,0,2505,0
38701,0,2504,0
38703,0,2505,0
38705,0,2503,0
38707,0,2503,0
38709,0,2507,0
38711,0,2504,0
38713,0,2503,0
38715,0,2503,0
38717,0,2503,0
38719,0,2503,0
38721,0,2503,0
38723,0,2505,0
38725,1674,2501,1
38727,0,2503,0
38729,0,2504,0
38731,0,2501,0
38733,0,2503,0
38735,0,2504,0
38737,0,2501,0
38739,0,2501,0
38741,0,2491,0
38743,0,2503,0
38745,0,2504,0
38747,0,2504,0
38749,0,2505,0
38751,0,2495,0
38753,0,2503,0
38755,0,2504,0
38757,0,2503,0
38759,0,2502,0
38761,0,2503,0
38763,0,2503,0
38765,1669,2503,1
38767,0,2504,0
38769,0,2504,0
38771,0,2496,0
38773,0,2501,0
38775,0,2504,0
38777,0,2504,0
38779,0,2503,0
38781,0,2503,0
38783,0,2503,0
38785,0,2503,0
38787,0,2503,0
38789,0,2501,0
38791,0,2504,0
38793,0,2510,0
38795,0,2503,0
38797,0,2501,0
38799,0,2503,0
38801,0,2502,0
38803,0,2502,0
38805,1676,2508,1
38807,0,2505,0
38809,0,2503,0
38811,0,2504,0
38813,0,2504,0
38815,0,2490,0
38817,0,2503,0
38819,0,2505,0
38821,0,2504,0
38823,0,2505,0
38825,0,2505,0
38827,0,2507,0
38829,0,2503,0
38831,0,2503,0
38833,0,2504,0
38835,0,2505,0
38837,0,2507,0
38839,0,2503,0
38841,0,2505,0
38843,0,2503,0
38845,1697,2504,1
38847,0,2504,0
38849,0,2504,0
38851,0,2503,0
38853,0,2504,0
38855,0,2503,0
38857,0,2504,0
38859,0,2505,0
38861,0,2505,0
38863,0,2503,0
38865,0,2505,0
38867,0,2503,0
38869,0,2496,0
38871,0,2504,0
38873,0,2503,0
38875,0,2503,0
38877,0,2503,0
38879,0,2505,0
38881,0,2502,0
38883,0,2503,0
38885,1696,2503,1
38887,0,2503,0
38889,0,2506,0
38891,0,2506,0
38893,0,2503,0
38895,0,2504,0
38897,0,2504,0
38899,0,2500,0
38901,0,2503,0
38903,0,2519,0
38905,0,2504,0
38907,0,2503,0
38909,0,2504,0
38911,0,2504,0
38913,0,2503,0
38915,0,2506,0
38917,0,2505,0
38919,0,2504,0
38921,0,2503,0
38923,0,2503,0
38925,1647,2501,1
38927,0,2503,0
38929,0,2504,0
38931,0,2503,0
38933,0,2502,0
38935,0,2503,0
38937,0,2504,0
38939,0,2504,0
38941,0,2503,0
38943,0,2503,0
38945,0,2501,0
38947,0,2504,0
38949,0,2503,0
38951,0,2503,0
38953,0,2503,0
38955,0,2504,0
38957,0,2503,0
38959,0,2496,0
38961,0,2504,0
38963,0,2503,0
38965,1655,2504,1
38967,0,2504,0
38969,0,2503,0
38971,0,2505,0
38973,0,2505,0
38975,0,2503,0
38977,0,2505,0
38979,0,2505,0
38981,0,2503,0
38983,0,2505,0
38985,0,2505,0
38987,0,2505,0
38989,0,2501,0
38991,0,2504,0
38993,0,2503,0
38995,0,2503,0
38997,0,2503,0
38999,0,2503,0
39001,0,2495,0
39003,1674,2503,1
39005,0,2505,0
39007,0,2504,0
39009,0,2503,0
39011,0,2503,0
39013,0,2505,0
39015,0,2503,0
39017,0,2504,0
39019,0,2503,0
39021,0,2495,0
39023,0,2503,0
39025,0,2504,0
39027,0,2503,0
39029,0,2502,0
39031,0,2503,0
39033,0,2503,0
39035,0,2503,0
39037,0,2504,0
39039,0,2505,0
39041,0,2503,0
39043,1669,2504,1
39045,0,2505,0
39047,0,2505,0
39049,0,2504,0
39051,0,2502,0
39053,0,2504,0
39055,0,2507,0
39057,0,2503,0
39059,0,2503,0
39061,0,2503,0
39063,0,2503,0
39065,0,2505,0
39067,0,2504,0
39069,0,2503,0
39071,0,2505,0
39073,0,2493,0
39075,0,2503,0
39077,0,2505,0
39079,0,2503,0
39081,0,2503,0
39083,1677,2503,1
39085,0,2505,0
39087,0,2535,0
39089,0,2503,0
39091,0,2504,0
39093,0,2503,0
39095,0,2503,0
39097,0,2503,0
39099,0,2503,0
39101,0,2507,0
39103,0,2505,0
39105,0,2503,0
39107,0,2503,0
39109,0,2502,0
39111,0,2504,0
39113,0,2501,0
39115,0,2506,0
39117,0,2501,0
39119,0,2503,0
39121,0,2503,0
39123,1680,2504,1
39125,0,2504,0
39127,0,2502,0
39129,0,2491,0
39131,0,2503,0
39133,0,2504,0
39135,0,2503,0
39137,0,2504,0
39139,0,2505,0
39141,0,2504,0
39143,0,2504,0
39145,0,2503,0
39147,0,2502,0
39149,0,2502,0
39151,0,2513,0
39153,0,2505,0
39155,0,2503,0
39157,0,2503,0
39159,0,2503,0
39161,0,2503,0
39163,1676,2504,1
39165,0,2502,0
39167,0,2503,0
39169,0,2503,0
39171,0,2503,0
39173,0,2504,0
39175,0,2505,0
39177,0,2505,0
39179,0,2503,0
39181,0,2502,0
39183,0,2503,0
39185,0,2501,0
39187,0,2503,0
39189,0,2503,0
39191,0,2504,0
39193,0,2503,0
39195,0,2503,0
39197,0,2503,0
39199,0,2504,0
39201,0,2503,0
39203,1683,2505,1
39205,0,2504,0
39207,0,2505,0
39209,0,2501,0
39211,0,2503,0
39213,0,2501,0
39215,0,2503,0
39217,0,2502,0
39219,0,2503,0
39221,0,2505,0
39223,0,2503,0
39225,0,2503,0
39227,0,2505,0
39229,0,2503,0
39231,0,2503,0
39233,0,2504,0
39235,0,2504,0
39237,0,2503,0
39239,0,2504,0
39241,0,2503,0
39243,1700,2503,1
39245,0,2503,0
39247,0,2504,0
39249,0,2504,0
39251,0,2503,0
39253,0,2503,0
39255,0,2505,0
39257,0,2503,0
39259,0,2503,0
39261,0,2503,0
39263,0,2503,0
39265,0,2504,0
39267,0,2503,0
39269,0,2505,0
39271,0,2504,0
39273,0,2503,0
39275,0,2503,0
39277,0,2503,0
39279,0,2503,0
39281,0,2503,0
39283,1683,2503,1
39285,0,2503,0
39287,0,2503,0
39289,0,2503,0
39291,0,2504,0
39293,0,2503,0
39295,0,2503,0
39297,0,2503,0
39299,0,2503,0
39301,0,2503,0
39303,0,2504,0
39305,0,2502,0
39307,0,2505,0
39309,0,2503,0
39311,0,2503,0
39313,0,2503,0
39315,0,2504,0
39317,0,2504,0
39319,0,2503,0
39321,0,2504,0
39323,1644,2505,1
39325,0,2504,0
39327,0,2503,0
39329,0,2503,0
39331,0,2503,0
39333,0,2503,0
39335,0,2503,0
39337,0,2504,0
39339,0,2504,0
39341,0,2503,0
39343,0,2503,0
39345,0,2503,0
39347,0,2505,0
39349,0,2504,0
39351,0,2503,0
39353,0,2503,0
39355,0,2503,0
39357,0,2503,0
39359,0,2503,0
39361,1666,2505,1
39363,0,2504,0
39365,0,2503,0
39367,0,2502,0
39369,0,2502,0
39371,0,2501,0
39373,0,2503,0
39375,0,2503,0
39377,0,2503,0
39379,0,2505,0
39381,0,2507,0
39383,0,2503,0
39385,0,2503,0
39387,0,2505,0
39389,0,2504,0
39391,0,2506,0
39393,0,2504,0
39395,0,2503,0
39397,0,2503,0
39399,0,2504,0
39401,1672,2505,1
39403,0,2503,0
39405,0,2505,0
39407,0,2503,0
39409,0,2503,0
39411,0,2503,0
39413,0,2507,0
39415,0,2502,0
39417,0,2504,0
39419,0,2503,0
39421,0,2505,0
39423,0,2503,0
39425,0,2503,0
39427,0,2504,0
39429,0,2503,0
39431,0,2503,0
39433,0,2504,0
39435,0,2501,0
39437,0,2503,0
39439,0,2505,0
39441,1674,2505,1
39443,0,2503,0
39445,0,2503,0
39447,0,2504,0
39449,0,2503,0
39451,0,2502,0
39453,0,2504,0
39455,0,2503,0
39457,0,2505,0
39459,0,2503,0
39461,0,2504,0
39463,0,2505,0
39465,0,2505,0
39467,0,2504,0
39469,0,2504,0
39471,0,2502,0
39473,0,2503,0
39475,0,2503,0
39477,0,2505,0
39479,0,2502,0
39481,1674,2503,1
39483,0,2503,0
39485,0,2503,0
39487,0,2503,0
39489,0,2503,0
39491,0,2502,0
39493,0,2501,0
39495,0,2503,0
39497,0,2504,0
39499,0,2503,0
39501,0,2501,0
39503,0,2505,0
39505,0,2504,0
39507,0,2503,0
39509,0,2504,0
39511,0,2505,0
39513,0,2503,0
39515,0,2503,0
39517,0,2503,0
39519,0,2503,0
39521,1671,2503,1
39523,0,2503,0
39525,0,2504,0
39527,0,2505,0
39529,0,2503,0
39531,0,2505,0
39533,0,2504,0
39535,0,2504,0
39537,0,2505,0
39539,0,2502,0
39541,0,2503,0
39543,0,2503,0
39545,0,2503,0
39547,0,2505,0
39549,0,2502,0
39551,0,2503,0
39553,0,2504,0
39555,0,2503,0
39557,0,2501,0
39559,0,2509,0
39561,1677,2506,1
39563,0,2503,0
39565,0,2503,0
39567,0,2502,0
39569,0,2503,0
39571,0,2503,0
39573,0,2503,0
39575,0,2503,0
39577,0,2505,0
39579,0,2505,0
39581,0,2501,0
39583,0,2503,0
39585,0,2505,0
39587,0,2507,0
39589,0,2505,0
39591,0,2503,0
39593,0,2504,0
39595,0,2503,0
39597,0,2505,0
39599,0,2503,0
39601,1696,2503,1
39603,0,2505,0
39605,0,2505,0
39607,0,2503,0
39609,0,2503,0
39611,0,2505,0
39613,0,2503,0
39615,0,2503,0
39617,0,2503,0
39619,0,2502,0
39621,0,2503,0
39623,0,2504,0
39625,0,2504,0
39627,0,2503,0
39629,0,2504,0
39631,0,2503,0
39633,0,2503,0
39635,0,2504,0
39637,0,2501,0
39639,0,2503,0
39641,1708,2504,1
39643,0,2503,0
39645,0,2504,0
39647,0,2501,0
39649,0,2504,0
39651,0,2503,0
39653,0,2503,0
39655,0,2503,0
39657,0,2505,0
39659,0,2505,0
39661,0,2503,0
39663,0,2507,0
39665,0,2502,0
39667,0,2503,0
39669,0,2505,0
39671,0,2505,0
39673,0,2503,0
39675,0,2503,0
39677,0,2503,0
39679,0,2501,0
39681,1659,2505,1
39683,0,2505,0
39685,0,2505,0
39687,0,2503,0
39689,0,2503,0
39691,0,2504,0
39693,0,2503,0
39695,0,2503,0
39697,0,2503,0
39699,0,2503,0
39701,0,2503,0
39703,0,2503,0
39705,0,2503,0
39707,0,2503,0
39709,0,2504,0
39711,0,2503,0
39713,0,2504,0
39715,0,2504,0
39717,0,2503,0
39719,0,2501,0
39721,1647,2505,1
39723,0,2503,0
39725,0,2503,0
39727,0,2503,0
39729,0,2502,0
39731,0,2504,0
39733,0,2503,0
39735,0,2503,0
39737,0,2503,0
39739,0,2503,0
39741,0,2504,0
39743,0,2503,0
39745,0,2503,0
39747,0,2501,0
39749,0,2503,0
39751,0,2505,0
39753,0,2504,0
39755,0,2503,0
39757,0,2505,0
39759,1669,2503,1
39761,0,2503,0
39763,0,2502,0
39765,0,2503,0
39767,0,2503,0
39769,0,2501,0
39771,0,2503,0
39773,0,2503,0
39775,0,2503,0
39777,0,2503,0
39779,0,2505,0
39781,0,2503,0
39783,0,2503,0
39785,0,2503,0
39787,0,2507,0
39789,0,2501,0
39791,0,2505,0
39793,0,2507,0
39795,0,2504,0
39797,0,2504,0
39799,1674,2503,1
39801,0,2503,0
39803,0,2503,0
39805,0,2507,0
39807,0,2505,0
39809,0,2504,0
39811,0,2504,0
39813,0,2503,0
39815,0,2504,0
39817,0,2504,0
39819,0,2503,0
39821,0,2504,0
39823,0,2505,0
39825,0,2504,0
39827,0,2495,0
39829,0,2504,0
39831,0,2505,0
39833,0,2504,0
39835,0,2503,0
39837,0,2504,0
39839,1673,2505,1
39841,0,2504,0
39843,0,2503,0
39845,0,2505,0
39847,0,2503,0
39849,0,2503,0
39851,0,2505,0
39853,0,2504,0
39855,0,2503,0
39857,0,2505,0
39859,0,2503,0
39861,0,2503,0
39863,0,2503,0
39865,0,2503,0
39867,0,2505,0
39869,0,2504,0
39871,0,2503,0
39873,0,2503,0
39875,0,2503,0
39877,0,2504,0
39879,1677,2505,1
39881,0,2503,0
39883,0,2503,0
39885,0,2504,0
39887,0,2502,0
39889,0,2504,0
39891,0,2503,0
39893,0,2504,0
39895,0,2504,0
39897,0,2505,0
39899,0,2511,0
39901,0,2503,0
39903,0,2505,0
39905,0,2503,0
39907,0,2505,0
39909,0,2503,0
39911,0,2503,0
39913,0,2504,0
39915,0,2505,0
39917,0,2503,0
39919,1682,2505,1
39921,0,2506,0
39923,0,2505,0
39925,0,2505,0
39927,0,2506,0
39929,0,2504,0
39931,0,2503,0
39933,0,2503,0
39935,0,2504,0
39937,0,2503,0
39939,0,2504,0
39941,0,2501,0
39943,0,2502,0
39945,0,2501,0
39947,0,2504,0
39949,0,2502,0
39951,0,2503,0
39953,0,2503,0
39955,0,2504,0
39957,0,2503,0
39959,1680,2503,1
39961,0,2503,0
39963,0,2505,0
39965,0,2501,0
39967,0,2504,0
39969,0,2503,0
39971,0,2503,0
39973,0,2504,0
39975,0,2505,0
39977,0,2503,0
39979,0,2503,0
39981,0,2501,0
39983,0,2503,0
39985,0,2503,0
39987,0,2503,0
39989,0,2503,0
39991,0,2503,0
39993,0,2505,0
39995,0,2505,0
39997,0,2503,0
39999,1704,2503,1
40001,0,2503,0
40003,0,2503,0
40005,0,2504,0
40007,0,2503,0
40009,0,2502,0
40011,0,2503,0
40013,0,2504,0
40015,0,2503,0
40017,0,2502,0
40019,0,2503,0
40021,0,2504,0
40023,0,2505,0
40025,0,2501,0
40027,0,2503,0
40029,0,2501,0
40031,0,2503,0
40033,0,2495,0
40035,0,2503,0
40037,0,2504,0
40039,1687,2503,1
40041,0,2504,0
40043,0,2504,0
40045,0,2505,0
40047,0,2503,0
40049,0,2503,0
40051,0,2502,0
40053,0,2503,0
40055,0,2504,0
40057,0,2501,0
40059,0,2503,0
40061,0,2504,0
40063,0,2503,0
40065,0,2503,0
40067,0,2503,0
40069,0,2503,0
40071,0,2505,0
40073,0,2503,0
40075,0,2503,0
40077,0,2503,0
40079,1650,2503,1
40081,0,2505,0
40083,0,2503,0
40085,0,2492,0
40087,0,2503,0
40089,0,2501,0
40091,0,2505,0
40093,0,2503,0
40095,0,2505,0
40097,0,2504,0
40099,0,2501,0
40101,0,2502,0
40103,0,2503,0
40105,0,2501,0
40107,0,2504,0
40109,0,2503,0
40111,0,2503,0
40113,0,2503,0
40115,0,2504,0
40117,1657,2503,1
40119,0,2504,0
40121,0,2505,0
40123,0,2503,0
40125,0,2504,0
40127,0,2505,0
40129,0,2503,0
40131,0,2505,0
40133,0,2503,0
40135,0,2505,0
40137,0,2504,0
40139,0,2503,0
40141,0,2503,0
40143,0,2503,0
40145,0,2502,0
40147,0,2503,0
40149,0,2502,0
40151,0,2505,0
40153,0,2505,0
40155,0,2503,0
40157,1674,2503,1
40159,0,2503,0
40161,0,2505,0
40163,0,2505,0
40166,0,2504,0
40168,0,2503,0
40170,0,2505,0
40172,0,2503,0
40174,0,2505,0
40176,0,2504,0
40178,0,2503,0
40180,0,2504,0
40182,0,2503,0
40184,0,2507,0
40186,0,2504,0
40188,0,2503,0
40190,0,2505,0
40192,0,2503,0
40194,0,2504,0
40196,0,2503,0
40198,1674,2505,1
40200,0,2504,0
40202,0,2503,0
40204,0,2503,0
40206,0,2503,0
40208,0,2503,0
40210,0,2504,0
40212,0,2503,0
40214,0,2505,0
40216,0,2503,0
40218,0,2503,0
40220,0,2503,0
40222,0,2503,0
40224,0,2503,0
40226,0,2504,0
40228,0,2504,0
40230,0,2503,0
40232,0,2505,0
40234,0,2505,0
40236,0,2503,0
40238,1669,2502,1
40240,0,2495,0
40242,0,2503,0
40244,0,2503,0
40246,0,2505,0
40248,0,2503,0
40250,0,2503,0
40252,0,2504,0
40254,0,2503,0
40256,0,2503,0
40258,0,2503,0
40260,0,2502,0
40262,0,2505,0
40264,0,2503,0
40266,0,2504,0
40268,0,2503,0
40270,0,2503,0
40272,0,2503,0
40274,0,2503,0
40276,0,2503,0
40278,1674,2505,1
40280,0,2504,0
40282,0,2496,0
40284,0,2501,0
40286,0,2504,0
40288,0,2503,0
40290,0,2503,0
40292,0,2502,0
40294,0,2504,0
40296,0,2504,0
40298,0,2505,0
40300,0,2505,0
40302,0,2503,0
40304,0,2505,0
40306,0,2503,0
40308,0,2503,0
40310,0,2503,0
40312,0,2505,0
40314,0,2505,0
40316,0,2508,0
40318,1671,2495,1
40320,0,2503,0
40322,0,2503,0
40324,0,2503,0
40326,0,2503,0
40328,0,2502,0
40330,0,2503,0
40332,0,2503,0
40334,0,2504,0
40336,0,2502,0
40338,0,2505,0
40340,0,2505,0
40342,0,2504,0
40344,0,2505,0
40346,0,2503,0
40348,0,2502,0
40350,0,2507,0
40352,0,2506,0
40354,0,2505,0
40356,0,2503,0
40358,1689,2503,1
40360,0,2506,0
40362,0,2505,0
40364,0,2503,0
40366,0,2503,0
40368,0,2503,0
40370,0,2503,0
40372,0,2504,0
40374,0,2503,0
40376,0,2501,0
40378,0,2503,0
40380,0,2503,0
40382,0,2503,0
40384,0,2503,0
40386,0,2505,0
40388,0,2504,0
40390,0,2505,0
40392,0,2503,0
40394,0,2505,0
40396,0,2503,0
40398,1702,2504,1
40400,0,2503,0
40402,0,2504,0
40404,0,2503,0
40406,0,2504,0
40408,0,2503,0
40410,0,2504,0
40412,0,2503,0
40414,0,2501,0
40416,0,2503,0
40418,0,2503,0
40420,0,2504,0
40422,0,2503,0
40424,0,2503,0
40426,0,2503,0
40428,0,2502,0
40430,0,2503,0
40432,0,2491,0
40434,0,2503,0
40436,0,2503,0
40438,1678,2504,1
40440,0,2504,0
40442,0,2503,0
40444,0,2505,0
40446,0,2503,0
40448,0,2503,0
40450,0,2503,0
40452,0,2503,0
40454,0,2502,0
40456,0,2503,0
40458,0,2503,0
40460,0,2503,0
40462,0,2501,0
40464,0,2503,0
40466,0,2503,0
40468,0,2503,0
40470,0,2505,0
40472,0,2505,0
40474,0,2503,0
40476,0,2503,0
40478,1649,2503,1
40480,0,2505,0
40482,0,2507,0
40484,0,2503,0
40486,0,2503,0
40488,0,2504,0
40490,0,2504,0
40492,0,2503,0
40494,0,2503,0
40496,0,2504,0
40498,0,2503,0
40500,0,2503,0
40502,0,2504,0
40504,0,2501,0
40506,0,2503,0
40508,0,2503,0
40510,0,2504,0
40512,0,2504,0
40514,0,2505,0
40516,1660,2495,1
40518,0,2503,0
40520,0,2504,0
40522,0,2503,0
40524,0,2505,0
40526,0,2504,0
40528,0,2504,0
40530,0,2504,0
40532,0,2526,0
40534,0,2505,0
40536,0,2503,0
40538,0,2503,0
40540,0,2504,0
40542,0,2506,0
40544,0,2503,0
40546,0,2503,0
40548,0,2502,0
40550,0,2503,0
40552,0,2506,0
40554,0,2503,0
40556,1671,2501,1
40558,0,2501,0
40560,0,2503,0
40562,0,2505,0
40564,0,2505,0
40566,0,2503,0
40568,0,2504,0
40570,0,2505,0
40572,0,2504,0
40574,0,2505,0
40576,0,2505,0
40578,0,2503,0
40580,0,2503,0
40582,0,2505,0
40584,0,2504,0
40586,0,2503,0
40588,0,2505,0
40590,0,2503,0
40592,0,2503,0
40594,0,2503,0
40596,1681,2504,1
40598,0,2503,0
40600,0,2503,0
40602,0,2503,0
40604,0,2507,0
40606,0,2503,0
40608,0,2503,0
40610,0,2504,0
40612,0,2503,0
40614,0,2503,0
40616,0,2505,0
40618,0,2505,0
40620,0,2504,0
40622,0,2503,0
40624,0,2504,0
40626,0,2503,0
40628,0,2503,0
40630,0,2503,0
40632,0,2504,0
40634,0,2505,0
40636,1672,2505,1
40638,0,2491,0
40640,0,2505,0
40642,0,2505,0
40644,0,2504,0
40646,0,2504,0
40648,0,2505,0
40650,0,2505,0
40652,0,2503,0
40654,0,2504,0
40656,0,2504,0
40658,0,2503,0
40660,0,2495,0
40662,0,2505,0
40664,0,2505,0
40666,0,2504,0
40668,0,2505,0
40670,0,2503,0
40672,0,2504,0
40674,0,2505,0
40676,1673,2504,1
40678,0,2503,0
40680,0,2508,0
40682,0,2505,0
40684,0,2505,0
40686,0,2503,0
40688,0,2503,0
40690,0,2505,0
40692,0,2504,0
40694,0,2503,0
40696,0,2503,0
40698,0,2505,0
40700,0,2503,0
40702,0,2503,0
40704,0,2503,0
40706,0,2503,0
40708,0,2503,0
40710,0,2502,0
40712,0,2503,0
40714,0,2505,0
40716,1673,2504,1
40718,0,2503,0
40720,0,2505,0
40722,0,2505,0
40724,0,2503,0
40726,0,2504,0
40728,0,2505,0
40730,0,2504,0
40732,0,2503,0
40734,0,2503,0
40736,0,2503,0
40738,0,2505,0
40740,0,2503,0
40742,0,2504,0
40744,0,2503,0
40746,0,2507,0
40748,0,2503,0
40750,0,2504,0
40752,0,2502,0
40754,0,2505,0
40756,1691,2503,1
40758,0,2504,0
40760,0,2504,0
40762,0,2503,0
40764,0,2501,0
40766,0,2504,0
40768,0,2495,0
40770,0,2504,0
40772,0,2504,0
40774,0,2505,0
40776,0,2503,0
40778,0,2503,0
40780,0,2505,0
40782,0,2504,0
40784,0,2503,0
40786,0,2505,0
40788,0,2503,0
40790,0,2503,0
40792,0,2503,0
40794,0,2503,0
40796,1695,2504,1
40798,0,2503,0
40800,0,2509,0
40802,0,2504,0
40804,0,2503,0
40806,0,2505,0
40808,0,2503,0
40810,0,2503,0
40812,0,2503,0
40814,0,2504,0
40816,0,2505,0
40818,0,2505,0
40820,0,2504,0
40822,0,2505,0
40824,0,2503,0
40826,0,2503,0
40828,0,2503,0
40830,0,2503,0
40832,0,2504,0
40834,0,2503,0
40836,1656,2503,1
40838,0,2503,0
40840,0,2504,0
40842,0,2503,0
40844,0,2504,0
40846,0,2503,0
40848,0,2504,0
40850,0,2505,0
40852,0,2504,0
40854,0,2503,0
40856,0,2507,0
40858,0,2505,0
40860,0,2503,0
40862,0,2503,0
40864,0,2504,0
40866,0,2504,0
40868,0,2504,0
40870,0,2503,0
40872,0,2503,0
40874,0,2503,0
40876,1650,2504,1
40878,0,2503,0
40880,0,2505,0
40882,0,2503,0
40884,0,2496,0
40886,0,2504,0
40888,0,2505,0
40890,0,2503,0
40892,0,2503,0
40894,0,2503,0
40896,0,2502,0
40898,0,2505,0
40900,0,2503,0
40902,0,2504,0
40904,0,2503,0
40906,0,2504,0
40908,0,2508,0
40910,0,2504,0
40912,0,2504,0
40914,1667,2505,1
40916,0,2504,0
40918,0,2504,0
40920,0,2503,0
40922,0,2503,0
40924,0,2503,0
40926,0,2503,0
40928,0,2504,0
40930,0,2504,0
40932,0,2502,0
40934,0,2503,0
40936,0,2505,0
40938,0,2503,0
40940,0,2505,0
40942,0,2503,0
40944,0,2504,0
40946,0,2504,0
40948,0,2503,0
40950,0,2503,0
40952,0,2502,0
40954,1679,2503,1
40956,0,2505,0
40958,0,2501,0
40960,0,2503,0
40962,0,2503,0
40964,0,2503,0
40966,0,2505,0
40968,0,2505,0
40970,0,2503,0
40972,0,2503,0
40974,0,2503,0
40976,0,2503,0
40978,0,2503,0
40980,0,2504,0
40982,0,2504,0
40984,0,2504,0
40986,0,2503,0
40988,0,2504,0
40990,0,2503,0
40992,0,2503,0
40994,1676,2503,1
40996,0,2503,0
40998,0,2504,0
41000,0,2502,0
41002,0,2503,0
41004,0,2503,0
41006,0,2503,0
41008,0,2504,0
41010,0,2503,0
41012,0,2503,0
41014,0,2503,0
41016,0,2505,0
41018,0,2503,0
41020,0,2503,0
41022,0,2503,0
41024,0,2503,0
41026,0,2503,0
41028,0,2503,0
41030,0,2503,0
41032,0,2503,0
41034,1670,2503,1
41036,0,2504,0
41038,0,2505,0
41040,0,2503,0
41042,0,2502,0
41044,0,2504,0
41046,0,2505,0
41048,0,2503,0
41050,0,2502,0
41052,0,2504,0
41054,0,2503,0
41056,0,2505,0
41058,0,2503,0
41060,0,2505,0
41062,0,2505,0
41064,0,2504,0
41066,0,2503,0
41068,0,2504,0
41070,0,2505,0
41072,0,2501,0
41074,1673,2505,1
41076,0,2505,0
41078,0,2503,0
41080,0,2502,0
41082,0,2501,0
41084,0,2505,0
41086,0,2496,0
41088,0,2502,0
41090,0,2501,0
41092,0,2504,0
41094,0,2504,0
41096,0,2503,0
41098,0,2505,0
41100,0,2508,0
41102,0,2503,0
41104,0,2505,0
41106,0,2504,0
41108,0,2503,0
41110,0,2505,0
41112,0,2503,0
41114,1678,2504,1
41116,0,2505,0
41118,0,2504,0
41120,0,2503,0
41122,0,2503,0
41124,0,2505,0
41126,0,2503,0
41128,0,2503,0
41130,0,2505,0
41132,0,2505,0
41134,0,2504,0
41136,0,2503,0
41138,0,2503,0
41140,0,2504,0
41142,0,2503,0
41144,0,2503,0
41146,0,2503,0
41148,0,2496,0
41150,0,2505,0
41152,0,2505,0
41154,1699,2505,1
41156,0,2504,0
41158,0,2504,0
41160,0,2505,0
41162,0,2503,0
41164,0,2505,0
41166,0,2503,0
41168,0,2505,0
41170,0,2503,0
41172,0,2504,0
41174,0,2505,0
41176,0,2503,0
41178,0,2504,0
41180,0,2504,0
41182,0,2503,0
41184,0,2505,0
41186,0,2503,0
41188,0,2504,0
41190,0,2505,0
41192,0,2505,0
41194,1691,2504,1
41196,0,2503,0
41198,0,2501,0
41200,0,2505,0
41202,0,2502,0
41204,0,2503,0
41206,0,2504,0
41208,0,2503,0
41210,0,2503,0
41212,0,2503,0
41214,0,2504,0
41216,0,2505,0
41218,0,2503,0
41220,0,2503,0
41222,0,2503,0
41224,0,2505,0
41226,0,2504,0
41228,0,2505,0
41230,0,2504,0
41232,0,2503,0
41234,1653,2502,1
41236,0,2504,0
41238,0,2505,0
41240,0,2503,0
41242,0,2503,0
41244,0,2502,0
41246,0,2503,0
41248,0,2503,0
41250,0,2505,0
41252,0,2505,0
41254,0,2503,0
41256,0,2505,0
41258,0,2503,0
41260,0,2504,0
41262,0,2503,0
41264,0,2503,0
41266,0,2502,0
41268,0,2502,0
41270,0,2503,0
41272,0,2503,0
41274,1651,2503,1
41276,0,2503,0
41278,0,2506,0
41280,0,2503,0
41282,0,2504,0
41284,0,2505,0
41286,0,2504,0
41288,0,2503,0
41290,0,2503,0
41292,0,2503,0
41294,0,2507,0
41296,0,2503,0
41298,0,2503,0
41300,0,2503,0
41302,0,2504,0
41304,0,2505,0
41306,0,2507,0
41308,0,2503,0
41310,0,2504,0
41312,1669,2503,1
41314,0,2504,0
41316,0,2504,0
41318,0,2501,0
41320,0,2505,0
41322,0,2503,0
41324,0,2503,0
41326,0,2504,0
41328,0,2504,0
41330,0,2503,0
41332,0,2504,0
41334,0,2505,0
41336,0,2504,0
41338,0,2489,0
41340,0,2505,0
41342,0,2504,0
41344,0,2503,0
41346,0,2505,0
41348,0,2503,0
41350,0,2503,0
41352,1676,2506,1
41354,0,2503,0
41356,0,2503,0
41358,0,2503,0
41360,0,2504,0
41362,0,2504,0
41364,0,2503,0
41366,0,2505,0
41368,0,2503,0
41370,0,2502,0
41372,0,2503,0
41374,0,2504,0
41376,0,2503,0
41378,0,2501,0
41380,0,2504,0
41382,0,2503,0
41384,0,2505,0
41386,0,2503,0
41388,0,2503,0
41390,0,2504,0
41392,1674,2504,1
41394,0,2504,0
41396,0,2504,0
41398,0,2502,0
41400,0,2503,0
41402,0,2504,0
41404,0,2504,0
41406,0,2503,0
41408,0,2504,0
41410,0,2505,0
41412,0,2504,0
41414,0,2504,0
41416,0,2501,0
41418,0,2505,0
41420,0,2504,0
41422,0,2504,0
41424,0,2503,0
41426,0,2503,0
41428,0,2503,0
41430,0,2503,0
41432,1676,2503,1
41434,0,2502,0
41436,0,2504,0
41438,0,2504,0
41440,0,2504,0
41442,0,2503,0
41444,0,2501,0
41446,0,2503,0
41448,0,2505,0
41450,0,2493,0
41452,0,2505,0
41454,0,2503,0
41456,0,2504,0
41458,0,2505,0
41460,0,2503,0
41462,0,2503,0
41464,0,2503,0
41466,0,2501,0
41468,0,2503,0
41470,0,2503,0
41472,1677,2501,1
41474,0,2504,0
41476,0,2504,0
41478,0,2503,0
41480,0,2502,0
41482,0,2505,0
41484,0,2504,0
41486,0,2502,0
41488,0,2503,0
41490,0,2503,0
41492,0,2504,0
41494,0,2503,0
41496,0,2507,0
41498,0,2503,0
41500,0,2504,0
41502,0,2503,0
41504,0,2503,0
41506,0,2503,0
41508,0,2505,0
41510,0,2503,0
41512,1685,2503,1
41514,0,2503,0
41516,0,2503,0
41518,0,2504,0
41520,0,2503,0
41522,0,2501,0
41524,0,2503,0
41526,0,2505,0
41528,0,2503,0
41530,0,2502,0
41532,0,2503,0
41534,0,2503,0
41536,0,2503,0
41538,0,2503,0
41540,0,2504,0
41542,0,2503,0
41544,0,2503,0
41546,0,2503,0
41548,0,2503,0
41550,0,2495,0
41552,1705,2503,1
41554,0,2504,0
41556,0,2504,0
41558,0,2505,0
41560,0,2504,0
41562,0,2503,0
41564,0,2503,0
41566,0,2504,0
41568,0,2503,0
41570,0,2504,0
41572,0,2502,0
41574,0,2503,0
41576,0,2503,0
41578,0,2503,0
41580,0,2503,0
41582,0,2504,0
41584,0,2503,0
41586,0,2501,0
41588,0,2503,0
41590,0,2503,0
41592,1677,2504,1
41594,0,2503,0
41596,0,2504,0
41598,0,2503,0
41600,0,2505,0
41602,0,2504,0
41604,0,2503,0
41606,0,2503,0
41608,0,2502,0
41610,0,2503,0
41612,0,2503,0
41614,0,2503,0
41616,0,2504,0
41618,0,2503,0
41620,0,2505,0
41622,0,2503,0
41624,0,2504,0
41626,0,2502,0
41628,0,2503,0
41630,0,2503,0
41632,1642,2503,1
41634,0,2503,0
41636,0,2504,0
41638,0,2505,0
41640,0,2505,0
41642,0,2501,0
41644,0,2504,0
41646,0,2503,0
41648,0,2504,0
41650,0,2503,0
41652,0,2503,0
41654,0,2491,0
41656,0,2504,0
41658,0,2504,0
41660,0,2502,0
41662,0,2503,0
41664,0,2503,0
41666,0,2503,0
41668,0,2503,0
41670,1667,2505,1
41672,0,2503,0
41674,0,2504,0
41676,0,2503,0
41678,0,2503,0
41680,0,2505,0
41682,0,2505,0
41684,0,2504,0
41686,0,2502,0
41688,0,2503,0
41690,0,2504,0
41692,0,2503,0
41694,0,2503,0
41696,0,2502,0
41698,0,2489,0
41700,0,2504,0
41702,0,2503,0
41704,0,2503,0
41706,0,2501,0
41708,0,2503,0
41710,1673,2503,1
41712,0,2504,0
41714,0,2503,0
41716,0,2505,0
41718,0,2503,0
41720,0,2503,0
41722,0,2503,0
41724,0,2504,0
41726,0,2501,0
41728,0,2503,0
41730,0,2505,0
41732,0,2503,0
41734,0,2504,0
41736,0,2503,0
41738,0,2504,0
41740,0,2506,0
41742,0,2501,0
41744,0,2504,0
41746,0,2503,0
41748,0,2505,0
41750,1677,2503,1
41752,0,2503,0
41754,0,2503,0
41756,0,2505,0
41758,0,2505,0
41760,0,2507,0
41762,0,2505,0
41764,0,2501,0
41766,0,2502,0
41768,0,2504,0
41770,0,2503,0
41772,0,2503,0
41774,0,2505,0
41776,0,2503,0
41778,0,2504,0
41780,0,2505,0
41782,0,2506,0
41784,0,2505,0
41786,0,2503,0
41788,0,2504,0
41790,1679,2504,1
41792,0,2507,0
41794,0,2503,0
41796,0,2504,0
41798,0,2505,0
41800,0,2503,0
41802,0,2503,0
41804,0,2503,0
41806,0,2504,0
41808,0,2503,0
41810,0,2503,0
41812,0,2501,0
41814,0,2496,0
41816,0,2503,0
41818,0,2503,0
41820,0,2503,0
41822,0,2505,0
41824,0,2505,0
41826,0,2503,0
41828,0,2504,0
41830,1671,2503,1
41832,0,2503,0
41834,0,2504,0
41836,0,2501,0
41838,0,2495,0
41840,0,2503,0
41842,0,2503,0
41844,0,2505,0
41846,0,2505,0
41848,0,2504,0
41850,0,2503,0
41852,0,2505,0
41854,0,2505,0
41856,0,2503,0
41858,0,2505,0
41860,0,2503,0
41862,0,2503,0
41864,0,2504,0
41866,0,2504,0
41868,0,2503,0
41870,1671,2503,1
41872,0,2505,0
41874,0,2504,0
41876,0,2504,0
41878,0,2501,0
41880,0,2503,0
41882,0,2504,0
41884,0,2503,0
41886,0,2505,0
41888,0,2503,0
41890,0,2501,0
41892,0,2503,0
41894,0,2503,0
41896,0,2503,0
41898,0,2501,0
41900,0,2493,0
41902,0,2503,0
41904,0,2504,0
41906,0,2504,0
41908,0,2503,0
41910,1693,2505,1
41912,0,2505,0
41914,0,2504,0
41916,0,2504,0
41918,0,2503,0
41920,0,2503,0
41922,0,2501,0
41924,0,2502,0
41926,0,2503,0
41928,0,2496,0
41930,0,2503,0
41932,0,2504,0
41934,0,2505,0
41936,0,2503,0
41938,0,2502,0
41940,0,2502,0
41942,0,2504,0
41944,0,2504,0
41946,0,2503,0
41948,0,2503,0
41950,1695,2501,1
41952,0,2505,0
41954,0,2495,0
41956,0,2503,0
41958,0,2503,0
41960,0,2503,0
41962,0,2503,0
41964,0,2503,0
41966,0,2503,0
41968,0,2503,0
41970,0,2503,0
41972,0,2503,0
41974,0,2505,0
41976,0,2504,0
41978,0,2501,0
41980,0,2504,0
41982,0,2503,0
41984,0,2503,0
41986,0,2504,0
41988,0,2503,0
41990,1664,2504,1
41992,0,2505,0
41994,0,2505,0
41996,0,2505,0
41998,0,2503,0
42000,0,2503,0
42002,0,2504,0
42004,0,2505,0
42006,0,2502,0
42008,0,2495,0
42010,0,2503,0
42012,0,2504,0
42014,0,2503,0
42016,0,2495,0
42018,0,2504,0
42020,0,2504,0
42022,0,2503,0
42025,0,2503,0
42027,0,2503,0
42029,0,2503,0
42031,1654,2504,1
42033,0,2503,0
42035,0,2503,0
42037,0,2503,0
42039,0,2505,0
42041,0,2503,0
42043,0,2503,0
42045,0,2503,0
42047,0,2501,0
42049,0,2495,0
42051,0,2502,0
42053,0,2501,0
42055,0,2502,0
42057,0,2502,0
42059,0,2503,0
42061,0,2503,0
42063,0,2504,0
42065,0,2503,0
42067,0,2503,0
42069,1672,2503,1
42071,0,2503,0
42073,0,2505,0
42075,0,2501,0
42077,0,2503,0
42079,0,2503,0
42081,0,2501,0
42083,0,2505,0
42085,0,2504,0
42087,0,2503,0
42089,0,2503,0
42091,0,2504,0
42093,0,2503,0
42095,0,2503,0
42097,0,2503,0
42099,0,2503,0
42101,0,2505,0
42103,0,2495,0
42105,0,2503,0
42107,0,2503,0
42109,1674,2503,1
42111,0,2503,0
42113,0,2503,0
42115,0,2503,0
42117,0,2504,0
42119,0,2505,0
42121,0,2503,0
42123,0,2503,0
42125,0,2503,0
42127,0,2503,0
42129,0,2503,0
42131,0,2503,0
42133,0,2503,0
42135,0,2504,0
42137,0,2503,0
42139,0,2495,0
42141,0,2503,0
42143,0,2503,0
42145,0,2503,0
42147,0,2503,0
42149,1675,2501,1
42151,0,2503,0
42153,0,2503,0
42155,0,2503,0
42157,0,2506,0
42159,0,2504,0
42161,0,2502,0
42163,0,2503,0
42165,0,2505,0
42167,0,2503,0
42169,0,2503,0
42171,0,2503,0
42173,0,2503,0
42175,0,2503,0
42177,0,2503,0
42179,0,2504,0
42181,0,2503,0
42183,0,2501,0
42185,0,2501,0
42187,0,2503,0
42189,1668,2503,1
42191,0,2503,0
42193,0,2503,0
42195,0,2503,0
42197,0,2505,0
42199,0,2501,0
42201,0,2503,0
42203,0,2504,0
42205,0,2503,0
42207,0,2503,0
42209,0,2504,0
42211,0,2503,0
42213,0,2503,0
42215,0,2503,0
42217,0,2502,0
42219,0,2502,0
42221,0,2503,0
42223,0,2503,0
42225,0,2502,0
42227,0,2505,0
42229,1677,2505,1
42231,0,2495,0
42233,0,2505,0
42235,0,2503,0
42237,0,2504,0
42239,0,2504,0
42241,0,2503,0
42243,0,2504,0
42245,0,2503,0
42247,0,2503,0
42249,0,2505,0
42251,0,2505,0
42253,0,2503,0
42255,0,2504,0
42257,0,2503,0
42259,0,2503,0
42261,0,2504,0
42263,0,2505,0
42265,0,2505,0
42267,0,2503,0
42269,1680,2503,1
42271,0,2504,0
42273,0,2503,0
42275,0,2504,0
42277,0,2503,0
42279,0,2503,0
42281,0,2504,0
42283,0,2504,0
42285,0,2503,0
42287,0,2502,0
42289,0,2503,0
42291,0,2503,0
42293,0,2505,0
42295,0,2505,0
42297,0,2504,0
42299,0,2505,0
42301,0,2503,0
42303,0,2502,0
42305,0,2503,0
42307,0,2503,0
42309,1703,2503,1
42311,0,2505,0
42313,0,2503,0
42315,0,2495,0
42317,0,2507,0
42319,0,2503,0
42321,0,2501,0
42323,0,2503,0
42325,0,2505,0
42327,0,2501,0
42329,0,2503,0
42331,0,2503,0
42333,0,2504,0
42335,0,2503,0
42337,0,2504,0
42339,0,2503,0
42341,0,2503,0
42343,0,2504,0
42345,0,2505,0
42347,0,2503,0
42349,1691,2505,1
42351,0,2504,0
42353,0,2503,0
42355,0,2503,0
42357,0,2504,0
42359,0,2517,0
42361,0,2504,0
42363,0,2503,0
42365,0,2503,0
42367,0,2506,0
42369,0,2504,0
42371,0,2502,0
42373,0,2503,0
42375,0,2503,0
42377,0,2503,0
42379,0,2501,0
42381,0,2503,0
42383,0,2504,0
42385,0,2504,0
42387,0,2504,0
42389,1642,2503,1
42391,0,2505,0
42393,0,2505,0
42395,0,2503,0
42397,0,2503,0
42399,0,2504,0
42401,0,2507,0
42403,0,2504,0
42405,0,2503,0
42407,0,2503,0
42409,0,2504,0
42411,0,2505,0
42413,0,2502,0
42415,0,2503,0
42417,0,2505,0
42419,0,2505,0
42421,0,2503,0
42423,0,2503,0
42425,0,2503,0
42427,0,2503,0
42429,1654,2504,1
42431,0,2505,0
42433,0,2503,0
42435,0,2503,0
42437,0,2503,0
42439,0,2505,0
42441,0,2504,0
42443,0,2501,0
42445,0,2505,0
42447,0,2503,0
42449,0,2502,0
42451,0,2503,0
42453,0,2505,0
42455,0,2495,0
42457,0,2503,0
42459,0,2504,0
42461,0,2504,0
42463,0,2505,0
42465,0,2503,0
42467,1673,2503,1
42469,0,2504,0
42471,0,2503,0
42473,0,2505,0
42475,0,2505,0
42477,0,2505,0
42479,0,2504,0
42481,0,2504,0
42483,0,2505,0
42485,0,2503,0
42487,0,2503,0
42489,0,2502,0
42491,0,2503,0
42493,0,2502,0
42495,0,2505,0
42497,0,2505,0
42499,0,2502,0
42501,0,2503,0
42503,0,2502,0
42505,0,2505,0
42507,1674,2503,1
42509,0,2503,0
42511,0,2504,0
42513,0,2503,0
42515,0,2496,0
42517,0,2503,0
42519,0,2505,0
42521,0,2503,0
42523,0,2503,0
42525,0,2503,0
42527,0,2502,0
42529,0,2505,0
42531,0,2503,0
42533,0,2504,0
42535,0,2503,0
42537,0,2504,0
42539,0,2496,0
42541,0,2503,0
42543,0,2502,0
42545,0,2503,0
42547,1679,2503,1
42549,0,2503,0
42551,0,2505,0
42553,0,2504,0
42555,0,2505,0
42557,0,2505,0
42559,0,2503,0
42561,0,2503,0
42563,0,2503,0
42565,0,2507,0
42567,0,2503,0
42569,0,2501,0
42571,0,2503,0
42573,0,2503,0
42575,0,2507,0
42577,0,2503,0
42579,0,2503,0
42581,0,2503,0
42583,0,2503,0
42585,0,2503,0
42587,1670,2505,1
42589,0,2503,0
42591,0,2503,0
42593,0,2504,0
42595,0,2503,0
42597,0,2505,0
42599,0,2503,0
42601,0,2503,0
42603,0,2505,0
42605,0,2504,0
42607,0,2504,0
42609,0,2504,0
42611,0,2503,0
42613,0,2504,0
42615,0,2505,0
42617,0,2504,0
42619,0,2505,0
42621,0,2503,0
42623,0,2505,0
42625,0,2504,0
42627,1675,2505,1
42629,0,2503,0
42631,0,2505,0
42633,0,2503,0
42635,0,2503,0
42637,0,2503,0
42639,0,2505,0
42641,0,2505,0
42643,0,2503,0
42645,0,2504,0
42647,0,2504,0
42649,0,2504,0
42651,0,2503,0
42653,0,2505,0
42655,0,2504,0
42657,0,2504,0
42659,0,2503,0
42661,0,2503,0
42663,0,2503,0
42665,0,2503,0
42667,1681,2503,1
42669,0,2504,0
42671,0,2503,0
42673,0,2505,0
42675,0,2504,0
42677,0,2504,0
42679,0,2503,0
42681,0,2504,0
42683,0,2505,0
42685,0,2504,0
42687,0,2503,0
42689,0,2504,0
42691,0,2505,0
42693,0,2504,0
42695,0,2504,0
42697,0,2503,0
42699,0,2503,0
42701,0,2503,0
42703,0,2503,0
42705,0,2505,0
42707,1698,2504,1
42709,0,2503,0
42711,0,2503,0
42713,0,2504,0
42715,0,2503,0
42717,0,2503,0
42719,0,2505,0
42721,0,2504,0
42723,0,2505,0
42725,0,2503,0
42727,0,2505,0
42729,0,2504,0
42731,0,2505,0
42733,0,2504,0
42735,0,2504,0
42737,0,2503,0
42739,0,2504,0
42741,0,2503,0
42743,0,2504,0
42745,0,2505,0
42747,1671,2505,1
42749,0,2505,0
42751,0,2503,0
42753,0,2503,0
42755,0,2503,0
42757,0,2503,0
42759,0,2503,0
42761,0,2503,0
42763,0,2504,0
42765,0,2503,0
42767,0,2504,0
42769,0,2501,0
42771,0,2503,0
42773,0,2504,0
42775,0,2505,0
42777,0,2502,0
42779,0,2501,0
42781,0,2504,0
42783,0,2503,0
42785,0,2505,0
42787,1648,2505,1
42789,0,2507,0
42791,0,2505,0
42793,0,2503,0
42795,0,2505,0
42797,0,2503,0
42799,0,2505,0
42801,0,2504,0
42803,0,2505,0
42805,0,2505,0
42807,0,2503,0
42809,0,2504,0
42811,0,2503,0
42813,0,2504,0
42815,0,2503,0
42817,0,2503,0
42819,0,2495,0
42821,0,2504,0
42823,0,2505,0
42825,1662,2506,1
42827,0,2493,0
42829,0,2502,0
42831,0,2504,0
42833,0,2504,0
42835,0,2505,0
42837,0,2503,0
42839,0,2503,0
42841,0,2503,0
42843,0,2503,0
42845,0,2503,0
42847,0,2502,0
42849,0,2503,0
42851,0,2504,0
42853,0,2503,0
42855,0,2505,0
42857,0,2503,0
42859,0,2505,0
42861,0,2503,0
42863,0,2503,0
42865,1674,2505,1
42867,0,2503,0
42869,0,2503,0
42871,0,2505,0
42873,0,2507,0
42875,0,2505,0
42877,0,2503,0
42879,0,2503,0
42881,0,2503,0
42883,0,2502,0
42885,0,2503,0
42887,0,2505,0
42889,0,2503,0
42891,0,2495,0
42893,0,2504,0
42895,0,2503,0
42897,0,2503,0
42899,0,2505,0
42901,0,2504,0
42903,0,2505,0
42905,1668,2503,1
42907,0,2503,0
42909,0,2504,0
42911,0,2505,0
42913,0,2503,0
42915,0,2505,0
42917,0,2503,0
42919,0,2504,0
42921,0,2503,0
42923,0,2509,0
42925,0,2505,0
42927,0,2504,0
42929,0,2503,0
42931,0,2503,0
42933,0,2503,0
42935,0,2506,0
42937,0,2501,0
42939,0,2505,0
42941,0,2504,0
42943,0,2503,0
42945,1674,2502,1
42947,0,2501,0
42949,0,2504,0
42951,0,2504,0
42953,0,2505,0
42955,0,2501,0
42957,0,2503,0
42959,0,2503,0
42961,0,2503,0
42963,0,2503,0
42965,0,2503,0
42967,0,2503,0
42969,0,2503,0
42971,0,2503,0
42973,0,2504,0
42975,0,2502,0
42977,0,2503,0
42979,0,2503,0
42981,0,2505,0
42983,0,2504,0
42985,1674,2505,1
42987,0,2503,0
42989,0,2503,0
42991,0,2501,0
42993,0,2504,0
42995,0,2503,0
42997,0,2503,0
42999,0,2503,0
43001,0,2503,0
43003,0,2501,0
43005,0,2505,0
43007,0,2503,0
43009,0,2503,0
43011,0,2503,0
43013,0,2503,0
43015,0,2503,0
43017,0,2504,0
43019,0,2503,0
43021,0,2508,0
43023,0,2503,0
43025,1676,2505,1
43027,0,2503,0
43029,0,2503,0
43031,0,2503,0
43033,0,2505,0
43035,0,2503,0
43037,0,2505,0
43039,0,2505,0
43041,0,2495,0
43043,0,2503,0
43045,0,2505,0
43047,0,2504,0
43049,0,2504,0
43051,0,2505,0
43053,0,2503,0
43055,0,2503,0
43057,0,2503,0
43059,0,2503,0
43061,0,2503,0
43063,0,2504,0
43065,1695,2503,1
43067,0,2503,0
43069,0,2504,0
43071,0,2504,0
43073,0,2503,0
43075,0,2505,0
43077,0,2504,0
43079,0,2503,0
43081,0,2504,0
43083,0,2503,0
43085,0,2503,0
43087,0,2503,0
43089,0,2501,0
43091,0,2506,0
43093,0,2503,0
43095,0,2503,0
43097,0,2503,0
43099,0,2502,0
43101,0,2503,0
43103,0,2504,0
43105,1700,2539,1
43107,0,2504,0
43109,0,2503,0
43111,0,2507,0
43113,0,2504,0
43115,0,2503,0
43117,0,2503,0
43119,0,2503,0
43121,0,2503,0
43123,0,2504,0
43125,0,2504,0
43127,0,2504,0
43129,0,2504,0
43131,0,2501,0
43133,0,2504,0
43135,0,2503,0
43137,0,2503,0
43139,0,2503,0
43141,0,2501,0
43143,0,2504,0
43145,1659,2501,1
43147,0,2504,0
43149,0,2503,0
43151,0,2503,0
43153,0,2504,0
43155,0,2505,0
43157,0,2502,0
43159,0,2503,0
43161,0,2504,0
43163,0,2503,0
43165,0,2504,0
43167,0,2503,0
43169,0,2505,0
43171,0,2504,0
43173,0,2503,0
43175,0,2503,0
43177,0,2504,0
43179,0,2504,0
43181,0,2503,0
43183,0,2503,0
43185,1650,2503,1
43187,0,2504,0
43189,0,2503,0
43191,0,2503,0
43193,0,2505,0
43195,0,2503,0
43197,0,2503,0
43199,0,2503,0
43201,0,2503,0
43203,0,2503,0
43205,0,2504,0
43207,0,2503,0
43209,0,2503,0
43211,0,2503,0
43213,0,2501,0
43215,0,2503,0
43217,0,2503,0
43219,0,2504,0
43221,0,2505,0
43223,1669,2502,1
43225,0,2504,0
43227,0,2503,0
43229,0,2505,0
43231,0,2504,0
43233,0,2503,0
43235,0,2505,0
43237,0,2505,0
43239,0,2502,0
43241,0,2495,0
43243,0,2503,0
43245,0,2503,0
43247,0,2503,0
43249,0,2503,0
43251,0,2503,0
43253,0,2503,0
43255,0,2501,0
43257,0,2504,0
43259,0,2503,0
43261,0,2505,0
43263,1676,2504,1
43265,0,2505,0
43267,0,2505,0
43269,0,2504,0
43271,0,2503,0
43273,0,2504,0
43275,0,2503,0
43277,0,2503,0
43279,0,2503,0
43281,0,2503,0
43283,0,2505,0
43285,0,2503,0
43287,0,2505,0
43289,0,2504,0
43291,0,2503,0
43293,0,2504,0
43295,0,2503,0
43297,0,2508,0
43299,0,2503,0
43301,0,2503,0
43303,1673,2503,1
43305,0,2504,0
43307,0,2503,0
43309,0,2504,0
43311,0,2503,0
43313,0,2503,0
43315,0,2503,0
43317,0,2502,0
43319,0,2503,0
43321,0,2503,0
43323,0,2504,0
43325,0,2505,0
43327,0,2504,0
43329,0,2505,0
43331,0,2504,0
43333,0,2503,0
43335,0,2503,0
43337,0,2505,0
43339,0,2504,0
43341,0,2502,0
43343,1672,2503,1
43345,0,2503,0
43347,0,2503,0
43349,0,2503,0
43351,0,2502,0
43353,0,2503,0
43355,0,2503,0
43357,0,2503,0
43359,0,2503,0
43361,0,2505,0
43363,0,2503,0
43365,0,2503,0
43367,0,2503,0
43369,0,2505,0
43371,0,2504,0
43373,0,2502,0
43375,0,2503,0
43377,0,2503,0
43379,0,2504,0
43381,0,2505,0
43383,1674,2504,1
43385,0,2493,0
43387,0,2505,0
43389,0,2501,0
43391,0,2502,0
43393,0,2503,0
43395,0,2502,0
43397,0,2504,0
43399,0,2505,0
43401,0,2504,0
43403,0,2504,0
43405,0,2504,0
43407,0,2495,0
43409,0,2503,0
43411,0,2503,0
43413,0,2504,0
43415,0,2503,0
43417,0,2504,0
43419,0,2503,0
43421,0,2503,0
43423,1680,2503,1
43425,0,2503,0
43427,0,2502,0
43429,0,2505,0
43431,0,2503,0
43433,0,2504,0
43435,0,2503,0
43437,0,2502,0
43439,0,2502,0
43441,0,2502,0
43443,0,2503,0
43445,0,2503,0
43447,0,2504,0
43449,0,2502,0
43451,0,2505,0
43453,0,2505,0
43455,0,2505,0
43457,0,2503,0
43459,0,2504,0
43461,0,2501,0
43463,1703,2504,1
43465,0,2504,0
43467,0,2503,0
43469,0,2505,0
43471,0,2505,0
43473,0,2492,0
43475,0,2503,0
43477,0,2503,0
43479,0,2503,0
43481,0,2503,0
43483,0,2503,0
43485,0,2503,0
43487,0,2503,0
43489,0,2504,0
43491,0,2504,0
43493,0,2503,0
43495,0,2495,0
43497,0,2503,0
43499,0,2503,0
43501,0,2503,0
43503,1686,2502,1
43505,0,2503,0
43507,0,2504,0
43509,0,2504,0
43511,0,2504,0
43513,0,2503,0
43515,0,2505,0
43517,0,2504,0
43519,0,2504,0
43521,0,2506,0
43523,0,2504,0
43525,0,2505,0
43527,0,2503,0
43529,0,2495,0
43531,0,2503,0
43533,0,2501,0
43535,0,2505,0
43537,0,2505,0
43539,0,2503,0
43541,0,2503,0
43543,1648,2496,1
43545,0,2505,0
43547,0,2503,0
43549,0,2503,0
43551,0,2504,0
43553,0,2503,0
43555,0,2501,0
43557,0,2503,0
43559,0,2503,0
43561,0,2505,0
43563,0,2503,0
43565,0,2503,0
43567,0,2504,0
43569,0,2503,0
43571,0,2501,0
43573,0,2502,0
43575,0,2507,0
43577,0,2504,0
43579,0,2505,0
43581,1662,2502,1
43583,0,2503,0
43585,0,2505,0
43587,0,2505,0
43589,0,2504,0
43591,0,2504,0
43593,0,2503,0
43595,0,2503,0
43597,0,2504,0
43599,0,2503,0
43601,0,2504,0
43603,0,2503,0
43605,0,2505,0
43607,0,2503,0
43609,0,2503,0
43611,0,2503,0
43613,0,2503,0
43615,0,2503,0
43617,0,2503,0
43619,0,2502,0
43621,1679,2503,1
43623,0,2503,0
43625,0,2502,0
43627,0,2504,0
43629,0,2503,0
43631,0,2504,0
43633,0,2504,0
43635,0,2502,0
43637,0,2505,0
43639,0,2503,0
43641,0,2503,0
43643,0,2503,0
43645,0,2504,0
43647,0,2505,0
43649,0,2509,0
43651,0,2503,0
43653,0,2504,0
43655,0,2506,0
43657,0,2503,0
43659,0,2504,0
43661,1679,2505,1
43663,0,2503,0
43665,0,2505,0
43667,0,2507,0
43669,0,2503,0
43671,0,2505,0
43673,0,2503,0
43675,0,2504,0
43677,0,2502,0
43679,0,2503,0
43681,0,2505,0
43683,0,2504,0
43685,0,2504,0
43687,0,2503,0
43689,0,2503,0
43691,0,2505,0
43693,0,2505,0
43695,0,2505,0
43697,0,2503,0
43699,0,2507,0
43701,1676,2505,1
43703,0,2503,0
43705,0,2501,0
43707,0,2503,0
43709,0,2504,0
43711,0,2505,0
43713,0,2505,0
43715,0,2504,0
43717,0,2503,0
43719,0,2503,0
43721,0,2503,0
43723,0,2505,0
43725,0,2505,0
43727,0,2504,0
43729,0,2503,0
43731,0,2504,0
43733,0,2505,0
43735,0,2503,0
43737,0,2503,0
43739,0,2504,0
43741,1669,2501,1
43743,0,2503,0
43745,0,2503,0
43747,0,2503,0
43749,0,2504,0
43751,0,2505,0
43753,0,2503,0
43755,0,2504,0
43757,0,2503,0
43759,0,2503,0
43761,0,2501,0
43763,0,2504,0
43765,0,2504,0
43767,0,2506,0
43769,0,2504,0
43771,0,2501,0
43773,0,2505,0
43775,0,2504,0
43777,0,2502,0
43779,0,2503,0
43781,1673,2503,1
43783,0,2504,0
43785,0,2504,0
43787,0,2503,0
43789,0,2503,0
43791,0,2503,0
43793,0,2503,0
43795,0,2504,0
43797,0,2503,0
43799,0,2503,0
43801,0,2503,0
43803,0,2501,0
43805,0,2503,0
43807,0,2501,0
43809,0,2508,0
43811,0,2505,0
43813,0,2502,0
43815,0,2490,0
43817,0,2503,0
43819,0,2505,0
43821,1693,2504,1
43823,0,2503,0
43825,0,2505,0
43827,0,2507,0
43829,0,2504,0
43831,0,2503,0
43833,0,2503,0
43835,0,2503,0
43837,0,2505,0
43839,0,2504,0
43841,0,2504,0
43843,0,2504,0
43845,0,2504,0
43847,0,2505,0
43849,0,2505,0
43851,0,2503,0
43853,0,2503,0
43855,0,2503,0
43857,0,2505,0
43859,0,2504,0
43861,1705,2505,1
43863,0,2502,0
43865,0,2503,0
43867,0,2504,0
43869,0,2503,0
43871,0,2503,0
43873,0,2504,0
43875,0,2505,0
43877,0,2503,0
43879,0,2503,0
43882,0,2504,0
43884,0,2505,0
43886,0,2503,0
43888,0,2503,0
43890,0,2502,0
43892,0,2507,0
43894,0,2503,0
43896,0,2504,0
43898,0,2504,0
43900,0,2505,0
43902,1663,2504,1
43904,0,2504,0
43906,0,2503,0
43908,0,2502,0
43910,0,2505,0
43912,0,2503,0
43914,0,2505,0
43916,0,2504,0
43918,0,2503,0
43920,0,2502,0
43922,0,2505,0
43924,0,2505,0
43926,0,2495,0
43928,0,2503,0
43930,0,2505,0
43932,0,2504,0
43934,0,2511,0
43936,0,2503,0
43938,0,2505,0
43940,0,2503,0
43942,1653,2503,1
43944,0,2505,0
43946,0,2505,0
43948,0,2506,0
43950,0,2505,0
43952,0,2504,0
43954,0,2502,0
43956,0,2505,0
43958,0,2504,0
43960,0,2503,0
43962,0,2503,0
43964,0,2505,0
43966,0,2503,0
43968,0,2503,0
43970,0,2505,0
43972,0,2503,0
43974,0,2505,0
43976,0,2505,0
43978,0,2504,0
43980,1665,2504,1
43982,0,2503,0
43984,0,2503,0
43986,0,2507,0
43988,0,2503,0
43990,0,2503,0
43992,0,2503,0
43994,0,2503,0
43996,0,2503,0
43998,0,2504,0
44000,0,2503,0
44002,0,2495,0
44004,0,2505,0
44006,0,2505,0
44008,0,2503,0
44010,0,2505,0
44012,0,2505,0
44014,0,2505,0
44016,0,2503,0
44018,0,2503,0
44020,1677,2503,1
44022,0,2505,0
44024,0,2505,0
44026,0,2504,0
44028,0,2505,0
44030,0,2504,0
44032,0,2504,0
44034,0,2504,0
44036,0,2504,0
44038,0,2505,0
44040,0,2505,0
44042,0,2503,0
44044,0,2504,0
44046,0,2504,0
44048,0,2503,0
44050,0,2503,0
44052,0,2504,0
44054,0,2507,0
44056,0,2503,0
44058,0,2503,0
44060,1676,2504,1
44062,0,2503,0
44064,0,2502,0
44066,0,2496,0
44068,0,2503,0
44070,0,2503,0
44072,0,2504,0
44074,0,2505,0
44076,0,2505,0
44078,0,2504,0
44080,0,2503,0
44082,0,2505,0
44084,0,2504,0
44086,0,2505,0
44088,0,2503,0
44090,0,2505,0
44092,0,2505,0
44094,0,2502,0
44096,0,2505,0
44098,0,2503,0
44100,1671,2503,1
44102,0,2503,0
44104,0,2504,0
44106,0,2505,0
44108,0,2503,0
44110,0,2503,0
44112,0,2503,0
44114,0,2503,0
44116,0,2504,0
44118,0,2504,0
44120,0,2503,0
44122,0,2505,0
44124,0,2503,0
44126,0,2503,0
44128,0,2503,0
44130,0,2503,0
44132,0,2505,0
44134,0,2503,0
44136,0,2504,0
44138,0,2504,0
44140,1673,2503,1
44142,0,2503,0
44144,0,2505,0
44146,0,2504,0
44148,0,2504,0
44150,0,2503,0
44152,0,2503,0
44154,0,2503,0
44156,0,2503,0
44158,0,2503,0
44160,0,2503,0
44162,0,2503,0
44164,0,2503,0
44166,0,2503,0
44168,0,2503,0
44170,0,2504,0
44172,0,2493,0
44174,0,2501,0
44176,0,2503,0
44178,0,2505,0
44180,1672,2504,1
44182,0,2504,0
44184,0,2503,0
44186,0,2504,0
44188,0,2503,0
44190,0,2505,0
44192,0,2504,0
44194,0,2504,0
44196,0,2505,0
44198,0,2504,0
44200,0,2503,0
44202,0,2503,0
44204,0,2505,0
44206,0,2504,0
44208,0,2505,0
44210,0,2504,0
44212,0,2505,0
44214,0,2503,0
44216,0,2503,0
44218,0,2502,0
44220,1698,2503,1
44222,0,2504,0
44224,0,2504,0
44226,0,2503,0
44228,0,2503,0
44230,0,2503,0
44232,0,2502,0
44234,0,2501,0
44236,0,2503,0
44238,0,2503,0
44240,0,2504,0
44242,0,2503,0
44244,0,2501,0
44246,0,2495,0
44248,0,2503,0
44250,0,2504,0
44252,0,2504,0
44254,0,2502,0
44256,0,2504,0
44258,0,2503,0
44260,1695,2504,1
44262,0,2504,0
44264,0,2503,0
44266,0,2508,0
44268,0,2503,0
44270,0,2504,0
44272,0,2503,0
44274,0,2503,0
44276,0,2503,0
44278,0,2504,0
44280,0,2503,0
44282,0,2503,0
44284,0,2503,0
44286,0,2505,0
44288,0,2501,0
44290,0,2503,0
44292,0,2503,0
44294,0,2504,0
44296,0,2505,0
44298,0,2509,0
44300,1652,2505,1
44302,0,2504,0
44304,0,2503,0
44306,0,2503,0
44308,0,2504,0
44310,0,2503,0
44312,0,2503,0
44314,0,2505,0
44316,0,2504,0
44318,0,2503,0
44320,0,2504,0
44322,0,2504,0
44324,0,2503,0
44326,0,2505,0
44328,0,2503,0
44330,0,2504,0
44332,0,2504,0
44334,0,2504,0
44336,0,2503,0
44338,0,2505,0
44340,1653,2504,1
44342,0,2505,0
44344,0,2504,0
44346,0,2505,0
44348,0,2504,0
44350,0,2503,0
44352,0,2504,0
44354,0,2505,0
44356,0,2503,0
44358,0,2503,0
44360,0,2505,0
44362,0,2503,0
44364,0,2504,0
44366,0,2503,0
44368,0,2502,0
44370,0,2503,0
44372,0,2501,0
44374,0,2505,0
44376,0,2503,0
44378,1667,2503,1
44380,0,2504,0
44382,0,2505,0
44384,0,2501,0
44386,0,2505,0
44388,0,2503,0
44390,0,2503,0
44392,0,2503,0
44394,0,2503,0
44396,0,2505,0
44398,0,2503,0
44400,0,2503,0
44402,0,2503,0
44404,0,2503,0
44406,0,2504,0
44408,0,2503,0
44410,0,2504,0
44412,0,2503,0
44414,0,2505,0
44416,0,2505,0
44418,1674,2505,1
44420,0,2503,0
44422,0,2503,0
44424,0,2503,0
44426,0,2503,0
44428,0,2503,0
44430,0,2503,0
44432,0,2505,0
44434,0,2503,0
44436,0,2505,0
44438,0,2501,0
44440,0,2504,0
44442,0,2503,0
44444,0,2507,0
44446,0,2505,0
44448,0,2503,0
44450,0,2503,0
44452,0,2503,0
44454,0,2503,0
44456,0,2503,0
44458,1674,2501,1
44460,0,2503,0
44462,0,2504,0
44464,0,2503,0
44466,0,2502,0
44468,0,2505,0
44470,0,2505,0
44472,0,2505,0
44474,0,2504,0
44476,0,2505,0
44478,0,2505,0
44480,0,2501,0
44482,0,2503,0
44484,0,2502,0
44486,0,2504,0
44488,0,2505,0
44490,0,2504,0
44492,0,2504,0
44494,0,2505,0
44496,0,2505,0
44498,1674,2503,1
44500,0,2505,0
44502,0,2501,0
44504,0,2503,0
44506,0,2505,0
44508,0,2503,0
44510,0,2501,0
44512,0,2507,0
44514,0,2503,0
44516,0,2503,0
44518,0,2503,0
44520,0,2505,0
44522,0,2503,0
44524,0,2505,0
44526,0,2505,0
44528,0,2503,0
44530,0,2505,0
44532,0,2501,0
44534,0,2503,0
44536,0,2503,0
44538,1675,2504,1
44540,0,2503,0
44542,0,2504,0
44544,0,2505,0
44546,0,2503,0
44548,0,2503,0
44550,0,2504,0
44552,0,2503,0
44554,0,2503,0
44556,0,2503,0
44558,0,2502,0
44560,0,2503,0
44562,0,2503,0
44564,0,2504,0
44566,0,2504,0
44568,0,2505,0
44570,0,2503,0
44572,0,2504,0
44574,0,2503,0
44576,0,2504,0
44578,1688,2503,1
44580,0,2504,0
44582,0,2503,0
44584,0,2505,0
44586,0,2505,0
44588,0,2505,0
44590,0,2503,0
44592,0,2505,0
44594,0,2503,0
44596,0,2501,0
44598,0,2503,0
44600,0,2503,0
44602,0,2504,0
44604,0,2503,0
44606,0,2503,0
44608,0,2504,0
44610,0,2505,0
44612,0,2505,0
44614,0,2503,0
44616,0,2504,0
44618,1706,2504,1
44620,0,2505,0
44622,0,2503,0
44624,0,2502,0
44626,0,2496,0
44628,0,2507,0
44630,0,2505,0
44632,0,2503,0
44634,0,2504,0
44636,0,2503,0
44638,0,2505,0
44640,0,2503,0
44642,0,2502,0
44644,0,2502,0
44646,0,2504,0
44648,0,2502,0
44650,0,2503,0
44652,0,2503,0
44654,0,2503,0
44656,0,2503,0
44658,1672,2505,1
44660,0,2503,0
44662,0,2503,0
44664,0,2503,0
44666,0,2503,0
44668,0,2503,0
44670,0,2502,0
44672,0,2503,0
44674,0,2503,0
44676,0,2503,0
44678,0,2504,0
44680,0,2502,0
44682,0,2504,0
44684,0,2503,0
44686,0,2504,0
44688,0,2503,0
44690,0,2503,0
44692,0,2504,0
44694,0,2502,0
44696,0,2495,0
44698,1644,2502,1
44700,0,2503,0
44702,0,2503,0
44704,0,2505,0
44706,0,2503,0
44708,0,2503,0
44710,0,2504,0
44712,0,2502,0
44714,0,2503,0
44716,0,2504,0
44718,0,2503,0
44720,0,2503,0
44722,0,2501,0
44724,0,2503,0
44726,0,2513,0
44728,0,2504,0
44730,0,2505,0
44732,0,2505,0
44734,0,2501,0
44736,1660,2505,1
44738,0,2507,0
44740,0,2504,0
44742,0,2504,0
44744,0,2501,0
44746,0,2505,0
44748,0,2504,0
44750,0,2495,0
44752,0,2504,0
44754,0,2503,0
44756,0,2503,0
44758,0,2506,0
44760,0,2505,0
44762,0,2503,0
44764,0,2504,0
44766,0,2503,0
44768,0,2503,0
44770,0,2504,0
44772,0,2501,0
44774,0,2503,0
44776,1675,2505,1
44778,0,2504,0
44780,0,2503,0
44782,0,2504,0
44784,0,2505,0
44786,0,2503,0
44788,0,2503,0
44790,0,2505,0
44792,0,2505,0
44794,0,2505,0
44796,0,2504,0
44798,0,2505,0
44800,0,2503,0
44802,0,2503,0
44804,0,2505,0
44806,0,2505,0
44808,0,2503,0
44810,0,2504,0
44812,0,2505,0
44814,0,2504,0
44816,1677,2504,1
44818,0,2504,0
44820,0,2505,0
44822,0,2504,0
44824,0,2502,0
44826,0,2503,0
44828,0,2503,0
44830,0,2503,0
44832,0,2505,0
44834,0,2503,0
44836,0,2503,0
44838,0,2504,0
44840,0,2503,0
44842,0,2504,0
44844,0,2503,0
44846,0,2505,0
44848,0,2505,0
44850,0,2504,0
44852,0,2503,0
44854,0,2504,0
44856,1671,2505,1
44858,0,2502,0
44860,0,2506,0
44862,0,2505,0
44864,0,2501,0
44866,0,2503,0
44868,0,2505,0
44870,0,2504,0
44872,0,2503,0
44874,0,2503,0
44876,0,2501,0
44878,0,2503,0
44880,0,2503,0
44882,0,2503,0
44884,0,2505,0
44886,0,2503,0
44888,0,2503,0
44890,0,2501,0
44892,0,2503,0
44894,0,2505,0
44896,1676,2496,1
44898,0,2504,0
44900,0,2503,0
44902,0,2503,0
44904,0,2503,0
44906,0,2501,0
44908,0,2504,0
44910,0,2505,0
44912,0,2505,0
44914,0,2501,0
44916,0,2507,0
44918,0,2503,0
44920,0,2503,0
44922,0,2503,0
44924,0,2505,0
44926,0,2503,0
44928,0,2503,0
44930,0,2501,0
44932,0,2504,0
44934,0,2502,0
44936,1674,2495,1
44938,0,2503,0
44940,0,2506,0
44942,0,2503,0
44944,0,2503,0
44946,0,2503,0
44948,0,2503,0
44950,0,2503,0
44952,0,2504,0
44954,0,2504,0
44956,0,2505,0
44958,0,2503,0
44960,0,2503,0
44962,0,2504,0
44964,0,2501,0
44966,0,2503,0
44968,0,2503,0
44970,0,2504,0
44972,0,2505,0
44974,0,2504,0
44976,1694,2504,1
44978,0,2503,0
44980,0,2503,0
44982,0,2503,0
44984,0,2503,0
44986,0,2503,0
44988,0,2502,0
44990,0,2503,0
44992,0,2502,0
44994,0,2504,0
44996,0,2505,0
44998,0,2501,0
45000,0,2503,0
45002,0,2502,0
45004,0,2502,0
45006,0,2503,0
45008,0,2503,0
45010,0,2503,0
45012,0,2505,0
45014,0,2504,0
45016,1706,2503,1
45018,0,2504,0
45020,0,2505,0
45022,0,2502,0
45024,0,2503,0
45026,0,2504,0
45028,0,2504,0
45030,0,2503,0
45032,0,2503,0
45034,0,2503,0
45036,0,2504,0
45038,0,2503,0
45040,0,2503,0
45042,0,2504,0
45044,0,2501,0
45046,0,2503,0
45048,0,2503,0
45050,0,2503,0
45052,0,2502,0
45054,0,2505,0
45056,1663,2494,1
45058,0,2493,0
45060,0,2503,0
45062,0,2504,0
45064,0,2505,0
45066,0,2504,0
45068,0,2501,0
45070,0,2504,0
45072,0,2502,0
45074,0,2505,0
45076,0,2504,0
45078,0,2507,0
45080,0,2503,0
45082,0,2505,0
45084,0,2504,0
45086,0,2500,0
45088,0,2501,0
45090,0,2503,0
45092,0,2503,0
45094,0,2503,0
45096,1654,2505,1
45098,0,2505,0
45100,0,2505,0
45102,0,2503,0
45104,0,2503,0
45106,0,2503,0
45108,0,2495,0
45110,0,2503,0
45112,0,2503,0
45114,0,2503,0
45116,0,2504,0
45118,0,2502,0
45120,0,2503,0
45122,0,2503,0
45124,0,2503,0
45126,0,2503,0
45128,0,2504,0
45130,0,2503,0
45132,0,2504,0
45134,1664,2503,1
45136,0,2503,0
45138,0,2503,0
45140,0,2501,0
45142,0,2505,0
45144,0,2504,0
45146,0,2503,0
45148,0,2504,0
45150,0,2503,0
45152,0,2503,0
45154,0,2503,0
45156,0,2501,0
45158,0,2503,0
45160,0,2503,0
45162,0,2502,0
45164,0,2504,0
45166,0,2505,0
45168,0,2503,0
45170,0,2503,0
45172,0,2504,0
45174,1672,2504,1
45176,0,2505,0
45178,0,2504,0
45180,0,2503,0
45182,0,2505,0
45184,0,2503,0
45186,0,2501,0
45188,0,2504,0
45190,0,2503,0
45192,0,2503,0
45194,0,2503,0
45196,0,2504,0
45198,0,2503,0
45200,0,2505,0
45202,0,2504,0
45204,0,2505,0
45206,0,2503,0
45208,0,2505,0
45210,0,2495,0
45212,0,2503,0
45214,1681,2505,1
45216,0,2502,0
45218,0,2503,0
45220,0,2503,0
45222,0,2503,0
45224,0,2504,0
45226,0,2503,0
45228,0,2503,0
45230,0,2503,0
45232,0,2504,0
45234,0,2505,0
45236,0,2503,0
45238,0,2504,0
45240,0,2507,0
45242,0,2505,0
45244,0,2503,0
45246,0,2503,0
45248,0,2504,0
45250,0,2506,0
45252,0,2501,0
45254,1673,2503,1
45256,0,2503,0
45258,0,2505,0
45260,0,2504,0
45262,0,2503,0
45264,0,2503,0
45266,0,2504,0
45268,0,2503,0
45270,0,2503,0
45272,0,2502,0
45274,0,2501,0
45276,0,2503,0
45278,0,2503,0
45280,0,2504,0
45282,0,2503,0
45284,0,2503,0
45286,0,2503,0
45288,0,2503,0
45290,0,2501,0
45292,0,2502,0
45294,1675,2504,1
45296,0,2504,0
45298,0,2503,0
45300,0,2505,0
45302,0,2503,0
45304,0,2503,0
45306,0,2505,0
45308,0,2503,0
45310,0,2505,0
45312,0,2503,0
45314,0,2505,0
45316,0,2505,0
45318,0,2503,0
45320,0,2505,0
45322,0,2503,0
45324,0,2504,0
45326,0,2504,0
45328,0,2495,0
45330,0,2501,0
45332,0,2503,0
45334,1678,2503,1
45336,0,2503,0
45338,0,2505,0
45340,0,2505,0
45342,0,2495,0
45344,0,2505,0
45346,0,2501,0
45348,0,2503,0
45350,0,2503,0
45352,0,2505,0
45354,0,2504,0
45356,0,2504,0
45358,0,2491,0
45360,0,2505,0
45362,0,2503,0
45364,0,2504,0
45366,0,2505,0
45368,0,2503,0
45370,0,2502,0
45372,0,2503,0
45374,1704,2503,1
45376,0,2503,0
45378,0,2503,0
45380,0,2503,0
45382,0,2503,0
45384,0,2503,0
45386,0,2505,0
45388,0,2505,0
45390,0,2504,0
45392,0,2505,0
45394,0,2505,0
45396,0,2505,0
45398,0,2505,0
45400,0,2503,0
45402,0,2504,0
45404,0,2503,0
45406,0,2504,0
45408,0,2503,0
45410,0,2505,0
45412,0,2503,0
45414,1693,2503,1
45416,0,2503,0
45418,0,2503,0
45420,0,2503,0
45422,0,2503,0
45424,0,2501,0
45426,0,2504,0
45428,0,2503,0
45430,0,2505,0
45432,0,2506,0
45434,0,2503,0
45436,0,2504,0
45438,0,2503,0
45440,0,2501,0
45442,0,2503,0
45444,0,2504,0
45446,0,2503,0
45448,0,2503,0
45450,0,2504,0
45452,0,2505,0
45454,1652,2504,1
45456,0,2503,0
45458,0,2505,0
45460,0,2503,0
45462,0,2503,0
45464,0,2503,0
45466,0,2503,0
45468,0,2503,0
45470,0,2505,0
45472,0,2504,0
45474,0,2505,0
45476,0,2496,0
45478,0,2501,0
45480,0,2504,0
45482,0,2504,0
45484,0,2503,0
45486,0,2503,0
45488,0,2503,0
45490,0,2504,0
45492,0,2503,0
45494,1654,2503,1
45496,0,2503,0
45498,0,2503,0
45500,0,2496,0
45502,0,2504,0
45504,0,2503,0
45506,0,2503,0
45508,0,2503,0
45510,0,2503,0
45512,0,2503,0
45514,0,2503,0
45516,0,2504,0
45518,0,2504,0
45520,0,2505,0
45522,0,2503,0
45524,0,2503,0
45526,0,2503,0
45528,0,2503,0
45530,0,2505,0
45532,1669,2506,1
45534,0,2505,0
45536,0,2502,0
45538,0,2503,0
45540,0,2504,0
45542,0,2502,0
45544,0,2502,0
45546,0,2504,0
45548,0,2504,0
45550,0,2504,0
45552,0,2505,0
45554,0,2504,0
45556,0,2503,0
45558,0,2503,0
45560,0,2504,0
45562,0,2505,0
45564,0,2502,0
45566,0,2505,0
45568,0,2503,0
45570,0,2505,0
45572,1670,2505,1
45574,0,2495,0
45576,0,2504,0
45578,0,2503,0
45580,0,2503,0
45582,0,2505,0
45584,0,2505,0
45586,0,2502,0
45588,0,2503,0
45590,0,2505,0
45592,0,2504,0
45594,0,2503,0
45596,0,2504,0
45598,0,2503,0
45600,0,2504,0
45602,0,2503,0
45604,0,2503,0
45606,0,2502,0
45608,0,2505,0
45610,0,2502,0
45612,1677,2503,1
45614,0,2505,0
45616,0,2502,0
45618,0,2504,0
45620,0,2505,0
45622,0,2503,0
45624,0,2507,0
45626,0,2504,0
45628,0,2503,0
45630,0,2503,0
45632,0,2503,0
45634,0,2501,0
45636,0,2504,0
45638,0,2503,0
45640,0,2503,0
45642,0,2503,0
45644,0,2503,0
45646,0,2504,0
45648,0,2505,0
45650,0,2504,0
45652,1675,2505,1
45654,0,2505,0
45656,0,2504,0
45658,0,2503,0
45660,0,2505,0
45662,0,2503,0
45664,0,2503,0
45666,0,2505,0
45668,0,2504,0
45670,0,2503,0
45672,0,2504,0
45674,0,2502,0
45676,0,2502,0
45678,0,2495,0
45680,0,2507,0
45682,0,2504,0
45684,0,2503,0
45686,0,2505,0
45688,0,2503,0
45690,0,2503,0
45692,1674,2503,1
45694,0,2503,0
45696,0,2503,0
45698,0,2503,0
45700,0,2503,0
45702,0,2505,0
45704,0,2503,0
45706,0,2503,0
45708,0,2503,0
45710,0,2493,0
45712,0,2505,0
45714,0,2504,0
45716,0,2504,0
45718,0,2503,0
45720,0,2505,0
45722,0,2503,0
45724,0,2505,0
45726,0,2504,0
45728,0,2503,0
45730,0,2502,0
45732,1690,2505,1
45734,0,2505,0
45736,0,2503,0
45738,0,2501,0
45741,0,2503,0
45743,0,2504,0
45745,0,2503,0
45747,0,2504,0
45749,0,2501,0
45751,0,2504,0
45753,0,2505,0
45755,0,2504,0
45757,0,2501,0
45759,0,2502,0
45761,0,2504,0
45763,0,2503,0
45765,0,2504,0
45767,0,2503,0
45769,0,2504,0
45771,0,2504,0
45773,1703,2504,1
45775,0,2505,0
45777,0,2503,0
45779,0,2505,0
45781,0,2503,0
45783,0,2504,0
45785,0,2505,0
45787,0,2503,0
45789,0,2504,0
45791,0,2503,0
45793,0,2504,0
45795,0,2504,0
45797,0,2504,0
45799,0,2503,0
45801,0,2503,0
45803,0,2505,0
45805,0,2503,0
45807,0,2504,0
45809,0,2503,0
45811,0,2503,0
45813,1671,2503,1
45815,0,2504,0
45817,0,2503,0
45819,0,2504,0
45821,0,2504,0
45823,0,2502,0
45825,0,2503,0
45827,0,2503,0
45829,0,2504,0
45831,0,2504,0
45833,0,2505,0
45835,0,2505,0
45837,0,2503,0
45839,0,2504,0
45841,0,2504,0
45843,0,2503,0
45845,0,2503,0
45847,0,2503,0
45849,0,2503,0
45851,0,2503,0
45853,1652,2504,1
45855,0,2503,0
45857,0,2503,0
45859,0,2503,0
45861,0,2503,0
45863,0,2502,0
45865,0,2503,0
45867,0,2504,0
45869,0,2505,0
45871,0,2503,0
45873,0,2505,0
45875,0,2504,0
45877,0,2505,0
45879,0,2503,0
45881,0,2504,0
45883,0,2503,0
45885,0,2505,0
45887,0,2504,0
45889,0,2504,0
45891,1669,2503,1
45893,0,2505,0
45895,0,2504,0
45897,0,2503,0
45899,0,2503,0
45901,0,2505,0
45903,0,2503,0
45905,0,2503,0
45907,0,2503,0
45909,0,2504,0
45911,0,2501,0
45913,0,2503,0
45915,0,2503,0
45917,0,2502,0
45919,0,2502,0
45921,0,2505,0
45923,0,2504,0
45925,0,2504,0
45927,0,2503,0
45929,0,2502,0
45931,1683,2495,1
45933,0,2503,0
45935,0,2504,0
45937,0,2503,0
45939,0,2505,0
45941,0,2503,0
45943,0,2507,0
45945,0,2505,0
45947,0,2504,0
45949,0,2504,0
45951,0,2504,0
45953,0,2504,0
45955,0,2505,0
45957,0,2503,0
45959,0,2503,0
45961,0,2503,0
45963,0,2505,0
45965,0,2503,0
45967,0,2504,0
45969,0,2503,0
45971,1683,2503,1
45973,0,2505,0
45975,0,2501,0
45977,0,2503,0
45979,0,2504,0
45981,0,2505,0
45983,0,2504,0
45985,0,2505,0
45987,0,2503,0
45989,0,2503,0
45991,0,2503,0
45993,0,2504,0
45995,0,2503,0
45997,0,2505,0
45999,0,2504,0
46001,0,2503,0
46003,0,2503,0
46005,0,2503,0
46007,0,2503,0
46009,0,2504,0
46011,1684,2504,1
46013,0,2503,0
46015,0,2505,0
46017,0,2503,0
46019,0,2503,0
46021,0,2504,0
46023,0,2504,0
46025,0,2503,0
46027,0,2503,0
46029,0,2504,0
46031,0,2504,0
46033,0,2503,0
46035,0,2503,0
46037,0,2503,0
46039,0,2503,0
46041,0,2496,0
46043,0,2502,0
46045,0,2503,0
46047,0,2503,0
46049,0,2503,0
46051,1684,2503,1
46053,0,2503,0
46055,0,2503,0
46057,0,2503,0
46059,0,2504,0
46061,0,2503,0
46063,0,2503,0
46065,0,2503,0
46067,0,2503,0
46069,0,2503,0
46071,0,2503,0
46073,0,2502,0
46075,0,2503,0
46077,0,2503,0
46079,0,2503,0
46081,0,2501,0
46083,0,2503,0
46085,0,2503,0
46087,0,2503,0
46089,0,2503,0
46091,1679,2504,1
46093,0,2503,0
46095,0,2503,0
46097,0,2503,0
46099,0,2503,0
46101,0,2504,0
46103,0,2503,0
46105,0,2501,0
46107,0,2503,0
46109,0,2503,0
46111,0,2503,0
46113,0,2502,0
46115,0,2501,0
46117,0,2505,0
46119,0,2503,0
46121,0,2503,0
46123,0,2503,0
46125,0,2503,0
46127,0,2503,0
46129,0,2503,0
46131,1700,2503,1
46133,0,2503,0
46135,0,2503,0
46137,0,2505,0
46139,0,2504,0
46141,0,2503,0
46143,0,2504,0
46145,0,2504,0
46147,0,2503,0
46149,0,2501,0
46151,0,2501,0
46153,0,2505,0
46155,0,2504,0
46157,0,2503,0
46159,0,2502,0
46161,0,2502,0
46163,0,2503,0
46165,0,2507,0
46167,0,2503,0
46169,0,2501,0
46171,1706,2503,1
46173,0,2502,0
46175,0,2503,0
46177,0,2503,0
46179,0,2501,0
46181,0,2503,0
46183,0,2501,0
46185,0,2504,0
46187,0,2496,0
46189,0,2503,0
46191,0,2503,0
46193,0,2503,0
46195,0,2503,0
46197,0,2505,0
46199,0,2503,0
46201,0,2503,0
46203,0,2503,0
46205,0,2503,0
46207,0,2503,0
46209,0,2503,0
46211,1672,2503,1
46213,0,2503,0
46215,0,2503,0
46217,0,2503,0
46219,0,2505,0
46221,0,2504,0
46223,0,2503,0
46225,0,2503,0
46227,0,2503,0
46229,0,2503,0
46231,0,2501,0
46233,0,2504,0
46235,0,2504,0
46237,0,2503,0
46239,0,2503,0
46241,0,2503,0
46243,0,2501,0
46245,0,2503,0
46247,0,2503,0
46249,0,2503,0
46251,1657,2503,1
46253,0,2504,0
46255,0,2503,0
46257,0,2505,0
46259,0,2503,0
46261,0,2504,0
46263,0,2496,0
46265,0,2503,0
46267,0,2503,0
46269,0,2503,0
46271,0,2502,0
46273,0,2503,0
46275,0,2503,0
46277,0,2503,0
46279,0,2503,0
46281,0,2501,0
46283,0,2504,0
46285,0,2503,0
46287,0,2503,0
46289,1676,2503,1
46291,0,2503,0
46293,0,2504,0
46295,0,2502,0
46297,0,2503,0
46299,0,2503,0
46301,0,2503,0
46303,0,2503,0
46305,0,2504,0
46307,0,2503,0
46309,0,2501,0
46311,0,2503,0
46313,0,2503,0
46315,0,2503,0
46317,0,2502,0
46319,0,2495,0
46321,0,2503,0
46323,0,2504,0
46325,0,2505,0
46327,0,2505,0
46329,1684,2495,1
46331,0,2502,0
46333,0,2503,0
46335,0,2503,0
46337,0,2503,0
46339,0,2503,0
46341,0,2503,0
46343,0,2503,0
46345,0,2503,0
46347,0,2503,0
46349,0,2503,0
46351,0,2505,0
46353,0,2505,0
46355,0,2503,0
46357,0,2501,0
46359,0,2503,0
46361,0,2503,0
46363,0,2502,0
46365,0,2503,0
46367,0,2503,0
46369,1682,2503,1
46371,0,2503,0
46373,0,2503,0
46375,0,2503,0
46377,0,2503,0
46379,0,2503,0
46381,0,2503,0
46383,0,2501,0
46385,0,2495,0
46387,0,2503,0
46389,0,2505,0
46391,0,2503,0
46393,0,2503,0
46395,0,2490,0
46397,0,2503,0
46399,0,2503,0
46401,0,2503,0
46403,0,2503,0
46405,0,2503,0
46407,0,2507,0
46409,1676,2504,1
46411,0,2501,0
46413,0,2503,0
46415,0,2503,0
46417,0,2501,0
46419,0,2506,0
46421,0,2503,0
46423,0,2503,0
46425,0,2503,0
46427,0,2505,0
46429,0,2503,0
46431,0,2503,0
46433,0,2505,0
46435,0,2502,0
46437,0,2502,0
46439,0,2504,0
46441,0,2501,0
46443,0,2504,0
46445,0,2503,0
46447,0,2503,0
46449,1684,2503,1
46451,0,2505,0
46453,0,2504,0
46455,0,2503,0
46457,0,2504,0
46459,0,2502,0
46461,0,2505,0
46463,0,2503,0
46465,0,2504,0
46467,0,2504,0
46469,0,2502,0
46471,0,2507,0
46473,0,2505,0
46475,0,2504,0
46477,0,2502,0
46479,0,2505,0
46481,0,2503,0
46483,0,2504,0
46485,0,2503,0
46487,0,2503,0
46489,1677,2504,1
46491,0,2511,0
46493,0,2503,0
46495,0,2504,0
46497,0,2505,0
46499,0,2501,0
46501,0,2504,0
46503,0,2505,0
46505,0,2503,0
46507,0,2505,0
46509,0,2503,0
46511,0,2505,0
46513,0,2504,0
46515,0,2503,0
46517,0,2503,0
46519,0,2502,0
46521,0,2504,0
46523,0,2501,0
46525,0,2503,0
46527,0,2504,0
46529,1705,2503,1
46531,0,2502,0
46533,0,2508,0
46535,0,2503,0
46537,0,2505,0
46539,0,2505,0
46541,0,2503,0
46543,0,2505,0
46545,0,2504,0
46547,0,2503,0
46549,0,2504,0
46551,0,2505,0
46553,0,2505,0
46555,0,2504,0
46557,0,2504,0
46559,0,2501,0
46561,0,2503,0
46563,0,2503,0
46565,0,2503,0
46567,0,2503,0
46569,1702,2504,1
46571,0,2503,0
46573,0,2503,0
46575,0,2502,0
46577,0,2503,0
46579,0,2505,0
46581,0,2503,0
46583,0,2503,0
46585,0,2503,0
46587,0,2504,0
46589,0,2503,0
46591,0,2495,0
46593,0,2504,0
46595,0,2503,0
46597,0,2503,0
46599,0,2503,0
46601,0,2504,0
46603,0,2504,0
46605,0,2502,0
46607,0,2503,0
46609,1644,2504,1
46611,0,2503,0
46613,0,2505,0
46615,0,2503,0
46617,0,2502,0
46619,0,2504,0
46621,0,2503,0
46623,0,2502,0
46625,0,2504,0
46627,0,2503,0
46629,0,2502,0
46631,0,2502,0
46633,0,2503,0
46635,0,2503,0
46637,0,2505,0
46639,0,2503,0
46641,0,2504,0
46643,0,2503,0
46645,0,2503,0
46647,0,2503,0
46649,1655,2504,1
46651,0,2504,0
46653,0,2505,0
46655,0,2503,0
46657,0,2501,0
46659,0,2503,0
46661,0,2503,0
46663,0,2502,0
46665,0,2503,0
46667,0,2504,0
46669,0,2505,0
46671,0,2503,0
46673,0,2503,0
46675,0,2503,0
46677,0,2503,0
46679,0,2503,0
46681,0,2504,0
46683,0,2503,0
46685,0,2503,0
46687,1674,2505,1
46689,0,2505,0
46691,0,2503,0
46693,0,2504,0
46695,0,2501,0
46697,0,2502,0
46699,0,2502,0
46701,0,2503,0
46703,0,2503,0
46705,0,2501,0
46707,0,2501,0
46709,0,2503,0
46711,0,2503,0
46713,0,2503,0
46715,0,2503,0
46717,0,2495,0
46719,0,2503,0
46721,0,2501,0
46723,0,2502,0
46725,0,2503,0
46727,1673,2504,1
46729,0,2503,0
46731,0,2503,0
46733,0,2503,0
46735,0,2504,0
46737,0,2504,0
46739,0,2503,0
46741,0,2503,0
46743,0,2503,0
46745,0,2503,0
46747,0,2504,0
46749,0,2503,0
46751,0,2504,0
46753,0,2501,0
46755,0,2503,0
46757,0,2503,0
46759,0,2503,0
46761,0,2503,0
46763,0,2505,0
46765,0,2504,0
46767,1683,2503,1
46769,0,2505,0
46771,0,2504,0
46773,0,2504,0
46775,0,2503,0
46777,0,2504,0
46779,0,2503,0
46781,0,2503,0
46783,0,2502,0
46785,0,2503,0
46787,0,2503,0
46789,0,2503,0
46791,0,2505,0
46793,0,2503,0
46795,0,2504,0
46797,0,2505,0
46799,0,2505,0
46801,0,2503,0
46803,0,2505,0
46805,0,2501,0
46807,1670,2505,1
46809,0,2503,0
46811,0,2503,0
46813,0,2503,0
46815,0,2502,0
46817,0,2503,0
46819,0,2518,0
46821,0,2505,0
46823,0,2503,0
46825,0,2505,0
46827,0,2494,0
46829,0,2503,0
46831,0,2503,0
46833,0,2503,0
46835,0,2504,0
46837,0,2504,0
46839,0,2503,0
46841,0,2503,0
46843,0,2503,0
46845,0,2503,0
46847,1679,2504,1
46849,0,2503,0
46851,0,2503,0
46853,0,2503,0
46855,0,2504,0
46857,0,2504,0
46859,0,2507,0
46861,0,2503,0
46863,0,2503,0
46865,0,2503,0
46867,0,2504,0
46869,0,2504,0
46871,0,2503,0
46873,0,2503,0
46875,0,2503,0
46877,0,2502,0
46879,0,2502,0
46881,0,2502,0
46883,0,2504,0
46885,0,2503,0
46887,1689,2502,1
46889,0,2502,0
46891,0,2503,0
46893,0,2504,0
46895,0,2505,0
46897,0,2503,0
46899,0,2503,0
46901,0,2503,0
46903,0,2503,0
46905,0,2502,0
46907,0,2504,0
46909,0,2505,0
46911,0,2503,0
46913,0,2496,0
46915,0,2504,0
46917,0,2503,0
46919,0,2503,0
46921,0,2504,0
46923,0,2501,0
46925,0,2504,0
46927,1702,2503,1
46929,0,2501,0
46931,0,2503,0
46933,0,2499,0
46935,0,2505,0
46937,0,2504,0
46939,0,2504,0
46941,0,2503,0
46943,0,2505,0
46945,0,2503,0
46947,0,2503,0
46949,0,2503,0
46951,0,2502,0
46953,0,2503,0
46955,0,2505,0
46957,0,2504,0
46959,0,2503,0
46961,0,2501,0
46963,0,2505,0
46965,0,2505,0
46967,1676,2504,1
46969,0,2504,0
46971,0,2504,0
46973,0,2503,0
46975,0,2503,0
46977,0,2503,0
46979,0,2503,0
46981,0,2503,0
46983,0,2503,0
46985,0,2503,0
46987,0,2501,0
46989,0,2503,0
46991,0,2502,0
46993,0,2505,0
46995,0,2503,0
46997,0,2503,0
46999,0,2505,0
47001,0,2504,0
47003,0,2503,0
47005,0,2503,0
47007,1659,2505,1
47009,0,2504,0
47011,0,2502,0
47013,0,2503,0
47015,0,2503,0
47017,0,2503,0
47019,0,2503,0
47021,0,2511,0
47023,0,2501,0
47025,0,2504,0
47027,0,2504,0
47029,0,2503,0
47031,0,2502,0
47033,0,2495,0
47035,0,2503,0
47037,0,2503,0
47039,0,2503,0
47041,0,2503,0
47043,0,2503,0
47045,1663,2503,1
47047,0,2503,0
47049,0,2504,0
47051,0,2503,0
47053,0,2504,0
47055,0,2506,0
47057,0,2504,0
47059,0,2503,0
47061,0,2505,0
47063,0,2503,0
47065,0,2501,0
47067,0,2503,0
47069,0,2504,0
47071,0,2501,0
47073,0,2505,0
47075,0,2504,0
47077,0,2503,0
47079,0,2505,0
47081,0,2503,0
47083,0,2503,0
47085,1675,2503,1
47087,0,2503,0
47089,0,2505,0
47091,0,2503,0
47093,0,2503,0
47095,0,2502,0
47097,0,2505,0
47099,0,2503,0
47101,0,2505,0
47103,0,2505,0
47105,0,2503,0
47107,0,2504,0
47109,0,2504,0
47111,0,2503,0
47113,0,2503,0
47115,0,2505,0
47117,0,2495,0
47119,0,2505,0
47121,0,2503,0
47123,0,2503,0
47125,1681,2503,1
47127,0,2501,0
47129,0,2503,0
47131,0,2504,0
47133,0,2504,0
47135,0,2503,0
47137,0,2505,0
47139,0,2503,0
47141,0,2504,0
47143,0,2505,0
47145,0,2505,0
47147,0,2503,0
47149,0,2503,0
47151,0,2503,0
47153,0,2504,0
47155,0,2503,0
47157,0,2503,0
47159,0,2505,0
47161,0,2504,0
47163,0,2505,0
47165,1678,2503,1
47167,0,2504,0
47169,0,2505,0
47171,0,2489,0
47173,0,2501,0
47175,0,2504,0
47177,0,2505,0
47179,0,2503,0
47181,0,2509,0
47183,0,2504,0
47185,0,2502,0
47187,0,2503,0
47189,0,2505,0
47191,0,2505,0
47193,0,2488,0
47195,0,2505,0
47197,0,2505,0
47199,0,2509,0
47201,0,2503,0
47203,0,2505,0
47205,1676,2503,1
47207,0,2506,0
47209,0,2502,0
47211,0,2504,0
47213,0,2505,0
47215,0,2505,0
47217,0,2505,0
47219,0,2503,0
47221,0,2503,0
47223,0,2505,0
47225,0,2503,0
47227,0,2505,0
47229,0,2503,0
47231,0,2504,0
47233,0,2503,0
47235,0,2505,0
47237,0,2503,0
47239,0,2503,0
47241,0,2506,0
47243,0,2503,0
47245,1677,2503,1
47247,0,2501,0
47249,0,2505,0
47251,0,2502,0
47253,0,2504,0
47255,0,2501,0
47257,0,2503,0
47259,0,2503,0
47261,0,2503,0
47263,0,2504,0
47265,0,2503,0
47267,0,2504,0
47269,0,2503,0
47271,0,2503,0
47273,0,2504,0
47275,0,2504,0
47277,0,2505,0
47279,0,2504,0
47281,0,2504,0
47283,0,2502,0
47285,1705,2504,1
47287,0,2503,0
47289,0,2504,0
47291,0,2507,0
47293,0,2507,0
47295,0,2504,0
47297,0,2504,0
47299,0,2505,0
47301,0,2505,0
47303,0,2504,0
47305,0,2508,0
47307,0,2504,0
47309,0,2505,0
47311,0,2505,0
47313,0,2493,0
47315,0,2505,0
47317,0,2504,0
47319,0,2503,0
47321,0,2504,0
47323,0,2505,0
47325,1699,2495,1
47327,0,2503,0
47329,0,2505,0
47331,0,2503,0
47333,0,2506,0
47335,0,2503,0
47337,0,2505,0
47339,0,2503,0
47341,0,2504,0
47343,0,2501,0
47345,0,2505,0
47347,0,2505,0
47349,0,2503,0
47351,0,2504,0
47353,0,2505,0
47355,0,2505,0
47357,0,2505,0
47359,0,2505,0
47361,0,2503,0
47363,0,2504,0
47365,1651,2505,1
47367,0,2503,0
47369,0,2503,0
47371,0,2503,0
47373,0,2505,0
47375,0,2509,0
47377,0,2505,0
47379,0,2503,0
47381,0,2505,0
47383,0,2505,0
47385,0,2503,0
47387,0,2504,0
47389,0,2503,0
47391,0,2505,0
47393,0,2504,0
47395,0,2507,0
47397,0,2507,0
47399,0,2503,0
47401,0,2504,0
47403,0,2496,0
47405,1655,2505,1
47407,0,2505,0
47409,0,2503,0
47411,0,2503,0
47413,0,2503,0
47415,0,2505,0
47417,0,2505,0
47419,0,2503,0
47421,0,2505,0
47423,0,2503,0
47425,0,2505,0
47427,0,2503,0
47429,0,2505,0
47431,0,2503,0
47433,0,2504,0
47435,0,2505,0
47437,0,2503,0
47439,0,2505,0
47441,0,2503,0
47443,1669,2504,1
47445,0,2503,0
47447,0,2505,0
47449,0,2503,0
47451,0,2505,0
47453,0,2505,0
47455,0,2504,0
47457,0,2503,0
47459,0,2505,0
47461,0,2504,0
47463,0,2504,0
47465,0,2504,0
47467,0,2503,0
47469,0,2507,0
47471,0,2505,0
47473,0,2504,0
47475,0,2505,0
47477,0,2505,0
47479,0,2505,0
47481,0,2504,0
47483,1676,2507,1
47485,0,2503,0
47487,0,2504,0
47489,0,2502,0
47491,0,2503,0
47493,0,2507,0
47495,0,2502,0
47497,0,2503,0
47499,0,2505,0
47501,0,2503,0
47503,0,2503,0
47505,0,2505,0
47507,0,2504,0
47509,0,2503,0
47511,0,2503,0
47513,0,2507,0
47515,0,2504,0
47517,0,2503,0
47519,0,2505,0
47521,0,2509,0
47523,1674,2504,1
47525,0,2503,0
47527,0,2503,0
47529,0,2504,0
47531,0,2503,0
47533,0,2505,0
47535,0,2504,0
47537,0,2501,0
47539,0,2501,0
47541,0,2504,0
47543,0,2517,0
47545,0,2503,0
47547,0,2503,0
47549,0,2503,0
47551,0,2503,0
47553,0,2515,0
47555,0,2503,0
47557,0,2504,0
47559,0,2503,0
47561,0,2505,0
47563,1674,2503,1
47565,0,2505,0
47567,0,2495,0
47569,0,2503,0
47571,0,2503,0
47573,0,2504,0
47575,0,2503,0
47577,0,2502,0
47579,0,2502,0
47581,0,2504,0
47583,0,2501,0
47585,0,2489,0
47587,0,2507,0
47589,0,2505,0
47591,0,2502,0
47593,0,2503,0
47595,0,2503,0
47597,0,2496,0
47599,0,2504,0
47602,0,2503,0
47604,1676,2503,1
47606,0,2503,0
47608,0,2507,0
47610,0,2504,0
47612,0,2503,0
47614,0,2504,0
47616,0,2503,0
47618,0,2503,0
47620,0,2504,0
47622,0,2503,0
47624,0,2503,0
47626,0,2503,0
47628,0,2500,0
47630,0,2496,0
47632,0,2504,0
47634,0,2503,0
47636,0,2503,0
47638,0,2503,0
47640,0,2502,0
47642,0,2503,0
47644,1684,2506,1
47646,0,2505,0
47648,0,2503,0
47650,0,2503,0
47652,0,2494,0
47654,0,2504,0
47656,0,2503,0
47658,0,2503,0
47660,0,2505,0
47662,0,2503,0
47664,0,2503,0
47666,0,2504,0
47668,0,2504,0
47670,0,2505,0
47672,0,2503,0
47674,0,2503,0
47676,0,2503,0
47678,0,2504,0
47680,0,2503,0
47682,0,2503,0
47684,1711,2503,1
47686,0,2504,0
47688,0,2503,0
47690,0,2504,0
47692,0,2503,0
47694,0,2502,0
47696,0,2504,0
47698,0,2506,0
47700,0,2503,0
47702,0,2501,0
47704,0,2503,0
47706,0,2505,0
47708,0,2503,0
47710,0,2501,0
47712,0,2503,0
47714,0,2503,0
47716,0,2503,0
47718,0,2503,0
47720,0,2503,0
47722,0,2503,0
47724,1686,2504,1
47726,0,2503,0
47728,0,2502,0
47730,0,2504,0
47732,0,2503,0
47734,0,2504,0
47736,0,2503,0
47738,0,2503,0
47740,0,2504,0
47742,0,2503,0
47744,0,2503,0
47746,0,2503,0
47748,0,2502,0
47750,0,2503,0
47752,0,2503,0
47754,0,2503,0
47756,0,2503,0
47758,0,2504,0
47760,0,2502,0
47762,0,2504,0
47764,1650,2504,1
47766,0,2504,0
47768,0,2503,0
47770,0,2503,0
47772,0,2503,0
47774,0,2505,0
47776,0,2504,0
47778,0,2503,0
47780,0,2501,0
47782,0,2503,0
47784,0,2503,0
47786,0,2505,0
47788,0,2503,0
47790,0,2503,0
47792,0,2503,0
47794,0,2503,0
47796,0,2503,0
47798,0,2501,0
47800,0,2504,0
47802,1652,2503,1
47804,0,2504,0
47806,0,2503,0
47808,0,2504,0
47810,0,2504,0
47812,0,2503,0
47814,0,2504,0
47816,0,2503,0
47818,0,2504,0
47820,0,2501,0
47822,0,2503,0
47824,0,2504,0
47826,0,2503,0
47828,0,2503,0
47830,0,2503,0
47832,0,2502,0
47834,0,2503,0
47836,0,2503,0
47838,0,2501,0
47840,0,2503,0
47842,1673,2505,1
47844,0,2503,0
47846,0,2505,0
47848,0,2503,0
47850,0,2505,0
47852,0,2503,0
47854,0,2508,0
47856,0,2504,0
47858,0,2503,0
47860,0,2502,0
47862,0,2503,0
47864,0,2503,0
47866,0,2503,0
47868,0,2504,0
47870,0,2501,0
47872,0,2503,0
47874,0,2501,0
47876,0,2505,0
47878,0,2505,0
47880,0,2501,0
47882,1680,2503,1
47884,0,2503,0
47886,0,2505,0
47888,0,2503,0
47890,0,2504,0
47892,0,2503,0
47894,0,2502,0
47896,0,2503,0
47898,0,2503,0
47900,0,2503,0
47902,0,2504,0
47904,0,2503,0
47906,0,2502,0
47908,0,2504,0
47910,0,2504,0
47912,0,2503,0
47914,0,2504,0
47916,0,2503,0
47918,0,2502,0
47920,0,2503,0
47922,1672,2503,1
47924,0,2503,0
47926,0,2503,0
47928,0,2503,0
47930,0,2503,0
47932,0,2505,0
47934,0,2503,0
47936,0,2503,0
47938,0,2502,0
47940,0,2503,0
47942,0,2503,0
47944,0,2503,0
47946,0,2503,0
47948,0,2504,0
47950,0,2503,0
47952,0,2503,0
47954,0,2501,0
47956,0,2503,0
47958,0,2503,0
47960,0,2505,0
47962,1672,2503,1
47964,0,2503,0
47966,0,2503,0
47968,0,2503,0
47970,0,2501,0
47972,0,2503,0
47974,0,2501,0
47976,0,2503,0
47978,0,2503,0
47980,0,2503,0
47982,0,2503,0
47984,0,2503,0
47986,0,2504,0
47988,0,2503,0
47990,0,2504,0
47992,0,2504,0
47994,0,2505,0
47996,0,2503,0
47998,0,2504,0
48000,0,2503,0
48002,1675,2504,1
48004,0,2503,0
48006,0,2503,0
48008,0,2503,0
48010,0,2503,0
48012,0,2504,0
48014,0,2503,0
48016,0,2503,0
48018,0,2503,0
48020,0,2504,0
48022,0,2501,0
48024,0,2496,0
48026,0,2500,0
48028,0,2503,0
48030,0,2503,0
48032,0,2503,0
48034,0,2504,0
48036,0,2504,0
48038,0,2503,0
48040,0,2503,0
48042,1692,2503,1
48044,0,2505,0
48046,0,2503,0
48048,0,2505,0
48050,0,2503,0
48052,0,2503,0
48054,0,2503,0
48056,0,2503,0
48058,0,2503,0
48060,0,2505,0
48062,0,2503,0
48064,0,2503,0
48066,0,2504,0
48068,0,2503,0
48070,0,2503,0
48072,0,2503,0
48074,0,2504,0
48076,0,2503,0
48078,0,2503,0
48080,0,2503,0
48082,1702,2503,1
48084,0,2503,0
48086,0,2503,0
48088,0,2509,0
48090,0,2504,0
48092,0,2504,0
48094,0,2505,0
48096,0,2503,0
48098,0,2503,0
48100,0,2503,0
48102,0,2502,0
48104,0,2503,0
48106,0,2504,0
48108,0,2503,0
48110,0,2503,0
48112,0,2501,0
48114,0,2504,0
48116,0,2504,0
48118,0,2504,0
48120,0,2503,0
48122,1676,2503,1
48124,0,2503,0
48126,0,2503,0
48128,0,2504,0
48130,0,2503,0
48132,0,2503,0
48134,0,2503,0
48136,0,2505,0
48138,0,2504,0
48140,0,2504,0
48142,0,2503,0
48144,0,2503,0
48146,0,2503,0
48148,0,2503,0
48150,0,2505,0
48152,0,2504,0
48154,0,2504,0
48156,0,2504,0
48158,0,2503,0
48160,0,2503,0
48162,1655,2503,1
48164,0,2503,0
48166,0,2502,0
48168,0,2504,0
48170,0,2503,0
48172,0,2503,0
48174,0,2503,0
48176,0,2504,0
48178,0,2505,0
48180,0,2505,0
48182,0,2502,0
48184,0,2505,0
48186,0,2504,0
48188,0,2503,0
48190,0,2503,0
48192,0,2504,0
48194,0,2503,0
48196,0,2505,0
48198,0,2504,0
48200,1672,2505,1
48202,0,2505,0
48204,0,2505,0
48206,0,2507,0
48208,0,2504,0
48210,0,2503,0
48212,0,2503,0
48214,0,2504,0
48216,0,2503,0
48218,0,2503,0
48220,0,2505,0
48222,0,2503,0
48224,0,2504,0
48226,0,2496,0
48228,0,2493,0
48230,0,2503,0
48232,0,2504,0
48234,0,2504,0
48236,0,2505,0
48238,0,2505,0
48240,1677,2504,1
48242,0,2503,0
48244,0,2504,0
48246,0,2505,0
48248,0,2503,0
48250,0,2503,0
48252,0,2503,0
48254,0,2504,0
48256,0,2505,0
48258,0,2504,0
48260,0,2503,0
48262,0,2502,0
48264,0,2503,0
48266,0,2503,0
48268,0,2503,0
48270,0,2504,0
48272,0,2502,0
48274,0,2505,0
48276,0,2505,0
48278,0,2505,0
48280,1671,2504,1
48282,0,2505,0
48284,0,2517,0
48286,0,2503,0
48288,0,2505,0
48290,0,2504,0
48292,0,2504,0
48294,0,2503,0
48296,0,2504,0
48298,0,2505,0
48300,0,2502,0
48302,0,2503,0
48304,0,2505,0
48306,0,2503,0
48308,0,2504,0
48310,0,2504,0
48312,0,2503,0
48314,0,2504,0
48316,0,2510,0
48318,0,2503,0
48320,1675,2503,1
48322,0,2504,0
48324,0,2503,0
48326,0,2503,0
48328,0,2503,0
48330,0,2505,0
48332,0,2505,0
48334,0,2503,0
48336,0,2504,0
48338,0,2504,0
48340,0,2503,0
48342,0,2503,0
48344,0,2505,0
48346,0,2503,0
48348,0,2502,0
48350,0,2502,0
48352,0,2503,0
48354,0,2503,0
48356,0,2503,0
48358,0,2505,0
48360,1676,2503,1
48362,0,2503,0
48364,0,2504,0
48366,0,2500,0
48368,0,2501,0
48370,0,2503,0
48372,0,2503,0
48374,0,2504,0
48376,0,2503,0
48378,0,2503,0
48380,0,2505,0
48382,0,2503,0
48384,0,2503,0
48386,0,2503,0
48388,0,2503,0
48390,0,2503,0
48392,0,2504,0
48394,0,2503,0
48396,0,2503,0
48398,0,2504,0
48400,1680,2505,1
48402,0,2504,0
48404,0,2503,0
48406,0,2502,0
48408,0,2503,0
48410,0,2504,0
48412,0,2504,0
48414,0,2504,0
48416,0,2503,0
48418,0,2502,0
48420,0,2503,0
48422,0,2501,0
48424,0,2501,0
48426,0,2503,0
48428,0,2505,0
48430,0,2503,0
48432,0,2502,0
48434,0,2503,0
48436,0,2504,0
48438,0,2502,0
48440,1703,2503,1
48442,0,2503,0
48444,0,2503,0
48446,0,2505,0
48448,0,2503,0
48450,0,2504,0
48452,0,2503,0
48454,0,2503,0
48456,0,2503,0
48458,0,2502,0
48460,0,2503,0
48462,0,2503,0
48464,0,2504,0
48466,0,2501,0
48468,0,2502,0
48470,0,2503,0
48472,0,2503,0
48474,0,2501,0
48476,0,2501,0
48478,0,2499,0
48480,1704,2503,1
48482,0,2503,0
48484,0,2503,0
48486,0,2504,0
48488,0,2503,0
48490,0,2503,0
48492,0,2504,0
48494,0,2503,0
48496,0,2503,0
48498,0,2503,0
48500,0,2495,0
48502,0,2502,0
48504,0,2503,0
48506,0,2503,0
48508,0,2504,0
48510,0,2503,0
48512,0,2503,0
48514,0,2501,0
48516,0,2504,0
48518,0,2503,0
48520,1661,2507,1
48522,0,2503,0
48524,0,2505,0
48526,0,2501,0
48528,0,2503,0
48530,0,2502,0
48532,0,2495,0
48534,0,2504,0
48536,0,2505,0
48538,0,2500,0
48540,0,2500,0
48542,0,2505,0
48544,0,2503,0
48546,0,2503,0
48548,0,2504,0
48550,0,2503,0
48552,0,2501,0
48554,0,2503,0
48556,0,2503,0
48558,0,2503,0
48560,1651,2503,1
48562,0,2503,0
48564,0,2503,0
48566,0,2503,0
48568,0,2502,0
48570,0,2502,0
48572,0,2503,0
48574,0,2502,0
48576,0,2502,0
48578,0,2504,0
48580,0,2502,0
48582,0,2504,0
48584,0,2503,0
48586,0,2503,0
48588,0,2502,0
48590,0,2503,0
48592,0,2503,0
48594,0,2502,0
48596,0,2503,0
48598,1670,2503,1
48600,0,2503,0
48602,0,2503,0
48604,0,2503,0
48606,0,2505,0
48608,0,2501,0
48610,0,2501,0
48612,0,2503,0
48614,0,2503,0
48616,0,2503,0
48618,0,2505,0
48620,0,2503,0
48622,0,2503,0
48624,0,2503,0
48626,0,2495,0
48628,0,2503,0
48630,0,2504,0
48632,0,2501,0
48634,0,2504,0
48636,0,2505,0
48638,1676,2503,1
48640,0,2503,0
48642,0,2502,0
48644,0,2504,0
48646,0,2502,0
48648,0,2503,0
48650,0,2501,0
48652,0,2504,0
48654,0,2503,0
48656,0,2503,0
48658,0,2503,0
48660,0,2503,0
48662,0,2501,0
48664,0,2501,0
48666,0,2503,0
48668,0,2503,0
48670,0,2503,0
48672,0,2504,0
48674,0,2503,0
48676,0,2496,0
48678,1681,2503,1
48680,0,2502,0
48682,0,2503,0
48684,0,2503,0
48686,0,2501,0
48688,0,2501,0
48690,0,2503,0
48692,0,2503,0
48694,0,2503,0
48696,0,2503,0
48698,0,2503,0
48700,0,2503,0
48702,0,2503,0
48704,0,2503,0
48706,0,2503,0
48708,0,2502,0
48710,0,2503,0
48712,0,2503,0
48714,0,2501,0
48716,0,2501,0
48718,1680,2503,1
48720,0,2501,0
48722,0,2495,0
48724,0,2503,0
48726,0,2503,0
48728,0,2503,0
48730,0,2503,0
48732,0,2502,0
48734,0,2504,0
48736,0,2503,0
48738,0,2503,0
48740,0,2503,0
48742,0,2503,0
48744,0,2503,0
48746,0,2503,0
48748,0,2505,0
48750,0,2502,0
48752,0,2495,0
48754,0,2496,0
48756,0,2503,0
48758,1677,2503,1
48760,0,2502,0
48762,0,2504,0
48764,0,2503,0
48766,0,2503,0
48768,0,2503,0
48770,0,2504,0
48772,0,2503,0
48774,0,2505,0
48776,0,2505,0
48778,0,2503,0
48780,0,2503,0
48782,0,2503,0
48784,0,2503,0
48786,0,2505,0
48788,0,2504,0
48790,0,2505,0
48792,0,2505,0
48794,0,2504,0
48796,0,2503,0
48798,1683,2504,1
48800,0,2503,0
48802,0,2503,0
48804,0,2503,0
48806,0,2502,0
48808,0,2502,0
48810,0,2502,0
48812,0,2503,0
48814,0,2502,0
48816,0,2495,0
48818,0,2503,0
48820,0,2503,0
48822,0,2503,0
48824,0,2503,0
48826,0,2503,0
48828,0,2503,0
48830,0,2503,0
48832,0,2503,0
48834,0,2503,0
48836,0,2507,0
48838,1713,2501,1
48840,0,2503,0
48842,0,2503,0
48844,0,2503,0
48846,0,2503,0
48848,0,2501,0
48850,0,2503,0
48852,0,2503,0
48854,0,2504,0
48856,0,2505,0
48858,0,2504,0
48860,0,2503,0
48862,0,2503,0
48864,0,2501,0
48866,0,2503,0
48868,0,2504,0
48870,0,2507,0
48872,0,2503,0
48874,0,2501,0
48876,0,2505,0
48878,1702,2503,1
48880,0,2501,0
48882,0,2503,0
48884,0,2501,0
48886,0,2504,0
48888,0,2503,0
48890,0,2507,0
48892,0,2503,0
48894,0,2504,0
48896,0,2504,0
48898,0,2503,0
48900,0,2503,0
48902,0,2501,0
48904,0,2505,0
48906,0,2505,0
48908,0,2503,0
48910,0,2501,0
48912,0,2502,0
48914,0,2503,0
48916,0,2501,0
48918,1654,2503,1
48920,0,2505,0
48922,0,2505,0
48924,0,2503,0
48926,0,2503,0
48928,0,2504,0
48930,0,2504,0
48932,0,2503,0
48934,0,2503,0
48936,0,2502,0
48938,0,2502,0
48940,0,2501,0
48942,0,2503,0
48944,0,2503,0
48946,0,2504,0
48948,0,2496,0
48950,0,2504,0
48952,0,2501,0
48954,0,2503,0
48956,0,2502,0
48958,1668,2504,1
48960,0,2503,0
48962,0,2505,0
48964,0,2503,0
48966,0,2505,0
48968,0,2503,0
48970,0,2504,0
48972,0,2504,0
48974,0,2504,0
48976,0,2503,0
48978,0,2503,0
48980,0,2504,0
48982,0,2505,0
48984,0,2504,0
48986,0,2504,0
48988,0,2501,0
48990,0,2503,0
48992,0,2504,0
48994,0,2505,0
48996,1678,2501,1
48998,0,2502,0
49000,0,2504,0
49002,0,2503,0
49004,0,2505,0
49006,0,2503,0
49008,0,2503,0
49010,0,2503,0
49012,0,2495,0
49014,0,2504,0
49016,0,2503,0
49018,0,2503,0
49020,0,2505,0
49022,0,2504,0
49024,0,2503,0
49026,0,2504,0
49028,0,2504,0
49030,0,2502,0
49032,0,2505,0
49034,0,2503,0
49036,1686,2505,1
49038,0,2503,0
49040,0,2504,0
49042,0,2505,0
49044,0,2504,0
49046,0,2503,0
49048,0,2504,0
49050,0,2503,0
49052,0,2504,0
49054,0,2504,0
49056,0,2507,0
49058,0,2503,0
49060,0,2503,0
49062,0,2503,0
49064,0,2504,0
49066,0,2514,0
49068,0,2503,0
49070,0,2503,0
49072,0,2503,0
49074,0,2504,0
49076,1690,2505,1
49078,0,2505,0
49080,0,2503,0
49082,0,2503,0
49084,0,2502,0
49086,0,2503,0
49088,0,2504,0
49090,0,2504,0
49092,0,2503,0
49094,0,2504,0
49096,0,2489,0
49098,0,2504,0
49100,0,2503,0
49102,0,2504,0
49104,0,2505,0
49106,0,2503,0
49108,0,2503,0
49110,0,2503,0
49112,0,2505,0
49114,0,2503,0
49116,1689,2503,1
49118,0,2503,0
49120,0,2501,0
49122,0,2504,0
49124,0,2503,0
49126,0,2505,0
49128,0,2504,0
49130,0,2503,0
49132,0,2501,0
49134,0,2491,0
49136,0,2504,0
49138,0,2503,0
49140,0,2505,0
49142,0,2503,0
49144,0,2503,0
49146,0,2507,0
49148,0,2505,0
49150,0,2505,0
49152,0,2503,0
49154,0,2504,0
49156,1686,2504,1
49158,0,2503,0
49160,0,2505,0
49162,0,2503,0
49164,0,2505,0
49166,0,2502,0
49168,0,2503,0
49170,0,2505,0
49172,0,2504,0
49174,0,2504,0
49176,0,2504,0
49178,0,2505,0
49180,0,2505,0
49182,0,2503,0
49184,0,2504,0
49186,0,2505,0
49188,0,2503,0
49190,0,2489,0
49192,0,2503,0
49194,0,2504,0
49196,1708,2504,1
49198,0,2495,0
49200,0,2503,0
49202,0,2504,0
49204,0,2504,0
49206,0,2504,0
49208,0,2505,0
49210,0,2504,0
49212,0,2503,0
49214,0,2505,0
49216,0,2504,0
49218,0,2503,0
49220,0,2504,0
49222,0,2505,0
49224,0,2503,0
49226,0,2504,0
49228,0,2504,0
49230,0,2505,0
49232,0,2505,0
49234,0,2503,0
49236,1713,2503,1
49238,0,2503,0
49240,0,2502,0
49242,0,2504,0
49244,0,2504,0
49246,0,2503,0
49248,0,2504,0
49250,0,2503,0
49252,0,2503,0
49254,0,2503,0
49256,0,2504,0
49258,0,2505,0
49260,0,2504,0
49262,0,2505,0
49264,0,2509,0
49266,0,2505,0
49268,0,2504,0
49270,0,2503,0
49272,0,2503,0
49274,0,2505,0
49276,1680,2503,1
49278,0,2505,0
49280,0,2505,0
49282,0,2503,0
49284,0,2504,0
49286,0,2503,0
49288,0,2504,0
49290,0,2503,0
49292,0,2503,0
49294,0,2504,0
49296,0,2503,0
49298,0,2505,0
49300,0,2503,0
49302,0,2503,0
49304,0,2496,0
49306,0,2503,0
49308,0,2503,0
49310,0,2503,0
49312,0,2503,0
49314,0,2503,0
49316,1650,2503,1
49318,0,2502,0
49320,0,2504,0
49322,0,2503,0
49324,0,2503,0
49326,0,2504,0
49328,0,2505,0
49330,0,2504,0
49332,0,2505,0
49334,0,2501,0
49336,0,2507,0
49338,0,2504,0
49340,0,2503,0
49342,0,2504,0
49344,0,2504,0
49346,0,2506,0
49348,0,2509,0
49350,0,2504,0
49352,0,2503,0
49354,1668,2503,1
49356,0,2503,0
49358,0,2504,0
49360,0,2504,0
49362,0,2505,0
49364,0,2503,0
49366,0,2503,0
49368,0,2503,0
49370,0,2492,0
49372,0,2503,0
49374,0,2505,0
49376,0,2505,0
49378,0,2507,0
49380,0,2504,0
49382,0,2503,0
49384,0,2503,0
49386,0,2503,0
49388,0,2503,0
49390,0,2503,0
49392,0,2503,0
49394,1674,2505,1
49396,0,2504,0
49398,0,2503,0
49400,0,2504,0
49402,0,2505,0
49404,0,2504,0
49406,0,2504,0
49408,0,2503,0
49410,0,2504,0
49412,0,2503,0
49414,0,2503,0
49416,0,2505,0
49418,0,2504,0
49420,0,2505,0
49422,0,2503,0
49424,0,2503,0
49426,0,2505,0
49428,0,2505,0
49430,0,2504,0
49432,0,2504,0
49434,1678,2503,1
49436,0,2505,0
49438,0,2503,0
49440,0,2505,0
49442,0,2504,0
49444,0,2505,0
49446,0,2504,0
49448,0,2503,0
49450,0,2503,0
49452,0,2503,0
49454,0,2503,0
49456,0,2505,0
49458,0,2505,0
49461,0,2504,0
49463,0,2505,0
49465,0,2505,0
49467,0,2505,0
49469,0,2503,0
49471,0,2503,0
49473,0,2503,0
49475,1673,2503,1
49477,0,2503,0
49479,0,2503,0
49481,0,2505,0
49483,0,2503,0
49485,0,2502,0
49487,0,2503,0
49489,0,2503,0
49491,0,2503,0
49493,0,2503,0
49495,0,2504,0
49497,0,2502,0
49499,0,2503,0
49501,0,2504,0
49503,0,2503,0
49505,0,2504,0
49507,0,2504,0
49509,0,2504,0
49511,0,2503,0
49513,0,2503,0
49515,1674,2505,1
49517,0,2505,0
49519,0,2504,0
49521,0,2504,0
49523,0,2504,0
49525,0,2505,0
49527,0,2503,0
49529,0,2505,0
49531,0,2503,0
49533,0,2507,0
49535,0,2503,0
49537,0,2503,0
49539,0,2505,0
49541,0,2503,0
49543,0,2503,0
49545,0,2503,0
49547,0,2503,0
49549,0,2503,0
49551,0,2504,0
49553,0,2503,0
49555,1670,2504,1
49557,0,2504,0
49559,0,2505,0
49561,0,2503,0
49563,0,2505,0
49565,0,2503,0
49567,0,2504,0
49569,0,2495,0
49571,0,2503,0
49573,0,2505,0
49575,0,2503,0
49577,0,2504,0
49579,0,2506,0
49581,0,2504,0
49583,0,2503,0
49585,0,2504,0
49587,0,2505,0
49589,0,2504,0
49591,0,2503,0
49593,0,2503,0
49595,1699,2504,1
49597,0,2504,0
49599,0,2505,0
49601,0,2504,0
49603,0,2505,0
49605,0,2505,0
49607,0,2504,0
49609,0,2503,0
49611,0,2505,0
49613,0,2505,0
49615,0,2503,0
49617,0,2504,0
49619,0,2505,0
49621,0,2503,0
49623,0,2503,0
49625,0,2503,0
49627,0,2503,0
49629,0,2503,0
49631,0,2505,0
49633,0,2504,0
49635,1693,2504,1
49637,0,2505,0
49639,0,2503,0
49641,0,2503,0
49643,0,2504,0
49645,0,2505,0
49647,0,2503,0
49649,0,2503,0
49651,0,2504,0
49653,0,2503,0
49655,0,2504,0
49657,0,2503,0
49659,0,2504,0
49661,0,2503,0
49663,0,2505,0
49665,0,2505,0
49667,0,2503,0
49669,0,2503,0
49671,0,2503,0
49673,0,2503,0
49675,1662,2505,1
49677,0,2503,0
49679,0,2503,0
49681,0,2504,0
49683,0,2503,0
49685,0,2503,0
49687,0,2503,0
49689,0,2504,0
49691,0,2504,0
49693,0,2504,0
49695,0,2501,0
49697,0,2503,0
49699,0,2504,0
49701,0,2503,0
49703,0,2505,0
49705,0,2503,0
49707,0,2504,0
49709,0,2503,0
49711,0,2503,0
49713,0,2503,0
49715,1657,2503,1
49717,0,2504,0
49719,0,2503,0
49721,0,2505,0
49723,0,2504,0
49725,0,2503,0
49727,0,2503,0
49729,0,2505,0
49731,0,2496,0
49733,0,2503,0
49735,0,2503,0
49737,0,2503,0
49739,0,2503,0
49741,0,2505,0
49743,0,2506,0
49745,0,2495,0
49747,0,2502,0
49749,0,2503,0
49751,0,2501,0
49753,1669,2503,1
49755,0,2504,0
49757,0,2504,0
49759,0,2504,0
49761,0,2503,0
49763,0,2504,0
49765,0,2503,0
49767,0,2501,0
49769,0,2503,0
49771,0,2503,0
49773,0,2503,0
49775,0,2503,0
49777,0,2502,0
49779,0,2503,0
49781,0,2504,0
49783,0,2503,0
49785,0,2503,0
49787,0,2503,0
49789,0,2503,0
49791,0,2505,0
49793,1686,2504,1
49795,0,2505,0
49797,0,2502,0
49799,0,2503,0
49801,0,2505,0
49803,0,2504,0
49805,0,2504,0
49807,0,2505,0
49809,0,2503,0
49811,0,2505,0
49813,0,2503,0
49815,0,2504,0
49817,0,2509,0
49819,0,2505,0
49821,0,2504,0
49823,0,2503,0
49825,0,2503,0
49827,0,2503,0
49829,0,2510,0
49831,0,2505,0
49833,1697,2504,1
49835,0,2503,0
49837,0,2504,0
49839,0,2503,0
49841,0,2505,0
49843,0,2504,0
49845,0,2503,0
49847,0,2503,0
49849,0,2503,0
49851,0,2503,0
49853,0,2504,0
49855,0,2505,0
49857,0,2503,0
49859,0,2503,0
49861,0,2503,0
49863,0,2503,0
49865,0,2504,0
49867,0,2502,0
49869,0,2502,0
49871,0,2504,0
49873,1704,2503,1
49875,0,2503,0
49877,0,2503,0
49879,0,2503,0
49881,0,2503,0
49883,0,2504,0
49885,0,2504,0
49887,0,2503,0
49889,0,2501,0
49891,0,2503,0
49893,0,2503,0
49895,0,2505,0
49897,0,2503,0
49899,0,2503,0
49901,0,2503,0
49903,0,2501,0
49905,0,2503,0
49907,0,2502,0
49909,0,2504,0
49911,0,2505,0
49913,1698,2505,1
49915,0,2503,0
49917,0,2503,0
49919,0,2503,0
49921,0,2504,0
49923,0,2501,0
49925,0,2503,0
49927,0,2504,0
49929,0,2503,0
49931,0,2503,0
49933,0,2503,0
49935,0,2503,0
49937,0,2503,0
49939,0,2501,0
49941,0,2503,0
49943,0,2502,0
49945,0,2503,0
49947,0,2503,0
49949,0,2503,0
49951,0,2501,0
49953,1705,2503,1
49955,0,2503,0
49957,0,2503,0
49959,0,2503,0
49961,0,2500,0
49963,0,2503,0
49965,0,2503,0
49967,0,2503,0
49969,0,2501,0
49971,0,2504,0
49973,0,2504,0
49975,0,2503,0
49977,0,2503,0
49979,0,2505,0
49981,0,2505,0
49983,0,2503,0
49985,0,2504,0
49987,0,2501,0
49989,0,2503,0
49991,0,2503,0
49993,1732,2503,1
49995,0,2503,0
49997,0,2502,0
49999,0,2505,0
50001,0,2503,0
50003,0,2503,0
50005,0,2502,0
50007,0,2504,0
50009,0,2501,0
50011,0,2503,0
50013,0,2503,0
50015,0,2503,0
50017,0,2505,0
50019,0,2503,0
50021,0,2503,0
50023,0,2503,0
50025,0,2503,0
50027,0,2503,0
50029,0,2503,0
50031,0,2503,0
50033,1711,2503,1
50035,0,2503,0
50037,0,2503,0
50039,0,2504,0
50041,0,2503,0
50043,0,2504,0
50045,0,2501,0
50047,0,2504,0
50049,0,2502,0
50051,0,2503,0
50053,0,2503,0
50055,0,2502,0
50057,0,2503,0
50059,0,2496,0
50061,0,2503,0
50063,0,2503,0
50065,0,2503,0
50067,0,2503,0
50069,0,2503,0
50071,0,2504,0
50073,1672,2494,1
50075,0,2503,0
50077,0,2501,0
50079,0,2503,0
50081,0,2503,0
50083,0,2501,0
50085,0,2503,0
50087,0,2502,0
50089,0,2503,0
50091,0,2493,0
50093,0,2501,0
50095,0,2503,0
50097,0,2505,0
50099,0,2503,0
50101,0,2493,0
50103,0,2505,0
50105,0,2503,0
50107,0,2503,0
50109,0,2503,0
50111,1684,2505,1
50113,0,2503,0
50115,0,2503,0
50117,0,2503,0
50119,0,2503,0
50121,0,2505,0
50123,0,2503,0
50125,0,2503,0
50127,0,2501,0
50129,0,2502,0
50131,0,2503,0
50133,0,2503,0
50135,0,2503,0
50137,0,2503,0
50139,0,2503,0
50141,0,2503,0
50143,0,2493,0
50145,0,2503,0
50147,0,2503,0
50149,0,2503,0
50151,1707,2503,1
50153,0,2503,0
50155,0,2503,0
50157,0,2504,0
50159,0,2503,0
50161,0,2503,0
50163,0,2501,0
50165,0,2495,0
50167,0,2503,0
50169,0,2503,0
50171,0,2503,0
50173,0,2503,0
50175,0,2501,0
50177,0,2505,0
50179,0,2503,0
50181,0,2503,0
50183,0,2503,0
50185,0,2501,0
50187,0,2505,0
50189,0,2501,0
50191,1715,2503,1
50193,0,2503,0
50195,0,2503,0
50197,0,2502,0
50199,0,2503,0
50201,0,2504,0
50203,0,2505,0
50205,0,2503,0
50207,0,2503,0
50209,0,2503,0
50211,0,2503,0
50213,0,2503,0
50215,0,2503,0
50217,0,2503,0
50219,0,2503,0
50221,0,2501,0
50223,0,2503,0
50225,0,2503,0
50227,0,2503,0
50229,0,2501,0
50231,1704,2503,1
50233,0,2502,0
50235,0,2503,0
50237,0,2502,0
50239,0,2503,0
50241,0,2501,0
50243,0,2501,0
50245,0,2501,0
50247,0,2503,0
50249,0,2505,0
50251,0,2501,0
50253,0,2502,0
50255,0,2503,0
50257,0,2502,0
50259,0,2502,0
50261,0,2505,0
50263,0,2503,0
50265,0,2501,0
50267,0,2502,0
50269,0,2503,0
50271,1706,2503,1
50273,0,2503,0
50275,0,2503,0
50277,0,2503,0
50279,0,2503,0
50281,0,2503,0
50283,0,2503,0
50285,0,2505,0
50287,0,2503,0
50289,0,2503,0
50291,0,2503,0
50293,0,2501,0
50295,0,2503,0
50297,0,2503,0
50299,0,2502,0
50301,0,2503,0
50303,0,2502,0
50305,0,2503,0
50307,0,2501,0
50309,0,2503,0
50311,1702,2503,1
50313,0,2503,0
50315,0,2496,0
50317,0,2503,0
50319,0,2503,0
50321,0,2503,0
50323,0,2503,0
50325,0,2503,0
50327,0,2503,0
50329,0,2501,0
50331,0,2503,0
50333,0,2503,0
50335,0,2505,0
50337,0,2503,0
50339,0,2503,0
50341,0,2505,0
50343,0,2503,0
50345,0,2504,0
50347,0,2501,0
50349,0,2503,0
50351,1718,2501,1
50353,0,2503,0
50355,0,2517,0
50357,0,2502,0
50359,0,2502,0
50361,0,2503,0
50363,0,2503,0
50365,0,2501,0
50367,0,2503,0
50369,0,2495,0
50371,0,2503,0
50373,0,2502,0
50375,0,2505,0
50377,0,2502,0
50379,0,2503,0
50381,0,2504,0
50383,0,2504,0
50385,0,2503,0
50387,0,2502,0
50389,0,2505,0
50391,1735,2501,1
50393,0,2503,0
50395,0,2503,0
50397,0,2505,0
50399,0,2501,0
50401,0,2501,0
50403,0,2503,0
50405,0,2504,0
50407,0,2505,0
50409,0,2503,0
50411,0,2503,0
50413,0,2503,0
50415,0,2503,0
50417,0,2503,0
50419,0,2502,0
50421,0,2502,0
50423,0,2503,0
50425,0,2503,0
50427,0,2500,0
50429,0,2503,0
50431,1715,2505,1
50433,0,2504,0
50435,0,2503,0
50437,0,2502,0
50439,0,2503,0
50441,0,2503,0
50443,0,2504,0
50445,0,2503,0
50447,0,2503,0
50449,0,2517,0
50451,0,2503,0
50453,0,2503,0
50455,0,2503,0
50457,0,2503,0
50459,0,2505,0
50461,0,2503,0
50463,0,2503,0
50465,0,2503,0
50467,0,2503,0
50469,0,2502,0
50471,1696,2503,1
50473,0,2503,0
50475,0,2503,0
50477,0,2503,0
50479,0,2504,0
50481,0,2503,0
50483,0,2503,0
50485,0,2503,0
50487,0,2505,0
50489,0,2504,0
50491,0,2503,0
50493,0,2504,0
50495,0,2504,0
50497,0,2504,0
50499,0,2496,0
50501,0,2495,0
50503,0,2503,0
50505,0,2503,0
50507,0,2503,0
50509,1717,2503,1
50511,0,2502,0
50513,0,2503,0
50515,0,2504,0
50517,0,2503,0
50519,0,2503,0
50521,0,2503,0
50523,0,2503,0
50525,0,2503,0
50527,0,2503,0
50529,0,2505,0
50531,0,2503,0
50533,0,2503,0
50535,0,2505,0
50537,0,2503,0
50539,0,2503,0
50541,0,2503,0
50543,0,2503,0
50545,0,2505,0
50547,0,2503,0
50549,1723,2503,1
50551,0,2503,0
50553,0,2503,0
50555,0,2508,0
50557,0,2503,0
50559,0,2503,0
50561,0,2503,0
50563,0,2503,0
50565,0,2503,0
50567,0,2504,0
50569,0,2501,0
50571,0,2503,0
50573,0,2503,0
50575,0,2503,0
50577,0,2502,0
50579,0,2503,0
50581,0,2503,0
50583,0,2503,0
50585,0,2511,0
50587,0,2504,0
50589,1726,2503,1
50591,0,2503,0
50593,0,2501,0
50595,0,2503,0
50597,0,2503,0
50599,0,2504,0
50601,0,2502,0
50603,0,2503,0
50605,0,2503,0
50607,0,2503,0
50609,0,2503,0
50611,0,2496,0
50613,0,2505,0
50615,0,2503,0
50617,0,2503,0
50619,0,2503,0
50621,0,2505,0
50623,0,2503,0
50625,0,2504,0
50627,0,2504,0
50629,1738,2504,1
50631,0,2504,0
50633,0,2503,0
50635,0,2503,0
50637,0,2503,0
50639,0,2503,0
50641,0,2504,0
50643,0,2502,0
50645,0,2501,0
50647,0,2503,0
50649,0,2505,0
50651,0,2503,0
50653,0,2503,0
50655,0,2503,0
50657,0,2503,0
50659,0,2504,0
50661,0,2503,0
50663,0,2503,0
50665,0,2505,0
50667,0,2504,0
50669,1747,2503,1
50671,0,2505,0
50673,0,2503,0
50675,0,2503,0
50677,0,2503,0
50679,0,2504,0
50681,0,2504,0
50683,0,2504,0
50685,0,2504,0
50687,0,2504,0
50689,0,2503,0
50691,0,2501,0
50693,0,2503,0
50695,0,2503,0
50697,0,2503,0
50699,0,2503,0
50701,0,2506,0
50703,0,2503,0
50705,0,2503,0
50707,0,2503,0
50709,1748,2503,1
50711,0,2503,0
50713,0,2503,0
50715,0,2503,0
50717,0,2503,0
50719,0,2503,0
50721,0,2502,0
50723,0,2503,0
50725,0,2503,0
50727,0,2504,0
50729,0,2501,0
50731,0,2503,0
50733,0,2503,0
50735,0,2503,0
50737,0,2503,0
50739,0,2505,0
50741,0,2503,0
50743,0,2504,0
50745,0,2503,0
50747,0,2503,0
50749,1776,2505,1
50751,0,2503,0
50753,0,2501,0
50755,0,2504,0
50757,0,2504,0
50759,0,2504,0
50761,0,2503,0
50763,0,2503,0
50765,0,2501,0
50767,0,2503,0
50769,0,2503,0
50771,0,2503,0
50773,0,2505,0
50775,0,2505,0
50777,0,2504,0
50779,0,2503,0
50781,0,2503,0
50783,0,2500,0
50785,0,2503,0
50787,0,2505,0
50789,1775,2503,1
50791,0,2503,0
50793,0,2503,0
50795,0,2503,0
50797,0,2503,0
50799,0,2504,0
50801,0,2505,0
50803,0,2501,0
50805,0,2503,0
50807,0,2501,0
50809,0,2503,0
50811,0,2503,0
50813,0,2503,0
50815,0,2503,0
50817,0,2503,0
50819,0,2503,0
50821,0,2503,0
50823,0,2503,0
50825,0,2503,0
50827,0,2511,0
50829,1716,2503,1
50831,0,2504,0
50833,0,2504,0
50835,0,2504,0
50837,0,2503,0
50839,0,2503,0
50841,0,2503,0
50843,0,2503,0
50845,0,2501,0
50847,0,2503,0
50849,0,2505,0
50851,0,2504,0
50853,0,2504,0
50855,0,2503,0
50857,0,2504,0
50859,0,2503,0
50861,0,2504,0
50863,0,2503,0
50865,0,2504,0
50867,0,2505,0
50869,1712,2503,1
50871,0,2504,0
50873,0,2504,0
50875,0,2503,0
50877,0,2504,0
50879,0,2504,0
50881,0,2503,0
50883,0,2505,0
50885,0,2505,0
50887,0,2502,0
50889,0,2504,0
50891,0,2502,0
50893,0,2503,0
50895,0,2503,0
50897,0,2503,0
50899,0,2505,0
50901,0,2503,0
50903,0,2504,0
50905,0,2504,0
50907,1737,2502,1
50909,0,2493,0
50911,0,2503,0
50913,0,2504,0
50915,0,2503,0
50917,0,2504,0
50919,0,2504,0
50921,0,2504,0
50923,0,2505,0
50925,0,2503,0
50927,0,2503,0
50929,0,2503,0
50931,0,2503,0
50933,0,2504,0
50935,0,2505,0
50937,0,2503,0
50939,0,2503,0
50941,0,2503,0
50943,0,2504,0
50945,0,2504,0
50947,1738,2503,1
50949,0,2504,0
50951,0,2504,0
50953,0,2503,0
50955,0,2503,0
50957,0,2505,0
50959,0,2505,0
50961,0,2504,0
50963,0,2504,0
50965,0,2504,0
50967,0,2504,0
50969,0,2503,0
50971,0,2504,0
50973,0,2504,0
50975,0,2502,0
50977,0,2503,0
50979,0,2503,0
50981,0,2504,0
50983,0,2503,0
50985,0,2501,0
50987,1736,2501,1
50989,0,2505,0
50991,0,2503,0
50993,0,2502,0
50995,0,2503,0
50997,0,2502,0
50999,0,2504,0
51001,0,2503,0
51003,0,2503,0
51005,0,2500,0
51007,0,2496,0
51009,0,2503,0
51011,0,2503,0
51013,0,2503,0
51015,0,2503,0
51017,0,2503,0
51019,0,2496,0
51021,0,2505,0
51023,0,2503,0
51025,0,2504,0
51027,1735,2503,1
51029,0,2501,0
51031,0,2503,0
51033,0,2503,0
51035,0,2503,0
51037,0,2503,0
51039,0,2504,0
51041,0,2505,0
51043,0,2505,0
51045,0,2503,0
51047,0,2503,0
51049,0,2505,0
51051,0,2504,0
51053,0,2503,0
51055,0,2503,0
51057,0,2504,0
51059,0,2504,0
51061,0,2505,0
51063,0,2501,0
51065,0,2504,0
51067,1741,2503,1
51069,0,2504,0
51071,0,2505,0
51073,0,2503,0
51075,0,2504,0
51077,0,2502,0
51079,0,2505,0
51081,0,2504,0
51083,0,2503,0
51085,0,2503,0
51087,0,2503,0
51089,0,2504,0
51091,0,2501,0
51093,0,2503,0
51095,0,2503,0
51097,0,2504,0
51099,0,2503,0
51101,0,2503,0
51103,0,2503,0
51105,0,2503,0
51107,1739,2502,1
51109,0,2502,0
51111,0,2505,0
51113,0,2503,0
51115,0,2503,0
51117,0,2503,0
51119,0,2504,0
51121,0,2503,0
51123,0,2504,0
51125,0,2504,0
51127,0,2503,0
51129,0,2504,0
51131,0,2504,0
51133,0,2501,0
51135,0,2505,0
51137,0,2503,0
51139,0,2503,0
51141,0,2503,0
51143,0,2503,0
51145,0,2503,0
51147,1760,2503,1
51149,0,2505,0
51151,0,2503,0
51153,0,2504,0
51155,0,2504,0
51157,0,2503,0
51159,0,2504,0
51161,0,2503,0
51163,0,2504,0
51165,0,2504,0
51167,0,2503,0
51169,0,2503,0
51171,0,2503,0
51173,0,2504,0
51175,0,2503,0
51177,0,2503,0
51179,0,2503,0
51181,0,2503,0
51183,0,2501,0
51185,0,2502,0
51187,1729,2503,1
51189,0,2501,0
51191,0,2503,0
51193,0,2503,0
51195,0,2503,0
51197,0,2503,0
51199,0,2503,0
51201,0,2503,0
51203,0,2503,0
51205,0,2503,0
51207,0,2503,0
51209,0,2505,0
51211,0,2504,0
51213,0,2504,0
51215,0,2503,0
51217,0,2503,0
51219,0,2504,0
51221,0,2503,0
51223,0,2504,0
51225,0,2503,0
51227,1706,2507,1
51229,0,2491,0
51231,0,2485,0
51233,0,2455,0
51235,0,2425,0
51237,0,2395,0
51239,0,2364,0
51241,0,2335,0
51243,0,2308,0
51245,0,2279,0
51247,0,2251,0
51249,0,2221,0
51251,0,2199,0
51253,0,2167,0
51255,0,2141,0
51257,0,2119,0
51259,0,2091,0
51261,0,2067,0
51263,0,2038,0
51265,1718,2015,1
51267,0,1992,0
51269,0,1967,0
51271,0,1946,0
51273,0,1919,0
51275,0,1898,0
51277,0,1875,0
51279,0,1853,0
51281,0,1831,0
51283,0,1812,0
51285,0,1787,0
51287,0,1767,0
51289,0,1743,0
51291,0,1725,0
51293,0,1707,0
51295,0,1685,0
51297,0,1661,0
51299,0,1643,0
51301,0,1625,0
51303,0,1607,0
51305,1731,1587,1
51307,0,1571,0
51309,0,1549,0
51312,0,1528,0
51314,0,1524,0
51316,0,1507,0
51318,0,1491,0
51320,0,1469,0
51322,0,1466,0
51324,0,1459,0
51326,0,1443,0
51328,0,1427,0
51330,0,1405,0
51332,0,1388,0
51334,0,1381,0
51336,0,1359,0
51338,0,1339,0
51340,0,1326,0
51342,0,1309,0
51344,0,1295,0
51346,1734,1277,1
51348,0,1261,0
51350,0,1250,0
51352,0,1237,0
51354,0,1223,0
51356,0,1207,0
51358,0,1191,0
51360,0,1177,0
51362,0,1165,0
51364,0,1149,0
51366,0,1135,0
51368,0,1125,0
51370,0,1115,0
51372,0,1099,0
51374,0,1085,0
51376,0,1075,0
51378,0,1067,0
51380,0,1051,0
51382,0,1039,0
51384,0,1021,0
51386,1732,1013,1
51388,0,1000,0
51390,0,991,0
51392,0,979,0
51394,0,969,0
51396,0,955,0
51398,0,943,0
51400,0,937,0
51402,0,927,0
51404,0,919,0
51406,0,907,0
51408,0,893,0
51410,0,880,0
51412,0,876,0
51414,0,867,0
51416,0,859,0
51418,0,850,0
51420,0,835,0
51422,0,823,0
51424,0,829,0
51426,1740,853,1
51428,0,871,0
51430,0,887,0
51432,0,909,0
51434,0,927,0
51436,0,943,0
51438,0,967,0
51440,0,983,0
51442,0,1001,0
51444,0,1013,0
51446,0,1039,0
51448,0,1051,0
51450,0,1067,0
51452,0,1083,0
51454,0,1101,0
51456,0,1117,0
51458,0,1132,0
51460,0,1147,0
51462,0,1165,0
51464,0,1179,0
51466,1730,1197,1
51468,0,1209,0
51470,0,1226,0
51472,0,1241,0
51474,0,1255,0
51476,0,1269,0
51478,0,1285,0
51480,0,1300,0
51482,0,1311,0
51484,0,1325,0
51486,0,1339,0
51488,0,1353,0
51490,0,1368,0
51492,0,1381,0
51494,0,1391,0
51496,0,1405,0
51498,0,1421,0
51500,0,1432,0
51502,0,1444,0
51504,0,1455,0
51506,1759,1465,1
51508,0,1483,0
51510,0,1497,0
51512,0,1507,0
51514,0,1515,0
51516,0,1527,0
51518,0,1542,0
51520,0,1554,0
51522,0,1561,0
51524,0,1575,0
51526,0,1587,0
51528,0,1593,0
51530,0,1608,0
51532,0,1597,0
51534,0,1625,0
51536,0,1635,0
51538,0,1645,0
51540,0,1655,0
51542,0,1663,0
51544,0,1677,0
51546,1768,1685,1
51548,0,1693,0
51550,0,1703,0
51552,0,1711,0
51554,0,1722,0
51556,0,1734,0
51558,0,1740,0
51560,0,1747,0
51562,0,1755,0
51564,0,1767,0
51566,0,1773,0
51568,0,1782,0
51570,0,1787,0
51572,0,1799,0
51574,0,1809,0
51576,0,1817,0
51578,0,1823,0
51580,0,1833,0
51582,0,1835,0
51584,0,1847,0
51586,1729,1853,1
51588,0,1863,0
51590,0,1870,0
51592,0,1876,0
51594,0,1883,0
51596,0,1887,0
51598,0,1897,0
51600,0,1907,0
51602,0,1910,0
51604,0,1917,0
51606,0,1917,0
51608,0,1932,0
51610,0,1941,0
51612,0,1944,0
51614,0,1952,0
51616,0,1959,0
51618,0,1964,0
51620,0,1967,0
51622,0,1975,0
51624,0,1979,0
51626,1713,1991,1
51628,0,1994,0
51630,0,1995,0
51632,0,2006,0
51634,0,2011,0
51636,0,2019,0
51638,0,2021,0
51640,0,2025,0
51642,0,2031,0
51644,0,2037,0
51646,0,2041,0
51648,0,2045,0
51650,0,2057,0
51652,0,2063,0
51654,0,2069,0
51656,0,2072,0
51658,0,2077,0
51660,0,2084,0
51662,0,2087,0
51664,1733,2091,1
51666,0,2092,0
51668,0,2099,0
51670,0,2100,0
51672,0,2109,0
51674,0,2111,0
51676,0,2119,0
51678,0,2121,0
51680,0,2125,0
51682,0,2131,0
51684,0,2136,0
51686,0,2139,0
51688,0,2143,0
51690,0,2147,0
51692,0,2151,0
51694,0,2153,0
51696,0,2157,0
51698,0,2162,0
51700,0,2164,0
51702,0,2169,0
51704,1740,2173,1
51706,0,2175,0
51708,0,2184,0
51710,0,2185,0
51712,0,2189,0
51714,0,2195,0
51716,0,2197,0
51718,0,2199,0
51720,0,2202,0
51722,0,2206,0
51724,0,2213,0
51726,0,2214,0
51728,0,2217,0
51730,0,2219,0
51732,0,2221,0
51734,0,2227,0
51736,0,2228,0
51738,0,2232,0
51740,0,2233,0
51742,0,2237,0
51744,1746,2237,1
51746,0,2247,0
51748,0,2249,0
51750,0,2249,0
51752,0,2253,0
51754,0,2255,0
51756,0,2259,0
51758,0,2263,0
51760,0,2264,0
51762,0,2265,0
51764,0,2269,0
51766,0,2274,0
51768,0,2277,0
51770,0,2277,0
51772,0,2279,0
51774,0,2281,0
51776,0,2283,0
51778,0,2286,0
51780,0,2287,0
51782,0,2293,0
51784,1753,2293,1
51786,0,2296,0
51788,0,2294,0
51790,0,2299,0
51792,0,2300,0
51794,0,2303,0
51796,0,2310,0
51798,0,2312,0
51800,0,2316,0
51802,0,2316,0
51804,0,2316,0
51806,0,2323,0
51808,0,2319,0
51810,0,2323,0
51812,0,2325,0
51814,0,2327,0
51816,0,2328,0
51818,0,2331,0
51820,0,2331,0
51822,0,2333,0
51824,1774,2335,1
51826,0,2335,0
51828,0,2341,0
51830,0,2343,0
51832,0,2345,0
51834,0,2344,0
51836,0,2347,0
51838,0,2347,0
51840,0,2349,0
51842,0,2351,0
51844,0,2356,0
51846,0,2355,0
51848,0,2357,0
51850,0,2357,0
51852,0,2361,0
51854,0,2361,0
51856,0,2363,0
51858,0,2359,0
51860,0,2367,0
51862,0,2365,0
51864,1774,2367,1
51866,0,2373,0
51868,0,2368,0
51870,0,2375,0
51872,0,2378,0
51874,0,2379,0
51876,0,2378,0
51878,0,2381,0
51880,0,2381,0
51882,0,2383,0
51884,0,2383,0
51886,0,2387,0
51888,0,2387,0
51890,0,2389,0
51892,0,2392,0
51894,0,2392,0
51896,0,2391,0
51898,0,2393,0
51900,0,2393,0
51902,0,2397,0
51904,1788,2396,1
51906,0,2398,0
51908,0,2403,0
51910,0,2402,0
51912,0,2404,0
51914,0,2403,0
51916,0,2405,0
51918,0,2407,0
51920,0,2407,0
51922,0,2407,0
51924,0,2409,0
51926,0,2408,0
51928,0,2409,0
51930,0,2410,0
51932,0,2412,0
51934,0,2413,0
51936,0,2413,0
51938,0,2413,0
51940,0,2415,0
51942,0,2414,0
51944,1787,2415,1
51946,0,2419,0
51948,0,2420,0
51950,0,2420,0
51952,0,2423,0
51954,0,2423,0
51956,0,2421,0
51958,0,2427,0
51960,0,2423,0
51962,0,2424,0
51964,0,2425,0
51966,0,2427,0
51968,0,2427,0
51970,0,2425,0
51972,0,2428,0
51974,0,2428,0
51976,0,2429,0
51978,0,2429,0
51980,0,2429,0
51982,0,2431,0
51984,1754,2437,1
51986,0,2440,0
51988,0,2438,0
51990,0,2439,0
51992,0,2439,0
51994,0,2440,0
51996,0,2440,0
51998,0,2441,0
52000,0,2431,0
52002,0,2441,0
52004,0,2441,0
52006,0,2441,0
52008,0,2442,0
52010,0,2441,0
52012,0,2445,0
52014,0,2445,0
52016,0,2445,0
52018,0,2447,0
52020,0,2447,0
52022,0,2449,0
52024,1780,2449,1
52026,0,2451,0
52028,0,2451,0
52030,0,2451,0
52032,0,2453,0
52034,0,2453,0
52036,0,2453,0
52038,0,2452,0
52040,0,2454,0
52042,0,2454,0
52044,0,2455,0
52046,0,2453,0
52048,0,2455,0
52050,0,2456,0
52052,0,2457,0
52054,0,2455,0
52056,0,2457,0
52058,0,2457,0
52060,0,2458,0
52062,1824,2459,1
52064,0,2459,0
52066,0,2459,0
52068,0,2461,0
52070,0,2460,0
52072,0,2461,0
52074,0,2461,0
52076,0,2463,0
52078,0,2461,0
52080,0,2461,0
52082,0,2461,0
52084,0,2463,0
52086,0,2463,0
52088,0,2462,0
52090,0,2463,0
52092,0,2463,0
52094,0,2467,0
52096,0,2467,0
52098,0,2468,0
52100,0,2469,0
52102,1837,2464,1
52104,0,2468,0
52106,0,2468,0
52108,0,2467,0
52110,0,2469,0
52112,0,2467,0
52114,0,2471,0
52116,0,2469,0
52118,0,2471,0
52120,0,2470,0
52122,0,2471,0
52124,0,2471,0
52126,0,2471,0
52128,0,2471,0
52130,0,2473,0
52132,0,2471,0
52134,0,2471,0
52136,0,2473,0
52138,0,2473,0
52140,0,2474,0
52142,1841,2470,1
52144,0,2475,0
52146,0,2472,0
52148,0,2473,0
52150,0,2475,0
52152,0,2476,0
52154,0,2476,0
52156,0,2476,0
52158,0,2475,0
52160,0,2475,0
52162,0,2477,0
52164,0,2479,0
52166,0,2476,0
52168,0,2477,0
52170,0,2477,0
52172,0,2477,0
52174,0,2479,0
52176,0,2477,0
52178,0,2477,0
52180,0,2479,0
52182,1862,2479,1
52184,0,2477,0
52186,0,2479,0
52188,0,2473,0
52190,0,2478,0
52192,0,2479,0
52194,0,2484,0
52196,0,2479,0
52198,0,2487,0
52200,0,2480,0
52202,0,2479,0
52204,0,2478,0
52206,0,2483,0
52208,0,2483,0
52210,0,2484,0
52212,0,2484,0
52214,0,2484,0
52216,0,2485,0
52218,0,2483,0
52220,0,2477,0
52222,1869,2483,1
52224,0,2485,0
52226,0,2483,0
52228,0,2483,0
52230,0,2485,0
52232,0,2485,0
52234,0,2483,0
52236,0,2485,0
52238,0,2485,0
52240,0,2484,0
52242,0,2484,0
52244,0,2487,0
52246,0,2486,0
52248,0,2485,0
52250,0,2487,0
52252,0,2487,0
52254,0,2485,0
52256,0,2486,0
52258,0,2486,0
52260,0,2485,0
52262,1851,2487,1
52264,0,2487,0
52266,0,2487,0
52268,0,2487,0
52270,0,2487,0
52272,0,2487,0
52274,0,2487,0
52276,0,2488,0
52278,0,2488,0
52280,0,2488,0
52282,0,2487,0
52284,0,2487,0
52286,0,2488,0
52288,0,2489,0
52290,0,2489,0
52292,0,2489,0
52294,0,2488,0
52296,0,2489,0
52298,0,2489,0
52300,0,2489,0
52302,1870,2490,1
52304,0,2488,0
52306,0,2489,0
52308,0,2490,0
52310,0,2489,0
52312,0,2490,0
52314,0,2489,0
52316,0,2489,0
52318,0,2490,0
52320,0,2489,0
52322,0,2489,0
52324,0,2489,0
52326,0,2491,0
52328,0,2490,0
52330,0,2491,0
52332,0,2489,0
52334,0,2489,0
52336,0,2490,0
52338,0,2491,0
52340,0,2491,0
52342,1829,2488,1
52344,0,2491,0
52346,0,2491,0
52348,0,2491,0
52350,0,2489,0
52352,0,2491,0
52354,0,2489,0
52356,0,2491,0
52358,0,2490,0
52360,0,2491,0
52362,0,2491,0
52364,0,2493,0
52366,0,2491,0
52368,0,2491,0
52370,0,2492,0
52372,0,2501,0
52374,0,2491,0
52376,0,2493,0
52378,0,2493,0
52380,0,2493,0
52382,1828,2489,1
52384,0,2492,0
52386,0,2492,0
52388,0,2491,0
52390,0,2493,0
52392,0,2494,0
52394,0,2493,0
52396,0,2493,0
52398,0,2492,0
52400,0,2493,0
52402,0,2495,0
52404,0,2493,0
52406,0,2493,0
52408,0,2491,0
52410,0,2493,0
52412,0,2490,0
52414,0,2491,0
52416,0,2493,0
52418,0,2494,0
52420,1833,2495,1
52422,0,2493,0
52424,0,2493,0
52426,0,2493,0
52428,0,2493,0
52430,0,2495,0
52432,0,2495,0
52434,0,2493,0
52436,0,2493,0
52438,0,2493,0
52440,0,2495,0
52442,0,2493,0
52444,0,2494,0
52446,0,2494,0
52448,0,2493,0
52450,0,2494,0
52452,0,2495,0
52454,0,2495,0
52456,0,2495,0
52458,0,2493,0
52460,1888,2496,1
52462,0,2495,0
52464,0,2483,0
52466,0,2495,0
52468,0,2493,0
52470,0,2495,0
52472,0,2492,0
52474,0,2495,0
52476,0,2493,0
52478,0,2495,0
52480,0,2495,0
52482,0,2501,0
52484,0,2494,0
52486,0,2494,0
52488,0,2495,0
52490,0,2495,0
52492,0,2495,0
52494,0,2501,0
52496,0,2495,0
52498,0,2495,0
52500,1838,2500,1
52502,0,2495,0
52504,0,2495,0
52506,0,2494,0
52508,0,2500,0
52510,0,2495,0
52512,0,2495,0
52514,0,2495,0
52516,0,2495,0
52518,0,2495,0
52520,0,2495,0
52522,0,2501,0
52524,0,2496,0
52526,0,2495,0
52528,0,2501,0
52530,0,2495,0
52532,0,2495,0
52534,0,2500,0
52536,0,2501,0
52538,0,2492,0
52540,1878,2503,1
52542,0,2502,0
52544,0,2495,0
52546,0,2501,0
52548,0,2501,0
52550,0,2495,0
52552,0,2495,0
52554,0,2501,0
52556,0,2501,0
52558,0,2501,0
52560,0,2495,0
52562,0,2495,0
52564,0,2500,0
52566,0,2501,0
52568,0,2500,0
52570,0,2501,0
52572,0,2501,0
52574,0,2501,0
52576,0,2501,0
52578,0,2501,0
52580,1883,2505,1
52582,0,2500,0
52584,0,2495,0
52586,0,2493,0
52588,0,2502,0
52590,0,2501,0
52592,0,2502,0
52594,0,2501,0
52596,0,2501,0
52598,0,2503,0
52600,0,2500,0
52602,0,2501,0
52604,0,2501,0
52606,0,2495,0
52608,0,2495,0
52610,0,2501,0
52612,0,2502,0
52614,0,2501,0
52616,0,2501,0
52618,0,2502,0
52620,1865,2496,1
52622,0,2495,0
52624,0,2503,0
52626,0,2503,0
52628,0,2503,0
52630,0,2503,0
52632,0,2501,0
52634,0,2501,0
52636,0,2503,0
52638,0,2501,0
52640,0,2503,0
52642,0,2503,0
52644,0,2501,0
52646,0,2501,0
52648,0,2501,0
52650,0,2503,0
52652,0,2501,0
52654,0,2501,0
52656,0,2503,0
52658,0,2501,0
52660,1879,2503,1
52662,0,2501,0
52664,0,2503,0
52666,0,2501,0
52668,0,2501,0
52670,0,2503,0
52672,0,2503,0
52674,0,2503,0
52676,0,2499,0
52678,0,2501,0
52680,0,2495,0
52682,0,2501,0
52684,0,2501,0
52686,0,2501,0
52688,0,2502,0
52690,0,2503,0
52692,0,2501,0
52694,0,2501,0
52696,0,2501,0
52698,0,2501,0
52700,1883,2495,1
52702,0,2503,0
52704,0,2501,0
52706,0,2502,0
52708,0,2501,0
52710,0,2503,0
52712,0,2502,0
52714,0,2503,0
52716,0,2503,0
52718,0,2503,0
52720,0,2502,0
52722,0,2503,0
52724,0,2503,0
52726,0,2501,0
52728,0,2495,0
52730,0,2502,0
52732,0,2503,0
52734,0,2503,0
52736,0,2503,0
52738,0,2503,0
52740,1744,2503,1
52742,0,2503,0
52744,0,2503,0
52746,0,2501,0
52748,0,2501,0
52750,0,2501,0
52752,0,2501,0
52754,0,2501,0
52756,0,2503,0
52758,0,2503,0
52760,0,2503,0
52762,0,2495,0
52764,0,2503,0
52766,0,2501,0
52768,0,2503,0
52770,0,2501,0
52772,0,2501,0
52774,0,2503,0
52776,0,2502,0
52778,0,2502,0
52780,1675,2502,1
52782,0,2502,0
52784,0,2501,0
52786,0,2501,0
52788,0,2495,0
52790,0,2503,0
52792,0,2501,0
52794,0,2495,0
52796,0,2503,0
52798,0,2503,0
52800,0,2502,0
52802,0,2503,0
52804,0,2501,0
52806,0,2501,0
52808,0,2502,0
52810,0,2501,0
52812,0,2503,0
52814,0,2503,0
52816,0,2501,0
52818,1682,2503,1
52820,0,2501,0
52822,0,2502,0
52824,0,2503,0
52826,0,2502,0
52828,0,2503,0
52830,0,2502,0
52832,0,2501,0
52834,0,2502,0
52836,0,2503,0
52838,0,2503,0
52840,0,2503,0
52842,0,2503,0
52844,0,2503,0
52846,0,2503,0
52848,0,2502,0
52850,0,2501,0
52852,0,2503,0
52854,0,2503,0
52856,0,2503,0
52858,1700,2503,1
52860,0,2503,0
52862,0,2503,0
52864,0,2503,0
52866,0,2503,0
52868,0,2504,0
52870,0,2503,0
52872,0,2504,0
52874,0,2503,0
52876,0,2501,0
52878,0,2503,0
52880,0,2503,0
52882,0,2504,0
52884,0,2503,0
52886,0,2503,0
52888,0,2503,0
52890,0,2502,0
52892,0,2505,0
52894,0,2502,0
52896,0,2503,0
52898,1693,2501,1
52900,0,2503,0
52902,0,2503,0
52904,0,2503,0
52906,0,2503,0
52908,0,2504,0
52910,0,2502,0
52912,0,2503,0
52914,0,2500,0
52916,0,2503,0
52918,0,2503,0
52920,0,2504,0
52922,0,2501,0
52924,0,2503,0
52926,0,2505,0
52928,0,2505,0
52930,0,2503,0
52932,0,2504,0
52934,0,2502,0
52936,0,2502,0
52938,1696,2503,1
52940,0,2503,0
52942,0,2502,0
52944,0,2503,0
52946,0,2502,0
52948,0,2503,0
52950,0,2503,0
52952,0,2503,0
52954,0,2503,0
52956,0,2496,0
52958,0,2501,0
52960,0,2503,0
52962,0,2501,0
52964,0,2495,0
52966,0,2501,0
52968,0,2503,0
52970,0,2503,0
52972,0,2503,0
52974,0,2504,0
52976,0,2504,0
52978,1677,2503,1
52980,0,2504,0
52982,0,2503,0
52984,0,2503,0
52986,0,2501,0
52988,0,2503,0
52990,0,2503,0
52992,0,2504,0
52994,0,2501,0
52996,0,2501,0
52998,0,2502,0
53000,0,2502,0
53002,0,2503,0
53004,0,2503,0
53006,0,2504,0
53008,0,2501,0
53010,0,2501,0
53012,0,2501,0
53014,0,2503,0
53016,0,2503,0
53018,1693,2501,1
53020,0,2503,0
53022,0,2501,0
53024,0,2502,0
53026,0,2503,0
53028,0,2503,0
53030,0,2503,0
53032,0,2503,0
53034,0,2503,0
53036,0,2503,0
53038,0,2502,0
53040,0,2502,0
53042,0,2501,0
53044,0,2502,0
53046,0,2501,0
53048,0,2501,0
53050,0,2504,0
53052,0,2501,0
53054,0,2503,0
53056,0,2503,0
53058,1712,2504,1
53060,0,2503,0
53062,0,2501,0
53064,0,2503,0
53066,0,2502,0
53068,0,2503,0
53070,0,2503,0
53072,0,2501,0
53074,0,2503,0
53076,0,2504,0
53078,0,2503,0
53080,0,2501,0
53082,0,2501,0
53084,0,2503,0
53086,0,2503,0
53088,0,2503,0
53090,0,2502,0
53092,0,2503,0
53094,0,2503,0
53096,0,2503,0
53098,1688,2503,1
53100,0,2503,0
53102,0,2503,0
53104,0,2503,0
53106,0,2503,0
53108,0,2502,0
53110,0,2501,0
53112,0,2502,0
53114,0,2503,0
53116,0,2504,0
53118,0,2496,0
53120,0,2504,0
53122,0,2502,0
53124,0,2503,0
53126,0,2503,0
53128,0,2503,0
53130,0,2501,0
53132,0,2503,0
53134,0,2502,0
53136,0,2503,0
53138,1672,2505,1
53140,0,2503,0
53142,0,2502,0
53144,0,2503,0
53147,0,2501,0
53149,0,2502,0
53151,0,2503,0
53153,0,2503,0
53155,0,2502,0
53157,0,2503,0
53159,0,2503,0
53161,0,2503,0
53163,0,2503,0
53165,0,2503,0
53167,0,2503,0
53169,0,2504,0
53171,0,2503,0
53173,0,2503,0
53175,0,2503,0
53177,1667,2504,1
53179,0,2503,0
53181,0,2503,0
53183,0,2503,0
53185,0,2503,0
53187,0,2504,0
53189,0,2503,0
53191,0,2502,0
53193,0,2504,0
53195,0,2503,0
53197,0,2503,0
53199,0,2504,0
53201,0,2504,0
53203,0,2505,0
53205,0,2509,0
53207,0,2503,0
53209,0,2503,0
53211,0,2503,0
53213,0,2502,0
53215,0,2505,0
53217,1689,2503,1
53219,0,2503,0
53221,0,2503,0
53223,0,2502,0
53225,0,2507,0
53227,0,2502,0
53229,0,2505,0
53231,0,2503,0
53233,0,2505,0
53235,0,2503,0
53237,0,2503,0
53239,0,2502,0
53241,0,2503,0
53243,0,2502,0
53245,0,2504,0
53247,0,2503,0
53249,0,2504,0
53251,0,2505,0
53253,0,2503,0
53255,0,2503,0
53257,1691,2489,1
53259,0,2504,0
53261,0,2503,0
53263,0,2503,0
53265,0,2503,0
53267,0,2496,0
53269,0,2503,0
53271,0,2503,0
53273,0,2505,0
53275,0,2503,0
53277,0,2505,0
53279,0,2503,0
53281,0,2503,0
53283,0,2505,0
53285,0,2503,0
53287,0,2503,0
53289,0,2502,0
53291,0,2503,0
53293,0,2505,0
53295,0,2502,0
53297,1691,2503,1
53299,0,2503,0
53301,0,2505,0
53303,0,2503,0
53305,0,2503,0
53307,0,2504,0
53309,0,2503,0
53311,0,2503,0
53313,0,2503,0
53315,0,2505,0
53317,0,2503,0
53319,0,2502,0
53321,0,2503,0
53323,0,2503,0
53325,0,2503,0
53327,0,2503,0
53329,0,2503,0
53331,0,2503,0
53333,0,2501,0
53335,0,2503,0
53337,1681,2503,1
53339,0,2504,0
53341,0,2501,0
53343,0,2503,0
53345,0,2505,0
53347,0,2503,0
53349,0,2503,0
53351,0,2503,0
53353,0,2503,0
53355,0,2503,0
53357,0,2504,0
53359,0,2504,0
53361,0,2504,0
53363,0,2504,0
53365,0,2501,0
53367,0,2503,0
53369,0,2503,0
53371,0,2504,0
53373,0,2503,0
53375,0,2501,0
53377,1689,2501,1
53379,0,2503,0
53381,0,2503,0
53383,0,2504,0
53385,0,2501,0
53387,0,2501,0
53389,0,2502,0
53391,0,2503,0
53393,0,2503,0
53395,0,2501,0
53397,0,2503,0
53399,0,2495,0
53401,0,2501,0
53403,0,2503,0
53405,0,2503,0
53407,0,2503,0
53409,0,2505,0
53411,0,2503,0
53413,0,2503,0
53415,0,2503,0
53417,1757,2503,1
53419,0,2505,0
53421,0,2503,0
53423,0,2504,0
53425,0,2503,0
53427,0,2503,0
53429,0,2503,0
53431,0,2504,0
53433,0,2502,0
53435,0,2503,0
53437,0,2503,0
53439,0,2505,0
53441,0,2502,0
53443,0,2503,0
53445,0,2503,0
53447,0,2503,0
53449,0,2503,0
53451,0,2501,0
53453,0,2504,0
53455,0,2502,0
53457,1816,2502,1
53459,0,2501,0
53461,0,2503,0
53463,0,2502,0
53465,0,2501,0
53467,0,2503,0
53469,0,2503,0
53471,0,2502,0
53473,0,2503,0
53475,0,2502,0
53477,0,2505,0
53479,0,2503,0
53481,0,2501,0
53483,0,2503,0
53485,0,2505,0
53487,0,2503,0
53489,0,2503,0
53491,0,2501,0
53493,0,2502,0
53495,0,2503,0
53497,1847,2504,1
53499,0,2504,0
53501,0,2503,0
53503,0,2505,0
53505,0,2495,0
53507,0,2503,0
53509,0,2502,0
53511,0,2503,0
53513,0,2504,0
53515,0,2509,0
53517,0,2503,0
53519,0,2505,0
53521,0,2503,0
53523,0,2503,0
53525,0,2501,0
53527,0,2509,0
53529,0,2503,0
53531,0,2504,0
53533,0,2503,0
53535,0,2504,0
53537,1951,2507,1
53539,0,2501,0
53541,0,2504,0
53543,0,2503,0
53545,0,2504,0
53547,0,2503,0
53549,0,2505,0
53551,0,2503,0
53553,0,2503,0
53555,0,2503,0
53557,0,2504,0
53559,0,2503,0
53561,0,2503,0
53563,0,2503,0
53565,0,2501,0
53567,0,2501,0
53569,0,2503,0
53571,0,2502,0
53573,0,2504,0
53575,2222,2505,1
53577,0,2504,0
53579,0,2503,0
53581,0,2503,0
53583,0,2504,0
53585,0,2504,0
53587,0,2505,0
53589,0,2501,0
53591,0,2505,0
53593,0,2503,0
53595,0,2505,0
53597,0,2503,0
53599,0,2504,0
53601,0,2503,0
53603,0,2504,0
53605,0,2504,0
53607,0,2503,0
53609,0,2502,0
53611,0,2503,0
53613,0,2503,0
53615,1941,2503,1
53617,0,2503,0
53619,0,2504,0
53621,0,2505,0
53623,0,2503,0
53625,0,2502,0
53627,0,2503,0
53629,0,2505,0
53631,0,2505,0
53633,0,2503,0
53635,0,2501,0
53637,0,2504,0
53639,0,2503,0
53641,0,2503,0
53643,0,2502,0
53645,0,2503,0
53647,0,2503,0
53649,0,2501,0
53651,0,2503,0
53653,0,2503,0
53655,1690,2507,1
53657,0,2494,0
53659,0,2503,0
53661,0,2506,0
53663,0,2503,0
53665,0,2504,0
53667,0,2503,0
53669,0,2503,0
53671,0,2503,0
53673,0,2503,0
53675,0,2503,0
53677,0,2503,0
53679,0,2503,0
53681,0,2503,0
53683,0,2503,0
53685,0,2504,0
53687,0,2503,0
53689,0,2503,0
53691,0,2503,0
53693,0,2504,0
53695,1689,2501,1
53697,0,2507,0
53699,0,2495,0
53701,0,2504,0
53703,0,2502,0
53705,0,2502,0
53707,0,2516,0
53709,0,2501,0
53711,0,2503,0
53713,0,2502,0
53715,0,2503,0
53717,0,2505,0
53719,0,2502,0
53721,0,2504,0
53723,0,2503,0
53725,0,2503,0
53727,0,2503,0
53729,0,2503,0
53731,0,2504,0
53733,0,2503,0
53735,1684,2503,1
53737,0,2503,0
53739,0,2504,0
53741,0,2492,0
53743,0,2503,0
53745,0,2503,0
53747,0,2503,0
53749,0,2505,0
53751,0,2505,0
53753,0,2505,0
53755,0,2503,0
53757,0,2504,0
53759,0,2503,0
53761,0,2504,0
53763,0,2502,0
53765,0,2504,0
53767,0,2505,0
53769,0,2503,0
53771,0,2505,0
53773,0,2503,0
53775,1680,2503,1
53777,0,2503,0
53779,0,2503,0
53781,0,2503,0
53783,0,2504,0
53785,0,2496,0
53787,0,2502,0
53789,0,2503,0
53791,0,2504,0
53793,0,2503,0
53795,0,2503,0
53797,0,2505,0
53799,0,2502,0
53801,0,2503,0
53803,0,2505,0
53805,0,2503,0
53807,0,2505,0
53809,0,2503,0
53811,0,2503,0
53813,0,2501,0
53815,1720,2505,1
53817,0,2503,0
53819,0,2504,0
53821,0,2503,0
53823,0,2503,0
53825,0,2503,0
53827,0,2504,0
53829,0,2503,0
53831,0,2503,0
53833,0,2500,0
53835,0,2503,0
53837,0,2503,0
53839,0,2503,0
53841,0,2504,0
53843,0,2507,0
53845,0,2503,0
53847,0,2503,0
53849,0,2503,0
53851,0,2503,0
53853,0,2499,0
53855,1696,2505,1
53857,0,2504,0
53859,0,2504,0
53861,0,2503,0
53863,0,2502,0
53865,0,2504,0
53867,0,2504,0
53869,0,2503,0
53871,0,2505,0
53873,0,2503,0
53875,0,2503,0
53877,0,2503,0
53879,0,2503,0
53881,0,2503,0
53883,0,2505,0
53885,0,2503,0
53887,0,2504,0
53889,0,2503,0
53891,0,2503,0
53893,0,2504,0
53895,1651,2503,1
53897,0,2502,0
53899,0,2505,0
53901,0,2503,0
53903,0,2504,0
53905,0,2503,0
53907,0,2503,0
53909,0,2503,0
53911,0,2503,0
53913,0,2503,0
53915,0,2503,0
53917,0,2504,0
53919,0,2503,0
53921,0,2501,0
53923,0,2506,0
53925,0,2502,0
53927,0,2503,0
53929,0,2503,0
53931,0,2503,0
53933,1663,2503,1
53935,0,2503,0
53937,0,2504,0
53939,0,2503,0
53941,0,2496,0
53943,0,2503,0
53945,0,2503,0
53947,0,2503,0
53949,0,2503,0
53951,0,2503,0
53953,0,2503,0
53955,0,2503,0
53957,0,2503,0
53959,0,2503,0
53961,0,2503,0
53963,0,2504,0
53965,0,2503,0
53967,0,2503,0
53969,0,2503,0
53971,0,2505,0
53973,1689,2505,1
53975,0,2505,0
53977,0,2504,0
53979,0,2505,0
53981,0,2503,0
53983,0,2503,0
53985,0,2505,0
53987,0,2504,0
53989,0,2505,0
53991,0,2503,0
53993,0,2505,0
53995,0,2503,0
53997,0,2504,0
53999,0,2503,0
54001,0,2503,0
54003,0,2501,0
54005,0,2504,0
54007,0,2503,0
54009,0,2503,0
54011,0,2502,0
54013,1686,2504,1
54015,0,2505,0
54017,0,2503,0
54019,0,2502,0
54021,0,2503,0
54023,0,2504,0
54025,0,2503,0
54027,0,2503,0
54029,0,2503,0
54031,0,2502,0
54033,0,2504,0
54035,0,2504,0
54037,0,2507,0
54039,0,2504,0
54041,0,2503,0
54043,0,2503,0
54045,0,2504,0
54047,0,2503,0
54049,0,2503,0
54051,0,2504,0
54053,1687,2503,1
54055,0,2505,0
54057,0,2503,0
54059,0,2503,0
54061,0,2503,0
54063,0,2503,0
54065,0,2503,0
54067,0,2503,0
54069,0,2504,0
54071,0,2505,0
54073,0,2503,0
54075,0,2503,0
54077,0,2504,0
54079,0,2504,0
54081,0,2495,0
54083,0,2503,0
54085,0,2504,0
54087,0,2503,0
54089,0,2505,0
54091,0,2503,0
54093,1684,2503,1
54095,0,2503,0
54097,0,2503,0
54099,0,2503,0
54101,0,2503,0
54103,0,2503,0
54105,0,2503,0
54107,0,2503,0
54109,0,2503,0
54111,0,2505,0
54113,0,2504,0
54115,0,2502,0
54117,0,2505,0
54119,0,2503,0
54121,0,2503,0
54123,0,2503,0
54125,0,2504,0
54127,0,2503,0
54129,0,2505,0
54131,0,2501,0
54133,1684,2503,1
54135,0,2503,0
54137,0,2503,0
54139,0,2505,0
54141,0,2503,0
54143,0,2503,0
54145,0,2505,0
54147,0,2501,0
54149,0,2503,0
54151,0,2502,0
54153,0,2502,0
54155,0,2503,0
54157,0,2503,0
54159,0,2501,0
54161,0,2505,0
54163,0,2503,0
54165,0,2504,0
54167,0,2503,0
54169,0,2503,0
54171,0,2501,0
54173,1700,2503,1
54175,0,2503,0
54177,0,2504,0
54179,0,2503,0
54181,0,2503,0
54183,0,2503,0
54185,0,2504,0
54187,0,2504,0
54189,0,2504,0
54191,0,2504,0
54193,0,2503,0
54195,0,2501,0
54197,0,2503,0
54199,0,2503,0
54201,0,2503,0
54203,0,2503,0
54205,0,2503,0
54207,0,2503,0
54209,0,2505,0
54211,0,2504,0
54213,1713,2505,1
54215,0,2503,0
54217,0,2503,0
54219,0,2503,0
54221,0,2502,0
54223,0,2502,0
54225,0,2503,0
54227,0,2505,0
54229,0,2503,0
54231,0,2504,0
54233,0,2503,0
54235,0,2503,0
54237,0,2503,0
54239,0,2503,0
54241,0,2501,0
54243,0,2505,0
54245,0,2504,0
54247,0,2495,0
54249,0,2503,0
54251,0,2503,0
54253,1670,2503,1
54255,0,2503,0
54257,0,2506,0
54259,0,2503,0
54261,0,2503,0
54263,0,2502,0
54265,0,2503,0
54267,0,2503,0
54269,0,2503,0
54271,0,2503,0
54273,0,2503,0
54275,0,2503,0
54277,0,2502,0
54279,0,2504,0
54281,0,2505,0
54283,0,2503,0
54285,0,2504,0
54287,0,2504,0
54289,0,2505,0
54291,0,2505,0
54293,1659,2504,1
54295,0,2503,0
54297,0,2503,0
54299,0,2503,0
54301,0,2503,0
54303,0,2505,0
54305,0,2504,0
54307,0,2503,0
54309,0,2505,0
54311,0,2504,0
54313,0,2504,0
54315,0,2505,0
54317,0,2505,0
54319,0,2504,0
54321,0,2504,0
54323,0,2503,0
54325,0,2504,0
54327,0,2504,0
54329,0,2503,0
54331,1689,2503,1
54333,0,2503,0
54335,0,2503,0
54337,0,2504,0
54339,0,2504,0
54341,0,2503,0
54343,0,2504,0
54345,0,2503,0
54347,0,2503,0
54349,0,2504,0
54351,0,2504,0
54353,0,2505,0
54355,0,2503,0
54357,0,2504,0
54359,0,2503,0
54361,0,2502,0
54363,0,2503,0
54365,0,2501,0
54367,0,2503,0
54369,0,2501,0
54371,1709,2505,1
54373,0,2504,0
54375,0,2505,0
54377,0,2503,0
54379,0,2503,0
54381,0,2503,0
54383,0,2504,0
54385,0,2504,0
54387,0,2503,0
54389,0,2501,0
54391,0,2503,0
54393,0,2504,0
54395,0,2508,0
54397,0,2503,0
54399,0,2503,0
54401,0,2506,0
54403,0,2488,0
54405,0,2501,0
54407,0,2503,0
54409,0,2504,0
54411,1712,2503,1
54413,0,2505,0
54415,0,2505,0
54417,0,2504,0
54419,0,2503,0
54421,0,2503,0
54423,0,2503,0
54425,0,2495,0
54427,0,2503,0
54429,0,2503,0
54431,0,2503,0
54433,0,2502,0
54435,0,2504,0
54437,0,2503,0
54439,0,2504,0
54441,0,2504,0
54443,0,2505,0
54445,0,2501,0
54447,0,2504,0
54449,0,2505,0
54451,1714,2504,1
54453,0,2503,0
54455,0,2505,0
54457,0,2505,0
54459,0,2503,0
54461,0,2503,0
54463,0,2503,0
54465,0,2503,0
54467,0,2501,0
54469,0,2503,0
54471,0,2503,0
54473,0,2503,0
54475,0,2503,0
54477,0,2502,0
54479,0,2503,0
54481,0,2502,0
54483,0,2503,0
54485,0,2503,0
54487,0,2501,0
54489,0,2502,0
54491,1720,2504,1
54493,0,2501,0
54495,0,2503,0
54497,0,2504,0
54499,0,2503,0
54501,0,2503,0
54503,0,2503,0
54505,0,2503,0
54507,0,2503,0
54509,0,2505,0
54511,0,2501,0
54513,0,2503,0
54515,0,2504,0
54517,0,2503,0
54519,0,2503,0
54521,0,2503,0
54523,0,2504,0
54525,0,2503,0
54527,0,2504,0
54529,0,2505,0
54531,1767,2504,1
54533,0,2505,0
54535,0,2503,0
54537,0,2503,0
54539,0,2504,0
54541,0,2504,0
54543,0,2503,0
54545,0,2504,0
54547,0,2503,0
54549,0,2503,0
54551,0,2503,0
54553,0,2504,0
54555,0,2504,0
54557,0,2503,0
54559,0,2503,0
54561,0,2505,0
54563,0,2503,0
54565,0,2503,0
54567,0,2504,0
54569,0,2503,0
54571,1844,2504,1
54573,0,2504,0
54575,0,2505,0
54577,0,2503,0
54579,0,2503,0
54581,0,2505,0
54583,0,2503,0
54585,0,2504,0
54587,0,2503,0
54589,0,2504,0
54591,0,2503,0
54593,0,2503,0
54595,0,2505,0
54597,0,2504,0
54599,0,2501,0
54601,0,2504,0
54603,0,2505,0
54605,0,2505,0
54607,0,2504,0
54609,0,2507,0
54611,1920,2504,1
54613,0,2505,0
54615,0,2503,0
54617,0,2503,0
54619,0,2503,0
54621,0,2504,0
54623,0,2503,0
54625,0,2503,0
54627,0,2503,0
54629,0,2504,0
54631,0,2503,0
54633,0,2504,0
54635,0,2505,0
54637,0,2504,0
54639,0,2503,0
54641,0,2502,0
54643,0,2503,0
54645,0,2503,0
54647,0,2503,0
54649,0,2502,0
54651,1867,2503,1
54653,0,2505,0
54655,0,2503,0
54657,0,2503,0
54659,0,2502,0
54661,0,2503,0
54663,0,2503,0
54665,0,2505,0
54667,0,2503,0
54669,0,2503,0
54671,0,2503,0
54673,0,2503,0
54675,0,2505,0
54677,0,2502,0
54679,0,2502,0
54681,0,2504,0
54683,0,2503,0
54685,0,2503,0
54687,0,2504,0
54689,0,2504,0
54691,1884,2503,1
54693,0,2505,0
54695,0,2503,0
54697,0,2502,0
54699,0,2501,0
54701,0,2503,0
54703,0,2503,0
54705,0,2505,0
54707,0,2504,0
54709,0,2503,0
54711,0,2503,0
54713,0,2503,0
54715,0,2503,0
54717,0,2503,0
54719,0,2505,0
54721,0,2503,0
54723,0,2505,0
54725,0,2500,0
54727,0,2496,0
54729,1889,2503,1
54731,0,2503,0
54733,0,2505,0
54735,0,2503,0
54737,0,2502,0
54739,0,2503,0
54741,0,2504,0
54743,0,2505,0
54745,0,2504,0
54747,0,2503,0
54749,0,2503,0
54751,0,2501,0
54753,0,2503,0
54755,0,2504,0
54757,0,2505,0
54759,0,2504,0
54761,0,2503,0
54763,0,2502,0
54765,0,2503,0
54767,0,2504,0
54769,1883,2504,1
54771,0,2503,0
54773,0,2503,0
54775,0,2503,0
54777,0,2503,0
54779,0,2505,0
54781,0,2503,0
54783,0,2504,0
54785,0,2503,0
54787,0,2501,0
54789,0,2503,0
54791,0,2503,0
54793,0,2503,0
54795,0,2503,0
54797,0,2505,0
54799,0,2503,0
54801,0,2503,0
54803,0,2509,0
54805,0,2503,0
54807,0,2503,0
54809,1866,2504,1
54811,0,2505,0
54813,0,2506,0
54815,0,2503,0
54817,0,2504,0
54819,0,2503,0
54821,0,2503,0
54823,0,2504,0
54825,0,2503,0
54827,0,2503,0
54829,0,2504,0
54831,0,2504,0
54833,0,2503,0
54835,0,2505,0
54837,0,2505,0
54839,0,2505,0
54841,0,2503,0
54843,0,2502,0
54845,0,2503,0
54847,0,2501,0
54849,1826,2505,1
54851,0,2503,0
54853,0,2503,0
54855,0,2503,0
54857,0,2503,0
54859,0,2504,0
54861,0,2503,0
54863,0,2505,0
54865,0,2503,0
54867,0,2505,0
54869,0,2503,0
54871,0,2503,0
54873,0,2503,0
54875,0,2504,0
54877,0,2503,0
54879,0,2503,0
54881,0,2503,0
54883,0,2505,0
54885,0,2503,0
54887,0,2503,0
54889,1799,2502,1
54891,0,2505,0
54893,0,2504,0
54895,0,2504,0
54897,0,2505,0
54899,0,2503,0
54901,0,2505,0
54903,0,2504,0
54905,0,2504,0
54907,0,2505,0
54909,0,2502,0
54911,0,2505,0
54913,0,2503,0
54915,0,2503,0
54917,0,2503,0
54919,0,2503,0
54921,0,2504,0
54923,0,2504,0
54925,0,2504,0
54927,0,2504,0
54929,1791,2502,1
54931,0,2503,0
54933,0,2505,0
54935,0,2503,0
54937,0,2503,0
54939,0,2505,0
54941,0,2505,0
54943,0,2504,0
54945,0,2516,0
54947,0,2503,0
54949,0,2505,0
54951,0,2503,0
54953,0,2503,0
54955,0,2504,0
54957,0,2504,0
54959,0,2504,0
54961,0,2503,0
54963,0,2505,0
54965,0,2503,0
54967,0,2505,0
54969,1806,2503,1
54971,0,2504,0
54973,0,2505,0
54975,0,2504,0
54977,0,2504,0
54979,0,2503,0
54981,0,2503,0
54983,0,2505,0
54985,0,2503,0
54987,0,2501,0
54989,0,2504,0
54991,0,2503,0
54993,0,2503,0
54995,0,2504,0
54998,0,2504,0
55000,0,2503,0
55002,0,2504,0
55004,0,2501,0
55006,0,2504,0
55008,0,2505,0
55010,1789,2503,1
55012,0,2503,0
55014,0,2503,0
55016,0,2503,0
55018,0,2505,0
55020,0,2503,0
55022,0,2505,0
55024,0,2503,0
55026,0,2504,0
55028,0,2503,0
55030,0,2504,0
55032,0,2496,0
55034,0,2505,0
55036,0,2503,0
55038,0,2501,0
55040,0,2503,0
55042,0,2504,0
55044,0,2505,0
55046,0,2504,0
55048,0,2503,0
55050,1773,2504,1
55052,0,2503,0
55054,0,2505,0
55056,0,2506,0
55058,0,2505,0
55060,0,2503,0
55062,0,2505,0
55064,0,2505,0
55066,0,2504,0
55068,0,2504,0
55070,0,2502,0
55072,0,2503,0
55074,0,2503,0
55076,0,2503,0
55078,0,2504,0
55080,0,2503,0
55082,0,2504,0
55084,0,2505,0
55086,0,2505,0
55088,1780,2504,1
55090,0,2504,0
55092,0,2503,0
55094,0,2504,0
55096,0,2505,0
55098,0,2504,0
55100,0,2504,0
55102,0,2505,0
55104,0,2504,0
55106,0,2504,0
55108,0,2505,0
55110,0,2504,0
55112,0,2503,0
55114,0,2505,0
55116,0,2507,0
55118,0,2505,0
55120,0,2505,0
55122,0,2504,0
55124,0,2503,0
55126,0,2504,0
55128,1775,2503,1
55130,0,2505,0
55132,0,2505,0
55134,0,2503,0
55136,0,2504,0
55138,0,2505,0
55140,0,2504,0
55142,0,2505,0
55144,0,2503,0
55146,0,2492,0
55148,0,2503,0
55150,0,2505,0
55152,0,2503,0
55154,0,2503,0
55156,0,2502,0
55158,0,2505,0
55160,0,2489,0
55162,0,2505,0
55164,0,2503,0
55166,0,2503,0
55168,1751,2503,1
55170,0,2501,0
55172,0,2503,0
55174,0,2504,0
55176,0,2502,0
55178,0,2502,0
55180,0,2505,0
55182,0,2503,0
55184,0,2503,0
55186,0,2504,0
55188,0,2503,0
55190,0,2504,0
55192,0,2503,0
55194,0,2504,0
55196,0,2504,0
55198,0,2503,0
55200,0,2503,0
55202,0,2504,0
55204,0,2505,0
55206,0,2504,0
55208,1725,2503,1
55210,0,2501,0
55212,0,2502,0
55214,0,2504,0
55216,0,2501,0
55218,0,2503,0
55220,0,2503,0
55222,0,2502,0
55224,0,2503,0
55226,0,2503,0
55228,0,2503,0
55230,0,2503,0
55232,0,2503,0
55234,0,2503,0
55236,0,2503,0
55238,0,2504,0
55240,0,2504,0
55242,0,2503,0
55244,0,2503,0
55246,0,2507,0
55248,1729,2504,1
55250,0,2505,0
55252,0,2503,0
55254,0,2503,0
55256,0,2502,0
55258,0,2505,0
55260,0,2503,0
55262,0,2505,0
55264,0,2503,0
55266,0,2503,0
55268,0,2503,0
55270,0,2503,0
55272,0,2503,0
55274,0,2503,0
55276,0,2503,0
55278,0,2504,0
55280,0,2508,0
55282,0,2503,0
55284,0,2503,0
55286,0,2503,0
55288,1724,2503,1
55290,0,2505,0
55292,0,2503,0
55294,0,2503,0
55296,0,2503,0
55298,0,2505,0
55300,0,2503,0
55302,0,2503,0
55304,0,2503,0
55306,0,2503,0
55308,0,2505,0
55310,0,2503,0
55312,0,2503,0
55314,0,2503,0
55316,0,2504,0
55318,0,2504,0
55320,0,2503,0
55322,0,2507,0
55324,0,2503,0
55326,0,2503,0
55328,1742,2503,1
55330,0,2505,0
55332,0,2505,0
55334,0,2504,0
55336,0,2504,0
55338,0,2505,0
55340,0,2503,0
55342,0,2503,0
55344,0,2505,0
55346,0,2505,0
55348,0,2505,0
55350,0,2503,0
55352,0,2505,0
55354,0,2504,0
55356,0,2505,0
55358,0,2503,0
55360,0,2504,0
55362,0,2502,0
55364,0,2503,0
55366,0,2504,0
55368,1748,2505,1
55370,0,2503,0
55372,0,2504,0
55374,0,2504,0
55376,0,2503,0
55378,0,2504,0
55380,0,2504,0
55382,0,2503,0
55384,0,2505,0
55386,0,2503,0
55388,0,2507,0
55390,0,2504,0
55392,0,2504,0
55394,0,2504,0
55396,0,2504,0
55398,0,2504,0
55400,0,2503,0
55402,0,2503,0
55404,0,2504,0
55406,0,2504,0
55408,1730,2503,1
55410,0,2504,0
55412,0,2505,0
55414,0,2504,0
55416,0,2504,0
55418,0,2504,0
55420,0,2505,0
55422,0,2505,0
55424,0,2504,0
55426,0,2505,0
55428,0,2505,0
55430,0,2504,0
55432,0,2504,0
55434,0,2503,0
55436,0,2505,0
55438,0,2504,0
55440,0,2504,0
55442,0,2503,0
55444,0,2503,0
55446,0,2503,0
55448,1799,2504,1
55450,0,2505,0
55452,0,2504,0
55454,0,2501,0
55456,0,2503,0
55458,0,2504,0
55460,0,2504,0
55462,0,2504,0
55464,0,2504,0
55466,0,2504,0
55468,0,2503,0
55470,0,2503,0
55472,0,2503,0
55474,0,2503,0
55476,0,2505,0
55478,0,2503,0
55480,0,2504,0
55482,0,2503,0
55484,0,2503,0
55486,1862,2507,1
55488,0,2503,0
55490,0,2504,0
55492,0,2503,0
55494,0,2504,0
55496,0,2503,0
55498,0,2505,0
55500,0,2505,0
55502,0,2504,0
55504,0,2502,0
55506,0,2505,0
55508,0,2504,0
55510,0,2503,0
55512,0,2503,0
55514,0,2503,0
55516,0,2501,0
55518,0,2503,0
55520,0,2504,0
55522,0,2504,0
55524,0,2504,0
55526,1931,2504,1
55528,0,2505,0
55530,0,2503,0
55532,0,2504,0
55534,0,2503,0
55536,0,2503,0
55538,0,2503,0
55540,0,2503,0
55542,0,2503,0
55544,0,2503,0
55546,0,2503,0
55548,0,2505,0
55550,0,2503,0
55552,0,2505,0
55554,0,2504,0
55556,0,2500,0
55558,0,2504,0
55560,0,2505,0
55562,0,2503,0
55564,0,2503,0
55566,1972,2503,1
55568,0,2503,0
55570,0,2505,0
55572,0,2503,0
55574,0,2505,0
55576,0,2503,0
55578,0,2507,0
55580,0,2504,0
55582,0,2503,0
55584,0,2503,0
55586,0,2502,0
55588,0,2503,0
55590,0,2517,0
55592,0,2505,0
55594,0,2503,0
55596,0,2503,0
55598,0,2505,0
55600,0,2503,0
55602,0,2503,0
55604,0,2504,0
55606,1871,2504,1
55608,0,2504,0
55610,0,2504,0
55612,0,2505,0
55614,0,2504,0
55616,0,2504,0
55618,0,2501,0
55620,0,2503,0
55622,0,2504,0
55624,0,2505,0
55626,0,2503,0
55628,0,2503,0
55630,0,2504,0
55632,0,2503,0
55634,0,2504,0
55636,0,2504,0
55638,0,2503,0
55640,0,2503,0
55642,0,2503,0
55644,0,2503,0
55646,1764,2503,1
55648,0,2503,0
55650,0,2504,0
55652,0,2503,0
55654,0,2501,0
55656,0,2504,0
55658,0,2504,0
55660,0,2503,0
55662,0,2504,0
55664,0,2505,0
55666,0,2505,0
55668,0,2503,0
55670,0,2505,0
55672,0,2503,0
55674,0,2503,0
55676,0,2504,0
55678,0,2503,0
55680,0,2503,0
55682,0,2503,0
55684,0,2503,0
55686,1755,2503,1
55688,0,2503,0
55690,0,2504,0
55692,0,2505,0
55694,0,2503,0
55696,0,2504,0
55698,0,2504,0
55700,0,2505,0
55702,0,2504,0
55704,0,2505,0
55706,0,2503,0
55708,0,2504,0
55710,0,2503,0
55712,0,2504,0
55714,0,2503,0
55716,0,2503,0
55718,0,2504,0
55720,0,2503,0
55722,0,2506,0
55724,0,2503,0
55726,1781,2504,1
55728,0,2503,0
55730,0,2504,0
55732,0,2505,0
55734,0,2504,0
55736,0,2504,0
55738,0,2504,0
55740,0,2505,0
55742,0,2503,0
55744,0,2504,0
55746,0,2501,0
55748,0,2504,0
55750,0,2503,0
55752,0,2504,0
55754,0,2505,0
55756,0,2505,0
55758,0,2503,0
55760,0,2504,0
55762,0,2505,0
55764,0,2505,0
55766,1773,2503,1
55768,0,2505,0
55770,0,2505,0
55772,0,2505,0
55774,0,2505,0
55776,0,2503,0
55778,0,2504,0
55780,0,2501,0
55782,0,2504,0
55784,0,2505,0
55786,0,2505,0
55788,0,2504,0
55790,0,2503,0
55792,0,2503,0
55794,0,2505,0
55796,0,2503,0
55798,0,2504,0
55800,0,2505,0
55802,0,2505,0
55804,0,2504,0
55806,1858,2503,1
55808,0,2503,0
55810,0,2503,0
55812,0,2504,0
55814,0,2505,0
55816,0,2503,0
55818,0,2504,0
55820,0,2505,0
55822,0,2504,0
55824,0,2504,0
55826,0,2503,0
55828,0,2504,0
55830,0,2505,0
55832,0,2503,0
55834,0,2507,0
55836,0,2503,0
55838,0,2504,0
55840,0,2503,0
55842,0,2500,0
55844,2038,2505,1
55846,0,2504,0
55848,0,2503,0
55850,0,2502,0
55852,0,2505,0
55854,0,2503,0
55856,0,2503,0
55858,0,2504,0
55860,0,2504,0
55862,0,2503,0
55864,0,2504,0
55866,0,2506,0
55868,0,2503,0
55870,0,2503,0
55872,0,2503,0
55874,0,2506,0
55876,0,2503,0
55878,0,2505,0
55880,0,2503,0
55882,0,2505,0
55884,2074,2504,1
55886,0,2517,0
55888,0,2503,0
55890,0,2503,0
55892,0,2502,0
55894,0,2503,0
55896,0,2504,0
55898,0,2505,0
55900,0,2505,0
55902,0,2502,0
55904,0,2504,0
55906,0,2496,0
55908,0,2503,0
55910,0,2504,0
55912,0,2504,0
55914,0,2504,0
55916,0,2503,0
55918,0,2491,0
55920,0,2503,0
55922,0,2503,0
55924,2091,2503,1
55926,0,2504,0
55928,0,2503,0
55930,0,2505,0
55932,0,2503,0
55934,0,2503,0
55936,0,2505,0
55938,0,2503,0
55940,0,2505,0
55942,0,2503,0
55944,0,2503,0
55946,0,2505,0
55948,0,2502,0
55950,0,2504,0
55952,0,2504,0
55954,0,2504,0
55956,0,2505,0
55958,0,2503,0
55960,0,2505,0
55962,0,2503,0
55964,2091,2505,1
55966,0,2503,0
55968,0,2507,0
55970,0,2507,0
55972,0,2504,0
55974,0,2504,0
55976,0,2502,0
55978,0,2504,0
55980,0,2503,0
55982,0,2505,0
55984,0,2505,0
55986,0,2503,0
55988,0,2509,0
55990,0,2503,0
55992,0,2503,0
55994,0,2507,0
55996,0,2506,0
55998,0,2503,0
56000,0,2504,0
56002,0,2501,0
56004,2074,2505,1
56006,0,2505,0
56008,0,2502,0
56010,0,2505,0
56012,0,2501,0
56014,0,2504,0
56016,0,2502,0
56018,0,2504,0
56020,0,2504,0
56022,0,2503,0
56024,0,2505,0
56026,0,2505,0
56028,0,2503,0
56030,0,2506,0
56032,0,2504,0
56034,0,2507,0
56036,0,2505,0
56038,0,2507,0
56040,0,2504,0
56042,0,2503,0
56044,2115,2504,1
56046,0,2504,0
56048,0,2505,0
56050,0,2503,0
56052,0,2504,0
56054,0,2505,0
56056,0,2503,0
56058,0,2504,0
56060,0,2503,0
56062,0,2504,0
56064,0,2503,0
56066,0,2505,0
56068,0,2505,0
56070,0,2496,0
56072,0,2505,0
56074,0,2503,0
56076,0,2504,0
56078,0,2504,0
56080,0,2503,0
56082,0,2506,0
56084,2168,2505,1
56086,0,2503,0
56088,0,2504,0
56090,0,2503,0
56092,0,2503,0
56094,0,2504,0
56096,0,2503,0
56098,0,2503,0
56100,0,2503,0
56102,0,2504,0
56104,0,2503,0
56106,0,2505,0
56108,0,2504,0
56110,0,2505,0
56112,0,2503,0
56114,0,2505,0
56116,0,2504,0
56118,0,2504,0
56120,0,2505,0
56122,0,2504,0
56124,2217,2505,1
56126,0,2503,0
56128,0,2503,0
56130,0,2504,0
56132,0,2504,0
56134,0,2505,0
56136,0,2505,0
56138,0,2505,0
56140,0,2503,0
56142,0,2504,0
56144,0,2504,0
56146,0,2505,0
56148,0,2505,0
56150,0,2503,0
56152,0,2503,0
56154,0,2504,0
56156,0,2504,0
56158,0,2504,0
56160,0,2505,0
56162,0,2503,0
56164,2180,2505,1
56166,0,2503,0
56168,0,2505,0
56170,0,2505,0
56172,0,2503,0
56174,0,2505,0
56176,0,2505,0
56178,0,2504,0
56180,0,2505,0
56182,0,2504,0
56184,0,2503,0
56186,0,2505,0
56188,0,2504,0
56190,0,2504,0
56192,0,2504,0
56194,0,2504,0
56196,0,2503,0
56198,0,2502,0
56200,0,2504,0
56202,0,2505,0
56204,2109,2504,1
56206,0,2506,0
56208,0,2503,0
56210,0,2505,0
56212,0,2504,0
56214,0,2505,0
56216,0,2505,0
56218,0,2506,0
56220,0,2504,0
56222,0,2505,0
56224,0,2503,0
56226,0,2505,0
56228,0,2504,0
56230,0,2503,0
56232,0,2505,0
56234,0,2505,0
56236,0,2503,0
56238,0,2505,0
56240,0,2505,0
56242,2060,2505,1
56244,0,2505,0
56246,0,2504,0
56248,0,2504,0
56250,0,2503,0
56252,0,2503,0
56254,0,2504,0
56256,0,2505,0
56258,0,2504,0
56260,0,2505,0
56262,0,2504,0
56264,0,2505,0
56266,0,2507,0
56268,0,2505,0
56270,0,2505,0
56272,0,2505,0
56274,0,2503,0
56276,0,2505,0
56278,0,2507,0
56280,0,2503,0
56282,1976,2505,1
56284,0,2504,0
56286,0,2503,0
56288,0,2502,0
56290,0,2505,0
56292,0,2505,0
56294,0,2507,0
56296,0,2505,0
56298,0,2505,0
56300,0,2495,0
56302,0,2505,0
56304,0,2504,0
56306,0,2503,0
56308,0,2503,0
56310,0,2505,0
56312,0,2506,0
56314,0,2505,0
56316,0,2503,0
56318,0,2506,0
56320,0,2505,0
56322,1856,2503,1
56324,0,2504,0
56326,0,2505,0
56328,0,2505,0
56330,0,2505,0
56332,0,2503,0
56334,0,2495,0
56336,0,2504,0
56338,0,2504,0
56340,0,2505,0
56342,0,2505,0
56344,0,2503,0
56346,0,2505,0
56348,0,2503,0
56350,0,2503,0
56352,0,2504,0
56354,0,2505,0
56356,0,2513,0
56358,0,2503,0
56360,0,2504,0
56362,1794,2503,1
56364,0,2503,0
56366,0,2504,0
56368,0,2504,0
56370,0,2505,0
56372,0,2503,0
56374,0,2505,0
56376,0,2505,0
56378,0,2504,0
56380,0,2505,0
56382,0,2505,0
56384,0,2505,0
56386,0,2505,0
56388,0,2503,0
56390,0,2505,0
56392,0,2504,0
56394,0,2505,0
56396,0,2503,0
56398,0,2510,0
56400,0,2505,0
56402,1764,2504,1
56404,0,2505,0
56406,0,2504,0
56408,0,2505,0
56410,0,2504,0
56412,0,2505,0
56414,0,2505,0
56416,0,2505,0
56418,0,2505,0
56420,0,2503,0
56422,0,2503,0
56424,0,2505,0
56426,0,2503,0
56428,0,2503,0
56430,0,2503,0
56432,0,2504,0
56434,0,2504,0
56436,0,2503,0
56438,0,2505,0
56440,0,2507,0
56442,1754,2504,1
56444,0,2507,0
56446,0,2505,0
56448,0,2504,0
56450,0,2504,0
56452,0,2506,0
56454,0,2503,0
56456,0,2504,0
56458,0,2505,0
56460,0,2504,0
56462,0,2503,0
56464,0,2505,0
56466,0,2505,0
56468,0,2505,0
56470,0,2503,0
56472,0,2504,0
56474,0,2505,0
56476,0,2491,0
56478,0,2503,0
56480,0,2504,0
56482,1772,2506,1
56484,0,2505,0
56486,0,2505,0
56488,0,2503,0
56490,0,2505,0
56492,0,2506,0
56494,0,2504,0
56496,0,2504,0
56498,0,2505,0
56500,0,2505,0
56502,0,2505,0
56504,0,2506,0
56506,0,2505,0
56508,0,2504,0
56510,0,2505,0
56512,0,2504,0
56514,0,2505,0
56516,0,2505,0
56518,0,2503,0
56520,0,2504,0
56522,1808,2503,1
56524,0,2505,0
56526,0,2505,0
56528,0,2504,0
56530,0,2503,0
56532,0,2505,0
56534,0,2503,0
56536,0,2503,0
56538,0,2503,0
56540,0,2507,0
56542,0,2505,0
56544,0,2503,0
56546,0,2503,0
56548,0,2505,0
56550,0,2505,0
56552,0,2505,0
56554,0,2505,0
56556,0,2505,0
56558,0,2503,0
56560,0,2503,0
56562,1876,2505,1
56564,0,2505,0
56566,0,2504,0
56568,0,2505,0
56570,0,2500,0
56572,0,2504,0
56574,0,2505,0
56576,0,2503,0
56578,0,2504,0
56580,0,2503,0
56582,0,2505,0
56584,0,2503,0
56586,0,2503,0
56588,0,2504,0
56590,0,2504,0
56592,0,2505,0
56594,0,2504,0
56596,0,2505,0
56598,0,2505,0
56600,0,2503,0
56602,1958,2505,1
56604,0,2504,0
56606,0,2505,0
56608,0,2505,0
56610,0,2507,0
56612,0,2504,0
56614,0,2503,0
56616,0,2503,0
56618,0,2503,0
56620,0,2505,0
56622,0,2503,0
56624,0,2504,0
56626,0,2505,0
56628,0,2518,0
56630,0,2503,0
56632,0,2503,0
56634,0,2503,0
56636,0,2503,0
56638,0,2505,0
56640,2102,2503,1
56642,0,2504,0
56644,0,2505,0
56646,0,2503,0
56648,0,2504,0
56650,0,2503,0
56652,0,2503,0
56654,0,2506,0
56656,0,2505,0
56658,0,2505,0
56660,0,2505,0
56662,0,2503,0
56664,0,2503,0
56666,0,2505,0
56668,0,2504,0
56670,0,2503,0
56672,0,2504,0
56674,0,2505,0
56676,0,2504,0
56678,0,2505,0
56680,2280,2503,1
56682,0,2505,0
56684,0,2503,0
56686,0,2504,0
56688,0,2504,0
56690,0,2505,0
56692,0,2504,0
56694,0,2505,0
56696,0,2503,0
56698,0,2505,0
56700,0,2504,0
56702,0,2505,0
56704,0,2505,0
56706,0,2504,0
56708,0,2505,0
56710,0,2504,0
56712,0,2504,0
56714,0,2504,0
56716,0,2504,0
56718,0,2503,0
56720,2355,2505,1
56722,0,2505,0
56724,0,2507,0
56726,0,2505,0
56728,0,2505,0
56730,0,2503,0
56732,0,2505,0
56734,0,2505,0
56736,0,2505,0
56738,0,2505,0
56740,0,2505,0
56742,0,2504,0
56744,0,2508,0
56746,0,2505,0
56748,0,2504,0
56750,0,2504,0
56752,0,2508,0
56754,0,2504,0
56756,0,2504,0
56758,0,2504,0
56760,2379,2504,1
56762,0,2505,0
56764,0,2505,0
56766,0,2504,0
56768,0,2504,0
56770,0,2505,0
56772,0,2503,0
56774,0,2504,0
56776,0,2505,0
56778,0,2505,0
56780,0,2505,0
56782,0,2504,0
56784,0,2505,0
56786,0,2505,0
56788,0,2505,0
56790,0,2503,0
56792,0,2505,0
56794,0,2504,0
56796,0,2505,0
56798,0,2505,0
56800,2208,2504,1
56802,0,2503,0
56804,0,2505,0
56806,0,2503,0
56808,0,2504,0
56810,0,2505,0
56812,0,2505,0
56814,0,2505,0
56816,0,2503,0
56818,0,2505,0
56820,0,2505,0
56822,0,2506,0
56824,0,2504,0
56826,0,2505,0
56828,0,2505,0
56830,0,2504,0
56832,0,2505,0
56834,0,2505,0
56836,0,2503,0
56838,0,2505,0
56840,2031,2505,1
56842,0,2505,0
56844,0,2504,0
56846,0,2503,0
56848,0,2504,0
56851,0,2503,0
56853,0,2505,0
56855,0,2505,0
56857,0,2504,0
56859,0,2507,0
56861,0,2505,0
56863,0,2505,0
56865,0,2505,0
56867,0,2505,0
56869,0,2505,0
56871,0,2503,0
56873,0,2503,0
56875,0,2504,0
56877,0,2505,0
56879,0,2504,0
56881,2018,2505,1
56883,0,2507,0
56885,0,2505,0
56887,0,2503,0
56889,0,2504,0
56891,0,2504,0
56893,0,2504,0
56895,0,2505,0
56897,0,2503,0
56899,0,2503,0
56901,0,2505,0
56903,0,2504,0
56905,0,2505,0
56907,0,2505,0
56909,0,2504,0
56911,0,2503,0
56913,0,2505,0
56915,0,2503,0
56917,0,2504,0
56919,0,2504,0
56921,2066,2503,1
56923,0,2503,0
56925,0,2505,0
56927,0,2505,0
56929,0,2504,0
56931,0,2503,0
56933,0,2496,0
56935,0,2505,0
56937,0,2502,0
56939,0,2505,0
56941,0,2505,0
56943,0,2505,0
56945,0,2505,0
56947,0,2503,0
56949,0,2504,0
56951,0,2503,0
56953,0,2504,0
56955,0,2503,0
56957,0,2505,0
56959,0,2503,0
56961,2006,2503,1
56963,0,2505,0
56965,0,2504,0
56967,0,2505,0
56969,0,2505,0
56971,0,2504,0
56973,0,2505,0
56975,0,2504,0
56977,0,2493,0
56979,0,2503,0
56981,0,2503,0
56983,0,2505,0
56985,0,2506,0
56987,0,2504,0
56989,0,2505,0
56991,0,2504,0
56993,0,2503,0
56995,0,2504,0
56997,0,2505,0
56999,1900,2505,1
57001,0,2503,0
57003,0,2505,0
57005,0,2503,0
57007,0,2505,0
57009,0,2507,0
57011,0,2503,0
57013,0,2504,0
57015,0,2505,0
57017,0,2504,0
57019,0,2503,0
57021,0,2504,0
57023,0,2503,0
57025,0,2505,0
57027,0,2504,0
57029,0,2504,0
57031,0,2503,0
57033,0,2503,0
57035,0,2501,0
57037,0,2503,0
57039,1828,2504,1
57041,0,2505,0
57043,0,2505,0
57045,0,2503,0
57047,0,2503,0
57049,0,2504,0
57051,0,2503,0
57053,0,2504,0
57055,0,2503,0
57057,0,2504,0
57059,0,2504,0
57061,0,2502,0
57063,0,2503,0
57065,0,2505,0
57067,0,2504,0
57069,0,2505,0
57071,0,2505,0
57073,0,2503,0
57075,0,2504,0
57077,0,2505,0
57079,1834,2503,1
57081,0,2503,0
57083,0,2504,0
57085,0,2504,0
57087,0,2505,0
57089,0,2503,0
57091,0,2505,0
57093,0,2504,0
57095,0,2516,0
57097,0,2503,0
57099,0,2504,0
57101,0,2502,0
57103,0,2505,0
57105,0,2504,0
57107,0,2504,0
57109,0,2503,0
57111,0,2503,0
57113,0,2502,0
57115,0,2503,0
57117,0,2504,0
57119,1880,2505,1
57121,0,2505,0
57123,0,2503,0
57125,0,2504,0
57127,0,2501,0
57129,0,2503,0
57131,0,2503,0
57133,0,2505,0
57135,0,2504,0
57137,0,2504,0
57139,0,2504,0
57141,0,2503,0
57143,0,2502,0
57145,0,2505,0
57147,0,2505,0
57149,0,2503,0
57151,0,2504,0
57153,0,2503,0
57155,0,2503,0
57157,0,2501,0
57159,1991,2504,1
57161,0,2505,0
57163,0,2504,0
57165,0,2503,0
57167,0,2505,0
57169,0,2503,0
57171,0,2503,0
57173,0,2503,0
57175,0,2502,0
57177,0,2495,0
57179,0,2504,0
57181,0,2504,0
57183,0,2504,0
57185,0,2504,0
57187,0,2504,0
57189,0,2505,0
57191,0,2503,0
57193,0,2505,0
57195,0,2503,0
57197,0,2504,0
57199,2182,2504,1
57201,0,2504,0
57203,0,2504,0
57205,0,2503,0
57207,0,2505,0
57209,0,2505,0
57211,0,2504,0
57213,0,2503,0
57215,0,2501,0
57217,0,2503,0
57219,0,2503,0
57221,0,2503,0
57223,0,2503,0
57225,0,2505,0
57227,0,2504,0
57229,0,2502,0
57231,0,2503,0
57233,0,2501,0
57235,0,2503,0
57237,0,2502,0
57239,2601,2505,1
57241,0,2503,0
57243,0,2503,0
57245,0,2504,0
57247,0,2503,0
57249,0,2505,0
57251,0,2504,0
57253,0,2503,0
57255,0,2503,0
57257,0,2503,0
57259,0,2504,0
57261,0,2502,0
57263,0,2505,0
57265,0,2504,0
57267,0,2504,0
57269,0,2502,0
57271,0,2504,0
57273,0,2505,0
57275,0,2505,0
57277,0,2504,0
57279,3034,2504,1
57281,0,2503,0
57283,0,2505,0
57285,0,2503,0
57287,0,2504,0
57289,0,2503,0
57291,0,2505,0
57293,0,2505,0
57295,0,2505,0
57297,0,2503,0
57299,0,2503,0
57301,0,2504,0
57303,0,2503,0
57305,0,2503,0
57307,0,2503,0
57309,0,2503,0
57311,0,2504,0
57313,0,2504,0
57315,0,2505,0
57317,0,2505,0
57319,3456,2507,1
57321,0,2505,0
57323,0,2503,0
57325,0,2504,0
57327,0,2503,0
57329,0,2503,0
57331,0,2503,0
57333,0,2505,0
57335,0,2504,0
57337,0,2503,0
57339,0,2502,0
57341,0,2504,0
57343,0,2503,0
57345,0,2503,0
57347,0,2504,0
57349,0,2503,0
57351,0,2505,0
57353,0,2503,0
57355,0,2505,0
57357,0,2503,0
57359,3558,2504,1
57361,0,2503,0
57363,0,2503,0
57365,0,2503,0
57367,0,2505,0
57369,0,2503,0
57371,0,2504,0
57373,0,2503,0
57375,0,2503,0
57377,0,2504,0
57379,0,2503,0
57381,0,2505,0
57383,0,2504,0
57385,0,2505,0
57387,0,2504,0
57389,0,2503,0
57391,0,2503,0
57393,0,2504,0
57395,0,2503,0
57397,3128,2503,1
57399,0,2503,0
57401,0,2503,0
57403,0,2503,0
57405,0,2503,0
57407,0,2505,0
57409,0,2503,0
57411,0,2503,0
57413,0,2504,0
57415,0,2504,0
57417,0,2503,0
57419,0,2504,0
57421,0,2503,0
57423,0,2503,0
57425,0,2503,0
57427,0,2503,0
57429,0,2504,0
57431,0,2503,0
57433,0,2504,0
57435,0,2504,0
57437,2595,2504,1
57439,0,2503,0
57441,0,2505,0
57443,0,2504,0
57445,0,2509,0
57447,0,2505,0
57449,0,2503,0
57451,0,2504,0
57453,0,2504,0
57455,0,2505,0
57457,0,2503,0
57459,0,2505,0
57461,0,2504,0
57463,0,2503,0
57465,0,2503,0
57467,0,2503,0
57469,0,2504,0
57471,0,2505,0
57473,0,2503,0
57475,0,2503,0
57477,2203,2503,1
57479,0,2503,0
57481,0,2504,0
57483,0,2503,0
57485,0,2503,0
57487,0,2504,0
57489,0,2504,0
57491,0,2503,0
57493,0,2503,0
57495,0,2503,0
57497,0,2505,0
57499,0,2503,0
57501,0,2504,0
57503,0,2503,0
57505,0,2505,0
57507,0,2503,0
57509,0,2496,0
57511,0,2503,0
57513,0,2503,0
57515,0,2504,0
57517,1962,2504,1
57519,0,2505,0
57521,0,2505,0
57523,0,2504,0
57525,0,2504,0
57527,0,2503,0
57529,0,2505,0
57531,0,2503,0
57533,0,2504,0
57535,0,2503,0
57537,0,2503,0
57539,0,2504,0
57541,0,2503,0
57543,0,2503,0
57545,0,2505,0
57547,0,2505,0
57549,0,2504,0
57551,0,2502,0
57553,0,2503,0
57555,0,2504,0
57557,1866,2504,1
57559,0,2505,0
57561,0,2503,0
57563,0,2504,0
57565,0,2503,0
57567,0,2504,0
57569,0,2503,0
57571,0,2505,0
57573,0,2505,0
57575,0,2504,0
57577,0,2503,0
57579,0,2503,0
57581,0,2504,0
57583,0,2504,0
57585,0,2507,0
57587,0,2505,0
57589,0,2505,0
57591,0,2504,0
57593,0,2506,0
57595,0,2502,0
57597,1857,2503,1
57599,0,2505,0
57601,0,2504,0
57603,0,2503,0
57605,0,2504,0
57607,0,2505,0
57609,0,2503,0
57611,0,2503,0
57613,0,2503,0
57615,0,2501,0
57617,0,2503,0
57619,0,2505,0
57621,0,2503,0
57623,0,2504,0
57625,0,2504,0
57627,0,2503,0
57629,0,2504,0
57631,0,2504,0
57633,0,2503,0
57635,0,2505,0
57637,1855,2504,1
57639,0,2507,0
57641,0,2503,0
57643,0,2505,0
57645,0,2505,0
57647,0,2502,0
57649,0,2505,0
57651,0,2505,0
57653,0,2505,0
57655,0,2504,0
57657,0,2505,0
57659,0,2503,0
57661,0,2505,0
57663,0,2503,0
57665,0,2505,0
57667,0,2505,0
57669,0,2505,0
57671,0,2503,0
57673,0,2505,0
57675,0,2503,0
57677,1851,2505,1
57679,0,2505,0
57681,0,2504,0
57683,0,2503,0
57685,0,2503,0
57687,0,2503,0
57689,0,2503,0
57691,0,2503,0
57693,0,2505,0
57695,0,2502,0
57697,0,2505,0
57699,0,2503,0
57701,0,2503,0
57703,0,2506,0
57705,0,2505,0
57707,0,2505,0
57709,0,2503,0
57711,0,2505,0
57713,0,2503,0
57715,0,2503,0
57717,1848,2505,1
57719,0,2501,0
57721,0,2505,0
57723,0,2505,0
57725,0,2505,0
57727,0,2505,0
57729,0,2503,0
57731,0,2504,0
57733,0,2503,0
57735,0,2505,0
57737,0,2501,0
57739,0,2504,0
57741,0,2505,0
57743,0,2503,0
57745,0,2503,0
57747,0,2503,0
57749,0,2504,0
57751,0,2505,0
57753,0,2505,0
57755,1874,2504,1
57757,0,2505,0
57759,0,2504,0
57761,0,2503,0
57763,0,2506,0
57765,0,2503,0
57767,0,2505,0
57769,0,2505,0
57771,0,2503,0
57773,0,2505,0
57775,0,2503,0
57777,0,2503,0
57779,0,2505,0
57781,0,2503,0
57783,0,2505,0
57785,0,2502,0
57787,0,2505,0
57789,0,2504,0
57791,0,2503,0
57793,0,2502,0
57795,1895,2503,1
57797,0,2503,0
57799,0,2503,0
57801,0,2503,0
57803,0,2505,0
57805,0,2503,0
57807,0,2505,0
57809,0,2505,0
57811,0,2503,0
57813,0,2503,0
57815,0,2503,0
57817,0,2504,0
57819,0,2505,0
57821,0,2504,0
57823,0,2503,0
57825,0,2503,0
57827,0,2504,0
57829,0,2504,0
57831,0,2501,0
57833,0,2507,0
57835,1826,2502,1
57837,0,2503,0
57839,0,2503,0
57841,0,2503,0
57843,0,2505,0
57845,0,2503,0
57847,0,2505,0
57849,0,2507,0
57851,0,2502,0
57853,0,2504,0
57855,0,2505,0
57857,0,2505,0
57859,0,2504,0
57861,0,2503,0
57863,0,2504,0
57865,0,2503,0
57867,0,2505,0
57869,0,2503,0
57871,0,2504,0
57873,0,2504,0
57875,1791,2505,1
57877,0,2503,0
57879,0,2503,0
57881,0,2504,0
57883,0,2503,0
57885,0,2504,0
57887,0,2503,0
57889,0,2503,0
57891,0,2504,0
57893,0,2503,0
57895,0,2504,0
57897,0,2505,0
57899,0,2503,0
57901,0,2503,0
57903,0,2504,0
57905,0,2503,0
57907,0,2504,0
57909,0,2503,0
57911,0,2503,0
57913,0,2503,0
57915,1793,2503,1
57917,0,2503,0
57919,0,2503,0
57921,0,2505,0
57923,0,2503,0
57925,0,2503,0
57927,0,2503,0
57929,0,2505,0
57931,0,2504,0
57933,0,2504,0
57935,0,2503,0
57937,0,2503,0
57939,0,2505,0
57941,0,2503,0
57943,0,2503,0
57945,0,2503,0
57947,0,2504,0
57949,0,2503,0
57951,0,2501,0
57953,0,2504,0
57955,1819,2504,1
57957,0,2505,0
57959,0,2503,0
57961,0,2504,0
57963,0,2503,0
57965,0,2503,0
57967,0,2503,0
57969,0,2504,0
57971,0,2504,0
57973,0,2503,0
57975,0,2503,0
57977,0,2505,0
57979,0,2505,0
57981,0,2503,0
57983,0,2503,0
57985,0,2503,0
57987,0,2505,0
57989,0,2505,0
57991,0,2501,0
57993,0,2501,0
57995,1853,2503,1
57997,0,2503,0
57999,0,2504,0
58001,0,2503,0
58003,0,2503,0
58005,0,2505,0
58007,0,2502,0
58009,0,2503,0
58011,0,2503,0
58013,0,2500,0
58015,0,2505,0
58017,0,2505,0
58019,0,2503,0
58021,0,2502,0
58023,0,2503,0
58025,0,2504,0
58027,0,2503,0
58029,0,2503,0
58031,0,2503,0
58033,0,2504,0
58035,1872,2502,1
58037,0,2503,0
58039,0,2503,0
58041,0,2503,0
58043,0,2503,0
58045,0,2504,0
58047,0,2502,0
58049,0,2504,0
58051,0,2503,0
58053,0,2503,0
58055,0,2503,0
58057,0,2503,0
58059,0,2501,0
58061,0,2503,0
58063,0,2503,0
58065,0,2503,0
58067,0,2503,0
58069,0,2503,0
58071,0,2496,0
58073,0,2503,0
58075,1826,2503,1
58077,0,2502,0
58079,0,2504,0
58081,0,2503,0
58083,0,2503,0
58085,0,2503,0
58087,0,2503,0
58089,0,2501,0
58091,0,2503,0
58093,0,2505,0
58095,0,2503,0
58097,0,2503,0
58099,0,2502,0
58101,0,2502,0
58103,0,2505,0
58105,0,2504,0
58107,0,2504,0
58109,0,2503,0
58111,0,2505,0
58113,0,2503,0
58115,1818,2504,1
58117,0,2503,0
58119,0,2503,0
58121,0,2505,0
58123,0,2503,0
58125,0,2504,0
58127,0,2504,0
58129,0,2503,0
58131,0,2503,0
58133,0,2503,0
58135,0,2504,0
58137,0,2505,0
58139,0,2505,0
58141,0,2503,0
58143,0,2505,0
58145,0,2507,0
58147,0,2505,0
58149,0,2505,0
58151,0,2503,0
58153,1835,2503,1
58155,0,2505,0
58157,0,2505,0
58159,0,2507,0
58161,0,2503,0
58163,0,2503,0
58165,0,2504,0
58167,0,2505,0
58169,0,2505,0
58171,0,2505,0
58173,0,2505,0
58175,0,2503,0
58177,0,2504,0
58179,0,2503,0
58181,0,2505,0
58183,0,2504,0
58185,0,2504,0
58187,0,2506,0
58189,0,2505,0
58191,0,2505,0
58193,1828,2504,1
58195,0,2505,0
58197,0,2505,0
58199,0,2503,0
58201,0,2504,0
58203,0,2504,0
58205,0,2505,0
58207,0,2505,0
58209,0,2504,0
58211,0,2505,0
58213,0,2504,0
58215,0,2505,0
58217,0,2517,0
58219,0,2503,0
58221,0,2503,0
58223,0,2504,0
58225,0,2505,0
58227,0,2507,0
58229,0,2505,0
58231,0,2505,0
58233,1820,2503,1
58235,0,2503,0
58237,0,2504,0
58239,0,2505,0
58241,0,2504,0
58243,0,2505,0
58245,0,2505,0
58247,0,2505,0
58249,0,2487,0
58251,0,2503,0
58253,0,2505,0
58255,0,2505,0
58257,0,2506,0
58259,0,2507,0
58261,0,2505,0
58263,0,2505,0
58265,0,2505,0
58267,0,2503,0
58269,0,2504,0
58271,0,2504,0
58273,1805,2504,1
58275,0,2505,0
58277,0,2504,0
58279,0,2507,0
58281,0,2505,0
58283,0,2504,0
58285,0,2503,0
58287,0,2505,0
58289,0,2491,0
58291,0,2505,0
58293,0,2505,0
58295,0,2505,0
58297,0,2505,0
58299,0,2504,0
58301,0,2496,0
58303,0,2504,0
58305,0,2504,0
58307,0,2506,0
58309,0,2503,0
58311,0,2503,0
58313,1796,2504,1
58315,0,2505,0
58317,0,2505,0
58319,0,2504,0
58321,0,2507,0
58323,0,2503,0
58325,0,2503,0
58327,0,2505,0
58329,0,2503,0
58331,0,2504,0
58333,0,2505,0
58335,0,2504,0
58337,0,2505,0
58339,0,2502,0
58341,0,2505,0
58343,0,2505,0
58345,0,2505,0
58347,0,2503,0
58349,0,2505,0
58351,0,2504,0
58353,1803,2505,1
58355,0,2505,0
58357,0,2504,0
58359,0,2504,0
58361,0,2502,0
58363,0,2503,0
58365,0,2504,0
58367,0,2503,0
58369,0,2505,0
58371,0,2505,0
58373,0,2505,0
58375,0,2505,0
58377,0,2504,0
58379,0,2505,0
58381,0,2503,0
58383,0,2503,0
58385,0,2505,0
58387,0,2506,0
58389,0,2503,0
58391,0,2505,0
58393,1834,2505,1
58395,0,2503,0
58397,0,2504,0
58399,0,2504,0
58401,0,2505,0
58403,0,2504,0
58405,0,2503,0
58407,0,2504,0
58409,0,2505,0
58411,0,2507,0
58413,0,2505,0
58415,0,2505,0
58417,0,2505,0
58419,0,2504,0
58421,0,2504,0
58423,0,2507,0
58425,0,2505,0
58427,0,2503,0
58429,0,2505,0
58431,0,2505,0
58433,1828,2505,1
58435,0,2505,0
58437,0,2505,0
58439,0,2503,0
58441,0,2504,0
58443,0,2505,0
58445,0,2504,0
58447,0,2503,0
58449,0,2505,0
58451,0,2504,0
58453,0,2503,0
58455,0,2505,0
58457,0,2505,0
58459,0,2504,0
58461,0,2505,0
58463,0,2505,0
58465,0,2505,0
58467,0,2505,0
58469,0,2503,0
58471,0,2504,0
58473,1797,2505,1
58475,0,2505,0
58477,0,2507,0
58479,0,2505,0
58481,0,2505,0
58483,0,2505,0
58485,0,2504,0
58487,0,2504,0
58489,0,2504,0
58491,0,2505,0
58493,0,2505,0
58495,0,2505,0
58497,0,2505,0
58499,0,2503,0
58501,0,2504,0
58503,0,2505,0
58505,0,2505,0
58507,0,2505,0
58509,0,2505,0
58511,0,2504,0
58513,1810,2504,1
58515,0,2506,0
58517,0,2504,0
58519,0,2502,0
58521,0,2508,0
58523,0,2505,0
58525,0,2505,0
58527,0,2505,0
58529,0,2503,0
58531,0,2504,0
58533,0,2504,0
58535,0,2503,0
58537,0,2504,0
58539,0,2505,0
58541,0,2505,0
58543,0,2505,0
58545,0,2505,0
58547,0,2489,0
58549,0,2503,0
58551,1827,2505,1
58553,0,2505,0
58555,0,2503,0
58557,0,2507,0
58559,0,2505,0
58561,0,2504,0
58563,0,2505,0
58565,0,2505,0
58567,0,2504,0
58569,0,2505,0
58571,0,2504,0
58573,0,2503,0
58575,0,2505,0
58577,0,2503,0
58579,0,2503,0
58581,0,2504,0
58583,0,2505,0
58585,0,2505,0
58587,0,2505,0
58589,0,2505,0
58591,1826,2505,1
58593,0,2505,0
58595,0,2505,0
58597,0,2505,0
58599,0,2505,0
58601,0,2505,0
58603,0,2505,0
58605,0,2504,0
58607,0,2503,0
58609,0,2505,0
58611,0,2505,0
58613,0,2504,0
58615,0,2503,0
58617,0,2506,0
58619,0,2503,0
58621,0,2506,0
58623,0,2506,0
58625,0,2505,0
58627,0,2503,0
58629,0,2505,0
58631,1847,2501,1
58633,0,2504,0
58635,0,2503,0
58637,0,2505,0
58639,0,2506,0
58641,0,2504,0
58643,0,2506,0
58645,0,2505,0
58647,0,2505,0
58649,0,2504,0
58651,0,2505,0
58653,0,2503,0
58655,0,2504,0
58657,0,2504,0
58659,0,2505,0
58661,0,2505,0
58663,0,2503,0
58665,0,2505,0
58667,0,2503,0
58669,0,2504,0
58671,1829,2507,1
58673,0,2504,0
58675,0,2503,0
58677,0,2504,0
58679,0,2503,0
58681,0,2505,0
58683,0,2504,0
58685,0,2504,0
58687,0,2505,0
58689,0,2505,0
58691,0,2503,0
58693,0,2504,0
58695,0,2503,0
58697,0,2504,0
58699,0,2504,0
58701,0,2504,0
58703,0,2505,0
58705,0,2504,0
58707,0,2505,0
58710,0,2503,0
58712,1737,2504,1
58714,0,2505,0
58716,0,2503,0
58718,0,2504,0
58720,0,2503,0
58722,0,2504,0
58724,0,2503,0
58726,0,2505,0
58728,0,2505,0
58730,0,2506,0
58732,0,2504,0
58734,0,2504,0
58736,0,2505,0
58738,0,2504,0
58740,0,2505,0
58742,0,2505,0
58744,0,2505,0
58746,0,2505,0
58748,0,2504,0
58750,0,2504,0
58752,1771,2506,1
58754,0,2504,0
58756,0,2505,0
58758,0,2505,0
58760,0,2505,0
58762,0,2505,0
58764,0,2505,0
58766,0,2504,0
58768,0,2504,0
58770,0,2504,0
58772,0,2507,0
58774,0,2505,0
58776,0,2505,0
58778,0,2505,0
58780,0,2503,0
58782,0,2507,0
58784,0,2507,0
58786,0,2504,0
58788,0,2505,0
58790,0,2505,0
58792,1928,2504,1
58794,0,2503,0
58796,0,2504,0
58798,0,2505,0
58800,0,2505,0
58802,0,2505,0
58804,0,2503,0
58806,0,2505,0
58808,0,2504,0
58810,0,2504,0
58812,0,2505,0
58814,0,2505,0
58816,0,2505,0
58818,0,2503,0
58820,0,2507,0
58822,0,2507,0
58824,0,2504,0
58826,0,2505,0
58828,0,2503,0
58830,0,2505,0
58832,2348,2503,1
58834,0,2505,0
58836,0,2505,0
58838,0,2505,0
58840,0,2505,0
58842,0,2506,0
58844,0,2504,0
58846,0,2504,0
58848,0,2503,0
58850,0,2504,0
58852,0,2505,0
58854,0,2504,0
58856,0,2505,0
58858,0,2505,0
58860,0,2505,0
58862,0,2505,0
58864,0,2489,0
58866,0,2505,0
58868,0,2505,0
58870,0,2507,0
58872,4732,2505,1
58874,0,2505,0
58876,0,2506,0
58878,0,2505,0
58880,0,2506,0
58882,0,2506,0
58884,0,2505,0
58886,0,2505,0
58888,0,2505,0
58890,0,2504,0
58892,0,2505,0
58894,0,2504,0
58896,0,2503,0
58898,0,2504,0
58900,0,2505,0
58902,0,2505,0
58904,0,2503,0
58906,0,2505,0
58908,0,2504,0
58910,15894,2505,1
58912,0,2505,0
58914,0,2505,0
58916,0,2505,0
58918,0,2501,0
58920,0,2505,0
58922,0,2505,0
58924,0,2504,0
58926,0,2505,0
58928,0,2504,0
58930,0,2506,0
58932,0,2505,0
58934,0,2505,0
58936,0,2504,0
58938,0,2502,0
58940,0,2503,0
58942,0,2504,0
58944,0,2504,0
58946,0,2503,0
58948,0,2502,0
58950,49680,2505,1
58952,0,2505,0
58954,0,2505,0
58956,0,2505,0
58958,0,2505,0
58960,0,2505,0
58962,0,2504,0
58964,0,2504,0
58966,0,2504,0
58968,0,2504,0
58970,0,2503,0
58972,0,2504,0
58974,0,2503,0
58976,0,2505,0
58978,0,2504,0
58980,0,2505,0
58982,0,2503,0
58984,0,2504,0
58986,0,2505,0
58988,0,2504,0
58990,73466,2505,1
58992,0,2504,0
58994,0,2505,0
58996,0,2505,0
58998,0,2504,0
59000,0,2504,0
59002,0,2504,0
59004,0,2507,0
59006,0,2503,0
59008,0,2505,0
59010,0,2503,0
59012,0,2504,0
59014,0,2505,0
59016,0,2504,0
59018,0,2504,0
59020,0,2505,0
59022,0,2504,0
59024,0,2503,0
59026,0,2505,0
59028,0,2503,0
59030,67505,2503,1
59032,0,2505,0
59034,0,2504,0
59036,0,2505,0
59038,0,2507,0
59040,0,2505,0
59042,0,2504,0
59044,0,2506,0
59046,0,2506,0
59048,0,2507,0
59050,0,2504,0
59052,0,2504,0
59054,0,2505,0
59056,0,2505,0
59058,0,2505,0
59060,0,2505,0
59062,0,2505,0
59064,0,2506,0
59066,0,2505,0
59068,0,2505,0
59070,67318,2505,1
59072,0,2503,0
59074,0,2505,0
59076,0,2518,0
59078,0,2505,0
59080,0,2504,0
59082,0,2505,0
59084,0,2504,0
59086,0,2503,0
59088,0,2503,0
59090,0,2505,0
59092,0,2503,0
59094,0,2504,0
59096,0,2503,0
59098,0,2507,0
59100,0,2503,0
59102,0,2505,0
59104,0,2505,0
59106,0,2505,0
59108,0,2507,0
59110,68561,2503,1
59112,0,2504,0
59114,0,2503,0
59116,0,2507,0
59118,0,2503,0
59120,0,2506,0
59122,0,2506,0
59124,0,2505,0
59126,0,2504,0
59128,0,2503,0
59130,0,2505,0
59132,0,2505,0
59134,0,2505,0
59136,0,2505,0
59138,0,2505,0
59140,0,2506,0
59142,0,2504,0
59144,0,2505,0
59146,0,2505,0
59148,0,2505,0
59150,69917,2505,1
59152,0,2503,0
59154,0,2505,0
59156,0,2503,0
59158,0,2505,0
59160,0,2505,0
59162,0,2505,0
59164,0,2495,0
59166,0,2505,0
59168,0,2505,0
59170,0,2505,0
59172,0,2504,0
59174,0,2503,0
59176,0,2505,0
59178,0,2503,0
59180,0,2505,0
59182,0,2505,0
59184,0,2505,0
59186,0,2504,0
59188,0,2507,0
59190,70881,2506,1
59192,0,2507,0
59194,0,2505,0
59196,0,2505,0
59198,0,2505,0
59200,0,2504,0
59202,0,2505,0
59204,0,2503,0
59206,0,2505,0
59208,0,2504,0
59210,0,2505,0
59212,0,2505,0
59214,0,2505,0
59216,0,2505,0
59218,0,2503,0
59220,0,2505,0
59222,0,2504,0
59224,0,2505,0
59226,0,2504,0
59228,0,2503,0
59230,73078,2504,1
59232,0,2507,0
59234,0,2509,0
59236,0,2505,0
59238,0,2505,0
59240,0,2504,0
59242,0,2505,0
59244,0,2505,0
59246,0,2507,0
59248,0,2503,0
59250,0,2505,0
59252,0,2505,0
59254,0,2505,0
59256,0,2504,0
59258,0,2504,0
59260,0,2505,0
59262,0,2506,0
59264,0,2506,0
59266,0,2505,0
59268,0,2505,0
59270,73597,2504,1
59272,0,2507,0
59274,0,2503,0
59276,0,2504,0
59278,0,2505,0
59280,0,2505,0
59282,0,2504,0
59284,0,2504,0
59286,0,2503,0
59288,0,2505,0
59290,0,2505,0
59292,0,2505,0
59294,0,2505,0
59296,0,2504,0
59298,0,2505,0
59300,0,2505,0
59302,0,2504,0
59304,0,2505,0
59306,0,2504,0
59308,72396,2503,1
59310,0,2505,0
59312,0,2505,0
59314,0,2505,0
59316,0,2505,0
59318,0,2507,0
59320,0,2503,0
59322,0,2504,0
59324,0,2503,0
59326,0,2504,0
59328,0,2504,0
59330,0,2504,0
59332,0,2505,0
59334,0,2493,0
59336,0,2505,0
59338,0,2505,0
59340,0,2505,0
59342,0,2505,0
59344,0,2507,0
59346,0,2504,0
59348,71904,2505,1
59350,0,2505,0
59352,0,2506,0
59354,0,2503,0
59356,0,2505,0
59358,0,2505,0
59360,0,2504,0
59362,0,2504,0
59364,0,2505,0
59366,0,2504,0
59368,0,2505,0
59370,0,2506,0
59372,0,2505,0
59374,0,2495,0
59376,0,2507,0
59378,0,2505,0
59380,0,2507,0
59382,0,2505,0
59384,0,2505,0
59386,0,2503,0
59388,72116,2505,1
59390,0,2507,0
59392,0,2504,0
59394,0,2505,0
59396,0,2504,0
59398,0,2507,0
59400,0,2505,0
59402,0,2505,0
59404,0,2506,0
59406,0,2504,0
59408,0,2504,0
59410,0,2505,0
59412,0,2505,0
59414,0,2505,0
59416,0,2505,0
59418,0,2505,0
59420,0,2505,0
59422,0,2504,0
59424,0,2506,0
59426,0,2505,0
59428,72734,2505,1
59430,0,2504,0
59432,0,2505,0
59434,0,2505,0
59436,0,2505,0
59438,0,2507,0
59440,0,2504,0
59442,0,2505,0
59444,0,2505,0
59446,0,2503,0
59448,0,2506,0
59450,0,2505,0
59452,0,2504,0
59454,0,2506,0
59456,0,2505,0
59458,0,2503,0
59460,0,2504,0
59462,0,2505,0
59464,0,2505,0
59466,0,2507,0
59468,71836,2504,1
59470,0,2505,0
59472,0,2505,0
59474,0,2506,0
59476,0,2505,0
59478,0,2504,0
59480,0,2505,0
59482,0,2505,0
59484,0,2505,0
59486,0,2505,0
59488,0,2505,0
59490,0,2505,0
59492,0,2505,0
59494,0,2504,0
59496,0,2504,0
59498,0,2504,0
59500,0,2505,0
59502,0,2503,0
59504,0,2503,0
59506,0,2505,0
59508,71426,2503,1
59510,0,2505,0
59512,0,2504,0
59514,0,2496,0
59516,0,2504,0
59518,0,2507,0
59520,0,2505,0
59522,0,2507,0
59524,0,2505,0
59526,0,2505,0
59528,0,2505,0
59530,0,2505,0
59532,0,2501,0
59534,0,2505,0
59536,0,2505,0
59538,0,2507,0
59540,0,2505,0
59542,0,2505,0
59544,0,2505,0
59546,0,2507,0
59548,73178,2503,1
59550,0,2505,0
59552,0,2504,0
59554,0,2504,0
59556,0,2505,0
59558,0,2505,0
59560,0,2505,0
59562,0,2505,0
59564,0,2505,0
59566,0,2504,0
59568,0,2505,0
59570,0,2505,0
59572,0,2505,0
59574,0,2505,0
59576,0,2504,0
59578,0,2505,0
59580,0,2504,0
59582,0,2505,0
59584,0,2505,0
59586,0,2504,0
59588,74996,2505,1
59590,0,2505,0
59592,0,2504,0
59594,0,2504,0
59596,0,2503,0
59598,0,2504,0
59600,0,2504,0
59602,0,2505,0
59604,0,2505,0
59606,0,2503,0
59608,0,2506,0
59610,0,2503,0
59612,0,2505,0
59614,0,2505,0
59616,0,2505,0
59618,0,2504,0
59620,0,2505,0
59622,0,2505,0
59624,0,2504,0
59626,0,2504,0
59628,73792,2505,1
59630,0,2505,0
59632,0,2504,0
59634,0,2505,0
59636,0,2504,0
59638,0,2505,0
59640,0,2505,0
59642,0,2505,0
59644,0,2504,0
59646,0,2503,0
59648,0,2505,0
59650,0,2505,0
59652,0,2506,0
59654,0,2505,0
59656,0,2505,0
59658,0,2505,0
59660,0,2504,0
59662,0,2505,0
59664,0,2504,0
59666,71185,2505,1
59668,0,2505,0
59670,0,2504,0
59672,0,2504,0
59674,0,2504,0
59676,0,2503,0
59678,0,2505,0
59680,0,2505,0
59682,0,2503,0
59684,0,2505,0
59686,0,2503,0
59688,0,2503,0
59690,0,2505,0
59692,0,2504,0
59694,0,2505,0
59696,0,2505,0
59698,0,2505,0
59700,0,2504,0
59702,0,2505,0
59704,0,2505,0
59706,69917,2503,1
59708,0,2505,0
59710,0,2505,0
59712,0,2504,0
59714,0,2504,0
59716,0,2504,0
59718,0,2503,0
59720,0,2503,0
59722,0,2504,0
59724,0,2505,0
59726,0,2503,0
59728,0,2503,0
59730,0,2504,0
59732,0,2503,0
59734,0,2505,0
59736,0,2502,0
59738,0,2503,0
59740,0,2504,0
59742,0,2495,0
59744,0,2503,0
59746,70507,2503,1
59748,0,2505,0
59750,0,2509,0
59752,0,2505,0
59754,0,2505,0
59756,0,2504,0
59758,0,2504,0
59760,0,2505,0
59762,0,2505,0
59764,0,2505,0
59766,0,2505,0
59768,0,2504,0
59770,0,2504,0
59772,0,2503,0
59774,0,2505,0
59776,0,2505,0
59778,0,2504,0
59780,0,2505,0
59782,0,2501,0
59784,0,2505,0
59786,70189,2503,1
59788,0,2506,0
59790,0,2505,0
59792,0,2505,0
59794,0,2505,0
59796,0,2505,0
59798,0,2504,0
59800,0,2503,0
59802,0,2504,0
59804,0,2503,0
59806,0,2504,0
59808,0,2504,0
59810,0,2502,0
59812,0,2503,0
59814,0,2501,0
59816,0,2504,0
59818,0,2503,0
59820,0,2495,0
59822,0,2505,0
59824,0,2504,0
59826,68196,2503,1
59828,0,2504,0
59830,0,2505,0
59832,0,2504,0
59834,0,2505,0
59836,0,2505,0
59838,0,2503,0
59840,0,2505,0
59842,0,2503,0
59844,0,2503,0
59846,0,2504,0
59848,0,2504,0
59850,0,2505,0
59852,0,2503,0
59854,0,2503,0
59856,0,2503,0
59858,0,2504,0
59860,0,2502,0
59862,0,2504,0
59864,0,2505,0
59866,67117,2504,1
59868,0,2503,0
59870,0,2505,0
59872,0,2503,0
59874,0,2503,0
59876,0,2501,0
59878,0,2503,0
59880,0,2504,0
59882,0,2503,0
59884,0,2507,0
59886,0,2505,0
59888,0,2503,0
59890,0,2503,0
59892,0,2503,0
59894,0,2504,0
59896,0,2496,0
59898,0,2503,0
59900,0,2503,0
59902,0,2505,0
59904,0,2502,0
59906,66755,2503,1
59908,0,2503,0
59910,0,2503,0
59912,0,2505,0
59914,0,2503,0
59916,0,2503,0
59918,0,2503,0
59920,0,2503,0
59922,0,2504,0
59924,0,2504,0
59926,0,2503,0
59928,0,2503,0
59930,0,2504,0
59932,0,2503,0
59934,0,2504,0
59936,0,2502,0
59938,0,2504,0
59940,0,2495,0
59942,0,2503,0
59944,0,2503,0
59946,67051,2503,1
59948,0,2505,0
59950,0,2503,0
59952,0,2503,0
59954,0,2503,0
59956,0,2505,0
59958,0,2503,0
59960,0,2503,0
59962,0,2503,0
59964,0,2503,0
59966,0,2504,0
59968,0,2503,0
59970,0,2503,0
59972,0,2505,0
59974,0,2504,0
59976,0,2505,0
59978,0,2501,0
59980,0,2504,0
59982,0,2505,0
59984,0,2505,0
59986,67248,2504,1
59988,0,2505,0
59990,0,2504,0
59992,0,2494,0
59994,0,2503,0
59996,0,2504,0
59998,0,2504,0
60000,0,2504,0
60002,0,2495,0
60004,0,2504,0
60006,0,2504,0
60008,0,2504,0
60010,0,2504,0
60012,0,2505,0
60014,0,2503,0
60016,0,2504,0
60018,0,2504,0
60020,0,2505,0
60022,0,2504,0
60024,0,2504,0
60026,68556,2504,1
60028,0,2504,0
60030,0,2503,0
60032,0,2504,0
60034,0,2503,0
60036,0,2503,0
60038,0,2503,0
60040,0,2505,0
60042,0,2503,0
60044,0,2503,0
60046,0,2504,0
60048,0,2503,0
60050,0,2504,0
60052,0,2502,0
60054,0,2505,0
60056,0,2503,0
60058,0,2505,0
60060,0,2505,0
60062,0,2502,0
60064,79435,2503,1
60066,0,2503,0
60068,0,2503,0
60070,0,2505,0
60072,0,2505,0
60074,0,2503,0
60076,0,2505,0
60078,0,2505,0
60080,0,2504,0
60082,0,2503,0
60084,0,2504,0
60086,0,2503,0
60088,0,2505,0
60090,0,2504,0
60092,0,2504,0
60094,0,2505,0
60096,0,2505,0
60098,0,2493,0
60100,0,2504,0
60102,0,2504,0
60104,57532,2504,1
60106,0,2505,0
60108,0,2503,0
60110,0,2505,0
60112,0,2504,0
60114,0,2505,0
60116,0,2504,0
60118,0,2504,0
60120,0,2505,0
60122,0,2505,0
60124,0,2505,0
60126,0,2504,0
60128,0,2505,0
60130,0,2505,0
60132,0,2504,0
60134,0,2505,0
60136,0,2503,0
60138,0,2503,0
60140,0,2503,0
60142,0,2505,0
60144,35798,2505,1
60146,0,2503,0
60148,0,2505,0
60150,0,2505,0
60152,0,2504,0
60154,0,2505,0
60156,0,2503,0
60158,0,2505,0
60160,0,2505,0
60162,0,2505,0
60164,0,2505,0
60166,0,2503,0
60168,0,2503,0
60170,0,2505,0
60172,0,2504,0
60174,0,2504,0
60176,0,2504,0
60178,0,2505,0
60180,0,2504,0
60182,0,2505,0
60184,42211,2503,1
60186,0,2503,0
60188,0,2504,0
60190,0,2504,0
60192,0,2505,0
60194,0,2503,0
60196,0,2504,0
60198,0,2505,0
60200,0,2505,0
60202,0,2503,0
60204,0,2505,0
60206,0,2505,0
60208,0,2505,0
60210,0,2505,0
60212,0,2504,0
60214,0,2504,0
60216,0,2504,0
60218,0,2504,0
60220,0,2505,0
60222,0,2505,0
60224,49895,2505,1
60226,0,2504,0
60228,0,2504,0
60230,0,2505,0
60232,0,2506,0
60234,0,2505,0
60236,0,2505,0
60238,0,2503,0
60240,0,2504,0
60242,0,2505,0
60244,0,2503,0
60246,0,2501,0
60248,0,2503,0
60250,0,2505,0
60252,0,2504,0
60254,0,2503,0
60256,0,2505,0
60258,0,2503,0
60260,0,2503,0
60262,0,2503,0
60264,59511,2503,1
60266,0,2504,0
60268,0,2504,0
60270,0,2503,0
60272,0,2505,0
60274,0,2505,0
60276,0,2505,0
60278,0,2505,0
60280,0,2505,0
60282,0,2505,0
60284,0,2505,0
60286,0,2504,0
60288,0,2504,0
60290,0,2503,0
60292,0,2505,0
60294,0,2505,0
60296,0,2503,0
60298,0,2505,0
60300,0,2504,0
60302,0,2505,0
60304,72297,2504,1
60306,0,2505,0
60308,0,2505,0
60310,0,2504,0
60312,0,2503,0
60314,0,2504,0
60316,0,2505,0
60318,0,2503,0
60320,0,2504,0
60322,0,2501,0
60324,0,2517,0
60326,0,2503,0
60328,0,2505,0
60330,0,2489,0
60332,0,2503,0
60334,0,2505,0
60336,0,2505,0
60338,0,2504,0
60340,0,2502,0
60342,0,2504,0
60344,39452,2503,1
60346,0,2503,0
60348,0,2503,0
60350,0,2504,0
60352,0,2504,0
60354,0,2504,0
60356,0,2505,0
60358,0,2504,0
60360,0,2505,0
60362,0,2504,0
60364,0,2504,0
60366,0,2505,0
60368,0,2504,0
60370,0,2505,0
60372,0,2504,0
60374,0,2505,0
60376,0,2505,0
60378,0,2504,0
60380,0,2505,0
60382,0,2504,0
60384,32273,2505,1
60386,0,2501,0
60388,0,2505,0
60390,0,2505,0
60392,0,2503,0
60394,0,2503,0
60396,0,2504,0
60398,0,2503,0
60400,0,2505,0
60402,0,2503,0
60404,0,2504,0
60406,0,2504,0
60408,0,2502,0
60410,0,2505,0
60412,0,2505,0
60414,0,2503,0
60416,0,2501,0
60418,0,2504,0
60420,0,2503,0
60422,0,2503,0
60424,65662,2505,1
60426,0,2503,0
60428,0,2503,0
60430,0,2503,0
60432,0,2507,0
60434,0,2505,0
60436,0,2505,0
60438,0,2505,0
60440,0,2503,0
60442,0,2504,0
60444,0,2503,0
60446,0,2505,0
60448,0,2503,0
60450,0,2504,0
60452,0,2503,0
60454,0,2505,0
60456,0,2504,0
60458,0,2503,0
60460,0,2503,0
60462,77877,2505,1
60464,0,2506,0
60466,0,2505,0
60468,0,2505,0
60470,0,2504,0
60472,0,2502,0
60474,0,2501,0
60476,0,2502,0
60478,0,2503,0
60480,0,2503,0
60482,0,2504,0
60484,0,2505,0
60486,0,2503,0
60488,0,2504,0
60490,0,2503,0
60492,0,2504,0
60494,0,2503,0
60496,0,2503,0
60498,0,2504,0
60500,0,2502,0
60502,66315,2505,1
60504,0,2505,0
60506,0,2503,0
60508,0,2505,0
60510,0,2503,0
60512,0,2505,0
60514,0,2505,0
60516,0,2504,0
60518,0,2505,0
60520,0,2505,0
60522,0,2505,0
60524,0,2504,0
60526,0,2503,0
60528,0,2502,0
60530,0,2504,0
60532,0,2505,0
60534,0,2503,0
60536,0,2503,0
60538,0,2504,0
60540,0,2503,0
60542,53675,2505,1
60544,0,2503,0
60546,0,2505,0
60548,0,2505,0
60550,0,2504,0
60552,0,2505,0
60554,0,2503,0
60556,0,2505,0
60558,0,2503,0
60560,0,2503,0
60562,0,2504,0
60564,0,2503,0
60566,0,2502,0
60568,0,2505,0
60570,0,2503,0
60572,0,2505,0
60575,0,2505,0
60577,0,2503,0
60579,0,2495,0
60581,0,2504,0
60583,77108,2505,1
60585,0,2504,0
60587,0,2503,0
60589,0,2513,0
60591,0,2504,0
60593,0,2504,0
60595,0,2505,0
60597,0,2505,0
60599,0,2503,0
60601,0,2504,0
60603,0,2505,0
60605,0,2504,0
60607,0,2505,0
60609,0,2505,0
60611,0,2504,0
60613,0,2504,0
60615,0,2504,0
60617,0,2505,0
60619,0,2505,0
60621,0,2503,0
60623,90195,2504,1
60625,0,2504,0
60627,0,2502,0
60629,0,2505,0
60631,0,2505,0
60633,0,2505,0
60635,0,2505,0
60637,0,2503,0
60639,0,2505,0
60641,0,2505,0
60643,0,2504,0
60645,0,2505,0
60647,0,2504,0
60649,0,2495,0
60651,0,2505,0
60653,0,2505,0
60655,0,2505,0
60657,0,2505,0
60659,0,2501,0
60661,0,2505,0
60663,74455,2505,1
60665,0,2505,0
60667,0,2505,0
60669,0,2504,0
60671,0,2505,0
60673,0,2503,0
60675,0,2503,0
60677,0,2504,0
60679,0,2505,0
60681,0,2504,0
60683,0,2505,0
60685,0,2505,0
60687,0,2505,0
60689,0,2505,0
60691,0,2505,0
60693,0,2504,0
60695,0,2505,0
60697,0,2505,0
60699,0,2504,0
60701,0,2504,0
60703,68914,2505,1
60705,0,2507,0
60707,0,2505,0
60709,0,2504,0
60711,0,2507,0
60713,0,2506,0
60715,0,2505,0
60717,0,2505,0
60719,0,2505,0
60721,0,2505,0
60723,0,2505,0
60725,0,2505,0
60727,0,2505,0
60729,0,2504,0
60731,0,2503,0
60733,0,2504,0
60735,0,2506,0
60737,0,2505,0
60739,0,2505,0
60741,0,2505,0
60743,67137,2506,1
60745,0,2505,0
60747,0,2505,0
60749,0,2504,0
60751,0,2503,0
60753,0,2505,0
60755,0,2503,0
60757,0,2505,0
60759,0,2505,0
60761,0,2505,0
60763,0,2505,0
60765,0,2505,0
60767,0,2505,0
60769,0,2504,0
60771,0,2503,0
60773,0,2505,0
60775,0,2507,0
60777,0,2503,0
60779,0,2505,0
60781,0,2505,0
60783,67102,2504,1
60785,0,2507,0
60787,0,2506,0
60789,0,2507,0
60791,0,2505,0
60793,0,2505,0
60795,0,2505,0
60797,0,2505,0
60799,0,2505,0
60801,0,2504,0
60803,0,2502,0
60805,0,2506,0
60807,0,2505,0
60809,0,2505,0
60811,0,2504,0
60813,0,2505,0
60815,0,2503,0
60817,0,2505,0
60819,0,2504,0
60821,68073,2505,1
60823,0,2507,0
60825,0,2503,0
60827,0,2507,0
60829,0,2504,0
60831,0,2505,0
60833,0,2504,0
60835,0,2505,0
60837,0,2505,0
60839,0,2505,0
60841,0,2505,0
60843,0,2504,0
60845,0,2504,0
60847,0,2504,0
60849,0,2503,0
60851,0,2503,0
60853,0,2504,0
60855,0,2505,0
60857,0,2504,0
60859,0,2505,0
60861,67311,2504,1
60863,0,2505,0
60865,0,2504,0
60867,0,2505,0
60869,0,2503,0
60871,0,2504,0
60873,0,2505,0
60875,0,2501,0
60877,0,2503,0
60879,0,2505,0
60881,0,2503,0
60883,0,2503,0
60885,0,2503,0
60887,0,2505,0
60889,0,2505,0
60891,0,2504,0
60893,0,2503,0
60895,0,2505,0
60897,0,2504,0
60899,0,2504,0
60901,65842,2503,1
60903,0,2503,0
60905,0,2504,0
60907,0,2505,0
60909,0,2505,0
60911,0,2504,0
60913,0,2503,0
60915,0,2503,0
60917,0,2505,0
60919,0,2503,0
60921,0,2503,0
60923,0,2503,0
60925,0,2505,0
60927,0,2503,0
60929,0,2504,0
60931,0,2505,0
60933,0,2503,0
60935,0,2495,0
60937,0,2503,0
60939,0,2505,0
60941,65519,2505,1
60943,0,2505,0
60945,0,2505,0
60947,0,2505,0
60949,0,2504,0
60951,0,2507,0
60953,0,2504,0
60955,0,2506,0
60957,0,2505,0
60959,0,2505,0
60961,0,2503,0
60963,0,2504,0
60965,0,2505,0
60967,0,2505,0
60969,0,2504,0
60971,0,2505,0
60973,0,2504,0
60975,0,2503,0
60977,0,2495,0
60979,0,2505,0
60981,65390,2505,1
60983,0,2506,0
60985,0,2504,0
60987,0,2503,0
60989,0,2505,0
60991,0,2505,0
60993,0,2505,0
60995,0,2505,0
60997,0,2504,0
60999,0,2505,0
61001,0,2505,0
61003,0,2505,0
61005,0,2505,0
61007,0,2504,0
61009,0,2505,0
61011,0,2505,0
61013,0,2505,0
61015,0,2505,0
61017,0,2505,0
61019,0,2507,0
61021,65241,2504,1
61023,0,2505,0
61025,0,2505,0
61027,0,2505,0
61029,0,2504,0
61031,0,2503,0
61033,0,2505,0
61035,0,2505,0
61037,0,2504,0
61039,0,2505,0
61041,0,2506,0
61043,0,2507,0
61045,0,2506,0
61047,0,2505,0
61049,0,2505,0
61051,0,2503,0
61053,0,2505,0
61055,0,2495,0
61057,0,2505,0
61059,0,2505,0
61061,64952,2503,1
61063,0,2505,0
61065,0,2506,0
61067,0,2505,0
61069,0,2505,0
61071,0,2503,0
61073,0,2505,0
61075,0,2504,0
61077,0,2504,0
61079,0,2505,0
61081,0,2505,0
61083,0,2505,0
61085,0,2507,0
61087,0,2493,0
61089,0,2503,0
61091,0,2505,0
61093,0,2505,0
61095,0,2504,0
61097,0,2502,0
61099,0,2503,0
61101,64828,2505,1
61103,0,2505,0
61105,0,2505,0
61107,0,2505,0
61109,0,2505,0
61111,0,2505,0
61113,0,2506,0
61115,0,2496,0
61117,0,2496,0
61119,0,2517,0
61121,0,2504,0
61123,0,2505,0
61125,0,2505,0
61127,0,2505,0
61129,0,2503,0
61131,0,2505,0
61133,0,2504,0
61135,0,2505,0
61137,0,2477,0
61139,0,2505,0
61141,64705,2505,1
61143,0,2503,0
61145,0,2505,0
61147,0,2506,0
61149,0,2505,0
61151,0,2505,0
61153,0,2507,0
61155,0,2505,0
61157,0,2507,0
61159,0,2505,0
61161,0,2505,0
61163,0,2503,0
61165,0,2503,0
61167,0,2503,0
61169,0,2505,0
61171,0,2505,0
61173,0,2504,0
61175,0,2505,0
61177,0,2506,0
61179,0,2504,0
61181,64565,2505,1
61183,0,2505,0
61185,0,2506,0
61187,0,2505,0
61189,0,2505,0
61191,0,2505,0
61193,0,2505,0
61195,0,2505,0
61197,0,2506,0
61199,0,2507,0
61201,0,2505,0
61203,0,2505,0
61205,0,2504,0
61207,0,2504,0
61209,0,2505,0
61211,0,2503,0
61213,0,2503,0
61215,0,2506,0
61217,0,2504,0
61219,64654,2505,1
61221,0,2505,0
61223,0,2506,0
61225,0,2505,0
61227,0,2505,0
61229,0,2503,0
61231,0,2504,0
61233,0,2515,0
61235,0,2504,0
61237,0,2504,0
61239,0,2505,0
61241,0,2504,0
61243,0,2503,0
61245,0,2503,0
61247,0,2505,0
61249,0,2505,0
61251,0,2505,0
61253,0,2505,0
61255,0,2504,0
61257,0,2504,0
61259,64938,2504,1
61261,0,2503,0
61263,0,2505,0
61265,0,2503,0
61267,0,2505,0
61269,0,2505,0
61271,0,2505,0
61273,0,2505,0
61275,0,2505,0
61277,0,2504,0
61279,0,2505,0
61281,0,2505,0
61283,0,2505,0
61285,0,2505,0
61287,0,2504,0
61289,0,2506,0
61291,0,2506,0
61293,0,2506,0
61295,0,2506,0
61297,0,2505,0
61299,65145,2505,1
61301,0,2505,0
61303,0,2504,0
61305,0,2505,0
61307,0,2505,0
61309,0,2505,0
61311,0,2505,0
61313,0,2507,0
61315,0,2505,0
61317,0,2506,0
61319,0,2505,0
61321,0,2506,0
61323,0,2507,0
61325,0,2505,0
61327,0,2507,0
61329,0,2506,0
61331,0,2507,0
61333,0,2507,0
61335,0,2507,0
61337,0,2507,0
61339,65415,2506,1
61341,0,2505,0
61343,0,2505,0
61345,0,2507,0
61347,0,2506,0
61349,0,2506,0
61351,0,2507,0
61353,0,2507,0
61355,0,2508,0
61357,0,2507,0
61359,0,2507,0
61361,0,2506,0
61363,0,2507,0
61365,0,2507,0
61367,0,2505,0
61369,0,2507,0
61371,0,2506,0
61373,0,2507,0
61375,0,2507,0
61377,0,2509,0
61379,66227,2508,1
61381,0,2507,0
61383,0,2505,0
61385,0,2506,0
61387,0,2505,0
61389,0,2506,0
61391,0,2507,0
61393,0,2506,0
61395,0,2507,0
61397,0,2509,0
61399,0,2508,0
61401,0,2507,0
61403,0,2507,0
61405,0,2508,0
61407,0,2509,0
61409,0,2507,0
61411,0,2506,0
61413,0,2505,0
61415,0,2507,0
61417,0,2506,0
61419,67783,2507,1
61421,0,2505,0
61423,0,2506,0
61425,0,2507,0
61427,0,2507,0
61429,0,2507,0
61431,0,2493,0
61433,0,2505,0
61435,0,2505,0
61437,0,2506,0
61439,0,2508,0
61441,0,2505,0
61443,0,2508,0
61445,0,2507,0
61447,0,2507,0
61449,0,2509,0
61451,0,2507,0
61453,0,2506,0
61455,0,2504,0
61457,0,2505,0
61459,70782,2507,1
61461,0,2504,0
61463,0,2505,0
61465,0,2505,0
61467,0,2509,0
61469,0,2507,0
61471,0,2507,0
61473,0,2507,0
61475,0,2507,0
61477,0,2507,0
61479,0,2507,0
61481,0,2506,0
61483,0,2507,0
61485,0,2508,0
61487,0,2509,0
61489,0,2506,0
61491,0,2507,0
61493,0,2507,0
61495,0,2507,0
61497,0,2506,0
61499,77067,2509,1
61501,0,2505,0
61503,0,2507,0
61505,0,2507,0
61507,0,2507,0
61509,0,2505,0
61511,0,2507,0
61513,0,2507,0
61515,0,2507,0
61517,0,2505,0
61519,0,2509,0
61521,0,2507,0
61523,0,2507,0
61525,0,2507,0
61527,0,2506,0
61529,0,2504,0
61531,0,2505,0
61533,0,2507,0
61535,0,2505,0
61537,0,2505,0
61539,78569,2505,1
61541,0,2507,0
61543,0,2506,0
61545,0,2508,0
61547,0,2505,0
61549,0,2505,0
61551,0,2505,0
61553,0,2504,0
61555,0,2505,0
61557,0,2506,0
61559,0,2506,0
61561,0,2505,0
61563,0,2507,0
61565,0,2501,0
61567,0,2505,0
61569,0,2505,0
61571,0,2505,0
61573,0,2505,0
61575,0,2505,0
61577,76570,2507,1
61579,0,2505,0
61581,0,2507,0
61583,0,2505,0
61585,0,2503,0
61587,0,2505,0
61589,0,2505,0
61591,0,2506,0
61593,0,2507,0
61595,0,2505,0
61597,0,2505,0
61599,0,2505,0
61601,0,2504,0
61603,0,2506,0
61605,0,2505,0
61607,0,2507,0
61609,0,2505,0
61611,0,2505,0
61613,0,2505,0
61615,0,2507,0
61617,76470,2509,1
61619,0,2505,0
61621,0,2505,0
61623,0,2505,0
61625,0,2505,0
61627,0,2505,0
61629,0,2505,0
61631,0,2505,0
61633,0,2505,0
61635,0,2504,0
61637,0,2505,0
61639,0,2507,0
61641,0,2505,0
61643,0,2505,0
61645,0,2503,0
61647,0,2505,0
61649,0,2505,0
61651,0,2504,0
61653,0,2503,0
61655,0,2505,0
61657,76134,2505,1
61659,0,2506,0
61661,0,2504,0
61663,0,2504,0
61665,0,2505,0
61667,0,2505,0
61669,0,2503,0
61671,0,2504,0
61673,0,2495,0
61675,0,2503,0
61677,0,2505,0
61679,0,2503,0
61681,0,2517,0
61683,0,2503,0
61685,0,2504,0
61687,0,2504,0
61689,0,2505,0
61691,0,2505,0
61693,0,2517,0
61695,0,2505,0
61697,75911,2503,1
61699,0,2505,0
61701,0,2504,0
61703,0,2507,0
61705,0,2503,0
61707,0,2503,0
61709,0,2503,0
61711,0,2504,0
61713,0,2504,0
61715,0,2505,0
61717,0,2504,0
61719,0,2505,0
61721,0,2505,0
61723,0,2502,0
61725,0,2505,0
61727,0,2504,0
61729,0,2505,0
61731,0,2502,0
61733,0,2505,0
61735,0,2505,0
61737,76156,2503,1
61739,0,2504,0
61741,0,2503,0
61743,0,2503,0
61745,0,2505,0
61747,0,2503,0
61749,0,2504,0
61751,0,2505,0
61753,0,2505,0
61755,0,2505,0
61757,0,2503,0
61759,0,2503,0
61761,0,2504,0
61763,0,2505,0
61765,0,2503,0
61767,0,2505,0
61769,0,2503,0
61771,0,2503,0
61773,0,2504,0
61775,0,2502,0
61777,76190,2503,1
61779,0,2504,0
61781,0,2504,0
61783,0,2503,0
61785,0,2504,0
61787,0,2503,0
61789,0,2503,0
61791,0,2503,0
61793,0,2504,0
61795,0,2505,0
61797,0,2505,0
61799,0,2514,0
61801,0,2505,0
61803,0,2505,0
61805,0,2504,0
61807,0,2505,0
61809,0,2505,0
61811,0,2505,0
61813,0,2504,0
61815,0,2503,0
61817,76817,2503,1
61819,0,2503,0
61821,0,2503,0
61823,0,2503,0
61825,0,2505,0
61827,0,2503,0
61829,0,2502,0
61831,0,2503,0
61833,0,2501,0
61835,0,2503,0
61837,0,2501,0
61839,0,2501,0
61841,0,2503,0
61843,0,2501,0
61845,0,2495,0
61847,0,2503,0
61849,0,2504,0
61851,0,2502,0
61853,0,2501,0
61855,0,2504,0
61857,78222,2503,1
61859,0,2503,0
61861,0,2503,0
61863,0,2502,0
61865,0,2501,0
61867,0,2504,0
61869,0,2503,0
61871,0,2495,0
61873,0,2496,0
61875,0,2501,0
61877,0,2503,0
61879,0,2502,0
61881,0,2501,0
61883,0,2503,0
61885,0,2501,0
61887,0,2501,0
61889,0,2503,0
61891,0,2503,0
61893,0,2501,0
61895,0,2501,0
61897,75979,2503,1
61899,0,2503,0
61901,0,2503,0
61903,0,2503,0
61905,0,2503,0
61907,0,2502,0
61909,0,2503,0
61911,0,2501,0
61913,0,2503,0
61915,0,2503,0
61917,0,2503,0
61919,0,2505,0
61921,0,2504,0
61923,0,2503,0
61925,0,2501,0
61927,0,2501,0
61929,0,2503,0
61931,0,2501,0
61933,0,2502,0
61935,0,2503,0
61937,71549,2501,1
61939,0,2501,0
61941,0,2503,0
61943,0,2503,0
61945,0,2503,0
61947,0,2501,0
61949,0,2503,0
61951,0,2502,0
61953,0,2504,0
61955,0,2503,0
61957,0,2503,0
61959,0,2503,0
61961,0,2503,0
61963,0,2503,0
61965,0,2501,0
61967,0,2503,0
61969,0,2503,0
61971,0,2503,0
61973,0,2503,0
61975,68785,2504,1
61977,0,2504,0
61979,0,2503,0
61981,0,2503,0
61983,0,2503,0
61985,0,2496,0
61987,0,2504,0
61989,0,2503,0
61991,0,2503,0
61993,0,2503,0
61995,0,2503,0
61997,0,2505,0
61999,0,2501,0
62001,0,2505,0
62003,0,2501,0
62005,0,2503,0
62007,0,2503,0
62009,0,2503,0
62011,0,2504,0
62013,0,2503,0
62015,70027,2504,1
62017,0,2503,0
62019,0,2503,0
62021,0,2504,0
62023,0,2503,0
62025,0,2503,0
62027,0,2504,0
62029,0,2505,0
62031,0,2503,0
62033,0,2502,0
62035,0,2505,0
62037,0,2503,0
62039,0,2503,0
62041,0,2505,0
62043,0,2503,0
62045,0,2503,0
62047,0,2503,0
62049,0,2503,0
62051,0,2505,0
62053,0,2504,0
62055,71575,2504,1
62057,0,2504,0
62059,0,2505,0
62061,0,2505,0
62063,0,2503,0
62065,0,2504,0
62067,0,2504,0
62069,0,2503,0
62071,0,2503,0
62073,0,2504,0
62075,0,2505,0
62077,0,2503,0
62079,0,2505,0
62081,0,2503,0
62083,0,2505,0
62085,0,2505,0
62087,0,2505,0
62089,0,2507,0
62091,0,2503,0
62093,0,2503,0
62095,71566,2505,1
62097,0,2506,0
62099,0,2507,0
62101,0,2503,0
62103,0,2503,0
62105,0,2502,0
62107,0,2503,0
62109,0,2505,0
62111,0,2505,0
62113,0,2505,0
62115,0,2503,0
62117,0,2503,0
62119,0,2505,0
62121,0,2504,0
62123,0,2503,0
62125,0,2503,0
62127,0,2503,0
62129,0,2503,0
62131,0,2503,0
62133,0,2503,0
62135,69228,2503,1
62137,0,2503,0
62139,0,2505,0
62141,0,2503,0
62143,0,2503,0
62145,0,2505,0
62147,0,2504,0
62149,0,2505,0
62151,0,2504,0
62153,0,2504,0
62155,0,2504,0
62157,0,2496,0
62159,0,2505,0
62161,0,2505,0
62163,0,2504,0
62165,0,2504,0
62167,0,2503,0
62169,0,2505,0
62171,0,2505,0
62173,0,2503,0
62175,67666,2504,1
62177,0,2506,0
62179,0,2503,0
62181,0,2503,0
62183,0,2503,0
62185,0,2503,0
62187,0,2504,0
62189,0,2503,0
62191,0,2505,0
62193,0,2503,0
62195,0,2503,0
62197,0,2504,0
62199,0,2495,0
62201,0,2505,0
62203,0,2504,0
62205,0,2503,0
62207,0,2503,0
62209,0,2491,0
62211,0,2504,0
62213,0,2504,0
62215,67424,2503,1
62217,0,2503,0
62219,0,2503,0
62221,0,2504,0
62223,0,2493,0
62225,0,2503,0
62227,0,2503,0
62229,0,2505,0
62231,0,2503,0
62233,0,2504,0
62235,0,2504,0
62237,0,2503,0
62239,0,2504,0
62241,0,2504,0
62243,0,2505,0
62245,0,2504,0
62247,0,2502,0
62249,0,2504,0
62251,0,2503,0
62253,0,2503,0
62255,67918,2505,1
62257,0,2505,0
62259,0,2504,0
62261,0,2501,0
62263,0,2505,0
62265,0,2505,0
62267,0,2505,0
62269,0,2504,0
62271,0,2504,0
62273,0,2503,0
62275,0,2502,0
62277,0,2504,0
62279,0,2505,0
62281,0,2503,0
62283,0,2504,0
62285,0,2505,0
62287,0,2503,0
62289,0,2505,0
62291,0,2504,0
62293,0,2505,0
62295,68329,2507,1
62297,0,2505,0
62299,0,2503,0
62301,0,2505,0
62303,0,2503,0
62305,0,2505,0
62307,0,2503,0
62309,0,2503,0
62311,0,2505,0
62313,0,2504,0
62315,0,2507,0
62317,0,2503,0
62319,0,2505,0
62321,0,2503,0
62323,0,2504,0
62325,0,2504,0
62327,0,2504,0
62329,0,2503,0
62331,0,2505,0
62333,0,2503,0
62335,68329,2503,1
62337,0,2505,0
62339,0,2507,0
62341,0,2505,0
62343,0,2503,0
62345,0,2503,0
62347,0,2503,0
62349,0,2504,0
62351,0,2505,0
62353,0,2503,0
62355,0,2503,0
62357,0,2503,0
62359,0,2505,0
62361,0,2504,0
62363,0,2503,0
62365,0,2504,0
62367,0,2503,0
62369,0,2504,0
62371,0,2504,0
62373,68192,2505,1
62375,0,2505,0
62377,0,2505,0
62379,0,2503,0
62381,0,2503,0
62383,0,2504,0
62385,0,2502,0
62387,0,2504,0
62389,0,2503,0
62391,0,2504,0
62393,0,2504,0
62395,0,2505,0
62398,0,2504,0
62400,0,2503,0
62402,0,2505,0
62404,0,2503,0
62406,0,2505,0
62408,0,2496,0
62410,0,2507,0
62412,0,2503,0
62414,68050,2503,1
62416,0,2504,0
62418,0,2503,0
62420,0,2503,0
62422,0,2503,0
62424,0,2503,0
62426,0,2504,0
62428,0,2502,0
62430,0,2504,0
62432,0,2503,0
62434,0,2505,0
62436,0,2502,0
62438,0,2505,0
62440,0,2504,0
62442,0,2504,0
62444,0,2502,0
62446,0,2503,0
62448,0,2504,0
62450,0,2504,0
62452,0,2502,0
62454,67850,2505,1
62456,0,2503,0
62458,0,2503,0
62460,0,2504,0
62462,0,2504,0
62464,0,2505,0
62466,0,2505,0
62468,0,2505,0
62470,0,2503,0
62472,0,2505,0
62474,0,2503,0
62476,0,2504,0
62478,0,2503,0
62480,0,2504,0
62482,0,2502,0
62484,0,2505,0
62486,0,2504,0
62488,0,2503,0
62490,0,2503,0
62492,0,2505,0
62494,67756,2503,1
62496,0,2503,0
62498,0,2504,0
62500,0,2504,0
62502,0,2505,0
62504,0,2505,0
62506,0,2503,0
62508,0,2505,0
62510,0,2503,0
62512,0,2504,0
62514,0,2504,0
62516,0,2504,0
62518,0,2503,0
62520,0,2507,0
62522,0,2504,0
62524,0,2503,0
62526,0,2504,0
62528,0,2505,0
62530,0,2509,0
62532,0,2505,0
62534,67756,2503,1
62536,0,2503,0
62538,0,2504,0
62540,0,2503,0
62542,0,2504,0
62544,0,2503,0
62546,0,2503,0
62548,0,2504,0
62550,0,2503,0
62552,0,2514,0
62554,0,2503,0
62556,0,2504,0
62558,0,2503,0
62560,0,2505,0
62562,0,2501,0
62564,0,2505,0
62566,0,2503,0
62568,0,2503,0
62570,0,2504,0
62572,0,2505,0
62574,67910,2505,1
62576,0,2505,0
62578,0,2503,0
62580,0,2502,0
62582,0,2503,0
62584,0,2503,0
62586,0,2504,0
62588,0,2503,0
62590,0,2504,0
62592,0,2504,0
62594,0,2503,0
62596,0,2504,0
62598,0,2504,0
62600,0,2502,0
62602,0,2504,0
62604,0,2504,0
62606,0,2503,0
62608,0,2503,0
62610,0,2503,0
62612,0,2503,0
62614,67924,2505,1
62616,0,2504,0
62618,0,2504,0
62620,0,2504,0
62622,0,2504,0
62624,0,2505,0
62626,0,2505,0
62628,0,2504,0
62630,0,2505,0
62632,0,2505,0
62634,0,2505,0
62636,0,2504,0
62638,0,2504,0
62640,0,2503,0
62642,0,2504,0
62644,0,2505,0
62646,0,2504,0
62648,0,2504,0
62650,0,2507,0
62652,0,2492,0
62654,67389,2504,1
62656,0,2502,0
62658,0,2505,0
62660,0,2504,0
62662,0,2504,0
62664,0,2503,0
62666,0,2504,0
62668,0,2504,0
62670,0,2505,0
62672,0,2505,0
62674,0,2504,0
62676,0,2504,0
62678,0,2505,0
62680,0,2503,0
62682,0,2507,0
62684,0,2504,0
62686,0,2505,0
62688,0,2505,0
62690,0,2505,0
62692,0,2503,0
62694,67125,2503,1
62696,0,2503,0
62698,0,2505,0
62700,0,2505,0
62702,0,2505,0
62704,0,2505,0
62706,0,2505,0
62708,0,2505,0
62710,0,2504,0
62712,0,2503,0
62714,0,2504,0
62716,0,2505,0
62718,0,2504,0
62720,0,2505,0
62722,0,2503,0
62724,0,2504,0
62726,0,2505,0
62728,0,2504,0
62730,0,2504,0
62732,67729,2503,1
62734,0,2504,0
62736,0,2505,0
62738,0,2504,0
62740,0,2505,0
62742,0,2504,0
62744,0,2503,0
62746,0,2501,0
62748,0,2505,0
62750,0,2505,0
62752,0,2503,0
62754,0,2504,0
62756,0,2502,0
62758,0,2504,0
62760,0,2502,0
62762,0,2503,0
62764,0,2504,0
62766,0,2504,0
62768,0,2502,0
62770,0,2503,0
62772,67973,2502,1
62774,0,2503,0
62776,0,2504,0
62778,0,2505,0
62780,0,2503,0
62782,0,2505,0
62784,0,2503,0
62786,0,2503,0
62788,0,2503,0
62790,0,2503,0
62792,0,2505,0
62794,0,2503,0
62796,0,2504,0
62798,0,2503,0
62800,0,2503,0
62802,0,2503,0
62804,0,2506,0
62806,0,2503,0
62808,0,2503,0
62810,0,2504,0
62812,67955,2505,1
62814,0,2505,0
62816,0,2503,0
62818,0,2503,0
62820,0,2505,0
62822,0,2505,0
62824,0,2504,0
62826,0,2505,0
62828,0,2503,0
62830,0,2503,0
62832,0,2505,0
62834,0,2503,0
62836,0,2505,0
62838,0,2504,0
62840,0,2503,0
62842,0,2503,0
62844,0,2505,0
62846,0,2503,0
62848,0,2503,0
62850,0,2503,0
62852,68132,2505,1
62854,0,2504,0
62856,0,2504,0
62858,0,2504,0
62860,0,2504,0
62862,0,2503,0
62864,0,2504,0
62866,0,2504,0
62868,0,2505,0
62870,0,2504,0
62872,0,2503,0
62874,0,2505,0
62876,0,2504,0
62878,0,2490,0
62880,0,2505,0
62882,0,2505,0
62884,0,2505,0
62886,0,2504,0
62888,0,2503,0
62890,0,2503,0
62892,68246,2503,1
62894,0,2505,0
62896,0,2505,0
62898,0,2504,0
62900,0,2503,0
62902,0,2503,0
62904,0,2503,0
62906,0,2505,0
62908,0,2505,0
62910,0,2504,0
62912,0,2503,0
62914,0,2504,0
62916,0,2503,0
62918,0,2503,0
62920,0,2503,0
62922,0,2505,0
62924,0,2504,0
62926,0,2505,0
62928,0,2504,0
62930,0,2503,0
62932,68343,2503,1
62934,0,2501,0
62936,0,2502,0
62938,0,2503,0
62940,0,2505,0
62942,0,2504,0
62944,0,2503,0
62946,0,2503,0
62948,0,2503,0
62950,0,2503,0
62952,0,2504,0
62954,0,2503,0
62956,0,2505,0
62958,0,2505,0
62960,0,2503,0
62962,0,2504,0
62964,0,2504,0
62966,0,2504,0
62968,0,2504,0
62970,0,2504,0
62972,68496,2503,1
62974,0,2503,0
62976,0,2504,0
62978,0,2504,0
62980,0,2503,0
62982,0,2503,0
62984,0,2505,0
62986,0,2504,0
62988,0,2505,0
62990,0,2503,0
62992,0,2505,0
62994,0,2505,0
62996,0,2505,0
62998,0,2503,0
63000,0,2504,0
63002,0,2504,0
63004,0,2503,0
63006,0,2505,0
63008,0,2505,0
63010,0,2504,0
63012,68603,2504,1
63014,0,2504,0
63016,0,2505,0
63018,0,2504,0
63020,0,2503,0
63022,0,2505,0
63024,0,2505,0
63026,0,2505,0
63028,0,2504,0
63030,0,2505,0
63032,0,2503,0
63034,0,2504,0
63036,0,2503,0
63038,0,2504,0
63040,0,2505,0
63042,0,2506,0
63044,0,2505,0
63046,0,2505,0
63048,0,2504,0
63050,0,2505,0
63052,68568,2505,1
63054,0,2507,0
63056,0,2504,0
63058,0,2505,0
63060,0,2503,0
63062,0,2503,0
63064,0,2507,0
63066,0,2504,0
63068,0,2506,0
63070,0,2505,0
63072,0,2503,0
63074,0,2503,0
63076,0,2504,0
63078,0,2503,0
63080,0,2506,0
63082,0,2504,0
63084,0,2505,0
63086,0,2503,0
63088,0,2503,0
63090,0,2504,0
63092,68596,2505,1
63094,0,2505,0
63096,0,2504,0
63098,0,2503,0
63100,0,2503,0
63102,0,2504,0
63104,0,2504,0
63106,0,2503,0
63108,0,2504,0
63110,0,2504,0
63112,0,2504,0
63114,0,2503,0
63116,0,2504,0
63118,0,2504,0
63120,0,2505,0
63122,0,2505,0
63124,0,2507,0
63126,0,2503,0
63128,0,2507,0
63130,68653,2505,1
63132,0,2504,0
63134,0,2503,0
63136,0,2505,0
63138,0,2505,0
63140,0,2501,0
63142,0,2503,0
63144,0,2505,0
63146,0,2505,0
63148,0,2503,0
63150,0,2505,0
63152,0,2505,0
63154,0,2505,0
63156,0,2505,0
63158,0,2505,0
63160,0,2489,0
63162,0,2504,0
63164,0,2504,0
63166,0,2504,0
63168,0,2505,0
63170,68786,2503,1
63172,0,2504,0
63174,0,2505,0
63176,0,2504,0
63178,0,2504,0
63180,0,2504,0
63182,0,2504,0
63184,0,2505,0
63186,0,2503,0
63188,0,2506,0
63190,0,2503,0
63192,0,2505,0
63194,0,2505,0
63196,0,2505,0
63198,0,2503,0
63200,0,2505,0
63202,0,2505,0
63204,0,2503,0
63206,0,2503,0
63208,0,2504,0
63210,69428,2504,1
63212,0,2505,0
63214,0,2505,0
63216,0,2504,0
63218,0,2505,0
63220,0,2505,0
63222,0,2504,0
63224,0,2503,0
63226,0,2503,0
63228,0,2504,0
63230,0,2505,0
63232,0,2504,0
63234,0,2507,0
63236,0,2505,0
63238,0,2503,0
63240,0,2501,0
63242,0,2504,0
63244,0,2505,0
63246,0,2505,0
63248,0,2505,0
63250,69483,2505,1
63252,0,2508,0
63254,0,2501,0
63256,0,2505,0
63258,0,2505,0
63260,0,2505,0
63262,0,2506,0
63264,0,2508,0
63266,0,2503,0
63268,0,2503,0
63270,0,2504,0
63272,0,2505,0
63274,0,2504,0
63276,0,2504,0
63278,0,2504,0
63280,0,2505,0
63282,0,2504,0
63284,0,2504,0
63286,0,2504,0
63288,0,2505,0
63290,69412,2504,1
63292,0,2504,0
63294,0,2503,0
63296,0,2502,0
63298,0,2503,0
63300,0,2505,0
63302,0,2505,0
63304,0,2504,0
63306,0,2505,0
63308,0,2503,0
63310,0,2494,0
63312,0,2503,0
63314,0,2503,0
63316,0,2504,0
63318,0,2506,0
63320,0,2503,0
63322,0,2505,0
63324,0,2504,0
63326,0,2505,0
63328,0,2505,0
63330,69148,2504,1
63332,0,2505,0
63334,0,2504,0
63336,0,2504,0
63338,0,2505,0
63340,0,2504,0
63342,0,2503,0
63344,0,2505,0
63346,0,2504,0
63348,0,2505,0
63350,0,2505,0
63352,0,2505,0
63354,0,2503,0
63356,0,2505,0
63358,0,2505,0
63360,0,2504,0
63362,0,2507,0
63364,0,2504,0
63366,0,2504,0
63368,0,2506,0
63370,68962,2505,1
63372,0,2505,0
63374,0,2505,0
63376,0,2503,0
63378,0,2503,0
63380,0,2503,0
63382,0,2505,0
63384,0,2504,0
63386,0,2503,0
63388,0,2505,0
63390,0,2505,0
63392,0,2503,0
63394,0,2503,0
63396,0,2505,0
63398,0,2503,0
63400,0,2505,0
63402,0,2506,0
63404,0,2501,0
63406,0,2505,0
63408,0,2505,0
63410,68866,2504,1
63412,0,2505,0
63414,0,2505,0
63416,0,2504,0
63418,0,2505,0
63420,0,2505,0
63422,0,2505,0
63424,0,2505,0
63426,0,2509,0
63428,0,2505,0
63430,0,2504,0
63432,0,2504,0
63434,0,2504,0
63436,0,2503,0
63438,0,2502,0
63440,0,2504,0
63442,0,2505,0
63444,0,2505,0
63446,0,2503,0
63448,0,2503,0
63450,68710,2503,1
63452,0,2503,0
63454,0,2504,0
63456,0,2504,0
63458,0,2503,0
63460,0,2503,0
63462,0,2505,0
63464,0,2503,0
63466,0,2504,0
63468,0,2503,0
63470,0,2507,0
63472,0,2503,0
63474,0,2503,0
63476,0,2503,0
63478,0,2503,0
63480,0,2505,0
63482,0,2505,0
63484,0,2504,0
63486,0,2503,0
63488,0,2505,0
63490,68599,2503,1
63492,0,2503,0
63494,0,2503,0
63496,0,2503,0
63498,0,2505,0
63500,0,2503,0
63502,0,2503,0
63504,0,2504,0
63506,0,2504,0
63508,0,2503,0
63510,0,2505,0
63512,0,2505,0
63514,0,2503,0
63516,0,2503,0
63518,0,2505,0
63520,0,2504,0
63522,0,2503,0
63524,0,2503,0
63526,0,2504,0
63528,68638,2503,1
63530,0,2503,0
63532,0,2505,0
63534,0,2505,0
63536,0,2503,0
63538,0,2503,0
63540,0,2504,0
63542,0,2505,0
63544,0,2504,0
63546,0,2505,0
63548,0,2505,0
63550,0,2505,0
63552,0,2503,0
63554,0,2503,0
63556,0,2505,0
63558,0,2504,0
63560,0,2505,0
63562,0,2507,0
63564,0,2503,0
63566,0,2505,0
63568,68626,2508,1
63570,0,2507,0
63572,0,2505,0
63574,0,2505,0
63576,0,2503,0
63578,0,2503,0
63580,0,2504,0
63582,0,2503,0
63584,0,2504,0
63586,0,2504,0
63588,0,2505,0
63590,0,2507,0
63592,0,2504,0
63594,0,2505,0
63596,0,2504,0
63598,0,2502,0
63600,0,2505,0
63602,0,2503,0
63604,0,2505,0
63606,0,2503,0
63608,68450,2503,1
63610,0,2505,0
63612,0,2504,0
63614,0,2503,0
63616,0,2503,0
63618,0,2505,0
63620,0,2503,0
63622,0,2505,0
63624,0,2504,0
63626,0,2503,0
63628,0,2503,0
63630,0,2505,0
63632,0,2505,0
63634,0,2503,0
63636,0,2504,0
63638,0,2503,0
63640,0,2503,0
63642,0,2505,0
63644,0,2504,0
63646,0,2505,0
63648,68279,2503,1
63650,0,2505,0
63652,0,2505,0
63654,0,2504,0
63656,0,2504,0
63658,0,2505,0
63660,0,2505,0
63662,0,2503,0
63664,0,2503,0
63666,0,2507,0
63668,0,2505,0
63670,0,2503,0
63672,0,2503,0
63674,0,2505,0
63676,0,2504,0
63678,0,2509,0
63680,0,2503,0
63682,0,2504,0
63684,0,2505,0
63686,0,2503,0
63688,68171,2504,1
63690,0,2504,0
63692,0,2505,0
63694,0,2503,0
63696,0,2503,0
63698,0,2503,0
63700,0,2504,0
63702,0,2503,0
63704,0,2505,0
63706,0,2504,0
63708,0,2505,0
63710,0,2505,0
63712,0,2503,0
63714,0,2504,0
63716,0,2505,0
63718,0,2503,0
63720,0,2505,0
63722,0,2505,0
63724,0,2503,0
63726,0,2504,0
63728,68050,2505,1
63730,0,2503,0
63732,0,2504,0
63734,0,2505,0
63736,0,2504,0
63738,0,2505,0
63740,0,2505,0
63742,0,2503,0
63744,0,2504,0
63746,0,2504,0
63748,0,2504,0
63750,0,2503,0
63752,0,2503,0
63754,0,2505,0
63756,0,2505,0
63758,0,2505,0
63760,0,2504,0
63762,0,2507,0
63764,0,2505,0
63766,0,2504,0
63768,68087,2505,1
63770,0,2503,0
63772,0,2504,0
63774,0,2504,0
63776,0,2503,0
63778,0,2503,0
63780,0,2504,0
63782,0,2505,0
63784,0,2508,0
63786,0,2504,0
63788,0,2505,0
63790,0,2505,0
63792,0,2503,0
63794,0,2504,0
63796,0,2504,0
63798,0,2504,0
63800,0,2505,0
63802,0,2504,0
63804,0,2505,0
63806,0,2505,0
63808,68049,2505,1
63810,0,2504,0
63812,0,2504,0
63814,0,2504,0
63816,0,2503,0
63818,0,2503,0
63820,0,2504,0
63822,0,2504,0
63824,0,2504,0
63826,0,2505,0
63828,0,2505,0
63830,0,2504,0
63832,0,2504,0
63834,0,2503,0
63836,0,2505,0
63838,0,2503,0
63840,0,2505,0
63842,0,2506,0
63844,0,2505,0
63846,0,2503,0
63848,67923,2505,1
63850,0,2503,0
63852,0,2504,0
63854,0,2504,0
63856,0,2504,0
63858,0,2505,0
63860,0,2504,0
63862,0,2505,0
63864,0,2503,0
63866,0,2503,0
63868,0,2504,0
63870,0,2505,0
63872,0,2503,0
63874,0,2505,0
63876,0,2505,0
63878,0,2503,0
63880,0,2505,0
63882,0,2504,0
63884,0,2503,0
63886,0,2504,0
63888,67724,2505,1
63890,0,2504,0
63892,0,2511,0
63894,0,2503,0
63896,0,2503,0
63898,0,2505,0
63900,0,2503,0
63902,0,2505,0
63904,0,2505,0
63906,0,2503,0
63908,0,2505,0
63910,0,2504,0
63912,0,2504,0
63914,0,2505,0
63916,0,2505,0
63918,0,2504,0
63920,0,2504,0
63922,0,2504,0
63924,0,2504,0
63926,67635,2503,1
63928,0,2519,0
63930,0,2503,0
63932,0,2505,0
63934,0,2503,0
63936,0,2503,0
63938,0,2503,0
63940,0,2504,0
63942,0,2504,0
63944,0,2503,0
63946,0,2504,0
63948,0,2503,0
63950,0,2506,0
63952,0,2503,0
63954,0,2505,0
63956,0,2505,0
63958,0,2505,0
63960,0,2504,0
63962,0,2504,0
63964,0,2504,0
63966,67577,2504,1
63968,0,2505,0
63970,0,2504,0
63972,0,2505,0
63974,0,2505,0
63976,0,2505,0
63978,0,2505,0
63980,0,2504,0
63982,0,2505,0
63984,0,2503,0
63986,0,2495,0
63988,0,2504,0
63990,0,2504,0
63992,0,2504,0
63994,0,2504,0
63996,0,2507,0
63998,0,2504,0
64000,0,2503,0
64002,0,2504,0
64004,0,2503,0
64006,67634,2505,1
64008,0,2503,0
64010,0,2504,0
64012,0,2505,0
64014,0,2505,0
64016,0,2505,0
64018,0,2504,0
64020,0,2505,0
64022,0,2503,0
64024,0,2505,0
64026,0,2502,0
64028,0,2503,0
64030,0,2504,0
64032,0,2505,0
64034,0,2505,0
64036,0,2506,0
64038,0,2504,0
64040,0,2505,0
64042,0,2504,0
64044,0,2503,0
64046,67738,2503,1
64048,0,2503,0
64050,0,2505,0
64052,0,2506,0
64054,0,2505,0
64056,0,2505,0
64058,0,2505,0
64060,0,2505,0
64062,0,2501,0
64064,0,2505,0
64066,0,2503,0
64068,0,2504,0
64070,0,2505,0
64072,0,2505,0
64074,0,2507,0
64076,0,2504,0
64078,0,2503,0
64080,0,2504,0
64082,0,2505,0
64084,0,2503,0
64086,67981,2505,1
64088,0,2504,0
64090,0,2504,0
64092,0,2503,0
64094,0,2504,0
64096,0,2505,0
64098,0,2503,0
64100,0,2504,0
64102,0,2503,0
64104,0,2504,0
64106,0,2503,0
64108,0,2504,0
64110,0,2503,0
64112,0,2504,0
64114,0,2504,0
64116,0,2505,0
64118,0,2505,0
64120,0,2505,0
64122,0,2504,0
64124,0,2503,0
64126,68230,2501,1
64128,0,2505,0
64130,0,2504,0
64132,0,2505,0
64134,0,2505,0
64136,0,2505,0
64138,0,2503,0
64140,0,2503,0
64142,0,2505,0
64144,0,2505,0
64146,0,2505,0
64148,0,2505,0
64150,0,2503,0
64152,0,2506,0
64154,0,2504,0
64156,0,2505,0
64158,0,2504,0
64160,0,2504,0
64162,0,2503,0
64164,0,2505,0
64166,68406,2503,1
64168,0,2505,0
64170,0,2505,0
64172,0,2505,0
64174,0,2504,0
64176,0,2504,0
64178,0,2505,0
64180,0,2507,0
64182,0,2504,0
64184,0,2504,0
64186,0,2505,0
64188,0,2503,0
64190,0,2505,0
64192,0,2505,0
64194,0,2505,0
64196,0,2505,0
64198,0,2505,0
64200,0,2505,0
64202,0,2503,0
64204,0,2505,0
64206,68432,2504,1
64208,0,2503,0
64210,0,2503,0
64212,0,2505,0
64214,0,2505,0
64216,0,2503,0
64218,0,2503,0
64220,0,2502,0
64222,0,2505,0
64224,0,2505,0
64226,0,2505,0
64228,0,2503,0
64230,0,2505,0
64232,0,2505,0
64234,0,2505,0
64236,0,2505,0
64238,0,2505,0
64240,0,2503,0
64242,0,2503,0
64244,0,2505,0
64246,68454,2504,1
64248,0,2505,0
64250,0,2505,0
64252,0,2503,0
64255,0,2504,0
64257,0,2503,0
64259,0,2505,0
64261,0,2504,0
64263,0,2507,0
64265,0,2505,0
64267,0,2505,0
64269,0,2505,0
64271,0,2505,0
64273,0,2504,0
64275,0,2501,0
64277,0,2503,0
64279,0,2505,0
64281,0,2505,0
64283,0,2504,0
64285,68532,2506,1
64287,0,2505,0
64289,0,2504,0
64291,0,2503,0
64293,0,2504,0
64295,0,2504,0
64297,0,2505,0
64299,0,2505,0
64301,0,2505,0
64303,0,2504,0
64305,0,2503,0
64307,0,2502,0
64309,0,2504,0
64311,0,2504,0
64313,0,2504,0
64315,0,2503,0
64317,0,2504,0
64319,0,2504,0
64321,0,2503,0
64323,0,2505,0
64325,68623,2503,1
64327,0,2505,0
64329,0,2503,0
64331,0,2506,0
64333,0,2505,0
64335,0,2505,0
64337,0,2505,0
64339,0,2505,0
64341,0,2505,0
64343,0,2505,0
64345,0,2503,0
64347,0,2504,0
64349,0,2505,0
64351,0,2505,0
64353,0,2505,0
64355,0,2505,0
64357,0,2505,0
64359,0,2505,0
64361,0,2502,0
64363,0,2505,0
64365,68796,2505,1
64367,0,2505,0
64369,0,2505,0
64371,0,2505,0
64373,0,2513,0
64375,0,2505,0
64377,0,2505,0
64379,0,2505,0
64381,0,2505,0
64383,0,2503,0
64385,0,2503,0
64387,0,2505,0
64389,0,2505,0
64391,0,2503,0
64393,0,2496,0
64395,0,2505,0
64397,0,2505,0
64399,0,2503,0
64401,0,2505,0
64403,0,2505,0
64405,68982,2504,1
64407,0,2504,0
64409,0,2505,0
64411,0,2505,0
64413,0,2503,0
64415,0,2505,0
64417,0,2503,0
64419,0,2503,0
64421,0,2504,0
64423,0,2507,0
64425,0,2505,0
64427,0,2504,0
64429,0,2504,0
64431,0,2505,0
64433,0,2505,0
64435,0,2504,0
64437,0,2505,0
64439,0,2505,0
64441,0,2505,0
64443,0,2505,0
64445,69068,2504,1
64447,0,2504,0
64449,0,2504,0
64451,0,2505,0
64453,0,2505,0
64455,0,2505,0
64457,0,2504,0
64459,0,2503,0
64461,0,2505,0
64463,0,2503,0
64465,0,2505,0
64467,0,2506,0
64469,0,2505,0
64471,0,2504,0
64473,0,2503,0
64475,0,2505,0
64477,0,2505,0
64479,0,2503,0
64481,0,2505,0
64483,0,2504,0
64485,69147,2505,1
64487,0,2505,0
64489,0,2506,0
64491,0,2504,0
64493,0,2505,0
64495,0,2505,0
64497,0,2505,0
64499,0,2505,0
64501,0,2505,0
64503,0,2507,0
64505,0,2504,0
64507,0,2505,0
64509,0,2503,0
64511,0,2505,0
64513,0,2506,0
64515,0,2505,0
64517,0,2505,0
64519,0,2504,0
64521,0,2503,0
64523,0,2501,0
64525,69119,2505,1
64527,0,2505,0
64529,0,2505,0
64531,0,2505,0
64533,0,2503,0
64535,0,2504,0
64537,0,2505,0
64539,0,2504,0
64541,0,2503,0
64543,0,2505,0
64545,0,2505,0
64547,0,2504,0
64549,0,2504,0
64551,0,2503,0
64553,0,2505,0
64555,0,2505,0
64557,0,2503,0
64559,0,2503,0
64561,0,2503,0
64563,0,2503,0
64565,69097,2504,1
64567,0,2505,0
64569,0,2505,0
64571,0,2504,0
64573,0,2503,0
64575,0,2502,0
64577,0,2505,0
64579,0,2505,0
64581,0,2504,0
64583,0,2503,0
64585,0,2503,0
64587,0,2507,0
64589,0,2505,0
64591,0,2503,0
64593,0,2505,0
64595,0,2505,0
64597,0,2493,0
64599,0,2504,0
64601,0,2505,0
64603,0,2503,0
64605,68941,2502,1
64607,0,2505,0
64609,0,2503,0
64611,0,2503,0
64613,0,2505,0
64615,0,2505,0
64617,0,2505,0
64619,0,2503,0
64621,0,2504,0
64623,0,2505,0
64625,0,2504,0
64627,0,2505,0
64629,0,2504,0
64631,0,2503,0
64633,0,2503,0
64635,0,2505,0
64637,0,2505,0
64639,0,2505,0
64641,0,2507,0
64643,0,2505,0
64645,68905,2504,1
64647,0,2505,0
64649,0,2505,0
64651,0,2504,0
64653,0,2504,0
64655,0,2505,0
64657,0,2503,0
64659,0,2505,0
64661,0,2504,0
64663,0,2505,0
64665,0,2505,0
64667,0,2505,0
64669,0,2504,0
64671,0,2504,0
64673,0,2504,0
64675,0,2504,0
64677,0,2505,0
64679,0,2504,0
64681,0,2504,0
64683,68887,2505,1
64685,0,2504,0
64687,0,2504,0
64689,0,2503,0
64691,0,2505,0
64693,0,2505,0
64695,0,2503,0
64697,0,2505,0
64699,0,2505,0
64701,0,2503,0
64703,0,2505,0
64705,0,2503,0
64707,0,2505,0
64709,0,2503,0
64711,0,2505,0
64713,0,2503,0
64715,0,2505,0
64717,0,2505,0
64719,0,2504,0
64721,0,2505,0
64723,68815,2505,1
64725,0,2505,0
64727,0,2506,0
64729,0,2505,0
64731,0,2503,0
64733,0,2505,0
64735,0,2504,0
64737,0,2504,0
64739,0,2505,0
64741,0,2505,0
64743,0,2505,0
64745,0,2503,0
64747,0,2505,0
64749,0,2503,0
64751,0,2504,0
64753,0,2502,0
64755,0,2505,0
64757,0,2505,0
64759,0,2505,0
64761,0,2505,0
64763,68816,2504,1
64765,0,2503,0
64767,0,2504,0
64769,0,2509,0
64771,0,2505,0
64773,0,2505,0
64775,0,2503,0
64777,0,2505,0
64779,0,2503,0
64781,0,2505,0
64783,0,2505,0
64785,0,2505,0
64787,0,2503,0
64789,0,2504,0
64791,0,2501,0
64793,0,2503,0
64795,0,2505,0
64797,0,2503,0
64799,0,2503,0
64801,0,2504,0
64803,69147,2505,1
64805,0,2505,0
64807,0,2505,0
64809,0,2505,0
64811,0,2505,0
64813,0,2507,0
64815,0,2505,0
64817,0,2504,0
64819,0,2505,0
64821,0,2503,0
64823,0,2504,0
64825,0,2505,0
64827,0,2505,0
64829,0,2505,0
64831,0,2504,0
64833,0,2504,0
64835,0,2504,0
64837,0,2503,0
64839,0,2505,0
64841,0,2504,0
64843,69472,2502,1
64845,0,2504,0
64847,0,2503,0
64849,0,2504,0
64851,0,2504,0
64853,0,2505,0
64855,0,2507,0
64857,0,2503,0
64859,0,2504,0
64861,0,2505,0
64863,0,2505,0
64865,0,2505,0
64867,0,2503,0
64869,0,2507,0
64871,0,2506,0
64873,0,2503,0
64875,0,2503,0
64877,0,2503,0
64879,0,2505,0
64881,0,2504,0
64883,69755,2505,1
64885,0,2505,0
64887,0,2505,0
64889,0,2505,0
64891,0,2505,0
64893,0,2505,0
64895,0,2504,0
64897,0,2505,0
64899,0,2505,0
64901,0,2505,0
64903,0,2506,0
64905,0,2505,0
64907,0,2504,0
64909,0,2506,0
64911,0,2505,0
64913,0,2504,0
64915,0,2505,0
64917,0,2506,0
64919,0,2505,0
64921,0,2504,0
64923,70036,2504,1
64925,0,2504,0
64927,0,2505,0
64929,0,2507,0
64931,0,2505,0
64933,0,2505,0
64935,0,2505,0
64937,0,2504,0
64939,0,2503,0
64941,0,2505,0
64943,0,2505,0
64945,0,2505,0
64947,0,2507,0
64949,0,2504,0
64951,0,2504,0
64953,0,2505,0
64955,0,2503,0
64957,0,2507,0
64959,0,2505,0
64961,0,2505,0
64963,70135,2507,1
64965,0,2503,0
64967,0,2505,0
64969,0,2507,0
64971,0,2505,0
64973,0,2504,0
64975,0,2505,0
64977,0,2504,0
64979,0,2507,0
64981,0,2505,0
64983,0,2505,0
64985,0,2505,0
64987,0,2504,0
64989,0,2505,0
64991,0,2505,0
64993,0,2505,0
64995,0,2505,0
64997,0,2505,0
64999,0,2505,0
65001,0,2505,0
65003,70297,2505,1
65005,0,2505,0
65007,0,2505,0
65009,0,2505,0
65011,0,2505,0
65013,0,2503,0
65015,0,2505,0
65017,0,2505,0
65019,0,2505,0
65021,0,2505,0
65023,0,2504,0
65025,0,2505,0
65027,0,2505,0
65029,0,2504,0
65031,0,2503,0
65033,0,2507,0
65035,0,2506,0
65037,0,2504,0
65039,0,2506,0
65041,0,2505,0
65043,70210,2504,1
65045,0,2504,0
65047,0,2503,0
65049,0,2505,0
65051,0,2503,0
65053,0,2505,0
65055,0,2504,0
65057,0,2507,0
65059,0,2505,0
65061,0,2504,0
65063,0,2505,0
65065,0,2505,0
65067,0,2505,0
65069,0,2506,0
65071,0,2505,0
65073,0,2504,0
65075,0,2505,0
65077,0,2505,0
65079,0,2505,0
65081,69901,2504,1
65083,0,2505,0
65085,0,2504,0
65087,0,2505,0
65089,0,2505,0
65091,0,2505,0
65093,0,2507,0
65095,0,2504,0
65097,0,2504,0
65099,0,2503,0
65101,0,2505,0
65103,0,2503,0
65105,0,2504,0
65107,0,2504,0
65109,0,2506,0
65111,0,2503,0
65113,0,2505,0
65115,0,2505,0
65117,0,2505,0
65119,0,2504,0
65121,69862,2505,1
65123,0,2505,0
65125,0,2505,0
65127,0,2505,0
65129,0,2504,0
65131,0,2505,0
65133,0,2505,0
65135,0,2504,0
65137,0,2505,0
65139,0,2505,0
65141,0,2504,0
65143,0,2506,0
65145,0,2508,0
65147,0,2505,0
65149,0,2503,0
65151,0,2505,0
65153,0,2505,0
65155,0,2505,0
65157,0,2505,0
65159,0,2503,0
65161,70239,2507,1
65163,0,2505,0
65165,0,2506,0
65167,0,2505,0
65169,0,2505,0
65171,0,2504,0
65173,0,2505,0
65175,0,2505,0
65177,0,2505,0
65179,0,2505,0
65181,0,2505,0
65183,0,2504,0
65185,0,2505,0
65187,0,2503,0
65189,0,2503,0
65191,0,2503,0
65193,0,2503,0
65195,0,2495,0
65197,0,2505,0
65199,0,2507,0
65201,70430,2505,1
65203,0,2505,0
65205,0,2505,0
65207,0,2505,0
65209,0,2505,0
65211,0,2505,0
65213,0,2505,0
65215,0,2506,0
65217,0,2505,0
65219,0,2507,0
65221,0,2505,0
65223,0,2507,0
65225,0,2506,0
65227,0,2507,0
65229,0,2507,0
65231,0,2507,0
65233,0,2507,0
65235,0,2504,0
65237,0,2505,0
65239,0,2504,0
65241,70130,2505,1
65243,0,2505,0
65245,0,2503,0
65247,0,2504,0
65249,0,2504,0
65251,0,2504,0
65253,0,2505,0
65255,0,2505,0
65257,0,2505,0
65259,0,2503,0
65261,0,2503,0
65263,0,2505,0
65265,0,2505,0
65267,0,2502,0
65269,0,2505,0
65271,0,2504,0
65273,0,2505,0
65275,0,2505,0
65277,0,2503,0
65279,0,2507,0
65281,69398,2493,1
65283,0,2506,0
65285,0,2505,0
65287,0,2505,0
65289,0,2507,0
65291,0,2504,0
65293,0,2505,0
65295,0,2505,0
65297,0,2505,0
65299,0,2504,0
65301,0,2506,0
65303,0,2504,0
65305,0,2505,0
65307,0,2504,0
65309,0,2504,0
65311,0,2505,0
65313,0,2504,0
65315,0,2504,0
65317,0,2505,0
65319,0,2504,0
65321,68224,2504,1
65323,0,2506,0
65325,0,2505,0
65327,0,2505,0
65329,0,2507,0
65331,0,2504,0
65333,0,2504,0
65335,0,2505,0
65337,0,2505,0
65339,0,2504,0
65341,0,2503,0
65343,0,2505,0
65345,0,2506,0
65347,0,2507,0
65349,0,2505,0
65351,0,2505,0
65353,0,2504,0
65355,0,2505,0
65357,0,2505,0
65359,0,2505,0
65361,67204,2506,1
65363,0,2505,0
65365,0,2503,0
65367,0,2505,0
65369,0,2503,0
65371,0,2505,0
65373,0,2503,0
65375,0,2505,0
65377,0,2503,0
65379,0,2505,0
65381,0,2505,0
65383,0,2507,0
65385,0,2506,0
65387,0,2505,0
65389,0,2504,0
65391,0,2506,0
65393,0,2504,0
65395,0,2505,0
65397,0,2507,0
65399,0,2505,0
65401,66619,2507,1
65403,0,2505,0
65405,0,2505,0
65407,0,2505,0
65409,0,2507,0
65411,0,2505,0
65413,0,2505,0
65415,0,2504,0
65417,0,2505,0
65419,0,2505,0
65421,0,2506,0
65423,0,2505,0
65425,0,2504,0
65427,0,2505,0
65429,0,2507,0
65431,0,2505,0
65433,0,2505,0
65435,0,2506,0
65437,0,2505,0
65439,66237,2505,1
65441,0,2505,0
65443,0,2503,0
65445,0,2507,0
65447,0,2503,0
65449,0,2504,0
65451,0,2505,0
65453,0,2505,0
65455,0,2504,0
65457,0,2504,0
65459,0,2505,0
65461,0,2505,0
65463,0,2505,0
65465,0,2505,0
65467,0,2505,0
65469,0,2503,0
65471,0,2505,0
65473,0,2505,0
65475,0,2505,0
65477,0,2504,0
65479,66149,2505,1
65481,0,2505,0
65483,0,2505,0
65485,0,2504,0
65487,0,2505,0
65489,0,2505,0
65491,0,2504,0
65493,0,2504,0
65495,0,2505,0
65497,0,2506,0
65499,0,2505,0
65501,0,2507,0
65503,0,2506,0
65505,0,2507,0
65507,0,2503,0
65509,0,2504,0
65511,0,2505,0
65513,0,2503,0
65515,0,2504,0
65517,0,2504,0
65519,66127,2505,1
65521,0,2503,0
65523,0,2505,0
65525,0,2505,0
65527,0,2504,0
65529,0,2505,0
65531,0,2505,0
65533,0,2505,0
65535,0,2504,0
65537,0,2505,0
65539,0,2504,0
65541,0,2504,0
65543,0,2505,0
65545,0,2507,0
65547,0,2505,0
65549,0,2505,0
65551,0,2504,0
65553,0,2505,0
65555,0,2504,0
65557,0,2505,0
65559,65966,2503,1
65561,0,2503,0
65563,0,2505,0
65565,0,2504,0
65567,0,2504,0
65569,0,2503,0
65571,0,2505,0
65573,0,2504,0
65575,0,2505,0
65577,0,2505,0
65579,0,2505,0
65581,0,2505,0
65583,0,2503,0
65585,0,2505,0
65587,0,2503,0
65589,0,2505,0
65591,0,2505,0
65593,0,2504,0
65595,0,2516,0
65597,0,2505,0
65599,65635,2505,1
65601,0,2505,0
65603,0,2504,0
65605,0,2505,0
65607,0,2504,0
65609,0,2502,0
65611,0,2505,0
65613,0,2505,0
65615,0,2504,0
65617,0,2505,0
65619,0,2504,0
65621,0,2507,0
65623,0,2505,0
65625,0,2505,0
65627,0,2503,0
65629,0,2505,0
65631,0,2505,0
65633,0,2505,0
65635,0,2505,0
65637,0,2505,0
65639,65363,2505,1
65641,0,2503,0
65643,0,2504,0
65645,0,2505,0
65647,0,2505,0
65649,0,2505,0
65651,0,2505,0
65653,0,2505,0
65655,0,2505,0
65657,0,2505,0
65659,0,2504,0
65661,0,2504,0
65663,0,2504,0
65665,0,2505,0
65667,0,2505,0
65669,0,2505,0
65671,0,2503,0
65673,0,2504,0
65675,0,2504,0
65677,0,2505,0
65679,65121,2504,1
65681,0,2505,0
65683,0,2505,0
65685,0,2504,0
65687,0,2507,0
65689,0,2505,0
65691,0,2505,0
65693,0,2503,0
65695,0,2504,0
65697,0,2504,0
65699,0,2507,0
65701,0,2505,0
65703,0,2504,0
65705,0,2495,0
65707,0,2503,0
65709,0,2505,0
65711,0,2505,0
65713,0,2505,0
65715,0,2506,0
65717,0,2505,0
65719,64939,2505,1
65721,0,2505,0
65723,0,2505,0
65725,0,2505,0
65727,0,2505,0
65729,0,2505,0
65731,0,2504,0
65733,0,2504,0
65735,0,2503,0
65737,0,2505,0
65739,0,2504,0
65741,0,2505,0
65743,0,2505,0
65745,0,2504,0
65747,0,2505,0
65749,0,2507,0
65751,0,2506,0
65753,0,2504,0
65755,0,2503,0
65757,0,2505,0
65759,64844,2504,1
65761,0,2505,0
65763,0,2507,0
65765,0,2504,0
65767,0,2506,0
65769,0,2505,0
65771,0,2507,0
65773,0,2505,0
65775,0,2504,0
65777,0,2518,0
65779,0,2505,0
65781,0,2505,0
65783,0,2505,0
65785,0,2506,0
65787,0,2505,0
65789,0,2505,0
65791,0,2503,0
65793,0,2506,0
65795,0,2503,0
65797,0,2503,0
65799,64828,2505,1
65801,0,2505,0
65803,0,2505,0
65805,0,2503,0
65807,0,2503,0
65809,0,2501,0
65811,0,2505,0
65813,0,2504,0
65815,0,2505,0
65817,0,2504,0
65819,0,2505,0
65821,0,2503,0
65823,0,2501,0
65825,0,2505,0
65827,0,2504,0
65829,0,2504,0
65831,0,2505,0
65833,0,2507,0
65835,0,2505,0
65837,64871,2505,1
65839,0,2504,0
65841,0,2503,0
65843,0,2503,0
65845,0,2503,0
65847,0,2504,0
65849,0,2504,0
65851,0,2504,0
65853,0,2504,0
65855,0,2505,0
65857,0,2505,0
65859,0,2505,0
65861,0,2504,0
65863,0,2506,0
65865,0,2503,0
65867,0,2505,0
65869,0,2507,0
65871,0,2505,0
65873,0,2504,0
65875,0,2505,0
65877,64915,2505,1
65879,0,2503,0
65881,0,2505,0
65883,0,2505,0
65885,0,2505,0
65887,0,2505,0
65889,0,2505,0
65891,0,2505,0
65893,0,2505,0
65895,0,2505,0
65897,0,2503,0
65899,0,2503,0
65901,0,2503,0
65903,0,2505,0
65905,0,2505,0
65907,0,2505,0
65909,0,2505,0
65911,0,2503,0
65913,0,2505,0
65915,0,2504,0
65917,65018,2503,1
65919,0,2507,0
65921,0,2507,0
65923,0,2503,0
65925,0,2505,0
65927,0,2505,0
65929,0,2506,0
65931,0,2504,0
65933,0,2505,0
65935,0,2505,0
65937,0,2505,0
65939,0,2503,0
65941,0,2502,0
65943,0,2493,0
65945,0,2503,0
65947,0,2505,0
65949,0,2506,0
65951,0,2505,0
65953,0,2505,0
65955,0,2501,0
65957,65108,2504,1
65959,0,2505,0
65961,0,2505,0
65963,0,2504,0
65965,0,2505,0
65967,0,2503,0
65969,0,2505,0
65971,0,2505,0
65973,0,2505,0
65975,0,2505,0
65977,0,2503,0
65979,0,2505,0
65981,0,2505,0
65983,0,2505,0
65985,0,2505,0
65987,0,2505,0
65989,0,2504,0
65991,0,2505,0
65993,0,2503,0
65995,0,2506,0
65997,65212,2500,1
65999,0,2505,0
66001,0,2505,0
66003,0,2505,0
66005,0,2505,0
66007,0,2503,0
66009,0,2503,0
66011,0,2505,0
66013,0,2505,0
66015,0,2505,0
66017,0,2503,0
66019,0,2503,0
66021,0,2509,0
66023,0,2505,0
66025,0,2505,0
66027,0,2503,0
66029,0,2505,0
66031,0,2505,0
66033,0,2503,0
66035,0,2505,0
66037,65295,2505,1
66039,0,2507,0
66041,0,2505,0
66043,0,2495,0
66045,0,2506,0
66047,0,2503,0
66049,0,2505,0
66051,0,2506,0
66053,0,2503,0
66055,0,2504,0
66057,0,2504,0
66059,0,2505,0
66061,0,2504,0
66063,0,2501,0
66065,0,2504,0
66067,0,2505,0
66069,0,2505,0
66071,0,2505,0
66073,0,2504,0
66075,0,2504,0
66077,65369,2505,1
66079,0,2504,0
66081,0,2505,0
66083,0,2504,0
66085,0,2505,0
66087,0,2505,0
66089,0,2503,0
66091,0,2505,0
66093,0,2505,0
66095,0,2504,0
66097,0,2505,0
66099,0,2505,0
66101,0,2505,0
66103,0,2505,0
66105,0,2504,0
66108,0,2504,0
66110,0,2505,0
66112,0,2503,0
66114,0,2505,0
66116,0,2505,0
66118,65498,2505,1
66120,0,2505,0
66122,0,2505,0
66124,0,2504,0
66126,0,2506,0
66128,0,2505,0
66130,0,2504,0
66132,0,2505,0
66134,0,2505,0
66136,0,2505,0
66138,0,2508,0
66140,0,2505,0
66142,0,2504,0
66144,0,2505,0
66146,0,2505,0
66148,0,2505,0
66150,0,2505,0
66152,0,2503,0
66154,0,2505,0
66156,0,2504,0
66158,65656,2504,1
66160,0,2487,0
66162,0,2505,0
66164,0,2505,0
66166,0,2505,0
66168,0,2504,0
66170,0,2507,0
66172,0,2505,0
66174,0,2504,0
66176,0,2503,0
66178,0,2505,0
66180,0,2505,0
66182,0,2504,0
66184,0,2503,0
66186,0,2504,0
66188,0,2504,0
66190,0,2505,0
66192,0,2503,0
66194,0,2505,0
66196,0,2503,0
66198,65884,2503,1
66200,0,2503,0
66202,0,2505,0
66204,0,2503,0
66206,0,2505,0
66208,0,2503,0
66210,0,2504,0
66212,0,2503,0
66214,0,2505,0
66216,0,2505,0
66218,0,2506,0
66220,0,2505,0
66222,0,2507,0
66224,0,2504,0
66226,0,2505,0
66228,0,2505,0
66230,0,2504,0
66232,0,2505,0
66234,0,2505,0
66236,66452,2506,1
66238,0,2503,0
66240,0,2505,0
66242,0,2509,0
66244,0,2505,0
66246,0,2503,0
66248,0,2488,0
66250,0,2505,0
66252,0,2505,0
66254,0,2505,0
66256,0,2505,0
66258,0,2505,0
66260,0,2505,0
66262,0,2506,0
66264,0,2503,0
66266,0,2503,0
66268,0,2505,0
66270,0,2503,0
66272,0,2507,0
66274,0,2505,0
66276,67004,2505,1
66278,0,2507,0
66280,0,2505,0
66282,0,2504,0
66284,0,2505,0
66286,0,2505,0
66288,0,2505,0
66290,0,2505,0
66292,0,2504,0
66294,0,2507,0
66296,0,2504,0
66298,0,2505,0
66300,0,2505,0
66302,0,2505,0
66304,0,2505,0
66306,0,2504,0
66308,0,2505,0
66310,0,2503,0
66312,0,2505,0
66314,0,2505,0
66316,67802,2505,1
66318,0,2505,0
66320,0,2503,0
66322,0,2504,0
66324,0,2503,0
66326,0,2503,0
66328,0,2504,0
66330,0,2503,0
66332,0,2504,0
66334,0,2503,0
66336,0,2504,0
66338,0,2503,0
66340,0,2504,0
66342,0,2504,0
66344,0,2505,0
66346,0,2505,0
66348,0,2503,0
66350,0,2503,0
66352,0,2504,0
66354,0,2502,0
66356,68938,2503,1
66358,0,2503,0
66360,0,2503,0
66362,0,2501,0
66364,0,2503,0
66366,0,2503,0
66368,0,2503,0
66370,0,2501,0
66372,0,2503,0
66374,0,2503,0
66376,0,2503,0
66378,0,2502,0
66380,0,2502,0
66382,0,2502,0
66384,0,2502,0
66386,0,2502,0
66388,0,2503,0
66390,0,2501,0
66392,0,2505,0
66394,0,2503,0
66396,69808,2501,1
66398,0,2503,0
66400,0,2501,0
66402,0,2501,0
66404,0,2503,0
66406,0,2501,0
66408,0,2501,0
66410,0,2501,0
66412,0,2501,0
66414,0,2501,0
66416,0,2501,0
66418,0,2501,0
66420,0,2495,0
66422,0,2495,0
66424,0,2503,0
66426,0,2502,0
66428,0,2495,0
66430,0,2495,0
66432,0,2501,0
66434,0,2502,0
66436,69839,2495,1
66438,0,2495,0
66440,0,2495,0
66442,0,2501,0
66444,0,2499,0
66446,0,2495,0
66448,0,2495,0
66450,0,2494,0
66452,0,2495,0
66454,0,2499,0
66456,0,2495,0
66458,0,2493,0
66460,0,2501,0
66462,0,2495,0
66464,0,2495,0
66466,0,2503,0
66468,0,2495,0
66470,0,2495,0
66472,0,2495,0
66474,0,2495,0
66476,69486,2494,1
66478,0,2495,0
66480,0,2493,0
66482,0,2494,0
66484,0,2495,0
66486,0,2495,0
66488,0,2493,0
66490,0,2495,0
66492,0,2493,0
66494,0,2493,0
66496,0,2494,0
66498,0,2495,0
66500,0,2499,0
66502,0,2495,0
66504,0,2493,0
66506,0,2493,0
66508,0,2494,0
66510,0,2494,0
66512,0,2495,0
66514,0,2495,0
66516,69336,2491,1
66518,0,2491,0
66520,0,2493,0
66522,0,2495,0
66524,0,2491,0
66526,0,2491,0
66528,0,2495,0
66530,0,2493,0
66532,0,2493,0
66534,0,2493,0
66536,0,2491,0
66538,0,2492,0
66540,0,2492,0
66542,0,2493,0
66544,0,2492,0
66546,0,2492,0
66548,0,2493,0
66550,0,2491,0
66552,0,2493,0
66554,0,2492,0
66556,68831,2490,1
66558,0,2489,0
66560,0,2491,0
66562,0,2491,0
66564,0,2489,0
66566,0,2488,0
66568,0,2491,0
66570,0,2489,0
66572,0,2489,0
66574,0,2491,0
66576,0,2491,0
66578,0,2489,0
66580,0,2491,0
66582,0,2489,0
66584,0,2491,0
66586,0,2489,0
66588,0,2491,0
66590,0,2489,0
66592,0,2491,0
66594,0,2491,0
66596,67933,2489,1
66598,0,2489,0
66600,0,2489,0
66602,0,2491,0
66604,0,2491,0
66606,0,2489,0
66608,0,2490,0
66610,0,2489,0
66612,0,2488,0
66614,0,2491,0
66616,0,2489,0
66618,0,2489,0
66620,0,2491,0
66622,0,2483,0
66624,0,2489,0
66626,0,2491,0
66628,0,2489,0
66630,0,2490,0
66632,0,2491,0
66634,67190,2489,1
66636,0,2491,0
66638,0,2491,0
66640,0,2491,0
66642,0,2491,0
66644,0,2491,0
66646,0,2489,0
66648,0,2489,0
66650,0,2491,0
66652,0,2491,0
66654,0,2491,0
66656,0,2489,0
66658,0,2491,0
66660,0,2491,0
66662,0,2489,0
66664,0,2490,0
66666,0,2491,0
66668,0,2490,0
66670,0,2490,0
66672,0,2492,0
66674,66813,2491,1
66676,0,2491,0
66678,0,2488,0
66680,0,2491,0
66682,0,2491,0
66684,0,2491,0
66686,0,2491,0
66688,0,2491,0
66690,0,2492,0
66692,0,2491,0
66694,0,2490,0
66696,0,2491,0
66698,0,2490,0
66700,0,2489,0
66702,0,2492,0
66704,0,2493,0
66706,0,2491,0
66708,0,2489,0
66710,0,2491,0
66712,0,2493,0
66714,66501,2491,1
66716,0,2489,0
66718,0,2490,0
66720,0,2491,0
66722,0,2491,0
66724,0,2493,0
66726,0,2491,0
66728,0,2492,0
66730,0,2491,0
66732,0,2489,0
66734,0,2490,0
66736,0,2493,0
66738,0,2491,0
66740,0,2491,0
66742,0,2492,0
66744,0,2491,0
66746,0,2489,0
66748,0,2491,0
66750,0,2489,0
66752,0,2489,0
66754,66299,2491,1
66756,0,2489,0
66758,0,2491,0
66760,0,2491,0
66762,0,2491,0
66764,0,2490,0
66766,0,2491,0
66768,0,2491,0
66770,0,2491,0
66772,0,2490,0
66774,0,2490,0
66776,0,2491,0
66778,0,2492,0
66780,0,2489,0
66782,0,2491,0
66784,0,2491,0
66786,0,2490,0
66788,0,2491,0
66790,0,2491,0
66792,0,2492,0
66794,66196,2489,1
66796,0,2491,0
66798,0,2491,0
66800,0,2490,0
66802,0,2491,0
66804,0,2489,0
66806,0,2489,0
66808,0,2491,0
66810,0,2491,0
66812,0,2491,0
66814,0,2491,0
66816,0,2491,0
66818,0,2491,0
66820,0,2491,0
66822,0,2491,0
66824,0,2491,0
66826,0,2491,0
66828,0,2491,0
66830,0,2491,0
66832,0,2491,0
66834,66133,2491,1
66836,0,2489,0
66838,0,2490,0
66840,0,2489,0
66842,0,2491,0
66844,0,2491,0
66846,0,2491,0
66848,0,2489,0
66850,0,2485,0
66852,0,2488,0
66854,0,2490,0
66856,0,2489,0
66858,0,2489,0
66860,0,2491,0
66862,0,2490,0
66864,0,2491,0
66866,0,2491,0
66868,0,2491,0
66870,0,2490,0
66872,0,2493,0
66874,66033,2489,1
66876,0,2489,0
66878,0,2489,0
66880,0,2488,0
66882,0,2487,0
66884,0,2489,0
66886,0,2489,0
66888,0,2489,0
66890,0,2489,0
66892,0,2489,0
66894,0,2490,0
66896,0,2490,0
66898,0,2489,0
66900,0,2488,0
66902,0,2489,0
66904,0,2489,0
66906,0,2489,0
66908,0,2487,0
66910,0,2491,0
66912,0,2489,0
66914,65948,2490,1
66916,0,2487,0
66918,0,2487,0
66920,0,2489,0
66922,0,2489,0
66924,0,2487,0
66926,0,2483,0
66928,0,2488,0
66930,0,2487,0
66932,0,2486,0
66934,0,2488,0
66936,0,2487,0
66938,0,2489,0
66940,0,2489,0
66942,0,2489,0
66944,0,2489,0
66946,0,2489,0
66948,0,2488,0
66950,0,2489,0
66952,0,2489,0
66954,65893,2489,1
66956,0,2485,0
66958,0,2488,0
66960,0,2489,0
66962,0,2488,0
66964,0,2489,0
66966,0,2489,0
66968,0,2489,0
66970,0,2489,0
66972,0,2487,0
66974,0,2488,0
66976,0,2488,0
66978,0,2489,0
66980,0,2489,0
66982,0,2489,0
66984,0,2488,0
66986,0,2489,0
66988,0,2495,0
66990,0,2489,0
66992,65898,2489,1
66994,0,2487,0
66996,0,2488,0
66998,0,2486,0
67000,0,2487,0
67002,0,2488,0
67004,0,2489,0
67006,0,2489,0
67008,0,2489,0
67010,0,2493,0
67012,0,2489,0
67014,0,2488,0
67016,0,2488,0
67018,0,2489,0
67020,0,2487,0
67022,0,2487,0
67024,0,2489,0
67026,0,2487,0
67028,0,2487,0
67030,0,2489,0
67032,65913,2489,1
67034,0,2488,0
67036,0,2488,0
67038,0,2489,0
67040,0,2486,0
67042,0,2487,0
67044,0,2490,0
67046,0,2487,0
67048,0,2489,0
67050,0,2475,0
67052,0,2488,0
67054,0,2489,0
67056,0,2489,0
67058,0,2489,0
67060,0,2489,0
67062,0,2489,0
67064,0,2488,0
67066,0,2489,0
67068,0,2489,0
67070,0,2491,0
67072,66004,2489,1
67074,0,2489,0
67076,0,2491,0
67078,0,2491,0
67080,0,2491,0
67082,0,2491,0
67084,0,2491,0
67086,0,2491,0
67088,0,2491,0
67090,0,2493,0
67092,0,2491,0
67094,0,2491,0
67096,0,2491,0
67098,0,2491,0
67100,0,2491,0
67102,0,2491,0
67104,0,2491,0
67106,0,2491,0
67108,0,2491,0
67110,0,2490,0
67112,65937,2493,1
67114,0,2491,0
67116,0,2491,0
67118,0,2493,0
67120,0,2490,0
67122,0,2489,0
67124,0,2491,0
67126,0,2491,0
67128,0,2493,0
67130,0,2491,0
67132,0,2493,0
67134,0,2491,0
67136,0,2491,0
67138,0,2489,0
67140,0,2491,0
67142,0,2492,0
67144,0,2491,0
67146,0,2491,0
67148,0,2492,0
67150,0,2493,0
67152,65762,2491,1
67154,0,2491,0
67156,0,2491,0
67158,0,2491,0
67160,0,2491,0
67162,0,2492,0
67164,0,2491,0
67166,0,2493,0
67168,0,2492,0
67170,0,2491,0
67172,0,2491,0
67174,0,2493,0
67176,0,2492,0
67178,0,2492,0
67180,0,2491,0
67182,0,2493,0
67184,0,2491,0
67186,0,2493,0
67188,0,2491,0
67190,0,2493,0
67192,65536,2491,1
67194,0,2489,0
67196,0,2491,0
67198,0,2491,0
67200,0,2493,0
67202,0,2491,0
67204,0,2493,0
67206,0,2493,0
67208,0,2491,0
67210,0,2491,0
67212,0,2493,0
67214,0,2492,0
67216,0,2491,0
67218,0,2491,0
67220,0,2492,0
67222,0,2493,0
67224,0,2493,0
67226,0,2491,0
67228,0,2493,0
67230,0,2493,0
67232,65389,2492,1
67234,0,2491,0
67236,0,2493,0
67238,0,2491,0
67240,0,2492,0
67242,0,2492,0
67244,0,2491,0
67246,0,2491,0
67248,0,2491,0
67250,0,2493,0
67252,0,2492,0
67254,0,2490,0
67256,0,2491,0
67258,0,2492,0
67260,0,2491,0
67262,0,2491,0
67264,0,2493,0
67266,0,2491,0
67268,0,2493,0
67270,0,2493,0
67272,65276,2489,1
67274,0,2491,0
67276,0,2491,0
67278,0,2492,0
67280,0,2491,0
67282,0,2491,0
67284,0,2520,0
67286,0,2491,0
67288,0,2491,0
67290,0,2491,0
67292,0,2491,0
67294,0,2490,0
67296,0,2495,0
67298,0,2491,0
67300,0,2491,0
67302,0,2491,0
67304,0,2491,0
67306,0,2492,0
67308,0,2493,0
67310,0,2493,0
67312,65154,2491,1
67314,0,2490,0
67316,0,2491,0
67318,0,2491,0
67320,0,2491,0
67322,0,2492,0
67324,0,2491,0
67326,0,2493,0
67328,0,2493,0
67330,0,2493,0
67332,0,2491,0
67334,0,2493,0
67336,0,2492,0
67338,0,2492,0
67340,0,2491,0
67342,0,2492,0
67344,0,2489,0
67346,0,2493,0
67348,0,2491,0
67350,0,2491,0
67352,65095,2491,1
67354,0,2491,0
67356,0,2492,0
67358,0,2490,0
67360,0,2493,0
67362,0,2485,0
67364,0,2490,0
67366,0,2493,0
67368,0,2491,0
67370,0,2485,0
67372,0,2491,0
67374,0,2491,0
67376,0,2491,0
67378,0,2491,0
67380,0,2492,0
67382,0,2493,0
67384,0,2492,0
67386,0,2493,0
67388,0,2493,0
67390,65146,2492,1
67392,0,2491,0
67394,0,2491,0
67396,0,2491,0
67398,0,2493,0
67400,0,2492,0
67402,0,2491,0
67404,0,2491,0
67406,0,2491,0
67408,0,2491,0
67410,0,2491,0
67412,0,2490,0
67414,0,2493,0
67416,0,2495,0
67418,0,2491,0
67420,0,2492,0
67422,0,2491,0
67424,0,2491,0
67426,0,2491,0
67428,0,2491,0
67430,65200,2491,1
67432,0,2491,0
67434,0,2491,0
67436,0,2492,0
67438,0,2489,0
67440,0,2491,0
67442,0,2491,0
67444,0,2493,0
67446,0,2491,0
67448,0,2487,0
67450,0,2491,0
67452,0,2493,0
67454,0,2493,0
67456,0,2493,0
67458,0,2493,0
67460,0,2493,0
67462,0,2493,0
67464,0,2491,0
67466,0,2492,0
67468,0,2492,0
67470,65233,2492,1
67472,0,2491,0
67474,0,2493,0
67476,0,2495,0
67478,0,2491,0
67480,0,2489,0
67482,0,2495,0
67484,0,2493,0
67486,0,2493,0
67488,0,2492,0
67490,0,2492,0
67492,0,2491,0
67494,0,2493,0
67496,0,2492,0
67498,0,2491,0
67500,0,2491,0
67502,0,2493,0
67504,0,2493,0
67506,0,2493,0
67508,0,2493,0
67510,65223,2491,1
67512,0,2491,0
67514,0,2493,0
67516,0,2493,0
67518,0,2491,0
67520,0,2495,0
67522,0,2493,0
67524,0,2495,0
67526,0,2491,0
67528,0,2491,0
67530,0,2491,0
67532,0,2493,0
67534,0,2492,0
67536,0,2493,0
67538,0,2493,0
67540,0,2493,0
67542,0,2493,0
67544,0,2493,0
67546,0,2492,0
67548,0,2493,0
67550,65167,2489,1
67552,0,2487,0
67554,0,2491,0
67556,0,2492,0
67558,0,2492,0
67560,0,2490,0
67562,0,2491,0
67564,0,2491,0
67566,0,2492,0
67568,0,2493,0
67570,0,2492,0
67572,0,2493,0
67574,0,2491,0
67576,0,2492,0
67578,0,2493,0
67580,0,2493,0
67582,0,2493,0
67584,0,2495,0
67586,0,2493,0
67588,0,2493,0
67590,65047,2493,1
67592,0,2491,0
67594,0,2491,0
67596,0,2493,0
67598,0,2491,0
67600,0,2492,0
67602,0,2491,0
67604,0,2491,0
67606,0,2492,0
67608,0,2491,0
67610,0,2493,0
67612,0,2491,0
67614,0,2493,0
67616,0,2491,0
67618,0,2495,0
67620,0,2491,0
67622,0,2491,0
67624,0,2493,0
67626,0,2493,0
67628,0,2493,0
67630,64931,2489,1
67632,0,2491,0
67634,0,2492,0
67636,0,2491,0
67638,0,2491,0
67640,0,2492,0
67642,0,2491,0
67644,0,2491,0
67646,0,2492,0
67648,0,2491,0
67650,0,2491,0
67652,0,2493,0
67654,0,2491,0
67656,0,2491,0
67658,0,2493,0
67660,0,2492,0
67662,0,2492,0
67664,0,2491,0
67666,0,2491,0
67668,0,2491,0
67670,64770,2493,1
67672,0,2491,0
67674,0,2491,0
67676,0,2489,0
67678,0,2489,0
67680,0,2491,0
67682,0,2489,0
67684,0,2492,0
67686,0,2492,0
67688,0,2485,0
67690,0,2492,0
67692,0,2492,0
67694,0,2491,0
67696,0,2493,0
67698,0,2492,0
67700,0,2491,0
67702,0,2491,0
67704,0,2492,0
67706,0,2491,0
67708,0,2492,0
67710,64609,2490,1
67712,0,2491,0
67714,0,2491,0
67716,0,2491,0
67718,0,2491,0
67720,0,2491,0
67722,0,2490,0
67724,0,2491,0
67726,0,2493,0
67728,0,2490,0
67730,0,2489,0
67732,0,2491,0
67734,0,2489,0
67736,0,2491,0
67738,0,2491,0
67740,0,2491,0
67742,0,2487,0
67744,0,2491,0
67746,0,2491,0
67748,0,2492,0
67750,64561,2489,1
67752,0,2489,0
67754,0,2491,0
67756,0,2491,0
67758,0,2490,0
67760,0,2489,0
67762,0,2488,0
67764,0,2490,0
67766,0,2489,0
67768,0,2489,0
67770,0,2491,0
67772,0,2489,0
67774,0,2491,0
67776,0,2490,0
67778,0,2490,0
67780,0,2490,0
67782,0,2492,0
67784,0,2491,0
67786,0,2491,0
67788,64560,2490,1
67790,0,2489,0
67792,0,2490,0
67794,0,2490,0
67796,0,2491,0
67798,0,2491,0
67800,0,2491,0
67802,0,2491,0
67804,0,2505,0
67806,0,2490,0
67808,0,2491,0
67810,0,2489,0
67812,0,2491,0
67814,0,2491,0
67816,0,2491,0
67818,0,2491,0
67820,0,2491,0
67822,0,2492,0
67824,0,2489,0
67826,0,2492,0
67828,64583,2490,1
67830,0,2491,0
67832,0,2491,0
67834,0,2493,0
67836,0,2491,0
67838,0,2489,0
67840,0,2492,0
67842,0,2491,0
67844,0,2491,0
67846,0,2491,0
67848,0,2491,0
67850,0,2490,0
67852,0,2492,0
67854,0,2493,0
67856,0,2485,0
67858,0,2491,0
67860,0,2493,0
67862,0,2491,0
67864,0,2493,0
67866,0,2491,0
67868,64579,2490,1
67870,0,2493,0
67872,0,2491,0
67874,0,2490,0
67876,0,2491,0
67878,0,2491,0
67880,0,2489,0
67882,0,2491,0
67884,0,2491,0
67886,0,2491,0
67888,0,2491,0
67890,0,2490,0
67892,0,2491,0
67894,0,2491,0
67896,0,2491,0
67898,0,2491,0
67900,0,2494,0
67902,0,2493,0
67904,0,2493,0
67906,0,2493,0
67908,64541,2490,1
67910,0,2491,0
67912,0,2495,0
67914,0,2490,0
67916,0,2491,0
67918,0,2492,0
67920,0,2493,0
67922,0,2489,0
67924,0,2491,0
67926,0,2492,0
67928,0,2491,0
67930,0,2491,0
67932,0,2491,0
67934,0,2496,0
67936,0,2483,0
67938,0,2491,0
67940,0,2491,0
67942,0,2492,0
67944,0,2491,0
67946,0,2492,0
67948,64573,2489,1
67950,0,2491,0
67952,0,2491,0
67954,0,2493,0
67956,0,2491,0
67958,0,2492,0
67960,0,2491,0
67962,0,2491,0
67964,0,2491,0
67966,0,2495,0
67968,0,2492,0
67970,0,2491,0
67973,0,2493,0
67975,0,2492,0
67977,0,2492,0
67979,0,2492,0
67981,0,2492,0
67983,0,2493,0
67985,0,2493,0
67987,0,2491,0
67989,64599,2491,1
67991,0,2489,0
67993,0,2491,0
67995,0,2490,0
67997,0,2491,0
67999,0,2493,0
68001,0,2491,0
68003,0,2489,0
68005,0,2492,0
68007,0,2491,0
68009,0,2491,0
68011,0,2493,0
68013,0,2491,0
68015,0,2491,0
68017,0,2492,0
68019,0,2491,0
68021,0,2491,0
68023,0,2493,0
68025,0,2491,0
68027,0,2491,0
68029,64651,2491,1
68031,0,2491,0
68033,0,2493,0
68035,0,2489,0
68037,0,2488,0
68039,0,2491,0
68041,0,2490,0
68043,0,2490,0
68045,0,2491,0
68047,0,2491,0
68049,0,2491,0
68051,0,2491,0
68053,0,2489,0
68055,0,2491,0
68057,0,2492,0
68059,0,2489,0
68061,0,2489,0
68063,0,2490,0
68065,0,2491,0
68067,0,2493,0
68069,64691,2489,1
68071,0,2491,0
68073,0,2491,0
68075,0,2491,0
68077,0,2491,0
68079,0,2491,0
68081,0,2491,0
68083,0,2491,0
68085,0,2491,0
68087,0,2489,0
68089,0,2491,0
68091,0,2489,0
68093,0,2490,0
68095,0,2491,0
68097,0,2491,0
68099,0,2491,0
68101,0,2491,0
68103,0,2491,0
68105,0,2489,0
68107,0,2491,0
68109,64730,2489,1
68111,0,2489,0
68113,0,2488,0
68115,0,2491,0
68117,0,2489,0
68119,0,2491,0
68121,0,2489,0
68123,0,2489,0
68125,0,2489,0
68127,0,2489,0
68129,0,2491,0
68131,0,2491,0
68133,0,2489,0
68135,0,2491,0
68137,0,2493,0
68139,0,2491,0
68141,0,2491,0
68143,0,2491,0
68145,0,2491,0
68147,64756,2491,1
68149,0,2491,0
68151,0,2490,0
68153,0,2490,0
68155,0,2491,0
68157,0,2490,0
68159,0,2489,0
68161,0,2492,0
68163,0,2491,0
68165,0,2493,0
68167,0,2489,0
68169,0,2490,0
68171,0,2492,0
68173,0,2491,0
68175,0,2491,0
68177,0,2491,0
68179,0,2491,0
68181,0,2491,0
68183,0,2491,0
68185,0,2491,0
68187,64803,2493,1
68189,0,2490,0
68191,0,2490,0
68193,0,2491,0
68195,0,2493,0
68197,0,2491,0
68199,0,2490,0
68201,0,2491,0
68203,0,2489,0
68205,0,2491,0
68207,0,2491,0
68209,0,2492,0
68211,0,2491,0
68213,0,2491,0
68215,0,2491,0
68217,0,2491,0
68219,0,2491,0
68221,0,2491,0
68223,0,2491,0
68225,0,2492,0
68227,64818,2491,1
68229,0,2491,0
68231,0,2491,0
68233,0,2493,0
68235,0,2491,0
68237,0,2491,0
68239,0,2493,0
68241,0,2491,0
68243,0,2491,0
68245,0,2485,0
68247,0,2491,0
68249,0,2492,0
68251,0,2493,0
68253,0,2491,0
68255,0,2491,0
68257,0,2492,0
68259,0,2493,0
68261,0,2491,0
68263,0,2492,0
68265,0,2491,0
68267,64827,2489,1
68269,0,2493,0
68271,0,2491,0
68273,0,2491,0
68275,0,2491,0
68277,0,2491,0
68279,0,2493,0
68281,0,2491,0
68283,0,2492,0
68285,0,2492,0
68287,0,2492,0
68289,0,2493,0
68291,0,2491,0
68293,0,2491,0
68295,0,2493,0
68297,0,2491,0
68299,0,2479,0
68301,0,2492,0
68303,0,2492,0
68305,0,2492,0
68307,64856,2491,1
68309,0,2493,0
68311,0,2493,0
68313,0,2491,0
68315,0,2491,0
68317,0,2491,0
68319,0,2489,0
68321,0,2491,0
68323,0,2491,0
68325,0,2492,0
68327,0,2489,0
68329,0,2491,0
68331,0,2492,0
68333,0,2491,0
68335,0,2491,0
68337,0,2491,0
68339,0,2490,0
68341,0,2489,0
68343,0,2491,0
68345,0,2491,0
68347,64952,2491,1
68349,0,2490,0
68351,0,2493,0
68353,0,2488,0
68355,0,2491,0
68357,0,2493,0
68359,0,2491,0
68361,0,2489,0
68363,0,2492,0
68365,0,2491,0
68367,0,2491,0
68369,0,2493,0
68371,0,2490,0
68373,0,2489,0
68375,0,2491,0
68377,0,2492,0
68379,0,2491,0
68381,0,2490,0
68383,0,2493,0
68385,0,2491,0
68387,65164,2489,1
68389,0,2491,0
68391,0,2491,0
68393,0,2491,0
68395,0,2491,0
68397,0,2493,0
68399,0,2490,0
68401,0,2493,0
68403,0,2493,0
68405,0,2492,0
68407,0,2490,0
68409,0,2491,0
68411,0,2491,0
68413,0,2493,0
68415,0,2491,0
68417,0,2493,0
68419,0,2493,0
68421,0,2495,0
68423,0,2491,0
68425,0,2491,0
68427,65471,2491,1
68429,0,2491,0
68431,0,2490,0
68433,0,2491,0
68435,0,2490,0
68437,0,2489,0
68439,0,2491,0
68441,0,2492,0
68443,0,2489,0
68445,0,2492,0
68447,0,2491,0
68449,0,2489,0
68451,0,2491,0
68453,0,2491,0
68455,0,2490,0
68457,0,2491,0
68459,0,2492,0
68461,0,2491,0
68463,0,2491,0
68465,0,2490,0
68467,65713,2489,1
68469,0,2491,0
68471,0,2490,0
68473,0,2490,0
68475,0,2490,0
68477,0,2487,0
68479,0,2490,0
68481,0,2489,0
68483,0,2489,0
68485,0,2489,0
68487,0,2491,0
68489,0,2489,0
68491,0,2491,0
68493,0,2492,0
68495,0,2491,0
68497,0,2488,0
68499,0,2491,0
68501,0,2491,0
68503,0,2493,0
68505,0,2491,0
68507,65942,2489,1
68509,0,2489,0
68511,0,2489,0
68513,0,2489,0
68515,0,2491,0
68517,0,2490,0
68519,0,2489,0
68521,0,2493,0
68523,0,2492,0
68525,0,2493,0
68527,0,2491,0
68529,0,2489,0
68531,0,2491,0
68533,0,2491,0
68535,0,2491,0
68537,0,2491,0
68539,0,2492,0
68541,0,2489,0
68543,0,2489,0
68545,66264,2489,1
68547,0,2490,0
68549,0,2489,0
68551,0,2491,0
68553,0,2491,0
68555,0,2492,0
68557,0,2489,0
68559,0,2489,0
68561,0,2489,0
68563,0,2491,0
68565,0,2490,0
68567,0,2490,0
68569,0,2491,0
68571,0,2491,0
68573,0,2491,0
68575,0,2491,0
68577,0,2485,0
68579,0,2489,0
68581,0,2491,0
68583,0,2489,0
68585,66530,2490,1
68587,0,2490,0
68589,0,2491,0
68591,0,2491,0
68593,0,2491,0
68595,0,2491,0
68597,0,2494,0
68599,0,2494,0
68601,0,2491,0
68603,0,2491,0
68605,0,2491,0
68607,0,2491,0
68609,0,2491,0
68611,0,2491,0
68613,0,2491,0
68615,0,2491,0
68617,0,2493,0
68619,0,2491,0
68621,0,2491,0
68623,0,2491,0
68625,66630,2491,1
68627,0,2491,0
68629,0,2489,0
68631,0,2491,0
68633,0,2491,0
68635,0,2491,0
68637,0,2490,0
68639,0,2490,0
68641,0,2489,0
68643,0,2488,0
68645,0,2489,0
68647,0,2490,0
68649,0,2491,0
68651,0,2491,0
68653,0,2490,0
68655,0,2492,0
68657,0,2491,0
68659,0,2491,0
68661,0,2492,0
68663,0,2489,0
68665,66632,2495,1
68667,0,2489,0
68669,0,2489,0
68671,0,2491,0
68673,0,2492,0
68675,0,2491,0
68677,0,2490,0
68679,0,2490,0
68681,0,2489,0
68683,0,2489,0
68685,0,2491,0
68687,0,2491,0
68689,0,2489,0
68691,0,2491,0
68693,0,2489,0
68695,0,2489,0
68697,0,2491,0
68699,0,2494,0
68701,0,2491,0
68703,0,2488,0
68705,66434,2489,1
68707,0,2489,0
68709,0,2489,0
68711,0,2489,0
68713,0,2491,0
68715,0,2489,0
68717,0,2489,0
68719,0,2491,0
68721,0,2489,0
68723,0,2490,0
68725,0,2489,0
68727,0,2489,0
68729,0,2479,0
68731,0,2489,0
68733,0,2489,0
68735,0,2489,0
68737,0,2489,0
68739,0,2489,0
68741,0,2478,0
68743,0,2489,0
68745,66122,2488,1
68747,0,2490,0
68749,0,2488,0
68751,0,2488,0
68753,0,2489,0
68755,0,2489,0
68757,0,2489,0
68759,0,2487,0
68761,0,2487,0
68763,0,2489,0
68765,0,2489,0
68767,0,2489,0
68769,0,2488,0
68771,0,2489,0
68773,0,2488,0
68775,0,2488,0
68777,0,2489,0
68779,0,2489,0
68781,0,2488,0
68783,0,2489,0
68785,66139,2489,1
68787,0,2489,0
68789,0,2487,0
68791,0,2488,0
68793,0,2487,0
68795,0,2487,0
68797,0,2487,0
68799,0,2487,0
68801,0,2487,0
68803,0,2487,0
68805,0,2488,0
68807,0,2489,0
68809,0,2489,0
68811,0,2488,0
68813,0,2487,0
68815,0,2488,0
68817,0,2488,0
68819,0,2488,0
68821,0,2488,0
68823,0,2487,0
68825,66454,2485,1
68827,0,2485,0
68829,0,2485,0
68831,0,2486,0
68833,0,2487,0
68835,0,2487,0
68837,0,2485,0
68839,0,2487,0
68841,0,2486,0
68843,0,2485,0
68845,0,2483,0
68847,0,2485,0
68849,0,2487,0
68851,0,2488,0
68853,0,2485,0
68855,0,2485,0
68857,0,2487,0
68859,0,2485,0
68861,0,2486,0
68863,0,2487,0
68865,66883,2485,1
68867,0,2483,0
68869,0,2483,0
68871,0,2484,0
68873,0,2484,0
68875,0,2482,0
68877,0,2483,0
68879,0,2484,0
68881,0,2483,0
68883,0,2483,0
68885,0,2480,0
68887,0,2485,0
68889,0,2485,0
68891,0,2483,0
68893,0,2485,0
68895,0,2483,0
68897,0,2484,0
68899,0,2483,0
68901,0,2486,0
68903,0,2484,0
68905,67365,2484,1
68907,0,2485,0
68909,0,2485,0
68911,0,2484,0
68913,0,2483,0
68915,0,2483,0
68917,0,2483,0
68919,0,2479,0
68921,0,2485,0
68923,0,2485,0
68925,0,2482,0
68927,0,2483,0
68929,0,2483,0
68931,0,2483,0
68933,0,2479,0
68935,0,2482,0
68937,0,2483,0
68939,0,2479,0
68941,0,2480,0
68943,67648,2483,1
68945,0,2479,0
68947,0,2479,0
68949,0,2479,0
68951,0,2478,0
68953,0,2478,0
68955,0,2479,0
68957,0,2479,0
68959,0,2478,0
68961,0,2479,0
68963,0,2480,0
68965,0,2478,0
68967,0,2479,0
68969,0,2480,0
68971,0,2477,0
68973,0,2479,0
68975,0,2479,0
68977,0,2477,0
68979,0,2477,0
68981,0,2479,0
68983,67994,2479,1
68985,0,2479,0
68987,0,2478,0
68989,0,2479,0
68991,0,2479,0
68993,0,2479,0
68995,0,2477,0
68997,0,2478,0
68999,0,2475,0
69001,0,2479,0
69003,0,2477,0
69005,0,2477,0
69007,0,2479,0
69009,0,2477,0
69011,0,2479,0
69013,0,2478,0
69015,0,2476,0
69017,0,2476,0
69019,0,2477,0
69021,0,2477,0
69023,68393,2475,1
69025,0,2477,0
69027,0,2477,0
69029,0,2476,0
69031,0,2477,0
69033,0,2475,0
69035,0,2475,0
69037,0,2476,0
69039,0,2475,0
69041,0,2475,0
69043,0,2475,0
69045,0,2475,0
69047,0,2473,0
69049,0,2473,0
69051,0,2473,0
69053,0,2473,0
69055,0,2473,0
69057,0,2473,0
69059,0,2473,0
69061,0,2473,0
69063,68723,2472,1
69065,0,2471,0
69067,0,2471,0
69069,0,2471,0
69071,0,2471,0
69073,0,2470,0
69075,0,2470,0
69077,0,2469,0
69079,0,2471,0
69081,0,2468,0
69083,0,2467,0
69085,0,2469,0
69087,0,2453,0
69089,0,2469,0
69091,0,2464,0
69093,0,2463,0
69095,0,2463,0
69097,0,2461,0
69099,0,2461,0
69101,0,2459,0
69103,69076,2460,1
69105,0,2460,0
69107,0,2461,0
69109,0,2455,0
69111,0,2458,0
69113,0,2459,0
69115,0,2459,0
69117,0,2457,0
69119,0,2459,0
69121,0,2457,0
69123,0,2457,0
69125,0,2457,0
69127,0,2453,0
69129,0,2459,0
69131,0,2456,0
69133,0,2453,0
69135,0,2455,0
69137,0,2453,0
69139,0,2457,0
69141,0,2454,0
69143,69371,2452,1
69145,0,2454,0
69147,0,2451,0
69149,0,2452,0
69151,0,2452,0
69153,0,2451,0
69155,0,2451,0
69157,0,2451,0
69159,0,2451,0
69161,0,2449,0
69163,0,2447,0
69165,0,2447,0
69167,0,2447,0
69169,0,2447,0
69171,0,2447,0
69173,0,2445,0
69175,0,2445,0
69177,0,2443,0
69179,0,2445,0
69181,0,2448,0
69183,69882,2442,1
69185,0,2441,0
69187,0,2441,0
69189,0,2441,0
69191,0,2443,0
69193,0,2441,0
69195,0,2440,0
69197,0,2441,0
69199,0,2440,0
69201,0,2439,0
69203,0,2441,0
69205,0,2439,0
69207,0,2439,0
69209,0,2439,0
69211,0,2439,0
69213,0,2438,0
69215,0,2437,0
69217,0,2431,0
69219,0,2431,0
69221,0,2431,0
69223,70481,2429,1
69225,0,2431,0
69227,0,2437,0
69229,0,2429,0
69231,0,2431,0
69233,0,2431,0
69235,0,2429,0
69237,0,2431,0
69239,0,2430,0
69241,0,2430,0
69243,0,2429,0
69245,0,2430,0
69247,0,2429,0
69249,0,2429,0
69251,0,2423,0
69253,0,2429,0
69255,0,2429,0
69257,0,2429,0
69259,0,2431,0
69261,0,2429,0
69263,70729,2419,1
69265,0,2426,0
69267,0,2429,0
69269,0,2427,0
69271,0,2426,0
69273,0,2424,0
69275,0,2425,0
69277,0,2427,0
69279,0,2425,0
69281,0,2426,0
69283,0,2425,0
69285,0,2425,0
69287,0,2426,0
69289,0,2427,0
69291,0,2424,0
69293,0,2425,0
69295,0,2425,0
69297,0,2423,0
69299,0,2424,0
69301,71095,2425,1
69303,0,2424,0
69305,0,2425,0
69307,0,2423,0
69309,0,2423,0
69311,0,2422,0
69313,0,2425,0
69315,0,2423,0
69317,0,2423,0
69319,0,2423,0
69321,0,2422,0
69323,0,2415,0
69325,0,2422,0
69327,0,2421,0
69329,0,2421,0
69331,0,2421,0
69333,0,2420,0
69335,0,2421,0
69337,0,2418,0
69339,0,2420,0
69341,72190,2421,1
69343,0,2420,0
69345,0,2419,0
69347,0,2419,0
69349,0,2415,0
69351,0,2419,0
69353,0,2419,0
69355,0,2418,0
69357,0,2415,0
69359,0,2415,0
69361,0,2419,0
69363,0,2419,0
69365,0,2415,0
69367,0,2419,0
69369,0,2413,0
69371,0,2415,0
69373,0,2415,0
69375,0,2413,0
69377,0,2419,0
69379,0,2415,0
69381,73581,2414,1
69383,0,2413,0
69385,0,2413,0
69387,0,2412,0
69389,0,2413,0
69391,0,2413,0
69393,0,2415,0
69395,0,2413,0
69397,0,2413,0
69399,0,2413,0
69401,0,2413,0
69403,0,2412,0
69405,0,2412,0
69407,0,2411,0
69409,0,2411,0
69411,0,2409,0
69413,0,2413,0
69415,0,2411,0
69417,0,2409,0
69419,0,2409,0
69421,74625,2409,1
69423,0,2407,0
69425,0,2409,0
69427,0,2407,0
69429,0,2407,0
69431,0,2407,0
69433,0,2407,0
69435,0,2407,0
69437,0,2406,0
69439,0,2405,0
69441,0,2407,0
69443,0,2407,0
69445,0,2407,0
69447,0,2405,0
69449,0,2406,0
69451,0,2408,0
69453,0,2405,0
69455,0,2406,0
69457,0,2406,0
69459,0,2405,0
69461,75559,2405,1
69463,0,2407,0
69465,0,2409,0
69467,0,2407,0
69469,0,2409,0
69471,0,2409,0
69473,0,2410,0
69475,0,2409,0
69477,0,2411,0
69479,0,2413,0
69481,0,2413,0
69483,0,2416,0
69485,0,2415,0
69487,0,2415,0
69489,0,2415,0
69491,0,2421,0
69493,0,2420,0
69495,0,2421,0
69497,0,2422,0
69499,0,2423,0
69501,76378,2423,1
69503,0,2423,0
69505,0,2424,0
69507,0,2425,0
69509,0,2425,0
69511,0,2427,0
69513,0,2427,0
69515,0,2428,0
69517,0,2429,0
69519,0,2428,0
69521,0,2432,0
69523,0,2431,0
69525,0,2437,0
69527,0,2438,0
69529,0,2431,0
69531,0,2439,0
69533,0,2440,0
69535,0,2440,0
69537,0,2441,0
69539,0,2443,0
69541,76968,2441,1
69543,0,2442,0
69545,0,2445,0
69547,0,2445,0
69549,0,2445,0
69551,0,2449,0
69553,0,2443,0
69555,0,2446,0
69557,0,2451,0
69559,0,2449,0
69561,0,2451,0
69563,0,2453,0
69565,0,2453,0
69567,0,2453,0
69569,0,2453,0
69571,0,2452,0
69573,0,2455,0
69575,0,2455,0
69577,0,2455,0
69579,0,2456,0
69581,77716,2455,1
69583,0,2457,0
69585,0,2455,0
69587,0,2457,0
69589,0,2458,0
69591,0,2459,0
69593,0,2458,0
69595,0,2460,0
69597,0,2460,0
69599,0,2459,0
69601,0,2461,0
69603,0,2461,0
69605,0,2461,0
69607,0,2463,0
69609,0,2463,0
69611,0,2461,0
69613,0,2463,0
69615,0,2463,0
69617,0,2463,0
69619,0,2463,0
69621,78025,2469,1
69623,0,2468,0
69625,0,2468,0
69627,0,2464,0
69629,0,2469,0
69631,0,2469,0
69633,0,2471,0
69635,0,2469,0
69637,0,2470,0
69639,0,2470,0
69641,0,2471,0
69643,0,2469,0
69645,0,2471,0
69647,0,2473,0
69649,0,2471,0
69651,0,2468,0
69653,0,2473,0
69655,0,2473,0
69657,0,2475,0
69659,0,2473,0
69661,78416,2471,1
69663,0,2473,0
69665,0,2474,0
69667,0,2475,0
69669,0,2472,0
69671,0,2473,0
69673,0,2475,0
69675,0,2476,0
69677,0,2477,0
69679,0,2475,0
69681,0,2477,0
69683,0,2476,0
69685,0,2476,0
69687,0,2477,0
69689,0,2477,0
69691,0,2475,0
69693,0,2477,0
69695,0,2477,0
69697,0,2470,0
69699,78304,2478,1
69701,0,2477,0
69703,0,2477,0
69705,0,2477,0
69707,0,2477,0
69709,0,2477,0
69711,0,2474,0
69713,0,2473,0
69715,0,2472,0
69717,0,2469,0
69719,0,2469,0
69721,0,2461,0
69723,0,2462,0
69725,0,2461,0
69727,0,2459,0
69729,0,2455,0
69731,0,2453,0
69733,0,2451,0
69735,0,2451,0
69737,0,2446,0
69739,77771,2443,1
69741,0,2443,0
69743,0,2441,0
69745,0,2439,0
69747,0,2437,0
69749,0,2429,0
69751,0,2427,0
69753,0,2427,0
69755,0,2425,0
69757,0,2425,0
69759,0,2421,0
69761,0,2421,0
69763,0,2419,0
69765,0,2419,0
69767,0,2415,0
69769,0,2415,0
69771,0,2412,0
69773,0,2411,0
69775,0,2411,0
69777,0,2409,0
69779,77397,2408,1
69781,0,2407,0
69783,0,2407,0
69785,0,2405,0
69787,0,2404,0
69789,0,2402,0
69791,0,2399,0
69793,0,2399,0
69795,0,2399,0
69797,0,2399,0
69799,0,2397,0
69801,0,2394,0
69803,0,2403,0
69805,0,2395,0
69807,0,2392,0
69809,0,2393,0
69811,0,2391,0
69813,0,2391,0
69816,0,2391,0
69818,0,2389,0
69820,77151,2389,1
69822,0,2387,0
69824,0,2387,0
69826,0,2388,0
69828,0,2383,0
69830,0,2383,0
69832,0,2385,0
69834,0,2381,0
69836,0,2379,0
69838,0,2380,0
69840,0,2379,0
69842,0,2376,0
69844,0,2377,0
69846,0,2376,0
69848,0,2377,0
69850,0,2375,0
69852,0,2374,0
69854,0,2375,0
69856,0,2374,0
69858,0,2373,0
69860,76712,2367,1
69862,0,2367,0
69864,0,2367,0
69866,0,2367,0
69868,0,2367,0
69870,0,2364,0
69872,0,2365,0
69874,0,2365,0
69876,0,2363,0
69878,0,2374,0
69880,0,2363,0
69882,0,2363,0
69884,0,2363,0
69886,0,2363,0
69888,0,2364,0
69890,0,2363,0
69892,0,2361,0
69894,0,2360,0
69896,0,2360,0
69898,0,2360,0
69900,75307,2360,1
69902,0,2360,0
69904,0,2360,0
69906,0,2359,0
69908,0,2358,0
69910,0,2359,0
69912,0,2356,0
69914,0,2356,0
69916,0,2355,0
69918,0,2355,0
69920,0,2355,0
69922,0,2351,0
69924,0,2351,0
69926,0,2349,0
69928,0,2349,0
69930,0,2348,0
69932,0,2347,0
69934,0,2346,0
69936,0,2344,0
69938,0,2343,0
69940,73380,2345,1
69942,0,2343,0
69944,0,2343,0
69946,0,2341,0
69948,0,2340,0
69950,0,2341,0
69952,0,2339,0
69954,0,2335,0
69956,0,2335,0
69958,0,2335,0
69960,0,2335,0
69962,0,2334,0
69964,0,2333,0
69966,0,2333,0
69968,0,2331,0
69970,0,2331,0
69972,0,2329,0
69974,0,2330,0
69976,0,2331,0
69978,0,2328,0
69980,71482,2328,1
69982,0,2327,0
69984,0,2327,0
69986,0,2325,0
69988,0,2327,0
69990,0,2325,0
69992,0,2325,0
69994,0,2325,0
69996,0,2325,0
69998,0,2321,0
70000,0,2319,0
70002,0,2322,0
70004,0,2319,0
70006,0,2319,0
70008,0,2317,0
70010,0,2319,0
70012,0,2315,0
70014,0,2317,0
70016,0,2317,0
70018,0,2315,0
70020,69587,2313,1
70022,0,2315,0
70024,0,2315,0
70026,0,2315,0
70028,0,2313,0
70030,0,2312,0
70032,0,2311,0
70034,0,2311,0
70036,0,2310,0
70038,0,2303,0
70040,0,2311,0
70042,0,2311,0
70044,0,2303,0
70046,0,2310,0
70048,0,2309,0
70050,0,2303,0
70052,0,2302,0
70054,0,2301,0
70056,0,2301,0
70058,0,2301,0
70060,68282,2299,1
70062,0,2299,0
70064,0,2298,0
70066,0,2297,0
70068,0,2297,0
70070,0,2291,0
70072,0,2297,0
70074,0,2295,0
70076,0,2295,0
70078,0,2295,0
70080,0,2295,0
70082,0,2295,0
70084,0,2293,0
70086,0,2293,0
70088,0,2291,0
70090,0,2292,0
70092,0,2293,0
70094,0,2292,0
70096,0,2291,0
70098,67764,2291,1
70100,0,2291,0
70102,0,2288,0
70104,0,2287,0
70106,0,2287,0
70108,0,2285,0
70110,0,2283,0
70112,0,2285,0
70114,0,2285,0
70116,0,2285,0
70118,0,2285,0
70120,0,2285,0
70122,0,2285,0
70124,0,2285,0
70126,0,2283,0
70128,0,2283,0
70130,0,2283,0
70132,0,2281,0
70134,0,2281,0
70136,0,2280,0
70138,67505,2281,1
70140,0,2280,0
70142,0,2280,0
70144,0,2279,0
70146,0,2279,0
70148,0,2278,0
70150,0,2279,0
70152,0,2277,0
70154,0,2279,0
70156,0,2277,0
70158,0,2277,0
70160,0,2276,0
70162,0,2274,0
70164,0,2271,0
70166,0,2275,0
70168,0,2271,0
70170,0,2275,0
70172,0,2275,0
70174,0,2269,0
70176,0,2271,0
70178,67473,2270,1
70180,0,2269,0
70182,0,2269,0
70184,0,2270,0
70186,0,2269,0
70188,0,2269,0
70190,0,2270,0
70192,0,2270,0
70194,0,2273,0
70196,0,2270,0
70198,0,2271,0
70200,0,2275,0
70202,0,2271,0
70204,0,2275,0
70206,0,2275,0
70208,0,2275,0
70210,0,2275,0
70212,0,2276,0
70214,0,2275,0
70216,0,2277,0
70218,67568,2275,1
70220,0,2275,0
70222,0,2275,0
70224,0,2275,0
70226,0,2276,0
70228,0,2277,0
70230,0,2276,0
70232,0,2276,0
70234,0,2277,0
70236,0,2277,0
70238,0,2276,0
70240,0,2275,0
70242,0,2276,0
70244,0,2278,0
70246,0,2277,0
70248,0,2277,0
70250,0,2275,0
70252,0,2277,0
70254,0,2277,0
70256,0,2278,0
70258,67722,2278,1
70260,0,2278,0
70262,0,2279,0
70264,0,2277,0
70266,0,2276,0
70268,0,2277,0
70270,0,2277,0
70272,0,2277,0
70274,0,2277,0
70276,0,2277,0
70278,0,2277,0
70280,0,2277,0
70282,0,2275,0
70284,0,2276,0
70286,0,2276,0
70288,0,2277,0
70290,0,2275,0
70292,0,2273,0
70294,0,2276,0
70296,0,2275,0
70298,67742,2275,1
70300,0,2273,0
70302,0,2271,0
70304,0,2275,0
70306,0,2271,0
70308,0,2274,0
70310,0,2275,0
70312,0,2275,0
70314,0,2275,0
70316,0,2271,0
70318,0,2271,0
70320,0,2271,0
70322,0,2271,0
70324,0,2269,0
70326,0,2271,0
70328,0,2269,0
70330,0,2269,0
70332,0,2269,0
70334,0,2268,0
70336,0,2269,0
70338,67651,2266,1
70340,0,2267,0
70342,0,2267,0
70344,0,2265,0
70346,0,2265,0
70348,0,2266,0
70350,0,2266,0
70352,0,2264,0
70354,0,2263,0
70356,0,2262,0
70358,0,2262,0
70360,0,2261,0
70362,0,2262,0
70364,0,2261,0
70366,0,2259,0
70368,0,2257,0
70370,0,2255,0
70372,0,2255,0
70374,0,2253,0
70376,0,2253,0
70378,67607,2253,1
70380,0,2251,0
70382,0,2252,0
70384,0,2251,0
70386,0,2248,0
70388,0,2249,0
70390,0,2249,0
70392,0,2248,0
70394,0,2247,0
70396,0,2247,0
70398,0,2239,0
70400,0,2245,0
70402,0,2239,0
70404,0,2239,0
70406,0,2239,0
70408,0,2237,0
70410,0,2237,0
70412,0,2237,0
70414,0,2235,0
70416,0,2234,0
70418,67494,2234,1
70420,0,2233,0
70422,0,2235,0
70424,0,2235,0
70426,0,2232,0
70428,0,2233,0
70430,0,2231,0
70432,0,2231,0
70434,0,2229,0
70436,0,2229,0
70438,0,2231,0
70440,0,2229,0
70442,0,2229,0
70444,0,2224,0
70446,0,2227,0
70448,0,2228,0
70450,0,2227,0
70452,0,2223,0
70454,0,2223,0
70456,0,2223,0
70458,67451,2223,1
70460,0,2220,0
70462,0,2222,0
70464,0,2221,0
70466,0,2221,0
70468,0,2221,0
70470,0,2220,0
70472,0,2220,0
70474,0,2220,0
70476,0,2219,0
70478,0,2219,0
70480,0,2219,0
70482,0,2219,0
70484,0,2217,0
70486,0,2217,0
70488,0,2218,0
70490,0,2217,0
70492,0,2218,0
70494,0,2223,0
70496,67459,2216,1
70498,0,2215,0
70500,0,2216,0
70502,0,2217,0
70504,0,2217,0
70506,0,2215,0
70508,0,2216,0
70510,0,2216,0
70512,0,2215,0
70514,0,2218,0
70516,0,2215,0
70518,0,2216,0
70520,0,2215,0
70522,0,2217,0
70524,0,2214,0
70526,0,2215,0
70528,0,2213,0
70530,0,2213,0
70532,0,2212,0
70534,0,2213,0
70536,67385,2214,1
70538,0,2215,0
70540,0,2213,0
70542,0,2213,0
70544,0,2213,0
70546,0,2215,0
70548,0,2213,0
70550,0,2215,0
70552,0,2215,0
70554,0,2211,0
70556,0,2213,0
70558,0,2216,0
70560,0,2213,0
70562,0,2213,0
70564,0,2211,0
70566,0,2212,0
70568,0,2211,0
70570,0,2203,0
70572,0,2211,0
70574,0,2213,0
70576,67321,2213,1
70578,0,2213,0
70580,0,2211,0
70582,0,2212,0
70584,0,2211,0
70586,0,2211,0
70588,0,2211,0
70590,0,2213,0
70592,0,2211,0
70594,0,2207,0
70596,0,2211,0
70598,0,2211,0
70600,0,2211,0
70602,0,2213,0
70604,0,2208,0
70606,0,2211,0
70608,0,2208,0
70610,0,2207,0
70612,0,2211,0
70614,0,2214,0
70616,67160,2208,1
70618,0,2212,0
70620,0,2208,0
70622,0,2211,0
70624,0,2211,0
70626,0,2213,0
70628,0,2213,0
70630,0,2211,0
70632,0,2207,0
70634,0,2207,0
70636,0,2211,0
70638,0,2207,0
70640,0,2207,0
70642,0,2208,0
70644,0,2211,0
70646,0,2212,0
70648,0,2208,0
70650,0,2207,0
70652,0,2214,0
70654,0,2207,0
70656,66837,2211,1
70658,0,2208,0
70660,0,2211,0
70662,0,2212,0
70664,0,2211,0
70666,0,2211,0
70668,0,2213,0
70670,0,2211,0
70672,0,2207,0
70674,0,2211,0
70676,0,2211,0
70678,0,2212,0
70680,0,2213,0
70682,0,2213,0
70684,0,2213,0
70686,0,2213,0
70688,0,2211,0
70690,0,2211,0
70692,0,2212,0
70694,0,2213,0
70696,66855,2212,1
70698,0,2213,0
70700,0,2214,0
70702,0,2213,0
70704,0,2213,0
70706,0,2212,0
70708,0,2213,0
70710,0,2211,0
70712,0,2213,0
70714,0,2212,0
70716,0,2214,0
70718,0,2214,0
70720,0,2211,0
70722,0,2215,0
70724,0,2216,0
70726,0,2215,0
70728,0,2217,0
70730,0,2214,0
70732,0,2215,0
70734,0,2216,0
70736,66868,2219,1
70738,0,2217,0
70740,0,2217,0
70742,0,2218,0
70744,0,2219,0
70746,0,2207,0
70748,0,2219,0
70750,0,2217,0
70752,0,2219,0
70754,0,2219,0
70756,0,2221,0
70758,0,2221,0
70760,0,2219,0
70762,0,2219,0
70764,0,2221,0
70766,0,2220,0
70768,0,2222,0
70770,0,2223,0
70772,0,2223,0
70774,0,2223,0
70776,66815,2224,1
70778,0,2224,0
70780,0,2223,0
70782,0,2227,0
70784,0,2227,0
70786,0,2229,0
70788,0,2227,0
70790,0,2231,0
70792,0,2227,0
70794,0,2231,0
70796,0,2231,0
70798,0,2231,0
70800,0,2231,0
70802,0,2233,0
70804,0,2232,0
70806,0,2232,0
70808,0,2234,0
70810,0,2232,0
70812,0,2234,0
70814,0,2233,0
70816,66857,2236,1
70818,0,2233,0
70820,0,2237,0
70822,0,2237,0
70824,0,2236,0
70826,0,2235,0
70828,0,2235,0
70830,0,2237,0
70832,0,2235,0
70834,0,2237,0
70836,0,2239,0
70838,0,2239,0
70840,0,2236,0
70842,0,2237,0
70844,0,2237,0
70846,0,2237,0
70848,0,2237,0
70850,0,2239,0
70852,0,2239,0
70854,66847,2247,1
70856,0,2238,0
70858,0,2239,0
70860,0,2239,0
70862,0,2239,0
70864,0,2240,0
70866,0,2239,0
70868,0,2239,0
70870,0,2239,0
70872,0,2239,0
70874,0,2239,0
70876,0,2243,0
70878,0,2239,0
70880,0,2239,0
70882,0,2239,0
70884,0,2237,0
70886,0,2239,0
70888,0,2238,0
70890,0,2239,0
70892,0,2239,0
70894,67047,2237,1
70896,0,2239,0
70898,0,2235,0
70900,0,2239,0
70902,0,2239,0
70904,0,2239,0
70906,0,2237,0
70908,0,2239,0
70910,0,2238,0
70912,0,2237,0
70914,0,2237,0
70916,0,2238,0
70918,0,2234,0
70920,0,2236,0
70922,0,2235,0
70924,0,2235,0
70926,0,2237,0
70928,0,2235,0
70930,0,2237,0
70932,0,2234,0
70934,67607,2235,1
70936,0,2233,0
70938,0,2234,0
70940,0,2233,0
70942,0,2233,0
70944,0,2233,0
70946,0,2231,0
70948,0,2231,0
70950,0,2231,0
70952,0,2230,0
70954,0,2230,0
70956,0,2229,0
70958,0,2229,0
70960,0,2229,0
70962,0,2227,0
70964,0,2227,0
70966,0,2227,0
70968,0,2228,0
70970,0,2227,0
70972,0,2223,0
70974,68303,2227,1
70976,0,2223,0
70978,0,2224,0
70980,0,2223,0
70982,0,2223,0
70984,0,2222,0
70986,0,2223,0
70988,0,2221,0
70990,0,2221,0
70992,0,2223,0
70994,0,2223,0
70996,0,2221,0
70998,0,2220,0
71000,0,2221,0
71002,0,2220,0
71004,0,2221,0
71006,0,2219,0
71008,0,2220,0
71010,0,2220,0
71012,0,2221,0
71014,68800,2219,1
71016,0,2221,0
71018,0,2219,0
71020,0,2219,0
71022,0,2220,0
71024,0,2219,0
71026,0,2221,0
71028,0,2221,0
71030,0,2221,0
71032,0,2219,0
71034,0,2221,0
71036,0,2221,0
71038,0,2221,0
71040,0,2221,0
71042,0,2221,0
71044,0,2219,0
71046,0,2221,0
71048,0,2221,0
71050,0,2221,0
71052,0,2221,0
71054,69278,2221,1
71056,0,2221,0
71058,0,2221,0
71060,0,2223,0
71062,0,2220,0
71064,0,2223,0
71066,0,2224,0
71068,0,2223,0
71070,0,2223,0
71072,0,2223,0
71074,0,2223,0
71076,0,2223,0
71078,0,2223,0
71080,0,2227,0
71082,0,2223,0
71084,0,2226,0
71086,0,2227,0
71088,0,2227,0
71090,0,2224,0
71092,0,2229,0
71094,69521,2223,1
71096,0,2225,0
71098,0,2227,0
71100,0,2229,0
71102,0,2227,0
71104,0,2228,0
71106,0,2229,0
71108,0,2228,0
71110,0,2228,0
71112,0,2230,0
71114,0,2229,0
71116,0,2230,0
71118,0,2229,0
71120,0,2231,0
71122,0,2232,0
71124,0,2233,0
71126,0,2231,0
71128,0,2232,0
71130,0,2233,0
71132,0,2233,0
71134,69256,2233,1
71136,0,2233,0
71138,0,2233,0
71140,0,2232,0
71142,0,2233,0
71144,0,2233,0
71146,0,2235,0
71148,0,2235,0
71150,0,2235,0
71152,0,2235,0
71154,0,2235,0
71156,0,2235,0
71158,0,2236,0
71160,0,2235,0
71162,0,2237,0
71164,0,2236,0
71166,0,2237,0
71168,0,2238,0
71170,0,2237,0
71172,0,2239,0
71174,68539,2238,1
71176,0,2237,0
71178,0,2239,0
71180,0,2238,0
71182,0,2245,0
71184,0,2239,0
71186,0,2247,0
71188,0,2246,0
71190,0,2247,0
71192,0,2247,0
71194,0,2245,0
71196,0,2247,0
71198,0,2247,0
71200,0,2247,0
71202,0,2249,0
71204,0,2247,0
71206,0,2251,0
71208,0,2247,0
71210,0,2249,0
71212,0,2247,0
71214,67539,2251,1
71216,0,2237,0
71218,0,2249,0
71220,0,2250,0
71222,0,2249,0
71224,0,2249,0
71226,0,2249,0
71228,0,2251,0
71230,0,2251,0
71232,0,2251,0
71234,0,2252,0
71236,0,2252,0
71238,0,2252,0
71240,0,2253,0
71242,0,2255,0
71244,0,2253,0
71246,0,2255,0
71248,0,2252,0
71250,0,2255,0
71252,66502,2258,1
71254,0,2259,0
71256,0,2259,0
71258,0,2255,0
71260,0,2259,0
71262,0,2259,0
71264,0,2259,0
71266,0,2259,0
71268,0,2259,0
71270,0,2259,0
71272,0,2259,0
71274,0,2260,0
71276,0,2261,0
71278,0,2262,0
71280,0,2261,0
71282,0,2263,0
71284,0,2263,0
71286,0,2263,0
71288,0,2261,0
71290,0,2264,0
71292,66211,2260,1
71294,0,2263,0
71296,0,2264,0
71298,0,2264,0
71300,0,2265,0
71302,0,2265,0
71304,0,2265,0
71306,0,2265,0
71308,0,2265,0
71310,0,2267,0
71312,0,2267,0
71314,0,2268,0
71316,0,2265,0
71318,0,2267,0
71320,0,2267,0
71322,0,2269,0
71324,0,2269,0
71326,0,2273,0
71328,0,2269,0
71330,0,2271,0
71332,66006,2271,1
71334,0,2271,0
71336,0,2274,0
71338,0,2271,0
71340,0,2275,0
71342,0,2275,0
71344,0,2276,0
71346,0,2275,0
71348,0,2276,0
71350,0,2275,0
71352,0,2277,0
71354,0,2275,0
71356,0,2279,0
71358,0,2279,0
71360,0,2279,0
71362,0,2279,0
71364,0,2279,0
71366,0,2280,0
71368,0,2279,0
71370,0,2280,0
71372,65943,2279,1
71374,0,2281,0
71376,0,2281,0
71378,0,2279,0
71380,0,2281,0
71382,0,2281,0
71384,0,2283,0
71386,0,2283,0
71388,0,2283,0
71390,0,2284,0
71392,0,2283,0
71394,0,2283,0
71396,0,2285,0
71398,0,2284,0
71400,0,2287,0
71402,0,2285,0
71404,0,2286,0
71406,0,2286,0
71408,0,2287,0
71410,0,2287,0
71412,66115,2286,1
71414,0,2291,0
71416,0,2291,0
71418,0,2290,0
71420,0,2293,0
71422,0,2287,0
71424,0,2291,0
71426,0,2292,0
71428,0,2293,0
71430,0,2293,0
71432,0,2295,0
71434,0,2293,0
71436,0,2293,0
71438,0,2291,0
71440,0,2293,0
71442,0,2295,0
71444,0,2296,0
71446,0,2297,0
71448,0,2295,0
71450,0,2297,0
71452,66222,2296,1
71454,0,2295,0
71456,0,2297,0
71458,0,2299,0
71460,0,2297,0
71462,0,2299,0
71464,0,2299,0
71466,0,2299,0
71468,0,2299,0
71470,0,2299,0
71472,0,2301,0
71474,0,2302,0
71476,0,2300,0
71478,0,2301,0
71480,0,2300,0
71482,0,2303,0
71484,0,2300,0
71486,0,2309,0
71488,0,2303,0
71490,0,2303,0
71492,66304,2303,1
71494,0,2309,0
71496,0,2309,0
71498,0,2309,0
71500,0,2311,0
71502,0,2311,0
71504,0,2309,0
71506,0,2311,0
71508,0,2311,0
71510,0,2311,0
71512,0,2313,0
71514,0,2312,0
71516,0,2311,0
71518,0,2313,0
71520,0,2313,0
71522,0,2314,0
71524,0,2314,0
71526,0,2315,0
71528,0,2312,0
71530,0,2313,0
71532,66417,2315,1
71534,0,2313,0
71536,0,2315,0
71538,0,2315,0
71540,0,2317,0
71542,0,2315,0
71544,0,2317,0
71546,0,2317,0
71548,0,2317,0
71550,0,2317,0
71552,0,2318,0
71554,0,2317,0
71556,0,2323,0
71558,0,2317,0
71560,0,2321,0
71562,0,2321,0
71564,0,2323,0
71566,0,2325,0
71568,0,2318,0
71570,0,2322,0
71572,66458,2323,1
71574,0,2321,0
71576,0,2323,0
71578,0,2325,0
71580,0,2323,0
71582,0,2323,0
71584,0,2324,0
71586,0,2325,0
71588,0,2325,0
71590,0,2325,0
71592,0,2325,0
71594,0,2325,0
71596,0,2327,0
71598,0,2325,0
71600,0,2328,0
71602,0,2326,0
71604,0,2327,0
71606,0,2327,0
71608,0,2327,0
71610,0,2327,0
71612,66374,2327,1
71614,0,2327,0
71616,0,2328,0
71618,0,2327,0
71620,0,2327,0
71622,0,2328,0
71624,0,2331,0
71626,0,2329,0
71628,0,2326,0
71630,0,2329,0
71632,0,2329,0
71634,0,2329,0
71636,0,2328,0
71638,0,2331,0
71640,0,2331,0
71642,0,2329,0
71644,0,2330,0
71646,0,2331,0
71648,0,2330,0
71650,66452,2330,1
71652,0,2330,0
71654,0,2331,0
71656,0,2329,0
71658,0,2331,0
71660,0,2333,0
71662,0,2331,0
71664,0,2331,0
71666,0,2331,0
71668,0,2331,0
71671,0,2331,0
71673,0,2333,0
71675,0,2331,0
71677,0,2331,0
71679,0,2331,0
71681,0,2331,0
71683,0,2333,0
71685,0,2334,0
71687,0,2333,0
71689,0,2332,0
71691,66729,2331,1
71693,0,2333,0
71695,0,2332,0
71697,0,2333,0
71699,0,2333,0
71701,0,2333,0
71703,0,2328,0
71705,0,2331,0
71707,0,2333,0
71709,0,2333,0
71711,0,2333,0
71713,0,2331,0
71715,0,2333,0
71717,0,2335,0
71719,0,2335,0
71721,0,2333,0
71723,0,2335,0
71725,0,2335,0
71727,0,2335,0
71729,0,2335,0
71731,67002,2335,1
71733,0,2335,0
71735,0,2335,0
71737,0,2335,0
71739,0,2335,0
71741,0,2336,0
71743,0,2334,0
71745,0,2334,0
71747,0,2335,0
71749,0,2335,0
71751,0,2335,0
71753,0,2340,0
71755,0,2339,0
71757,0,2340,0
71759,0,2341,0
71761,0,2336,0
71763,0,2339,0
71765,0,2339,0
71767,0,2335,0
71769,0,2340,0
71771,67199,2341,1
71773,0,2335,0
71775,0,2339,0
71777,0,2339,0
71779,0,2341,0
71781,0,2339,0
71783,0,2340,0
71785,0,2342,0
71787,0,2343,0
71789,0,2341,0
71791,0,2341,0
71793,0,2341,0
71795,0,2342,0
71797,0,2342,0
71799,0,2340,0
71801,0,2341,0
71803,0,2343,0
71805,0,2343,0
71807,0,2343,0
71809,0,2343,0
71811,67126,2343,1
71813,0,2343,0
71815,0,2343,0
71817,0,2345,0
71819,0,2345,0
71821,0,2343,0
71823,0,2343,0
71825,0,2343,0
71827,0,2344,0
71829,0,2344,0
71831,0,2343,0
71833,0,2345,0
71835,0,2343,0
71837,0,2344,0
71839,0,2344,0
71841,0,2345,0
71843,0,2347,0
71845,0,2345,0
71847,0,2345,0
71849,0,2346,0
71851,66818,2345,1
71853,0,2347,0
71855,0,2345,0
71857,0,2346,0
71859,0,2345,0
71861,0,2346,0
71863,0,2347,0
71865,0,2345,0
71867,0,2347,0
71869,0,2347,0
71871,0,2345,0
71873,0,2347,0
71875,0,2347,0
71877,0,2345,0
71879,0,2347,0
71881,0,2347,0
71883,0,2346,0
71885,0,2347,0
71887,0,2347,0
71889,0,2347,0
71891,66568,2347,1
71893,0,2346,0
71895,0,2345,0
71897,0,2347,0
71899,0,2347,0
71901,0,2347,0
71903,0,2347,0
71905,0,2347,0
71907,0,2343,0
71909,0,2347,0
71911,0,2347,0
71913,0,2347,0
71915,0,2347,0
71917,0,2347,0
71919,0,2347,0
71921,0,2347,0
71923,0,2347,0
71925,0,2349,0
71927,0,2348,0
71929,0,2348,0
71931,66409,2345,1
71933,0,2347,0
71935,0,2347,0
71937,0,2347,0
71939,0,2348,0
71941,0,2347,0
71943,0,2345,0
71945,0,2349,0
71947,0,2347,0
71949,0,2347,0
71951,0,2345,0
71953,0,2345,0
71955,0,2345,0
71957,0,2345,0
71959,0,2347,0
71961,0,2347,0
71963,0,2345,0
71965,0,2345,0
71967,0,2345,0
71969,0,2345,0
71971,66944,2344,1
71973,0,2347,0
71975,0,2341,0
71977,0,2345,0
71979,0,2341,0
71981,0,2343,0
71983,0,2343,0
71985,0,2343,0
71987,0,2344,0
71989,0,2342,0
71991,0,2343,0
71993,0,2343,0
71995,0,2343,0
71997,0,2343,0
71999,0,2344,0
72001,0,2341,0
72003,0,2341,0
72005,0,2343,0
72007,0,2341,0
72009,0,2341,0
72011,66879,2342,1
72013,0,2343,0
72015,0,2341,0
72017,0,2341,0
72019,0,2341,0
72021,0,2341,0
72023,0,2339,0
72025,0,2343,0
72027,0,2343,0
72029,0,2343,0
72031,0,2340,0
72033,0,2343,0
72035,0,2341,0
72037,0,2341,0
72039,0,2341,0
72041,0,2340,0
72043,0,2341,0
72045,0,2341,0
72047,0,2341,0
72049,66125,2343,1
72051,0,2343,0
72053,0,2341,0
72055,0,2341,0
72057,0,2343,0
72059,0,2341,0
72061,0,2343,0
72063,0,2341,0
72065,0,2341,0
72067,0,2343,0
72069,0,2341,0
72071,0,2341,0
72073,0,2343,0
72075,0,2343,0
72077,0,2343,0
72079,0,2341,0
72081,0,2343,0
72083,0,2342,0
72085,0,2341,0
72087,0,2343,0
72089,65482,2341,1
72091,0,2342,0
72093,0,2341,0
72095,0,2343,0
72097,0,2342,0
72099,0,2343,0
72101,0,2343,0
72103,0,2344,0
72105,0,2343,0
72107,0,2345,0
72109,0,2347,0
72111,0,2345,0
72113,0,2343,0
72115,0,2347,0
72117,0,2345,0
72119,0,2345,0
72121,0,2345,0
72123,0,2345,0
72125,0,2346,0
72127,0,2341,0
72129,64869,2345,1
72131,0,2345,0
72133,0,2347,0
72135,0,2346,0
72137,0,2345,0
72139,0,2349,0
72141,0,2349,0
72143,0,2345,0
72145,0,2348,0
72147,0,2347,0
72149,0,2348,0
72151,0,2347,0
72153,0,2349,0
72155,0,2349,0
72157,0,2347,0
72159,0,2349,0
72161,0,2349,0
72163,0,2348,0
72165,0,2349,0
72167,0,2349,0
72169,64188,2348,1
72171,0,2351,0
72173,0,2349,0
72175,0,2351,0
72177,0,2349,0
72179,0,2355,0
72181,0,2351,0
72183,0,2351,0
72185,0,2351,0
72187,0,2350,0
72189,0,2351,0
72191,0,2351,0
72193,0,2351,0
72195,0,2355,0
72197,0,2356,0
72199,0,2357,0
72201,0,2351,0
72203,0,2355,0
72205,0,2355,0
72207,0,2357,0
72209,63568,2357,1
72211,0,2355,0
72213,0,2357,0
72215,0,2357,0
72217,0,2357,0
72219,0,2355,0
72221,0,2358,0
72223,0,2359,0
72225,0,2358,0
72227,0,2357,0
72229,0,2359,0
72231,0,2359,0
72233,0,2357,0
72235,0,2357,0
72237,0,2357,0
72239,0,2359,0
72241,0,2359,0
72243,0,2359,0
72245,0,2360,0
72247,0,2359,0
72249,63115,2360,1
72251,0,2361,0
72253,0,2359,0
72255,0,2361,0
72257,0,2359,0
72259,0,2360,0
72261,0,2360,0
72263,0,2361,0
72265,0,2361,0
72267,0,2363,0
72269,0,2363,0
72271,0,2361,0
72273,0,2362,0
72275,0,2361,0
72277,0,2361,0
72279,0,2362,0
72281,0,2361,0
72283,0,2361,0
72285,0,2360,0
72287,0,2363,0
72289,62874,2361,1
72291,0,2363,0
72293,0,2363,0
72295,0,2365,0
72297,0,2363,0
72299,0,2364,0
72301,0,2363,0
72303,0,2364,0
72305,0,2363,0
72307,0,2364,0
72309,0,2363,0
72311,0,2365,0
72313,0,2363,0
72315,0,2363,0
72317,0,2363,0
72319,0,2365,0
72321,0,2363,0
72323,0,2365,0
72325,0,2365,0
72327,0,2363,0
72329,62746,2363,1
72331,0,2365,0
72333,0,2364,0
72335,0,2365,0
72337,0,2365,0
72339,0,2363,0
72341,0,2363,0
72343,0,2363,0
72345,0,2365,0
72347,0,2363,0
72349,0,2363,0
72351,0,2363,0
72353,0,2361,0
72355,0,2363,0
72357,0,2363,0
72359,0,2365,0
72361,0,2365,0
72363,0,2365,0
72365,0,2362,0
72367,0,2361,0
72369,62824,2362,1
72371,0,2363,0
72373,0,2364,0
72375,0,2364,0
72377,0,2363,0
72379,0,2363,0
72381,0,2362,0
72383,0,2361,0
72385,0,2363,0
72387,0,2364,0
72389,0,2362,0
72391,0,2362,0
72393,0,2363,0
72395,0,2361,0
72397,0,2361,0
72399,0,2363,0
72401,0,2363,0
72403,0,2363,0
72405,0,2361,0
72407,0,2363,0
72409,63112,2363,1
72411,0,2363,0
72413,0,2361,0
72415,0,2365,0
72417,0,2362,0
72419,0,2363,0
72421,0,2361,0
72423,0,2361,0
72425,0,2358,0
72427,0,2360,0
72429,0,2361,0
72431,0,2359,0
72433,0,2361,0
72435,0,2359,0
72437,0,2360,0
72439,0,2359,0
72441,0,2359,0
72443,0,2359,0
72445,0,2360,0
72447,63372,2359,1
72449,0,2359,0
72451,0,2359,0
72453,0,2360,0
72455,0,2359,0
72457,0,2359,0
72459,0,2357,0
72461,0,2361,0
72463,0,2359,0
72465,0,2359,0
72467,0,2360,0
72469,0,2359,0
72471,0,2357,0
72473,0,2358,0
72475,0,2358,0
72477,0,2360,0
72479,0,2357,0
72481,0,2359,0
72483,0,2359,0
72485,0,2359,0
72487,63695,2359,1
72489,0,2359,0
72491,0,2357,0
72493,0,2357,0
72495,0,2359,0
72497,0,2356,0
72499,0,2359,0
72501,0,2355,0
72503,0,2359,0
72505,0,2356,0
72507,0,2357,0
72509,0,2355,0
72511,0,2357,0
72513,0,2357,0
72515,0,2359,0
72517,0,2357,0
72519,0,2355,0
72521,0,2357,0
72523,0,2357,0
72525,0,2357,0
72527,64200,2355,1
72529,0,2357,0
72531,0,2357,0
72533,0,2357,0
72535,0,2357,0
72537,0,2355,0
72539,0,2357,0
72541,0,2359,0
72543,0,2357,0
72545,0,2357,0
72547,0,2357,0
72549,0,2355,0
72551,0,2356,0
72553,0,2355,0
72555,0,2358,0
72557,0,2358,0
72559,0,2357,0
72561,0,2358,0
72563,0,2357,0
72565,0,2357,0
72567,64792,2356,1
72569,0,2357,0
72571,0,2358,0
72573,0,2357,0
72575,0,2355,0
72577,0,2357,0
72579,0,2355,0
72581,0,2357,0
72583,0,2357,0
72585,0,2355,0
72587,0,2357,0
72589,0,2357,0
72591,0,2357,0
72593,0,2359,0
72595,0,2357,0
72597,0,2357,0
72599,0,2357,0
72601,0,2358,0
72603,0,2357,0
72605,0,2359,0
72607,65356,2358,1
72609,0,2358,0
72611,0,2375,0
72613,0,2359,0
72615,0,2357,0
72617,0,2359,0
72619,0,2361,0
72621,0,2359,0
72623,0,2361,0
72625,0,2359,0
72627,0,2357,0
72629,0,2358,0
72631,0,2359,0
72633,0,2360,0
72635,0,2358,0
72637,0,2359,0
72639,0,2359,0
72641,0,2359,0
72643,0,2360,0
72645,0,2360,0
72647,65765,2359,1
72649,0,2359,0
72651,0,2359,0
72653,0,2359,0
72655,0,2359,0
72657,0,2361,0
72659,0,2360,0
72661,0,2361,0
72663,0,2362,0
72665,0,2361,0
72667,0,2361,0
72669,0,2361,0
72671,0,2360,0
72673,0,2361,0
72675,0,2359,0
72677,0,2363,0
72679,0,2361,0
72681,0,2360,0
72683,0,2361,0
72685,0,2361,0
72687,66072,2361,1
72689,0,2362,0
72691,0,2362,0
72693,0,2361,0
72695,0,2379,0
72697,0,2363,0
72699,0,2363,0
72701,0,2362,0
72703,0,2360,0
72705,0,2365,0
72707,0,2364,0
72709,0,2363,0
72711,0,2364,0
72713,0,2364,0
72715,0,2363,0
72717,0,2362,0
72719,0,2365,0
72721,0,2363,0
72723,0,2363,0
72725,0,2362,0
72727,66306,2364,1
72729,0,2363,0
72731,0,2363,0
72733,0,2365,0
72735,0,2363,0
72737,0,2364,0
72739,0,2365,0
72741,0,2363,0
72743,0,2365,0
72745,0,2363,0
72747,0,2375,0
72749,0,2365,0
72751,0,2363,0
72753,0,2365,0
72755,0,2364,0
72757,0,2365,0
72759,0,2363,0
72761,0,2364,0
72763,0,2362,0
72765,0,2364,0
72767,66354,2363,1
72769,0,2363,0
72771,0,2365,0
72773,0,2363,0
72775,0,2364,0
72777,0,2366,0
72779,0,2363,0
72781,0,2366,0
72783,0,2365,0
72785,0,2365,0
72787,0,2364,0
72789,0,2365,0
72791,0,2367,0
72793,0,2363,0
72795,0,2365,0
72797,0,2364,0
72799,0,2365,0
72801,0,2367,0
72803,0,2365,0
72805,66495,2367,1
72807,0,2365,0
72809,0,2367,0
72811,0,2367,0
72813,0,2367,0
72815,0,2367,0
72817,0,2367,0
72819,0,2367,0
72821,0,2367,0
72823,0,2373,0
72825,0,2367,0
72827,0,2367,0
72829,0,2373,0
72831,0,2367,0
72833,0,2375,0
72835,0,2373,0
72837,0,2367,0
72839,0,2367,0
72841,0,2365,0
72843,0,2365,0
72845,66605,2374,1
72847,0,2372,0
72849,0,2367,0
72851,0,2367,0
72853,0,2367,0
72855,0,2367,0
72857,0,2372,0
72859,0,2367,0
72861,0,2365,0
72863,0,2367,0
72865,0,2373,0
72867,0,2367,0
72869,0,2366,0
72871,0,2377,0
72873,0,2366,0
72875,0,2365,0
72877,0,2367,0
72879,0,2373,0
72881,0,2373,0
72883,0,2367,0
72885,66457,2373,1
72887,0,2366,0
72889,0,2365,0
72891,0,2366,0
72893,0,2367,0
72895,0,2367,0
72897,0,2363,0
72899,0,2367,0
72901,0,2367,0
72903,0,2367,0
72905,0,2371,0
72907,0,2367,0
72909,0,2367,0
72911,0,2367,0
72913,0,2373,0
72915,0,2367,0
72917,0,2367,0
72919,0,2365,0
72921,0,2367,0
72923,0,2367,0
72925,66350,2375,1
72927,0,2367,0
72929,0,2367,0
72931,0,2365,0
72933,0,2366,0
72935,0,2367,0
72937,0,2358,0
72939,0,2373,0
72941,0,2367,0
72943,0,2367,0
72945,0,2367,0
72947,0,2373,0
72949,0,2367,0
72951,0,2373,0
72953,0,2367,0
72955,0,2367,0
72957,0,2367,0
72959,0,2367,0
72961,0,2364,0
72963,0,2365,0
72965,66325,2367,1
72967,0,2365,0
72969,0,2365,0
72971,0,2367,0
72973,0,2365,0
72975,0,2365,0
72977,0,2367,0
72979,0,2366,0
72981,0,2365,0
72983,0,2365,0
72985,0,2365,0
72987,0,2364,0
72989,0,2364,0
72991,0,2367,0
72993,0,2363,0
72995,0,2364,0
72997,0,2363,0
72999,0,2363,0
73001,0,2363,0
73003,0,2363,0
73005,66307,2363,1
73007,0,2357,0
73009,0,2361,0
73011,0,2362,0
73013,0,2362,0
73015,0,2361,0
73017,0,2360,0
73019,0,2357,0
73021,0,2361,0
73023,0,2361,0
73025,0,2361,0
73027,0,2361,0
73029,0,2360,0
73031,0,2360,0
73033,0,2361,0
73035,0,2360,0
73037,0,2359,0
73039,0,2359,0
73041,0,2359,0
73043,0,2359,0
73045,66298,2359,1
73047,0,2357,0
73049,0,2359,0
73051,0,2358,0
73053,0,2360,0
73055,0,2359,0
73057,0,2356,0
73059,0,2357,0
73061,0,2357,0
73063,0,2357,0
73065,0,2355,0
73067,0,2356,0
73069,0,2356,0
73071,0,2357,0
73073,0,2355,0
73075,0,2355,0
73077,0,2355,0
73079,0,2355,0
73081,0,2355,0
73083,0,2355,0
73085,66255,2351,1
73087,0,2355,0
73089,0,2355,0
73091,0,2352,0
73093,0,2351,0
73095,0,2355,0
73097,0,2351,0
73099,0,2355,0
73101,0,2351,0
73103,0,2351,0
73105,0,2350,0
73107,0,2351,0
73109,0,2351,0
73111,0,2350,0
73113,0,2351,0
73115,0,2355,0
73117,0,2349,0
73119,0,2350,0
73121,0,2351,0
73123,0,2351,0
73125,66071,2352,1
73127,0,2349,0
73129,0,2351,0
73131,0,2351,0
73133,0,2351,0
73135,0,2355,0
73137,0,2351,0
73139,0,2355,0
73141,0,2355,0
73143,0,2355,0
73145,0,2357,0
73147,0,2355,0
73149,0,2357,0
73151,0,2356,0
73153,0,2356,0
73155,0,2357,0
73157,0,2359,0
73159,0,2360,0
73161,0,2358,0
73163,0,2361,0
73165,65729,2359,1
73167,0,2363,0
73169,0,2362,0
73171,0,2363,0
73173,0,2364,0
73175,0,2367,0
73177,0,2364,0
73179,0,2373,0
73181,0,2367,0
73183,0,2373,0
73185,0,2376,0
73187,0,2375,0
73189,0,2377,0
73191,0,2377,0
73193,0,2379,0
73195,0,2379,0
73197,0,2383,0
73199,0,2385,0
73201,0,2385,0
73203,65381,2389,1
73205,0,2389,0
73207,0,2391,0
73209,0,2392,0
73211,0,2393,0
73213,0,2393,0
73215,0,2395,0
73217,0,2397,0
73219,0,2396,0
73221,0,2397,0
73223,0,2397,0
73225,0,2399,0
73227,0,2403,0
73229,0,2403,0
73231,0,2407,0
73233,0,2407,0
73235,0,2405,0
73237,0,2409,0
73239,0,2407,0
73241,0,2411,0
73243,65586,2411,1
73245,0,2412,0
73247,0,2413,0
73249,0,2413,0
73251,0,2417,0
73253,0,2417,0
73255,0,2416,0
73257,0,2420,0
73259,0,2419,0
73261,0,2419,0
73263,0,2421,0
73265,0,2423,0
73267,0,2423,0
73269,0,2423,0
73271,0,2424,0
73273,0,2427,0
73275,0,2425,0
73277,0,2427,0
73279,0,2429,0
73281,0,2427,0
73283,65956,2427,1
73285,0,2429,0
73287,0,2429,0
73289,0,2429,0
73291,0,2427,0
73293,0,2431,0
73295,0,2437,0
73297,0,2431,0
73299,0,2431,0
73301,0,2430,0
73303,0,2431,0
73305,0,2437,0
73307,0,2438,0
73309,0,2431,0
73311,0,2431,0
73313,0,2431,0
73315,0,2429,0
73317,0,2431,0
73319,0,2431,0
73321,0,2428,0
73323,66490,2427,1
73325,0,2427,0
73327,0,2423,0
73329,0,2423,0
73331,0,2415,0
73333,0,2413,0
73335,0,2411,0
73337,0,2407,0
73339,0,2405,0
73341,0,2399,0
73343,0,2395,0
73345,0,2393,0
73347,0,2391,0
73349,0,2389,0
73351,0,2385,0
73353,0,2379,0
73355,0,2377,0
73357,0,2372,0
73359,0,2367,0
73361,0,2363,0
73363,67053,2361,1
73365,0,2359,0
73367,0,2357,0
73369,0,2350,0
73371,0,2349,0
73373,0,2346,0
73375,0,2345,0
73377,0,2341,0
73379,0,2335,0
73381,0,2331,0
73383,0,2328,0
73385,0,2329,0
73387,0,2326,0
73389,0,2323,0
73391,0,2323,0
73393,0,2315,0
73395,0,2310,0
73397,0,2313,0
73399,0,2303,0
73401,0,2303,0
73403,67727,2297,1
73405,0,2298,0
73407,0,2299,0
73409,0,2291,0
73411,0,2287,0
73413,0,2287,0
73415,0,2283,0
73417,0,2281,0
73419,0,2279,0
73421,0,2277,0
73423,0,2275,0
73425,0,2269,0
73427,0,2269,0
73429,0,2266,0
73431,0,2265,0
73433,0,2263,0
73435,0,2261,0
73437,0,2259,0
73439,0,2257,0
73441,0,2253,0
73443,67686,2251,1
73445,0,2249,0
73447,0,2248,0
73449,0,2247,0
73451,0,2239,0
73453,0,2237,0
73455,0,2235,0
73457,0,2235,0
73459,0,2230,0
73461,0,2230,0
73463,0,2229,0
73465,0,2223,0
73467,0,2223,0
73469,0,2222,0
73471,0,2221,0
73473,0,2220,0
73475,0,2216,0
73477,0,2215,0
73479,0,2215,0
73481,0,2213,0
73483,67202,2208,1
73485,0,2207,0
73487,0,2211,0
73489,0,2207,0
73491,0,2203,0
73493,0,2201,0
73495,0,2201,0
73497,0,2200,0
73499,0,2197,0
73502,0,2195,0
73504,0,2195,0
73506,0,2191,0
73508,0,2189,0
73510,0,2189,0
73512,0,2189,0
73514,0,2189,0
73516,0,2185,0
73518,0,2185,0
73520,0,2185,0
73522,0,2176,0
73524,67297,2188,1
73526,0,2175,0
73528,0,2174,0
73530,0,2173,0
73532,0,2171,0
73534,0,2169,0
73536,0,2169,0
73538,0,2167,0
73540,0,2168,0
73542,0,2166,0
73544,0,2163,0
73546,0,2163,0
73548,0,2159,0
73550,0,2160,0
73552,0,2157,0
73554,0,2158,0
73556,0,2157,0
73558,0,2155,0
73560,0,2155,0
73562,0,2154,0
73564,67138,2151,1
73566,0,2152,0
73568,0,2150,0
73570,0,2149,0
73572,0,2149,0
73574,0,2148,0
73576,0,2146,0
73578,0,2147,0
73580,0,2143,0
73582,0,2141,0
73584,0,2142,0
73586,0,2141,0
73588,0,2139,0
73590,0,2139,0
73592,0,2136,0
73594,0,2137,0
73596,0,2137,0
73598,0,2135,0
73600,0,2137,0
73602,67103,2135,1
73604,0,2134,0
73606,0,2132,0
73608,0,2131,0
73610,0,2131,0
73612,0,2131,0
73614,0,2129,0
73616,0,2129,0
73618,0,2127,0
73620,0,2123,0
73622,0,2124,0
73624,0,2123,0
73626,0,2124,0
73628,0,2123,0
73630,0,2124,0
73632,0,2122,0
73634,0,2119,0
73636,0,2119,0
73638,0,2119,0
73640,0,2117,0
73642,67270,2119,1
73644,0,2117,0
73646,0,2118,0
73648,0,2115,0
73650,0,2119,0
73652,0,2111,0
73654,0,2111,0
73656,0,2109,0
73658,0,2108,0
73660,0,2107,0
73662,0,2107,0
73664,0,2108,0
73666,0,2107,0
73668,0,2108,0
73670,0,2105,0
73672,0,2107,0
73674,0,2105,0
73676,0,2105,0
73678,0,2104,0
73680,0,2103,0
73682,67493,2101,1
73684,0,2103,0
73686,0,2102,0
73688,0,2101,0
73690,0,2101,0
73692,0,2101,0
73694,0,2099,0
73696,0,2099,0
73698,0,2099,0
73700,0,2095,0
73702,0,2095,0
73704,0,2095,0
73706,0,2095,0
73708,0,2095,0
73710,0,2093,0
73712,0,2093,0
73714,0,2089,0
73716,0,2091,0
73718,0,2091,0
73720,0,2091,0
73722,67636,2091,1
73724,0,2090,0
73726,0,2091,0
73728,0,2091,0
73730,0,2089,0
73732,0,2087,0
73734,0,2087,0
73736,0,2088,0
73738,0,2087,0
73740,0,2087,0
73742,0,2087,0
73744,0,2085,0
73746,0,2085,0
73748,0,2085,0
73750,0,2085,0
73752,0,2085,0
73754,0,2080,0
73756,0,2083,0
73758,0,2080,0
73760,0,2085,0
73762,67774,2084,1
73764,0,2079,0
73766,0,2077,0
73768,0,2079,0
73770,0,2079,0
73772,0,2079,0
73774,0,2077,0
73776,0,2078,0
73778,0,2077,0
73780,0,2076,0
73782,0,2077,0
73784,0,2075,0
73786,0,2071,0
73788,0,2076,0
73790,0,2074,0
73792,0,2075,0
73794,0,2073,0
73796,0,2075,0
73798,0,2073,0
73800,0,2073,0
73802,67905,2072,1
73804,0,2073,0
73806,0,2072,0
73808,0,2073,0
73810,0,2071,0
73812,0,2072,0
73814,0,2071,0
73816,0,2071,0
73818,0,2071,0
73820,0,2071,0
73822,0,2071,0
73824,0,2069,0
73826,0,2069,0
73828,0,2071,0
73830,0,2069,0
73832,0,2069,0
73834,0,2069,0
73836,0,2070,0
73838,0,2068,0
73840,0,2069,0
73842,68114,2069,1
73844,0,2069,0
73846,0,2068,0
73848,0,2065,0
73850,0,2063,0
73852,0,2067,0
73854,0,2065,0
73856,0,2067,0
73858,0,2066,0
73860,0,2067,0
73862,0,2065,0
73864,0,2067,0
73866,0,2066,0
73868,0,2065,0
73870,0,2063,0
73872,0,2063,0
73874,0,2063,0
73876,0,2065,0
73878,0,2063,0
73880,0,2067,0
73882,68223,2061,1
73884,0,2063,0
73886,0,2063,0
73888,0,2063,0
73890,0,2063,0
73892,0,2063,0
73894,0,2059,0
73896,0,2063,0
73898,0,2063,0
73900,0,2060,0
73902,0,2063,0
73904,0,2059,0
73906,0,2059,0
73908,0,2063,0
73910,0,2057,0
73912,0,2061,0
73914,0,2057,0
73916,0,2057,0
73918,0,2057,0
73920,0,2057,0
73922,68218,2057,1
73924,0,2059,0
73926,0,2056,0
73928,0,2057,0
73930,0,2055,0
73932,0,2056,0
73934,0,2057,0
73936,0,2056,0
73938,0,2055,0
73940,0,2055,0
73942,0,2055,0
73944,0,2053,0
73946,0,2045,0
73948,0,2041,0
73950,0,2045,0
73952,0,2053,0
73954,0,2045,0
73956,0,2045,0
73958,0,2043,0
73960,0,2053,0
73962,68302,2045,1
73964,0,2045,0
73966,0,2045,0
73968,0,2045,0
73970,0,2044,0
73972,0,2045,0
73974,0,2045,0
73976,0,2045,0
73978,0,2043,0
73980,0,2043,0
73982,0,2043,0
73984,0,2043,0
73986,0,2042,0
73988,0,2043,0
73990,0,2044,0
73992,0,2043,0
73994,0,2079,0
73996,0,2043,0
73998,0,2041,0
74000,68396,2043,1
74002,0,2042,0
74004,0,2043,0
74006,0,2042,0
74008,0,2040,0
74010,0,2041,0
74012,0,2041,0
74014,0,2041,0
74016,0,2042,0
74018,0,2039,0
74020,0,2043,0
74022,0,2041,0
74024,0,2041,0
74026,0,2041,0
74028,0,2041,0
74030,0,2039,0
74032,0,2041,0
74034,0,2041,0
74036,0,2040,0
74038,0,2039,0
74040,68459,2040,1
74042,0,2040,0
74044,0,2039,0
74046,0,2029,0
74048,0,2041,0
74050,0,2039,0
74052,0,2039,0
74054,0,2040,0
74056,0,2043,0
74058,0,2040,0
74060,0,2039,0
74062,0,2038,0
74064,0,2040,0
74066,0,2041,0
74068,0,2039,0
74070,0,2041,0
74072,0,2039,0
74074,0,2038,0
74076,0,2039,0
74078,0,2039,0
74080,68578,2039,1
74082,0,2039,0
74084,0,2039,0
74086,0,2039,0
74088,0,2039,0
74090,0,2037,0
74092,0,2039,0
74094,0,2039,0
74096,0,2032,0
74098,0,2042,0
74100,0,2039,0
74102,0,2039,0
74104,0,2038,0
74106,0,2039,0
74108,0,2038,0
74110,0,2039,0
74112,0,2039,0
74114,0,2039,0
74116,0,2037,0
74118,0,2037,0
74120,68834,2037,1
74122,0,2037,0
74124,0,2039,0
74126,0,2037,0
74128,0,2039,0
74130,0,2037,0
74132,0,2037,0
74134,0,2037,0
74136,0,2036,0
74138,0,2035,0
74140,0,2035,0
74142,0,2030,0
74144,0,2035,0
74146,0,2031,0
74148,0,2030,0
74150,0,2030,0
74152,0,2029,0
74154,0,2029,0
74156,0,2029,0
74158,0,2027,0
74160,69016,2025,1
74162,0,2025,0
74164,0,2027,0
74166,0,2025,0
74168,0,2023,0
74170,0,2022,0
74172,0,2023,0
74174,0,2024,0
74176,0,2025,0
74178,0,2022,0
74180,0,2023,0
74182,0,2021,0
74184,0,2020,0
74186,0,2021,0
74188,0,2021,0
74190,0,2019,0
74192,0,2019,0
74194,0,2019,0
74196,0,2021,0
74198,0,2021,0
74200,69173,2019,1
74202,0,2019,0
74204,0,2015,0
74206,0,2015,0
74208,0,2015,0
74210,0,2019,0
74212,0,2019,0
74214,0,2013,0
74216,0,2014,0
74218,0,2015,0
74220,0,2015,0
74222,0,2013,0
74224,0,2015,0
74226,0,2013,0
74228,0,2015,0
74230,0,2013,0
74232,0,2014,0
74234,0,2012,0
74236,0,2011,0
74238,0,2013,0
74240,69233,2013,1
74242,0,2011,0
74244,0,2013,0
74246,0,2013,0
74248,0,2011,0
74250,0,2013,0
74252,0,2011,0
74254,0,2009,0
74256,0,2011,0
74258,0,2011,0
74260,0,2011,0
74262,0,2011,0
74264,0,2011,0
74266,0,2011,0
74268,0,2009,0
74270,0,2009,0
74272,0,2010,0
74274,0,2009,0
74276,0,2009,0
74278,0,2009,0
74280,69215,2008,1
74282,0,2009,0
74284,0,2008,0
74286,0,2009,0
74288,0,2008,0
74290,0,2007,0
74292,0,2007,0
74294,0,2007,0
74296,0,2007,0
74298,0,2006,0
74300,0,2007,0
74302,0,2005,0
74304,0,2007,0
74306,0,2006,0
74308,0,2008,0
74310,0,1999,0
74312,0,2005,0
74314,0,2005,0
74316,0,2005,0
74318,0,2003,0
74320,69324,2003,1
74322,0,2003,0
74324,0,2003,0
74326,0,2003,0
74328,0,2003,0
74330,0,2002,0
74332,0,2002,0
74334,0,1998,0
74336,0,2003,0
74338,0,1997,0
74340,0,1997,0
74342,0,1995,0
74344,0,1997,0
74346,0,1995,0
74348,0,1995,0
74350,0,1995,0
74352,0,1995,0
74354,0,1993,0
74356,0,1992,0
74358,69379,1993,1
74360,0,1992,0
74362,0,1992,0
74364,0,1993,0
74366,0,1991,0
74368,0,1991,0
74370,0,1992,0
74372,0,1991,0
74374,0,1992,0
74376,0,1991,0
74378,0,1989,0
74380,0,1989,0
74382,0,1992,0
74384,0,1990,0
74386,0,1991,0
74388,0,1992,0
74390,0,1993,0
74392,0,1991,0
74394,0,1993,0
74396,0,1993,0
74398,69000,1993,1
74400,0,1993,0
74402,0,1995,0
74404,0,1995,0
74406,0,1995,0
74408,0,1995,0
74410,0,1996,0
74412,0,1997,0
74414,0,1997,0
74416,0,1997,0
74418,0,1997,0
74420,0,1999,0
74422,0,1997,0
74424,0,2003,0
74426,0,2005,0
74428,0,2003,0
74430,0,2003,0
74432,0,2004,0
74434,0,2004,0
74436,0,2008,0
74438,68631,2007,1
74440,0,2005,0
74442,0,2007,0
74444,0,2008,0
74446,0,2009,0
74448,0,2011,0
74450,0,2011,0
74452,0,2010,0
74454,0,2011,0
74456,0,2010,0
74458,0,2011,0
74460,0,2011,0
74462,0,2013,0
74464,0,2013,0
74466,0,2012,0
74468,0,2013,0
74470,0,2015,0
74472,0,2015,0
74474,0,2015,0
74476,0,2018,0
74478,68207,2021,1
74480,0,2019,0
74482,0,2021,0
74484,0,2021,0
74486,0,2021,0
74488,0,2021,0
74490,0,2023,0
74492,0,2021,0
74494,0,2023,0
74496,0,2024,0
74498,0,2024,0
74500,0,2023,0
74502,0,2025,0
74504,0,2025,0
74506,0,2025,0
74508,0,2026,0
74510,0,2026,0
74512,0,2027,0
74514,0,2028,0
74516,0,2029,0
74518,67737,2029,1
74520,0,2029,0
74522,0,2028,0
74524,0,2029,0
74526,0,2029,0
74528,0,2035,0
74530,0,2033,0
74532,0,2034,0
74534,0,2035,0
74536,0,2035,0
74538,0,2035,0
74540,0,2035,0
74542,0,2037,0
74544,0,2032,0
74546,0,2037,0
74548,0,2039,0
74550,0,2038,0
74552,0,2039,0
74554,0,2039,0
74556,0,2041,0
74558,67310,2038,1
74560,0,2040,0
74562,0,2041,0
74564,0,2041,0
74566,0,2040,0
74568,0,2025,0
74570,0,2041,0
74572,0,2043,0
74574,0,2043,0
74576,0,2041,0
74578,0,2044,0
74580,0,2043,0
74582,0,2043,0
74584,0,2045,0
74586,0,2041,0
74588,0,2055,0
74590,0,2053,0
74592,0,2045,0
74594,0,2054,0
74596,0,2053,0
74598,67095,2056,1
74600,0,2053,0
74602,0,2055,0
74604,0,2056,0
74606,0,2055,0
74608,0,2057,0
74610,0,2056,0
74612,0,2056,0
74614,0,2056,0
74616,0,2057,0
74618,0,2057,0
74620,0,2057,0
74622,0,2059,0
74624,0,2059,0
74626,0,2056,0
74628,0,2063,0
74630,0,2060,0
74632,0,2063,0
74634,0,2063,0
74636,0,2063,0
74638,67045,2063,1
74640,0,2061,0
74642,0,2065,0
74644,0,2063,0
74646,0,2063,0
74648,0,2065,0
74650,0,2065,0
74652,0,2063,0
74654,0,2065,0
74656,0,2065,0
74658,0,2065,0
74660,0,2065,0
74662,0,2059,0
74664,0,2066,0
74666,0,2067,0
74668,0,2067,0
74670,0,2067,0
74672,0,2069,0
74674,0,2067,0
74676,0,2069,0
74678,67235,2069,1
74680,0,2067,0
74682,0,2068,0
74684,0,2070,0
74686,0,2068,0
74688,0,2069,0
74690,0,2069,0
74692,0,2070,0
74694,0,2071,0
74696,0,2071,0
74698,0,2071,0
74700,0,2071,0
74702,0,2067,0
74704,0,2070,0
74706,0,2072,0
74708,0,2072,0
74710,0,2071,0
74712,0,2071,0
74714,0,2075,0
74716,0,2066,0
74718,67511,2071,1
74720,0,2073,0
74722,0,2073,0
74724,0,2072,0
74726,0,2074,0
74728,0,2073,0
74730,0,2073,0
74732,0,2073,0
74734,0,2083,0
74736,0,2073,0
74738,0,2073,0
74740,0,2074,0
74742,0,2073,0
74744,0,2072,0
74746,0,2073,0
74748,0,2075,0
74750,0,2073,0
74752,0,2073,0
74754,0,2073,0
74756,67749,2075,1
74758,0,2075,0
74760,0,2075,0
74762,0,2075,0
74764,0,2075,0
74766,0,2075,0
74768,0,2077,0
74770,0,2073,0
74772,0,2073,0
74774,0,2075,0
74776,0,2075,0
74778,0,2075,0
74780,0,2075,0
74782,0,2077,0
74784,0,2074,0
74786,0,2076,0
74788,0,2075,0
74790,0,2075,0
74792,0,2075,0
74794,0,2077,0
74796,67921,2075,1
74798,0,2076,0
74800,0,2077,0
74802,0,2077,0
74804,0,2076,0
74806,0,2075,0
74808,0,2077,0
74810,0,2075,0
74812,0,2075,0
74814,0,2075,0
74816,0,2077,0
74818,0,2075,0
74820,0,2077,0
74822,0,2075,0
74824,0,2076,0
74826,0,2075,0
74828,0,2075,0
74830,0,2077,0
74832,0,2077,0
74834,0,2075,0
74836,68030,2075,1
74838,0,2075,0
74840,0,2076,0
74842,0,2077,0
74844,0,2077,0
74846,0,2075,0
74848,0,2075,0
74850,0,2077,0
74852,0,2076,0
74854,0,2077,0
74856,0,2075,0
74858,0,2077,0
74860,0,2075,0
74862,0,2076,0
74864,0,2077,0
74866,0,2076,0
74868,0,2075,0
74870,0,2076,0
74872,0,2077,0
74874,0,2076,0
74876,68108,2077,1
74878,0,2077,0
74880,0,2076,0
74882,0,2077,0
74884,0,2076,0
74886,0,2077,0
74888,0,2077,0
74890,0,2077,0
74892,0,2077,0
74894,0,2077,0
74896,0,2077,0
74898,0,2075,0
74900,0,2075,0
74902,0,2077,0
74904,0,2076,0
74906,0,2077,0
74908,0,2074,0
74910,0,2075,0
74912,0,2075,0
74914,0,2075,0
74916,68162,2075,1
74918,0,2077,0
74920,0,2077,0
74922,0,2075,0
74924,0,2077,0
74926,0,2075,0
74928,0,2075,0
74930,0,2076,0
74932,0,2075,0
74934,0,2075,0
74936,0,2077,0
74938,0,2075,0
74940,0,2077,0
74942,0,2075,0
74944,0,2076,0
74946,0,2077,0
74948,0,2075,0
74950,0,2075,0
74952,0,2075,0
74954,0,2075,0
74956,68191,2074,1
74958,0,2075,0
74960,0,2075,0
74962,0,2075,0
74964,0,2075,0
74966,0,2075,0
74968,0,2075,0
74970,0,2073,0
74972,0,2075,0
74974,0,2076,0
74976,0,2075,0
74978,0,2075,0
74980,0,2075,0
74982,0,2074,0
74984,0,2076,0
74986,0,2075,0
74988,0,2075,0
74990,0,2075,0
74992,0,2073,0
74994,0,2076,0
74996,68215,2075,1
74998,0,2076,0
75000,0,2073,0
75002,0,2075,0
75004,0,2075,0
75006,0,2073,0
75008,0,2074,0
75010,0,2075,0
75012,0,2072,0
75014,0,2075,0
75016,0,2073,0
75018,0,2075,0
75020,0,2077,0
75022,0,2074,0
75024,0,2074,0
75026,0,2074,0
75028,0,2075,0
75030,0,2073,0
75032,0,2072,0
75034,0,2075,0
75036,68227,2073,1
75038,0,2075,0
75040,0,2073,0
75042,0,2073,0
75044,0,2073,0
75046,0,2072,0
75048,0,2072,0
75050,0,2075,0
75052,0,2073,0
75054,0,2073,0
75056,0,2073,0
75058,0,2073,0
75060,0,2072,0
75062,0,2073,0
75064,0,2073,0
75066,0,2073,0
75068,0,2072,0
75070,0,2073,0
75072,0,2072,0
75074,0,2072,0
75076,68195,2073,1
75078,0,2073,0
75080,0,2071,0
75082,0,2073,0
75084,0,2071,0
75086,0,2071,0
75088,0,2071,0
75090,0,2073,0
75092,0,2069,0
75094,0,2071,0
75096,0,2071,0
75098,0,2072,0
75100,0,2071,0
75102,0,2071,0
75104,0,2071,0
75106,0,2072,0
75108,0,2071,0
75110,0,2071,0
75112,0,2069,0
75114,0,2071,0
75116,68193,2069,1
75118,0,2069,0
75120,0,2071,0
75122,0,2069,0
75124,0,2069,0
75126,0,2068,0
75128,0,2069,0
75130,0,2069,0
75132,0,2069,0
75134,0,2067,0
75136,0,2069,0
75138,0,2069,0
75140,0,2069,0
75142,0,2069,0
75144,0,2069,0
75146,0,2069,0
75148,0,2067,0
75150,0,2069,0
75152,0,2068,0
75154,68237,2069,1
75156,0,2067,0
75158,0,2067,0
75160,0,2067,0
75162,0,2067,0
75164,0,2067,0
75166,0,2067,0
75168,0,2067,0
75170,0,2067,0
75172,0,2068,0
75174,0,2067,0
75176,0,2067,0
75178,0,2067,0
75180,0,2065,0
75182,0,2065,0
75184,0,2067,0
75186,0,2073,0
75188,0,2066,0
75190,0,2065,0
75192,0,2065,0
75194,68267,2067,1
75196,0,2067,0
75198,0,2065,0
75200,0,2067,0
75202,0,2065,0
75204,0,2067,0
75206,0,2065,0
75208,0,2063,0
75210,0,2065,0
75212,0,2065,0
75214,0,2063,0
75216,0,2065,0
75218,0,2065,0
75220,0,2065,0
75222,0,2063,0
75224,0,2063,0
75226,0,2065,0
75228,0,2065,0
75230,0,2063,0
75232,0,2063,0
75234,68295,2063,1
75236,0,2063,0
75238,0,2063,0
75240,0,2061,0
75242,0,2063,0
75244,0,2063,0
75246,0,2059,0
75248,0,2063,0
75250,0,2063,0
75252,0,2063,0
75254,0,2059,0
75256,0,2060,0
75258,0,2063,0
75260,0,2063,0
75262,0,2063,0
75264,0,2059,0
75266,0,2059,0
75268,0,2060,0
75270,0,2063,0
75272,0,2063,0
75274,68306,2063,1
75276,0,2060,0
75278,0,2057,0
75280,0,2063,0
75282,0,2063,0
75284,0,2063,0
75286,0,2059,0
75288,0,2059,0
75290,0,2060,0
75292,0,2059,0
75294,0,2061,0
75296,0,2059,0
75298,0,2059,0
75300,0,2063,0
75302,0,2059,0
75304,0,2058,0
75306,0,2045,0
75308,0,2059,0
75310,0,2058,0
75312,0,2057,0
75314,68311,2058,1
75316,0,2058,0
75318,0,2059,0
75320,0,2059,0
75322,0,2057,0
75324,0,2055,0
75326,0,2059,0
75328,0,2057,0
75330,0,2057,0
75332,0,2057,0
75334,0,2058,0
75336,0,2059,0
75338,0,2063,0
75340,0,2059,0
75342,0,2056,0
75344,0,2057,0
75346,0,2059,0
75348,0,2057,0
75350,0,2057,0
75352,0,2057,0
75354,68317,2057,1
75356,0,2055,0
75358,0,2056,0
75360,0,2055,0
75363,0,2057,0
75365,0,2055,0
75367,0,2057,0
75369,0,2056,0
75371,0,2055,0
75373,0,2055,0
75375,0,2055,0
75377,0,2055,0
75379,0,2055,0
75381,0,2057,0
75383,0,2055,0
75385,0,2055,0
75387,0,2055,0
75389,0,2055,0
75391,0,2055,0
75393,0,2055,0
75395,68344,2055,1
75397,0,2055,0
75399,0,2055,0
75401,0,2045,0
75403,0,2055,0
75405,0,2055,0
75407,0,2055,0
75409,0,2053,0
75411,0,2047,0
75413,0,2047,0
75415,0,2055,0
75417,0,2055,0
75419,0,2053,0
75421,0,2063,0
75423,0,2053,0
75425,0,2053,0
75427,0,2054,0
75429,0,2053,0
75431,0,2055,0
75433,0,2059,0
75435,68362,2053,1
75437,0,2045,0
75439,0,2045,0
75441,0,2045,0
75443,0,2053,0
75445,0,2055,0
75447,0,2044,0
75449,0,2053,0
75451,0,2053,0
75453,0,2045,0
75455,0,2053,0
75457,0,2043,0
75459,0,2053,0
75461,0,2053,0
75463,0,2055,0
75465,0,2054,0
75467,0,2045,0
75469,0,2046,0
75471,0,2045,0
75473,0,2045,0
75475,68325,2045,1
75477,0,2044,0
75479,0,2043,0
75481,0,2043,0
75483,0,2053,0
75485,0,2053,0
75487,0,2045,0
75489,0,2043,0
75491,0,2043,0
75493,0,2045,0
75495,0,2045,0
75497,0,2044,0
75499,0,2043,0
75501,0,2043,0
75503,0,2045,0
75505,0,2045,0
75507,0,2045,0
75509,0,2044,0
75511,0,2045,0
75513,0,2045,0
75515,68335,2044,1
75517,0,2044,0
75519,0,2042,0
75521,0,2044,0
75523,0,2043,0
75525,0,2044,0
75527,0,2035,0
75529,0,2044,0
75531,0,2043,0
75533,0,2041,0
75535,0,2043,0
75537,0,2043,0
75539,0,2043,0
75541,0,2043,0
75543,0,2042,0
75545,0,2043,0
75547,0,2044,0
75549,0,2043,0
75551,0,2043,0
75553,68361,2042,1
75555,0,2045,0
75557,0,2043,0
75559,0,2039,0
75561,0,2041,0
75563,0,2043,0
75565,0,2041,0
75567,0,2044,0
75569,0,2053,0
75571,0,2043,0
75573,0,2043,0
75575,0,2041,0
75577,0,2041,0
75579,0,2041,0
75581,0,2041,0
75583,0,2043,0
75585,0,2040,0
75587,0,2042,0
75589,0,2041,0
75591,0,2041,0
75593,68334,2041,1
75595,0,2043,0
75597,0,2043,0
75599,0,2042,0
75601,0,2040,0
75603,0,2041,0
75605,0,2041,0
75607,0,2041,0
75609,0,2041,0
75611,0,2041,0
75613,0,2043,0
75615,0,2043,0
75617,0,2041,0
75619,0,2039,0
75621,0,2039,0
75623,0,2041,0
75625,0,2043,0
75627,0,2041,0
75629,0,2041,0
75631,0,2042,0
75633,68298,2041,1
75635,0,2041,0
75637,0,2041,0
75639,0,2039,0
75641,0,2040,0
75643,0,2039,0
75645,0,2043,0
75647,0,2039,0
75649,0,2041,0
75651,0,2040,0
75653,0,2039,0
75655,0,2038,0
75657,0,2040,0
75659,0,2039,0
75661,0,2040,0
75663,0,2041,0
75665,0,2025,0
75667,0,2041,0
75669,0,2039,0
75671,0,2039,0
75673,68250,2039,1
75675,0,2040,0
75677,0,2039,0
75679,0,2039,0
75681,0,2038,0
75683,0,2038,0
75685,0,2037,0
75687,0,2039,0
75689,0,2037,0
75691,0,2039,0
75693,0,2039,0
75695,0,2037,0
75697,0,2039,0
75699,0,2039,0
75701,0,2039,0
75703,0,2039,0
75705,0,2039,0
75707,0,2035,0
75709,0,2039,0
75711,0,2037,0
75713,68206,2039,1
75715,0,2039,0
75717,0,2037,0
75719,0,2039,0
75721,0,2039,0
75723,0,2038,0
75725,0,2039,0
75727,0,2039,0
75729,0,2037,0
75731,0,2038,0
75733,0,2035,0
75735,0,2037,0
75737,0,2037,0
75739,0,2035,0
75741,0,2037,0
75743,0,2035,0
75745,0,2039,0
75747,0,2037,0
75749,0,2037,0
75751,0,2037,0
75753,68165,2035,1
75755,0,2037,0
75757,0,2037,0
75759,0,2036,0
75761,0,2035,0
75763,0,2035,0
75765,0,2037,0
75767,0,2037,0
75769,0,2037,0
75771,0,2037,0
75773,0,2036,0
75775,0,2037,0
75777,0,2037,0
75779,0,2036,0
75781,0,2035,0
75783,0,2037,0
75785,0,2036,0
75787,0,2036,0
75789,0,2037,0
75791,0,2034,0
75793,68201,2037,1
75795,0,2035,0
75797,0,2037,0
75799,0,2037,0
75801,0,2035,0
75803,0,2036,0
75805,0,2035,0
75807,0,2035,0
75809,0,2035,0
75811,0,2037,0
75813,0,2032,0
75815,0,2035,0
75817,0,2036,0
75819,0,2035,0
75821,0,2032,0
75823,0,2035,0
75825,0,2035,0
75827,0,2035,0
75829,0,2035,0
75831,0,2036,0
75833,68310,2035,1
75835,0,2036,0
75837,0,2035,0
75839,0,2035,0
75841,0,2031,0
75843,0,2031,0
75845,0,2032,0
75847,0,2031,0
75849,0,2035,0
75851,0,2035,0
75853,0,2035,0
75855,0,2032,0
75857,0,2035,0
75859,0,2031,0
75861,0,2034,0
75863,0,2035,0
75865,0,2035,0
75867,0,2035,0
75869,0,2031,0
75871,0,2032,0
75873,68353,2031,1
75875,0,2031,0
75877,0,2035,0
75879,0,2037,0
75881,0,2030,0
75883,0,2035,0
75885,0,2031,0
75887,0,2029,0
75889,0,2031,0
75891,0,2035,0
75893,0,2031,0
75895,0,2031,0
75897,0,2030,0
75899,0,2031,0
75901,0,2031,0
75903,0,2031,0
75905,0,2031,0
75907,0,2031,0
75909,0,2031,0
75911,0,2028,0
75913,68335,2031,1
75915,0,2031,0
75917,0,2031,0
75919,0,2031,0
75921,0,2031,0
75923,0,2031,0
75925,0,2031,0
75927,0,2029,0
75929,0,2024,0
75931,0,2031,0
75933,0,2031,0
75935,0,2031,0
75937,0,2031,0
75939,0,2028,0
75941,0,2027,0
75943,0,2031,0
75945,0,2031,0
75947,0,2030,0
75949,0,2030,0
75951,68280,2031,1
75953,0,2031,0
75955,0,2031,0
75957,0,2029,0
75959,0,2029,0
75961,0,2030,0
75963,0,2023,0
75965,0,2031,0
75967,0,2029,0
75969,0,2029,0
75971,0,2030,0
75973,0,2030,0
75975,0,2029,0
75977,0,2031,0
75979,0,2031,0
75981,0,2031,0
75983,0,2030,0
75985,0,2029,0
75987,0,2029,0
75989,0,2029,0
75991,68272,2030,1
75993,0,2031,0
75995,0,2030,0
75997,0,2031,0
75999,0,2031,0
76001,0,2031,0
76003,0,2029,0
76005,0,2035,0
76007,0,2031,0
76009,0,2031,0
76011,0,2029,0
76013,0,2031,0
76015,0,2029,0
76017,0,2030,0
76019,0,2028,0
76021,0,2029,0
76023,0,2031,0
76025,0,2029,0
76027,0,2030,0
76029,0,2029,0
76031,68302,2029,1
76033,0,2029,0
76035,0,2029,0
76037,0,2029,0
76039,0,2027,0
76041,0,2029,0
76043,0,2027,0
76045,0,2029,0
76047,0,2029,0
76049,0,2028,0
76051,0,2029,0
76053,0,2029,0
76055,0,2028,0
76057,0,2028,0
76059,0,2029,0
76061,0,2029,0
76063,0,2027,0
76065,0,2030,0
76067,0,2029,0
76069,0,2030,0
76071,68377,2027,1
76073,0,2023,0
76075,0,2029,0
76077,0,2027,0
76079,0,2029,0
76081,0,2027,0
76083,0,2029,0
76085,0,2029,0
76087,0,2029,0
76089,0,2027,0
76091,0,2027,0
76093,0,2027,0
76095,0,2027,0
76097,0,2029,0
76099,0,2028,0
76101,0,2025,0
76103,0,2027,0
76105,0,2027,0
76107,0,2028,0
76109,0,2027,0
76111,68407,2027,1
76113,0,2029,0
76115,0,2028,0
76117,0,2027,0
76119,0,2025,0
76121,0,2029,0
76123,0,2027,0
76125,0,2026,0
76127,0,2027,0
76129,0,2027,0
76131,0,2027,0
76133,0,2028,0
76135,0,2026,0
76137,0,2026,0
76139,0,2027,0
76141,0,2027,0
76143,0,2029,0
76145,0,2027,0
76147,0,2026,0
76149,0,2027,0
76151,68384,2026,1
76153,0,2027,0
76155,0,2027,0
76157,0,2027,0
76159,0,2027,0
76161,0,2026,0
76163,0,2027,0
76165,0,2027,0
76167,0,2027,0
76169,0,2026,0
76171,0,2025,0
76173,0,2027,0
76175,0,2027,0
76177,0,2025,0
76179,0,2024,0
76181,0,2025,0
76183,0,2025,0
76185,0,2025,0
76187,0,2028,0
76189,0,2025,0
76191,68370,2025,1
76193,0,2036,0
76195,0,2025,0
76197,0,2027,0
76199,0,2027,0
76201,0,2027,0
76203,0,2025,0
76205,0,2027,0
76207,0,2024,0
76209,0,2027,0
76211,0,2026,0
76213,0,2027,0
76215,0,2027,0
76217,0,2024,0
76219,0,2027,0
76221,0,2024,0
76223,0,2023,0
76225,0,2019,0
76227,0,2027,0
76229,0,2026,0
76231,68350,2024,1
76233,0,2025,0
76235,0,2025,0
76237,0,2027,0
76239,0,2025,0
76241,0,2025,0
76243,0,2025,0
76245,0,2025,0
76247,0,2027,0
76249,0,2024,0
76251,0,2023,0
76253,0,2025,0
76255,0,2025,0
76257,0,2030,0
76259,0,2025,0
76261,0,2025,0
76263,0,2024,0
76265,0,2025,0
76267,0,2024,0
76269,0,2025,0
76271,68327,2025,1
76273,0,2023,0
76275,0,2023,0
76277,0,2025,0
76279,0,2025,0
76281,0,2025,0
76283,0,2024,0
76285,0,2023,0
76287,0,2024,0
76289,0,2024,0
76291,0,2025,0
76293,0,2024,0
76295,0,2024,0
76297,0,2024,0
76299,0,2026,0
76301,0,2025,0
76303,0,2025,0
76305,0,2025,0
76307,0,2025,0
76309,68343,2025,1
76311,0,2023,0
76313,0,2024,0
76315,0,2023,0
76317,0,2024,0
76319,0,2024,0
76321,0,2023,0
76323,0,2025,0
76325,0,2024,0
76327,0,2023,0
76329,0,2023,0
76331,0,2024,0
76333,0,2025,0
76335,0,2023,0
76337,0,2023,0
76339,0,2023,0
76341,0,2023,0
76343,0,2023,0
76345,0,2023,0
76347,0,2024,0
76349,68376,2023,1
76351,0,2023,0
76353,0,2023,0
76355,0,2024,0
76357,0,2024,0
76359,0,2023,0
76361,0,2027,0
76363,0,2023,0
76365,0,2023,0
76367,0,2023,0
76369,0,2023,0
76371,0,2023,0
76373,0,2025,0
76375,0,2025,0
76377,0,2022,0
76379,0,2023,0
76381,0,2024,0
76383,0,2008,0
76385,0,2023,0
76387,0,2024,0
76389,68388,2024,1
76391,0,2023,0
76393,0,2023,0
76395,0,2021,0
76397,0,2022,0
76399,0,2024,0
76401,0,2023,0
76403,0,2025,0
76405,0,2023,0
76407,0,2023,0
76409,0,2023,0
76411,0,2023,0
76413,0,2023,0
76415,0,2023,0
76417,0,2023,0
76419,0,2023,0
76421,0,2023,0
76423,0,2023,0
76425,0,2023,0
76427,0,2022,0
76429,68404,2023,1
76431,0,2022,0
76433,0,2023,0
76435,0,2023,0
76437,0,2021,0
76439,0,2023,0
76441,0,2022,0
76443,0,2023,0
76445,0,2023,0
76447,0,2022,0
76449,0,2023,0
76451,0,2023,0
76453,0,2021,0
76455,0,2021,0
76457,0,2022,0
76459,0,2023,0
76461,0,2021,0
76463,0,2023,0
76465,0,2021,0
76467,0,2020,0
76469,68435,2019,1
76471,0,2021,0
76473,0,2021,0
76475,0,2021,0
76477,0,2022,0
76479,0,2020,0
76481,0,2023,0
76483,0,2021,0
76485,0,2021,0
76487,0,2023,0
76489,0,2023,0
76491,0,2020,0
76493,0,2022,0
76495,0,2023,0
76497,0,2022,0
76499,0,2021,0
76501,0,2021,0
76503,0,2022,0
76505,0,2021,0
76507,0,2021,0
76509,68439,2021,1
76511,0,2023,0
76513,0,2020,0
76515,0,2020,0
76517,0,2021,0
76519,0,2021,0
76521,0,2021,0
76523,0,2021,0
76525,0,2023,0
76527,0,2021,0
76529,0,2021,0
76531,0,2021,0
76533,0,2021,0
76535,0,2021,0
76537,0,2021,0
76539,0,2019,0
76541,0,2021,0
76543,0,2021,0
76545,0,2021,0
76547,0,2020,0
76549,68437,2020,1
76551,0,2021,0
76553,0,2019,0
76555,0,2020,0
76557,0,2021,0
76559,0,2020,0
76561,0,2022,0
76563,0,2023,0
76565,0,2021,0
76567,0,2021,0
76569,0,2019,0
76571,0,2021,0
76573,0,2021,0
76575,0,2021,0
76577,0,2021,0
76579,0,2020,0
76581,0,2020,0
76583,0,2019,0
76585,0,2019,0
76587,0,2023,0
76589,68454,2021,1
76591,0,2021,0
76593,0,2021,0
76595,0,2020,0
76597,0,2019,0
76599,0,2021,0
76601,0,2021,0
76603,0,2019,0
76605,0,2016,0
76607,0,2021,0
76609,0,2020,0
76611,0,2021,0
76613,0,2020,0
76615,0,2019,0
76617,0,2017,0
76619,0,2021,0
76621,0,2021,0
76623,0,2019,0
76625,0,2019,0
76627,0,2021,0
76629,68423,2019,1
76631,0,2021,0
76633,0,2019,0
76635,0,2019,0
76637,0,2019,0
76639,0,2021,0
76641,0,2019,0
76643,0,2021,0
76645,0,2020,0
76647,0,2019,0
76649,0,2021,0
76651,0,2019,0
76653,0,2019,0
76655,0,2019,0
76657,0,2020,0
76659,0,2021,0
76661,0,2021,0
76663,0,2019,0
76665,0,2021,0
76667,0,2019,0
76669,68405,2019,1
76671,0,2020,0
76673,0,2019,0
76675,0,2008,0
76677,0,2018,0
76679,0,2019,0
76681,0,2019,0
76683,0,2019,0
76685,0,2021,0
76687,0,2015,0
76689,0,2019,0
76691,0,2020,0
76693,0,2019,0
76695,0,2019,0
76697,0,2019,0
76699,0,2021,0
76701,0,2019,0
76703,0,2019,0
76705,0,2021,0
76707,68438,2019,1
76709,0,2019,0
76711,0,2019,0
76713,0,2019,0
76715,0,2019,0
76717,0,2016,0
76719,0,2021,0
76721,0,2019,0
76723,0,2019,0
76725,0,2016,0
76727,0,2018,0
76729,0,2019,0
76731,0,2019,0
76733,0,2015,0
76735,0,2019,0
76737,0,2020,0
76739,0,2019,0
76741,0,2019,0
76743,0,2015,0
76745,0,2019,0
76747,68495,2015,1
76749,0,2019,0
76751,0,2019,0
76753,0,2015,0
76755,0,2019,0
76757,0,2019,0
76759,0,2019,0
76761,0,2019,0
76763,0,2019,0
76765,0,2019,0
76767,0,2019,0
76769,0,2019,0
76771,0,2017,0
76773,0,2019,0
76775,0,2019,0
76777,0,2018,0
76779,0,2018,0
76781,0,2018,0
76783,0,2021,0
76785,0,2015,0
76787,68546,2015,1
76789,0,2019,0
76791,0,2009,0
76793,0,2015,0
76795,0,2018,0
76797,0,2015,0
76799,0,2019,0
76801,0,2013,0
76803,0,2015,0
76805,0,2013,0
76807,0,2015,0
76809,0,2014,0
76811,0,2015,0
76813,0,2019,0
76815,0,2015,0
76817,0,2014,0
76819,0,2013,0
76821,0,2015,0
76823,0,2015,0
76825,0,2015,0
76827,68564,2013,1
76829,0,2015,0
76831,0,2019,0
76833,0,2014,0
76835,0,2013,0
76837,0,2017,0
76839,0,2013,0
76841,0,2021,0
76843,0,2015,0
76845,0,2015,0
76847,0,2013,0
76849,0,2015,0
76851,0,2011,0
76853,0,2014,0
76855,0,2013,0
76857,0,2015,0
76859,0,2011,0
76861,0,2013,0
76863,0,2015,0
76865,0,2015,0
76867,68549,2013,1
76869,0,2013,0
76871,0,2013,0
76873,0,2011,0
76875,0,2013,0
76877,0,2015,0
76879,0,2013,0
76881,0,2015,0
76883,0,2015,0
76885,0,2013,0
76887,0,2013,0
76889,0,2013,0
76891,0,2013,0
76893,0,2014,0
76895,0,2011,0
76897,0,2013,0
76899,0,2015,0
76901,0,2013,0
76903,0,2013,0
76905,0,2015,0
76907,68539,2014,1
76909,0,2014,0
76911,0,2013,0
76913,0,2013,0
76915,0,2014,0
76917,0,2013,0
76919,0,2013,0
76921,0,2013,0
76923,0,2015,0
76925,0,2013,0
76927,0,2014,0
76929,0,2013,0
76931,0,2013,0
76933,0,2013,0
76935,0,2015,0
76937,0,2012,0
76939,0,2014,0
76941,0,2013,0
76943,0,2014,0
76945,0,2011,0
76947,68570,2014,1
76949,0,2013,0
76951,0,2013,0
76953,0,2015,0
76955,0,2013,0
76957,0,2017,0
76959,0,2013,0
76961,0,2014,0
76963,0,2013,0
76965,0,2015,0
76967,0,2014,0
76969,0,2013,0
76971,0,2015,0
76973,0,2011,0
76975,0,2012,0
76977,0,2009,0
76979,0,2011,0
76981,0,2012,0
76983,0,2013,0
76985,0,2012,0
76987,68634,2013,1
76989,0,2011,0
76991,0,2012,0
76993,0,2011,0
76995,0,2011,0
76997,0,2013,0
76999,0,2013,0
77001,0,2013,0
77003,0,2014,0
77005,0,2015,0
77007,0,2013,0
77009,0,2013,0
77011,0,2013,0
77013,0,2013,0
77015,0,2013,0
77017,0,2013,0
77019,0,2013,0
77021,0,2012,0
77023,0,2011,0
77025,0,2013,0
77027,68598,2013,1
77029,0,2013,0
77031,0,2012,0
77033,0,2013,0
77035,0,2013,0
77037,0,2013,0
77039,0,2012,0
77041,0,2014,0
77043,0,2011,0
77045,0,2013,0
77047,0,2013,0
77049,0,2013,0
77051,0,2021,0
77053,0,2013,0
77055,0,2011,0
77057,0,2013,0
77059,0,2013,0
77061,0,2013,0
77063,0,2011,0
77065,0,2013,0
77067,68558,2012,1
77069,0,2011,0
77071,0,2013,0
77073,0,2013,0
77075,0,2013,0
77077,0,2012,0
77079,0,2011,0
77081,0,2003,0
77083,0,2012,0
77085,0,2011,0
77087,0,2011,0
77089,0,2012,0
77091,0,2012,0
77093,0,2015,0
77095,0,2014,0
77097,0,2012,0
77099,0,2013,0
77101,0,2013,0
77103,0,2017,0
77105,68582,2011,1
77107,0,2012,0
77109,0,2011,0
77111,0,2010,0
77113,0,2010,0
77115,0,2008,0
77117,0,2011,0
77119,0,2012,0
77121,0,2012,0
77123,0,2013,0
77125,0,2011,0
77127,0,2011,0
77129,0,2013,0
77131,0,2012,0
77133,0,2012,0
77135,0,2011,0
77137,0,2011,0
77139,0,2011,0
77141,0,2011,0
77143,0,2009,0
77145,68592,2011,1
77147,0,2010,0
77149,0,2024,0
77151,0,2010,0
77153,0,2011,0
77155,0,2009,0
77157,0,2011,0
77159,0,2011,0
77161,0,2009,0
77163,0,2011,0
77165,0,2009,0
77167,0,2011,0
77169,0,2011,0
77171,0,2011,0
77173,0,2011,0
77175,0,2011,0
77177,0,2009,0
77179,0,2010,0
77181,0,2010,0
77183,0,2009,0
77185,68610,2011,1
77187,0,2009,0
77189,0,2009,0
77191,0,2011,0
77193,0,2009,0
77195,0,2009,0
77197,0,2010,0
77199,0,2012,0
77201,0,2011,0
77203,0,2011,0
77205,0,2009,0
77207,0,2009,0
77209,0,2010,0
77211,0,2011,0
77213,0,2011,0
77215,0,2011,0
77217,0,2009,0
77220,0,2011,0
77222,0,2008,0
77224,0,2011,0
77226,68608,2011,1
77228,0,2009,0
77230,0,2010,0
77232,0,2009,0
77234,0,2009,0
77236,0,2008,0
77238,0,2009,0
77240,0,2011,0
77242,0,2009,0
77244,0,2009,0
77246,0,2008,0
77248,0,2013,0
77250,0,2010,0
77252,0,2009,0
77254,0,2009,0
77256,0,2009,0
77258,0,2011,0
77260,0,2011,0
77262,0,2010,0
77264,0,2009,0
77266,68615,2008,1
77268,0,2009,0
77270,0,2009,0
77272,0,2008,0
77274,0,2009,0
77276,0,2009,0
77278,0,2011,0
77280,0,2011,0
77282,0,2009,0
77284,0,2009,0
77286,0,2009,0
77288,0,2009,0
77290,0,2011,0
77292,0,2008,0
77294,0,2009,0
77296,0,2007,0
77298,0,2008,0
77300,0,2010,0
77302,0,2009,0
77304,0,2009,0
77306,68644,2011,1
77308,0,2009,0
77310,0,2010,0
77312,0,2011,0
77314,0,2009,0
77316,0,2011,0
77318,0,2009,0
77320,0,2009,0
77322,0,2009,0
77324,0,2009,0
77326,0,2010,0
77328,0,2009,0
77330,0,2011,0
77332,0,2009,0
77334,0,2009,0
77336,0,2011,0
77338,0,2009,0
77340,0,2011,0
77342,0,2009,0
77344,0,2008,0
77346,68687,2011,1
77348,0,2009,0
77350,0,2011,0
77352,0,2011,0
77354,0,2008,0
77356,0,2008,0
77358,0,2011,0
77360,0,2009,0
77362,0,2007,0
77364,0,2009,0
77366,0,2009,0
77368,0,2011,0
77370,0,2009,0
77372,0,2009,0
77374,0,2003,0
77376,0,2011,0
77378,0,2009,0
77380,0,2010,0
77382,0,2008,0
77384,0,2021,0
77386,68693,2011,1
77388,0,2010,0
77390,0,2009,0
77392,0,2009,0
77394,0,2009,0
77396,0,2008,0
77398,0,2009,0
77400,0,2008,0
77402,0,2009,0
77404,0,2008,0
77406,0,2009,0
77408,0,2009,0
77410,0,2011,0
77412,0,2010,0
77414,0,2007,0
77416,0,2009,0
77418,0,2009,0
77420,0,2010,0
77422,0,2010,0
77424,0,2009,0
77426,68619,2007,1
77428,0,2009,0
77430,0,2009,0
77432,0,2009,0
77434,0,2009,0
77436,0,2009,0
77438,0,2011,0
77440,0,2009,0
77442,0,2009,0
77444,0,2009,0
77446,0,2008,0
77448,0,2009,0
77450,0,2009,0
77452,0,2009,0
77454,0,2009,0
77456,0,2009,0
77458,0,2009,0
77460,0,2008,0
77462,0,2009,0
77464,0,2009,0
77466,68560,2009,1
77468,0,2008,0
77470,0,2009,0
77472,0,2008,0
77474,0,2008,0
77476,0,2008,0
77478,0,2008,0
77480,0,2008,0
77482,0,2009,0
77484,0,2008,0
77486,0,2008,0
77488,0,2012,0
77490,0,2007,0
77492,0,2007,0
77494,0,2009,0
77496,0,2007,0
77498,0,2008,0
77500,0,2009,0
77502,0,2010,0
77504,68574,2009,1
77506,0,2009,0
77508,0,2009,0
77510,0,2007,0
77512,0,2008,0
77514,0,2009,0
77516,0,2008,0
77518,0,2007,0
77520,0,2007,0
77522,0,2008,0
77524,0,2007,0
77526,0,2009,0
77528,0,2010,0
77530,0,2009,0
77532,0,2009,0
77534,0,2007,0
77536,0,2009,0
77538,0,2007,0
77540,0,2008,0
77542,0,2007,0
77544,68541,2007,1
77546,0,2008,0
77548,0,2009,0
77550,0,2008,0
77552,0,2009,0
77554,0,2008,0
77556,0,2009,0
77558,0,2008,0
77560,0,2007,0
77562,0,2009,0
77564,0,2007,0
77566,0,2010,0
77568,0,2009,0
77570,0,2008,0
77572,0,2007,0
77574,0,2007,0
77576,0,2009,0
77578,0,2009,0
77580,0,2007,0
77582,0,2009,0
77584,68480,2032,1
77586,0,2009,0
77588,0,2009,0
77590,0,2009,0
77592,0,2008,0
77594,0,2007,0
77596,0,2008,0
77598,0,2009,0
77600,0,2007,0
77602,0,2007,0
77604,0,2009,0
77606,0,2007,0
77608,0,2009,0
77610,0,2008,0
77612,0,2009,0
77614,0,2009,0
77616,0,2003,0
77618,0,2009,0
77620,0,2007,0
77622,0,2008,0
77624,68464,2008,1
77626,0,2009,0
77628,0,2006,0
77630,0,2009,0
77632,0,2009,0
77634,0,2009,0
77636,0,2008,0
77638,0,2008,0
77640,0,2008,0
77642,0,2009,0
77644,0,2009,0
77646,0,2007,0
77648,0,2008,0
77650,0,2009,0
77652,0,2007,0
77654,0,2008,0
77656,0,2007,0
77658,0,2007,0
77660,0,2007,0
77662,0,2008,0
77664,68494,2008,1
77666,0,2008,0
77668,0,2007,0
77670,0,2007,0
77672,0,2007,0
77674,0,2008,0
77676,0,2008,0
77678,0,2006,0
77680,0,2008,0
77682,0,2008,0
77684,0,2008,0
77686,0,2007,0
77688,0,2007,0
77690,0,2007,0
77692,0,2007,0
77694,0,2009,0
77696,0,2008,0
77698,0,2007,0
77700,0,2005,0
77702,0,2007,0
77704,68521,2009,1
77706,0,2006,0
77708,0,2007,0
77710,0,2008,0
77712,0,1999,0
77714,0,2007,0
77716,0,2005,0
77718,0,2007,0
77720,0,2006,0
77722,0,2009,0
77724,0,2009,0
77726,0,2007,0
77728,0,2007,0
77730,0,2007,0
77732,0,2007,0
77734,0,2007,0
77736,0,2008,0
77738,0,2009,0
77740,0,2003,0
77742,0,2007,0
77744,68553,2007,1
77746,0,2008,0
77748,0,2008,0
77750,0,2008,0
77752,0,2008,0
77754,0,2007,0
77756,0,2007,0
77758,0,2008,0
77760,0,2007,0
77762,0,2009,0
77764,0,2008,0
77766,0,2008,0
77768,0,2006,0
77770,0,2001,0
77772,0,2007,0
77774,0,2007,0
77776,0,2008,0
77778,0,2008,0
77780,0,2007,0
77782,0,2007,0
77784,68567,2007,1
77786,0,2008,0
77788,0,2007,0
77790,0,2007,0
77792,0,2008,0
77794,0,2007,0
77796,0,2007,0
77798,0,2007,0
77800,0,2008,0
77802,0,2007,0
77804,0,2005,0
77806,0,2007,0
77808,0,2007,0
77810,0,2009,0
77812,0,2007,0
77814,0,2007,0
77816,0,2007,0
77818,0,2008,0
77820,0,2007,0
77822,0,2009,0
77824,68514,2009,1
77826,0,2007,0
77828,0,2008,0
77830,0,2009,0
77832,0,2007,0
77834,0,2007,0
77836,0,2005,0
77838,0,2007,0
77840,0,2007,0
77842,0,2007,0
77844,0,2009,0
77846,0,2007,0
77848,0,2009,0
77850,0,2007,0
77852,0,2007,0
77854,0,2007,0
77856,0,2005,0
77858,0,2009,0
77860,0,2008,0
77862,0,2007,0
77864,68511,2007,1
77866,0,2007,0
77868,0,2005,0
77870,0,2007,0
77872,0,2007,0
77874,0,2005,0
77876,0,2007,0
77878,0,2007,0
77880,0,2008,0
77882,0,2006,0
77884,0,2007,0
77886,0,2006,0
77888,0,2007,0
77890,0,2009,0
77892,0,2005,0
77894,0,2005,0
77896,0,2007,0
77898,0,2007,0
77900,0,2007,0
77902,68548,2008,1
77904,0,2006,0
77906,0,2005,0
77908,0,2005,0
77910,0,2007,0
77912,0,2008,0
77914,0,2007,0
77916,0,2007,0
77918,0,2008,0
77920,0,2007,0
77922,0,2009,0
77924,0,2007,0
77926,0,2007,0
77928,0,2006,0
77930,0,2007,0
77932,0,2005,0
77934,0,2007,0
77936,0,2007,0
77938,0,2007,0
77940,0,2007,0
77942,68574,2007,1
77944,0,2007,0
77946,0,2007,0
77948,0,2007,0
77950,0,2007,0
77952,0,2007,0
77954,0,2005,0
77956,0,2005,0
77958,0,2005,0
77960,0,2005,0
77962,0,2006,0
77964,0,2008,0
77966,0,2007,0
77968,0,2006,0
77970,0,2007,0
77972,0,2009,0
77974,0,2007,0
77976,0,2007,0
77978,0,2007,0
77980,0,2006,0
77982,68568,2008,1
77984,0,2006,0
77986,0,2007,0
77988,0,2006,0
77990,0,2007,0
77992,0,2007,0
77994,0,2007,0
77996,0,2007,0
77998,0,2007,0
78000,0,2007,0
78002,0,2005,0
78004,0,2005,0
78006,0,2007,0
78008,0,2007,0
78010,0,2005,0
78012,0,2005,0
78014,0,2007,0
78016,0,2005,0
78018,0,2005,0
78020,0,2004,0
78022,68559,2011,1
78024,0,2007,0
78026,0,2005,0
78028,0,2007,0
78030,0,2007,0
78032,0,2006,0
78034,0,2005,0
78036,0,2005,0
78038,0,2005,0
78040,0,2004,0
78042,0,2006,0
78044,0,2006,0
78046,0,2009,0
78048,0,2004,0
78050,0,2007,0
78052,0,2005,0
78054,0,2005,0
78056,0,2005,0
78058,0,2007,0
78060,0,2005,0
78062,68537,2005,1
78064,0,2007,0
78066,0,2003,0
78068,0,2005,0
78070,0,2006,0
78072,0,2005,0
78074,0,2004,0
78076,0,2005,0
78078,0,2007,0
78080,0,2005,0
78082,0,2005,0
78084,0,2005,0
78086,0,2005,0
78088,0,2005,0
78090,0,2005,0
78092,0,2005,0
78094,0,2006,0
78096,0,2007,0
78098,0,2005,0
78100,0,2003,0
78102,68538,2006,1
78104,0,2005,0
78106,0,1999,0
78108,0,2003,0
78110,0,2005,0
78112,0,2005,0
78114,0,2003,0
78116,0,2005,0
78118,0,2003,0
78120,0,2007,0
78122,0,2005,0
78124,0,2005,0
78126,0,2007,0
78128,0,2003,0
78130,0,2005,0
78132,0,2005,0
78134,0,2005,0
78136,0,2005,0
78138,0,2005,0
78140,0,2005,0
78142,68598,2005,1
78144,0,2006,0
78146,0,2005,0
78148,0,2005,0
78150,0,2005,0
78152,0,2005,0
78154,0,2005,0
78156,0,2004,0
78158,0,2007,0
78160,0,2005,0
78162,0,2004,0
78164,0,2005,0
78166,0,2003,0
78168,0,2003,0
78170,0,2005,0
78172,0,2003,0
78174,0,2005,0
78176,0,2004,0
78178,0,2004,0
78180,0,2004,0
78182,68624,2003,1
78184,0,2005,0
78186,0,2005,0
78188,0,2005,0
78190,0,2005,0
78192,0,2004,0
78194,0,2005,0
78196,0,2001,0
78198,0,2005,0
78200,0,2004,0
78202,0,2003,0
78204,0,2005,0
78206,0,2005,0
78208,0,2005,0
78210,0,2003,0
78212,0,2005,0
78214,0,2003,0
78216,0,2007,0
78218,0,2005,0
78220,0,2005,0
78222,68581,2003,1
78224,0,2005,0
78226,0,2005,0
78228,0,2003,0
78230,0,2003,0
78232,0,2003,0
78234,0,2005,0
78236,0,2003,0
78238,0,2005,0
78240,0,2005,0
78242,0,2003,0
78244,0,2003,0
78246,0,2006,0
78248,0,2005,0
78250,0,2005,0
78252,0,2005,0
78254,0,2004,0
78256,0,2003,0
78258,0,2005,0
78260,0,2003,0
78262,68631,2003,1
78264,0,2003,0
78266,0,2003,0
78268,0,2003,0
78270,0,2003,0
78272,0,2004,0
78274,0,2003,0
78276,0,2003,0
78278,0,2003,0
78280,0,2004,0
78282,0,2001,0
78284,0,2003,0
78286,0,2005,0
78288,0,2003,0
78290,0,2003,0
78292,0,2005,0
78294,0,1989,0
78296,0,2005,0
78298,0,2003,0
78300,68810,2003,1
78302,0,2003,0
78304,0,2003,0
78306,0,1999,0
78308,0,2003,0
78310,0,2003,0
78312,0,2003,0
78314,0,2003,0
78316,0,2003,0
78318,0,2005,0
78320,0,2002,0
78322,0,2003,0
78324,0,2005,0
78326,0,1999,0
78328,0,2004,0
78330,0,2001,0
78332,0,2004,0
78334,0,2001,0
78336,0,2003,0
78338,0,2001,0
78340,68995,2003,1
78342,0,2003,0
78344,0,2003,0
78346,0,2002,0
78348,0,1999,0
78350,0,2003,0
78352,0,2003,0
78354,0,2003,0
78356,0,2003,0
78358,0,2002,0
78360,0,2001,0
78362,0,1999,0
78364,0,2003,0
78366,0,2005,0
78368,0,2003,0
78370,0,2003,0
78372,0,2004,0
78374,0,2003,0
78376,0,2003,0
78378,0,2003,0
78380,69242,2001,1
78382,0,2003,0
78384,0,2003,0
78386,0,2003,0
78388,0,1998,0
78390,0,2003,0
78392,0,2004,0
78394,0,2003,0
78396,0,2001,0
78398,0,1999,0
78400,0,2005,0
78402,0,2004,0
78404,0,2003,0
78406,0,2002,0
78408,0,2002,0
78410,0,2003,0
78412,0,2003,0
78414,0,2007,0
78416,0,2001,0
78418,0,2003,0
78420,69638,2002,1
78422,0,2003,0
78424,0,1999,0
78426,0,2002,0
78428,0,2006,0
78430,0,2003,0
78432,0,2003,0
78434,0,2000,0
78436,0,2003,0
78438,0,2001,0
78440,0,2003,0
78442,0,2005,0
78444,0,2002,0
78446,0,1999,0
78448,0,2003,0
78450,0,2003,0
78452,0,2003,0
78454,0,2003,0
78456,0,2005,0
78458,0,2003,0
78460,70073,2003,1
78462,0,1997,0
78464,0,1999,0
78466,0,2002,0
78468,0,2003,0
78470,0,2001,0
78472,0,2005,0
78474,0,2003,0
78476,0,2003,0
78478,0,2003,0
78480,0,2002,0
78482,0,2003,0
78484,0,2003,0
78486,0,2003,0
78488,0,2001,0
78490,0,1999,0
78492,0,2003,0
78494,0,2003,0
78496,0,1999,0
78498,0,2003,0
78500,70477,2003,1
78502,0,1993,0
78504,0,2003,0
78506,0,2003,0
78508,0,1999,0
78510,0,2002,0
78512,0,1998,0
78514,0,2003,0
78516,0,2003,0
78518,0,1999,0
78520,0,2003,0
78522,0,2003,0
78524,0,2002,0
78526,0,1999,0
78528,0,2003,0
78530,0,2003,0
78532,0,2001,0
78534,0,2002,0
78536,0,2003,0
78538,0,2003,0
78540,70834,2003,1
78542,0,2002,0
78544,0,2003,0
78546,0,2003,0
78548,0,2003,0
78550,0,2003,0
78552,0,2003,0
78554,0,1999,0
78556,0,2002,0
78558,0,2003,0
78560,0,2003,0
78562,0,2003,0
78564,0,1999,0
78566,0,2009,0
78568,0,2003,0
78570,0,2003,0
78572,0,2003,0
78574,0,1999,0
78576,0,2002,0
78578,0,2007,0
78580,71144,2001,1
78582,0,1999,0
78584,0,2004,0
78586,0,2001,0
78588,0,1998,0
78590,0,2003,0
78592,0,2003,0
78594,0,2003,0
78596,0,2002,0
78598,0,2002,0
78600,0,2003,0
78602,0,2003,0
78604,0,2004,0
78606,0,2004,0
78608,0,2002,0
78610,0,2003,0
78612,0,2003,0
78614,0,2004,0
78616,0,2003,0
78618,0,2000,0
78620,71336,1999,1
78622,0,2003,0
78624,0,2003,0
78626,0,2001,0
78628,0,2003,0
78630,0,2003,0
78632,0,2003,0
78634,0,2002,0
78636,0,2003,0
78638,0,2003,0
78640,0,2003,0
78642,0,2005,0
78644,0,2004,0
78646,0,2003,0
78648,0,2003,0
78650,0,2001,0
78652,0,2001,0
78654,0,2003,0
78656,0,2003,0
78658,0,2003,0
78660,71438,2003,1
78662,0,2002,0
78664,0,2004,0
78666,0,2001,0
78668,0,2004,0
78670,0,2003,0
78672,0,2001,0
78674,0,2007,0
78676,0,2003,0
78678,0,2003,0
78680,0,2003,0
78682,0,2001,0
78684,0,2004,0
78686,0,2001,0
78688,0,1999,0
78690,0,2003,0
78692,0,2003,0
78694,0,2002,0
78696,0,2001,0
78698,71487,2003,1
78700,0,2002,0
78702,0,2003,0
78704,0,1999,0
78706,0,2001,0
78708,0,2003,0
78710,0,2003,0
78712,0,2003,0
78714,0,2002,0
78716,0,2003,0
78718,0,2003,0
78720,0,2003,0
78722,0,2003,0
78724,0,2003,0
78726,0,2003,0
78728,0,2003,0
78730,0,1999,0
78732,0,2001,0
78734,0,2004,0
78736,0,2003,0
78738,71456,2002,1
78740,0,2005,0
78742,0,2005,0
78744,0,2005,0
78746,0,2005,0
78748,0,2003,0
78750,0,2004,0
78752,0,2003,0
78754,0,2003,0
78756,0,2004,0
78758,0,2003,0
78760,0,2003,0
78762,0,2005,0
78764,0,2004,0
78766,0,2001,0
78768,0,2003,0
78770,0,2004,0
78772,0,2004,0
78774,0,2003,0
78776,0,2004,0
78778,71381,2001,1
78780,0,2002,0
78782,0,2004,0
78784,0,1991,0
78786,0,2003,0
78788,0,2005,0
78790,0,2003,0
78792,0,2003,0
78794,0,2003,0
78796,0,2003,0
78798,0,2003,0
78800,0,2001,0
78802,0,2001,0
78804,0,2005,0
78806,0,2004,0
78808,0,2005,0
78810,0,2005,0
78812,0,2003,0
78814,0,2005,0
78816,0,2003,0
78818,71286,2005,1
78820,0,2003,0
78822,0,2005,0
78824,0,2002,0
78826,0,2003,0
78828,0,2003,0
78830,0,2003,0
78832,0,2003,0
78834,0,2005,0
78836,0,2007,0
78838,0,2003,0
78840,0,2003,0
78842,0,2003,0
78844,0,2005,0
78846,0,2007,0
78848,0,2003,0
78850,0,2005,0
78852,0,2003,0
78854,0,2003,0
78856,0,2004,0
78858,71164,2003,1
78860,0,2005,0
78862,0,2003,0
78864,0,2002,0
78866,0,2003,0
78868,0,2003,0
78870,0,2003,0
78872,0,2003,0
78874,0,2004,0
78876,0,2004,0
78878,0,2003,0
78880,0,2005,0
78882,0,2003,0
78884,0,2002,0
78886,0,1999,0
78888,0,2003,0
78890,0,2003,0
78892,0,2003,0
78894,0,2004,0
78896,0,2004,0
78898,71085,2004,1
78900,0,2005,0
78902,0,2003,0
78904,0,2009,0
78906,0,2005,0
78908,0,2003,0
78910,0,2003,0
78912,0,2000,0
78914,0,2001,0
78916,0,2003,0
78918,0,2003,0
78920,0,2004,0
78922,0,2005,0
78924,0,2005,0
78926,0,2003,0
78928,0,2003,0
78930,0,2003,0
78932,0,2003,0
78934,0,2003,0
78936,0,2003,0
78938,71064,2003,1
78940,0,2004,0
78942,0,2004,0
78944,0,2006,0
78946,0,1999,0
78948,0,2003,0
78950,0,2003,0
78952,0,2003,0
78954,0,2004,0
78956,0,2005,0
78958,0,2004,0
78960,0,2005,0
78962,0,2003,0
78964,0,2004,0
78966,0,2003,0
78968,0,2003,0
78970,0,2005,0
78972,0,2003,0
78974,0,2003,0
78976,0,2004,0
78978,70995,2005,1
78980,0,2003,0
78982,0,2003,0
78984,0,2004,0
78986,0,2002,0
78988,0,2005,0
78990,0,2003,0
78992,0,2005,0
78994,0,2005,0
78996,0,2004,0
78998,0,2003,0
79000,0,2005,0
79002,0,2005,0
79004,0,2005,0
79006,0,2003,0
79008,0,1999,0
79010,0,2005,0
79012,0,2005,0
79014,0,2003,0
79016,0,2004,0
79018,70835,2005,1
79020,0,2005,0
79022,0,2003,0
79024,0,2003,0
79026,0,2003,0
79028,0,2003,0
79030,0,2015,0
79032,0,2003,0
79034,0,2003,0
79036,0,2003,0
79038,0,2004,0
79040,0,2003,0
79042,0,1999,0
79044,0,2005,0
79046,0,2003,0
79048,0,2005,0
79050,0,2005,0
79052,0,2003,0
79054,0,2002,0
79056,0,2003,0
79058,70660,2003,1
79060,0,2003,0
79062,0,2003,0
79064,0,2004,0
79066,0,2001,0
79068,0,1998,0
79070,0,2003,0
79072,0,1999,0
79074,0,2003,0
79076,0,2003,0
79079,0,2003,0
79081,0,2003,0
79083,0,2003,0
79085,0,2004,0
79087,0,2003,0
79089,0,2003,0
79091,0,2004,0
79093,0,2003,0
79095,0,2003,0
79097,70568,2004,1
79099,0,2002,0
79101,0,2003,0
79103,0,2003,0
79105,0,2003,0
79107,0,2004,0
79109,0,2001,0
79111,0,2003,0
79113,0,2003,0
79115,0,2003,0
79117,0,2003,0
79119,0,2003,0
79121,0,2005,0
79123,0,2001,0
79125,0,2011,0
79127,0,2005,0
79129,0,2005,0
79131,0,2005,0
79133,0,2003,0
79135,0,2001,0
79137,70471,2003,1
79139,0,2002,0
79141,0,2005,0
79143,0,2003,0
79145,0,2005,0
79147,0,2005,0
79149,0,2003,0
79151,0,2002,0
79153,0,2004,0
79155,0,2003,0
79157,0,2003,0
79159,0,2003,0
79161,0,2003,0
79163,0,2003,0
79165,0,2004,0
79167,0,2003,0
79169,0,2003,0
79171,0,2003,0
79173,0,2003,0
79175,0,2005,0
79177,70347,2005,1
79179,0,2003,0
79181,0,2004,0
79183,0,2003,0
79185,0,2004,0
79187,0,2005,0
79189,0,2003,0
79191,0,2003,0
79193,0,2002,0
79195,0,2003,0
79197,0,2003,0
79199,0,2004,0
79201,0,2003,0
79203,0,2004,0
79205,0,2003,0
79207,0,2003,0
79209,0,2005,0
79211,0,2005,0
79213,0,2003,0
79215,0,2005,0
79217,70228,2004,1
79219,0,2003,0
79221,0,2006,0
79223,0,2003,0
79225,0,2003,0
79227,0,2003,0
79229,0,2003,0
79231,0,2003,0
79233,0,2003,0
79235,0,2004,0
79237,0,2003,0
79239,0,2003,0
79241,0,2003,0
79243,0,2003,0
79245,0,2003,0
79247,0,2003,0
79249,0,2005,0
79251,0,2003,0
79253,0,2003,0
79255,0,2002,0
79257,70161,2003,1
79259,0,2003,0
79261,0,2003,0
79263,0,2003,0
79265,0,2002,0
79267,0,2005,0
79269,0,2003,0
79271,0,2003,0
79273,0,2004,0
79275,0,2003,0
79277,0,2005,0
79279,0,2003,0
79281,0,2001,0
79283,0,2002,0
79285,0,2003,0
79287,0,2003,0
79289,0,2003,0
79291,0,2003,0
79293,0,2003,0
79295,0,2002,0
79297,70096,2003,1
79299,0,1999,0
79301,0,2003,0
79303,0,2003,0
79305,0,2003,0
79307,0,2003,0
79309,0,2003,0
79311,0,2003,0
79313,0,2003,0
79315,0,2003,0
79317,0,2005,0
79319,0,2002,0
79321,0,2003,0
79323,0,2002,0
79325,0,2003,0
79327,0,2003,0
79329,0,2003,0
79331,0,2004,0
79333,0,2007,0
79335,0,2003,0
79337,70018,2002,1
79339,0,2004,0
79341,0,2005,0
79343,0,2005,0
79345,0,2003,0
79347,0,2004,0
79349,0,2003,0
79351,0,2003,0
79353,0,2001,0
79355,0,2003,0
79357,0,2003,0
79359,0,1998,0
79361,0,2002,0
79363,0,2003,0
79365,0,2003,0
79367,0,2003,0
79369,0,2004,0
79371,0,2003,0
79373,0,2009,0
79375,0,2001,0
79377,69935,2001,1
79379,0,2002,0
79381,0,2003,0
79383,0,2003,0
79385,0,2003,0
79387,0,1999,0
79389,0,2003,0
79391,0,2003,0
79393,0,2001,0
79395,0,2001,0
79397,0,2002,0
79399,0,2004,0
79401,0,2003,0
79403,0,2005,0
79405,0,2003,0
79407,0,2003,0
79409,0,2003,0
79411,0,2003,0
79413,0,2003,0
79415,0,2003,0
79417,69883,2002,1
79419,0,2005,0
79421,0,1999,0
79423,0,2003,0
79425,0,2005,0
79427,0,2002,0
79429,0,2003,0
79431,0,2003,0
79433,0,2003,0
79435,0,2001,0
79437,0,2003,0
79439,0,2002,0
79441,0,2003,0
79443,0,2001,0
79445,0,1999,0
79447,0,2001,0
79449,0,2003,0
79451,0,2003,0
79453,0,2003,0
79455,69880,2002,1
79457,0,2002,0
79459,0,2004,0
79461,0,2003,0
79463,0,2001,0
79465,0,1999,0
79467,0,2001,0
79469,0,2003,0
79471,0,2002,0
79473,0,2003,0
79475,0,1999,0
79477,0,2001,0
79479,0,1998,0
79481,0,1999,0
79483,0,1999,0
79485,0,1999,0
79487,0,2000,0
79489,0,2003,0
79491,0,2003,0
79493,0,2003,0
79495,69923,2003,1
79497,0,1999,0
79499,0,2002,0
79501,0,2003,0
79503,0,2002,0
79505,0,2003,0
79507,0,1999,0
79509,0,2001,0
79511,0,2001,0
79513,0,2003,0
79515,0,2003,0
79517,0,2004,0
79519,0,2003,0
79521,0,2001,0
79523,0,2004,0
79525,0,2001,0
79527,0,2002,0
79529,0,2003,0
79531,0,2003,0
79533,0,2001,0
79535,70168,2003,1
79537,0,2003,0
79539,0,2003,0
79541,0,1999,0
79543,0,2003,0
79545,0,2001,0
79547,0,2003,0
79549,0,2001,0
79551,0,2003,0
79553,0,1999,0
79555,0,2001,0
79557,0,2003,0
79559,0,1999,0
79561,0,1999,0
79563,0,2003,0
79565,0,2003,0
79567,0,2003,0
79569,0,2002,0
79571,0,2003,0
79573,0,2002,0
79575,70473,2003,1
79577,0,1999,0
79579,0,1999,0
79581,0,2003,0
79583,0,2004,0
79585,0,2003,0
79587,0,1991,0
79589,0,2001,0
79591,0,2003,0
79593,0,2003,0
79595,0,2003,0
79597,0,2003,0
79599,0,2003,0
79601,0,2001,0
79603,0,2002,0
79605,0,2003,0
79607,0,1999,0
79609,0,2003,0
79611,0,2003,0
79613,0,2003,0
79615,70638,2003,1
79617,0,1997,0
79619,0,1999,0
79621,0,2003,0
79623,0,2003,0
79625,0,2001,0
79627,0,2003,0
79629,0,2004,0
79631,0,2004,0
79633,0,2001,0
79635,0,2003,0
79637,0,2001,0
79639,0,2002,0
79641,0,2001,0
79643,0,2005,0
79645,0,1999,0
79647,0,2003,0
79649,0,1998,0
79651,0,2003,0
79653,0,2001,0
79655,70727,2001,1
79657,0,1999,0
79659,0,1999,0
79661,0,2002,0
79663,0,2002,0
79665,0,2002,0
79667,0,2002,0
79669,0,2001,0
79671,0,2003,0
79673,0,2002,0
79675,0,2001,0
79677,0,2003,0
79679,0,2002,0
79681,0,1999,0
79683,0,2001,0
79685,0,2003,0
79687,0,2002,0
79689,0,2001,0
79691,0,2003,0
79693,0,1997,0
79695,70780,2002,1
79697,0,2002,0
79699,0,2003,0
79701,0,2002,0
79703,0,2002,0
79705,0,2003,0
79707,0,2003,0
79709,0,1999,0
79711,0,2003,0
79713,0,2003,0
79715,0,2003,0
79717,0,2003,0
79719,0,2002,0
79721,0,2001,0
79723,0,1999,0
79725,0,2003,0
79727,0,2002,0
79729,0,2003,0
79731,0,2003,0
79733,0,2004,0
79735,70793,1997,1
79737,0,2003,0
79739,0,2002,0
79741,0,1999,0
79743,0,2004,0
79745,0,2003,0
79747,0,1998,0
79749,0,2003,0
79751,0,1999,0
79753,0,2003,0
79755,0,2003,0
79757,0,2001,0
79759,0,1999,0
79761,0,2002,0
79763,0,1999,0
79765,0,2002,0
79767,0,2003,0
79769,0,1999,0
79771,0,2003,0
79773,0,2002,0
79775,70748,2001,1
79777,0,1999,0
79779,0,1999,0
79781,0,2002,0
79783,0,2003,0
79785,0,1999,0
79787,0,1995,0
79789,0,2002,0
79791,0,2003,0
79793,0,2002,0
79795,0,2002,0
79797,0,2003,0
79799,0,2001,0
79801,0,2003,0
79803,0,1999,0
79805,0,1999,0
79807,0,1999,0
79809,0,2003,0
79811,0,2007,0
79813,0,2001,0
79815,70698,2003,1
79817,0,1999,0
79819,0,1997,0
79821,0,2001,0
79823,0,1999,0
79825,0,2001,0
79827,0,2001,0
79829,0,1998,0
79831,0,1999,0
79833,0,2002,0
79835,0,1999,0
79837,0,1999,0
79839,0,1999,0
79841,0,2002,0
79843,0,2001,0
79845,0,1999,0
79847,0,2001,0
79849,0,1999,0
79851,0,2001,0
79853,70675,1998,1
79855,0,1999,0
79857,0,2003,0
79859,0,2002,0
79861,0,2003,0
79863,0,1999,0
79865,0,1998,0
79867,0,2002,0
79869,0,1999,0
79871,0,1999,0
79873,0,1999,0
79875,0,2001,0
79877,0,2001,0
79879,0,1999,0
79881,0,1999,0
79883,0,1999,0
79885,0,2003,0
79887,0,2002,0
79889,0,1999,0
79891,0,1999,0
79893,70621,2002,1
79895,0,1997,0
79897,0,2003,0
79899,0,1999,0
79901,0,2003,0
79903,0,1999,0
79905,0,1999,0
79907,0,1999,0
79909,0,1999,0
79911,0,2001,0
79913,0,2001,0
79915,0,2001,0
79917,0,1999,0
79919,0,2002,0
79921,0,1999,0
79923,0,2001,0
79925,0,2001,0
79927,0,1999,0
79929,0,2002,0
79931,0,2003,0
79933,70564,1999,1
79935,0,1999,0
79937,0,2002,0
79939,0,2001,0
79941,0,1999,0
79943,0,1999,0
79945,0,1997,0
79947,0,1999,0
79949,0,1999,0
79951,0,2002,0
79953,0,1999,0
79955,0,2002,0
79957,0,1999,0
79959,0,1999,0
79961,0,2001,0
79963,0,1999,0
79965,0,2003,0
79967,0,2001,0
79969,0,2001,0
79971,0,1998,0
79973,70508,1999,1
79975,0,2001,0
79977,0,2003,0
79979,0,2001,0
79981,0,2002,0
79983,0,2003,0
79985,0,1999,0
79987,0,1997,0
79989,0,1998,0
79991,0,1997,0
79993,0,1999,0
79995,0,1999,0
79997,0,2005,0
79999,0,2001,0
80001,0,1998,0
80003,0,1999,0
80005,0,2003,0
80007,0,1999,0
80009,0,2001,0
80011,0,1997,0
80013,70471,1997,1
80015,0,1999,0
80017,0,1998,0
80019,0,2001,0
80021,0,1999,0
80023,0,2003,0
80025,0,1998,0
80027,0,2003,0
80029,0,1999,0
80031,0,2001,0
80033,0,1998,0
80035,0,2002,0
80037,0,1998,0
80039,0,1999,0
80041,0,1998,0
80043,0,2001,0
80045,0,2001,0
80047,0,2002,0
80049,0,1999,0
80051,0,2001,0
80053,70439,2003,1
80055,0,1998,0
80057,0,1998,0
80059,0,2002,0
80061,0,1999,0
80063,0,1997,0
80065,0,2001,0
80067,0,2001,0
80069,0,2003,0
80071,0,1999,0
80073,0,1999,0
80075,0,1999,0
80077,0,1999,0
80079,0,1997,0
80081,0,1999,0
80083,0,1997,0
80085,0,1999,0
80087,0,1999,0
80089,0,2001,0
80091,0,2002,0
80093,70421,1998,1
80095,0,2001,0
80097,0,1999,0
80099,0,2002,0
80101,0,1999,0
80103,0,2001,0
80105,0,2001,0
80107,0,2001,0
80109,0,2003,0
80111,0,1999,0
80113,0,1997,0
80115,0,1998,0
80117,0,2002,0
80119,0,2003,0
80121,0,2001,0
80123,0,2002,0
80125,0,2003,0
80127,0,1999,0
80129,0,1999,0
80131,0,2001,0
80133,70399,1998,1
80135,0,2001,0
80137,0,1999,0
80139,0,1999,0
80141,0,1999,0
80143,0,1999,0
80145,0,2013,0
80147,0,1999,0
80149,0,1999,0
80151,0,1998,0
80153,0,2003,0
80155,0,2002,0
80157,0,2001,0
80159,0,2003,0
80161,0,2002,0
80163,0,2001,0
80165,0,2002,0
80167,0,1999,0
80169,0,1999,0
80171,0,2001,0
80173,70351,1999,1
80175,0,2001,0
80177,0,2001,0
80179,0,2003,0
80181,0,1997,0
80183,0,1997,0
80185,0,2001,0
80187,0,1999,0
80189,0,1999,0
80191,0,1999,0
80193,0,1999,0
80195,0,2003,0
80197,0,1997,0
80199,0,1999,0
80201,0,1998,0
80203,0,1998,0
80205,0,1999,0
80207,0,1999,0
80209,0,2001,0
80211,0,2001,0
80213,70310,1999,1
80215,0,1997,0
80217,0,1999,0
80219,0,1997,0
80221,0,1999,0
80223,0,1997,0
80225,0,1999,0
80227,0,1999,0
80229,0,1999,0
80231,0,1990,0
80233,0,1999,0
80235,0,1999,0
80237,0,1998,0
80239,0,2001,0
80241,0,1999,0
80243,0,1999,0
80245,0,1999,0
80247,0,2001,0
80249,0,1999,0
80251,70303,1997,1
80253,0,1999,0
80255,0,1999,0
80257,0,1999,0
80259,0,1997,0
80261,0,1993,0
80263,0,1999,0
80265,0,1997,0
80267,0,1999,0
80269,0,1998,0
80271,0,1999,0
80273,0,2003,0
80275,0,1999,0
80277,0,1997,0
80279,0,1997,0
80281,0,1997,0
80283,0,2001,0
80285,0,1997,0
80287,0,1999,0
80289,0,1998,0
80291,70305,1997,1
80293,0,2001,0
80295,0,1999,0
80297,0,1999,0
80299,0,1999,0
80301,0,1998,0
80303,0,1996,0
80305,0,1999,0
80307,0,1998,0
80309,0,1999,0
80311,0,1999,0
80313,0,2005,0
80315,0,2003,0
80317,0,1999,0
80319,0,1999,0
80321,0,1998,0
80323,0,1997,0
80325,0,1999,0
80327,0,2003,0
80329,0,1997,0
80331,70307,1997,1
80333,0,1998,0
80335,0,1999,0
80337,0,1999,0
80339,0,1999,0
80341,0,1999,0
80343,0,1999,0
80345,0,1997,0
80347,0,1998,0
80349,0,1998,0
80351,0,2001,0
80353,0,1999,0
80355,0,1998,0
80357,0,1999,0
80359,0,2003,0
80361,0,1999,0
80363,0,1997,0
80365,0,1998,0
80367,0,1999,0
80369,0,1997,0
80371,70312,1999,1
80373,0,2001,0
80375,0,1997,0
80377,0,2003,0
80379,0,1997,0
80381,0,1999,0
80383,0,1999,0
80385,0,1999,0
80387,0,1999,0
80389,0,1999,0
80391,0,2001,0
80393,0,2001,0
80395,0,1997,0
80397,0,1998,0
80399,0,2001,0
80401,0,1997,0
80403,0,1999,0
80405,0,2001,0
80407,0,1999,0
80409,0,1999,0
80411,70302,1999,1
80413,0,1999,0
80415,0,1998,0
80417,0,1999,0
80419,0,1998,0
80421,0,1999,0
80423,0,1999,0
80425,0,1999,0
80427,0,1999,0
80429,0,1999,0
80431,0,1997,0
80433,0,1999,0
80435,0,1999,0
80437,0,1999,0
80439,0,1999,0
80441,0,1999,0
80443,0,1999,0
80445,0,1997,0
80447,0,1999,0
80449,0,2001,0
80451,70303,1999,1
80453,0,1997,0
80455,0,1999,0
80457,0,1997,0
80459,0,1997,0
80461,0,1997,0
80463,0,1998,0
80465,0,1998,0
80467,0,1997,0
80469,0,2001,0
80471,0,1998,0
80473,0,2001,0
80475,0,1997,0
80477,0,1998,0
80479,0,2003,0
80481,0,2001,0
80483,0,1993,0
80485,0,1997,0
80487,0,1997,0
80489,0,2001,0
80491,70313,1998,1
80493,0,2003,0
80495,0,1998,0
80497,0,2000,0
80499,0,1999,0
80501,0,1998,0
80503,0,1996,0
80505,0,1997,0
80507,0,1997,0
80509,0,2001,0
80511,0,1999,0
80513,0,1997,0
80515,0,1997,0
80517,0,2001,0
80519,0,1998,0
80521,0,2003,0
80523,0,1998,0
80525,0,1999,0
80527,0,1998,0
80529,0,1997,0
80531,70328,1997,1
80533,0,1999,0
80535,0,1996,0
80537,0,1996,0
80539,0,2005,0
80541,0,2001,0
80543,0,1999,0
80545,0,1997,0
80547,0,1998,0
80549,0,1999,0
80551,0,1999,0
80553,0,1997,0
80555,0,1997,0
80557,0,1998,0
80559,0,1995,0
80561,0,1998,0
80563,0,1999,0
80565,0,1997,0
80567,0,1997,0
80569,0,1997,0
80571,70281,1997,1
80573,0,1998,0
80575,0,1997,0
80577,0,1998,0
80579,0,1999,0
80581,0,1999,0
80583,0,1997,0
80585,0,1998,0
80587,0,1997,0
80589,0,1999,0
80591,0,1999,0
80593,0,1999,0
80595,0,2001,0
80597,0,1998,0
80599,0,1999,0
80601,0,1997,0
80603,0,1999,0
80605,0,1997,0
80607,0,1997,0
80609,0,1997,0
80611,70260,1997,1
80613,0,1989,0
80615,0,1999,0
80617,0,1997,0
80619,0,1997,0
80621,0,1998,0
80623,0,1995,0
80625,0,1997,0
80627,0,1997,0
80629,0,1999,0
80631,0,1997,0
80633,0,1997,0
80635,0,1998,0
80637,0,2001,0
80639,0,1997,0
80641,0,1999,0
80643,0,1995,0
80645,0,1991,0
80647,0,1997,0
80649,70269,1999,1
80651,0,1998,0
80653,0,1997,0
80655,0,1998,0
80657,0,1998,0
80659,0,1996,0
80661,0,1999,0
80663,0,1997,0
80665,0,1996,0
80667,0,2001,0
80669,0,1997,0
80671,0,1997,0
80673,0,1997,0
80675,0,1997,0
80677,0,1996,0
80679,0,1997,0
80681,0,1997,0
80683,0,1997,0
80685,0,1997,0
80687,0,1997,0
80689,70276,1999,1
80691,0,1998,0
80693,0,2002,0
80695,0,1998,0
80697,0,1997,0
80699,0,1999,0
80701,0,1991,0
80703,0,1997,0
80705,0,1999,0
80707,0,1999,0
80709,0,1997,0
80711,0,2001,0
80713,0,1999,0
80715,0,1999,0
80717,0,1999,0
80719,0,1991,0
80721,0,1997,0
80723,0,1997,0
80725,0,1999,0
80727,0,1998,0
80729,70289,1997,1
80731,0,1998,0
80733,0,1999,0
80735,0,1999,0
80737,0,1999,0
80739,0,1998,0
80741,0,1999,0
80743,0,1998,0
80745,0,2002,0
80747,0,1998,0
80749,0,2002,0
80751,0,1998,0
80753,0,1997,0
80755,0,1997,0
80757,0,1998,0
80759,0,1998,0
80761,0,1998,0
80763,0,1996,0
80765,0,1997,0
80767,0,2002,0
80769,70272,1998,1
80771,0,1999,0
80773,0,2003,0
80775,0,1997,0
80777,0,1999,0
80779,0,2001,0
80781,0,1999,0
80783,0,1999,0
80785,0,1999,0
80787,0,2001,0
80789,0,1999,0
80791,0,1997,0
80793,0,1997,0
80795,0,2003,0
80797,0,1997,0
80799,0,1997,0
80801,0,1997,0
80803,0,1998,0
80805,0,2001,0
80807,0,1999,0
80809,70257,1999,1
80811,0,1997,0
80813,0,1999,0
80815,0,1991,0
80817,0,1983,0
80819,0,1999,0
80821,0,1997,0
80823,0,1996,0
80825,0,1999,0
80827,0,1997,0
80829,0,1997,0
80831,0,1999,0
80833,0,1998,0
80835,0,1997,0
80837,0,1999,0
80839,0,1999,0
80841,0,1997,0
80843,0,2001,0
80845,0,2003,0
80847,0,1999,0
80849,70248,1998,1
80851,0,1999,0
80853,0,1997,0
80855,0,1999,0
80857,0,2001,0
80859,0,1999,0
80861,0,1999,0
80863,0,1999,0
80865,0,1997,0
80867,0,1997,0
80869,0,1999,0
80871,0,1995,0
80873,0,2001,0
80875,0,1997,0
80877,0,1999,0
80879,0,1997,0
80881,0,1997,0
80883,0,1999,0
80885,0,1999,0
80887,0,1999,0
80889,70273,1997,1
80891,0,1996,0
80893,0,1998,0
80895,0,1996,0
80897,0,1997,0
80899,0,1998,0
80901,0,1998,0
80903,0,1997,0
80905,0,1997,0
80907,0,1996,0
80909,0,1997,0
80911,0,1997,0
80913,0,1997,0
80915,0,1998,0
80917,0,1999,0
80919,0,1997,0
80921,0,1997,0
80923,0,1997,0
80925,0,1998,0
80927,0,1997,0
80929,70290,1997,1
80931,0,1997,0
80933,0,1995,0
80935,0,1997,0
80937,0,1998,0
80939,0,1997,0
80941,0,1997,0
80944,0,1999,0
80946,0,1995,0
80948,0,1997,0
80950,0,2002,0
80952,0,2001,0
80954,0,1997,0
80956,0,1998,0
80958,0,1997,0
80960,0,1997,0
80962,0,1998,0
80964,0,1991,0
80966,0,1997,0
80968,0,1997,0
80970,70239,1996,1
80972,0,1997,0
80974,0,1995,0
80976,0,1996,0
80978,0,1997,0
80980,0,1997,0
80982,0,1999,0
80984,0,1997,0
80986,0,1997,0
80988,0,1997,0
80990,0,1997,0
80992,0,1998,0
80994,0,1997,0
80996,0,1997,0
80998,0,2005,0
81000,0,1997,0
81002,0,1997,0
81004,0,1999,0
81006,0,1997,0
81008,0,1999,0
81010,70249,1999,1
81012,0,1997,0
81014,0,1997,0
81016,0,1995,0
81018,0,1997,0
81020,0,2001,0
81022,0,1997,0
81024,0,1997,0
81026,0,1997,0
81028,0,1998,0
81030,0,1997,0
81032,0,1998,0
81034,0,1997,0
81036,0,1996,0
81038,0,1996,0
81040,0,1996,0
81042,0,1999,0
81044,0,1997,0
81046,0,1996,0
81048,70266,1996,1
81050,0,1997,0
81052,0,1998,0
81054,0,1997,0
81056,0,1997,0
81058,0,1997,0
81060,0,1995,0
81062,0,1999,0
81064,0,1997,0
81066,0,1998,0
81068,0,1997,0
81070,0,1997,0
81072,0,1995,0
81074,0,1998,0
81076,0,1997,0
81078,0,1999,0
81080,0,1996,0
81082,0,1995,0
81084,0,1998,0
81086,0,1999,0
81088,70273,1997,1
81090,0,1997,0
81092,0,2001,0
81094,0,1997,0
81096,0,1997,0
81098,0,1997,0
81100,0,1999,0
81102,0,1997,0
81104,0,1999,0
81106,0,1999,0
81108,0,1997,0
81110,0,1997,0
81112,0,2001,0
81114,0,1999,0
81116,0,1995,0
81118,0,1997,0
81120,0,1998,0
81122,0,1997,0
81124,0,1999,0
81126,0,1997,0
81128,70263,1993,1
81130,0,2001,0
81132,0,1999,0
81134,0,1999,0
81136,0,1997,0
81138,0,1996,0
81140,0,1997,0
81142,0,1997,0
81144,0,1996,0
81146,0,1996,0
81148,0,2001,0
81150,0,1997,0
81152,0,1997,0
81154,0,1996,0
81156,0,1997,0
81158,0,2005,0
81160,0,1997,0
81162,0,1996,0
81164,0,1997,0
81166,0,1996,0
81168,70265,1997,1
81170,0,1997,0
81172,0,1997,0
81174,0,1998,0
81176,0,1992,0
81178,0,1996,0
81180,0,1996,0
81182,0,1997,0
81184,0,1997,0
81186,0,1996,0
81188,0,1997,0
81190,0,1995,0
81192,0,1996,0
81194,0,1997,0
81196,0,1995,0
81198,0,1999,0
81200,0,1999,0
81202,0,1999,0
81204,0,1997,0
81206,0,1997,0
81208,70251,1997,1
81210,0,1997,0
81212,0,1997,0
81214,0,1997,0
81216,0,1996,0
81218,0,1999,0
81220,0,1996,0
81222,0,1997,0
81224,0,1997,0
81226,0,1999,0
81228,0,1999,0
81230,0,1999,0
81232,0,1998,0
81234,0,1995,0
81236,0,1997,0
81238,0,1997,0
81240,0,1997,0
81242,0,1997,0
81244,0,1996,0
81246,0,1997,0
81248,70247,1997,1
81250,0,1981,0
81252,0,1996,0
81254,0,1998,0
81256,0,1995,0
81258,0,1997,0
81260,0,1997,0
81262,0,1997,0
81264,0,1999,0
81266,0,1995,0
81268,0,1997,0
81270,0,1997,0
81272,0,1997,0
81274,0,1995,0
81276,0,1997,0
81278,0,1998,0
81280,0,1999,0
81282,0,1998,0
81284,0,1997,0
81286,0,1999,0
81288,70273,1995,1
81290,0,1997,0
81292,0,1997,0
81294,0,1996,0
81296,0,1997,0
81298,0,1998,0
81300,0,1997,0
81302,0,1999,0
81304,0,2001,0
81306,0,1997,0
81308,0,1999,0
81310,0,2001,0
81312,0,1997,0
81314,0,1999,0
81316,0,1996,0
81318,0,1997,0
81320,0,1999,0
81322,0,1997,0
81324,0,1997,0
81326,0,1997,0
81328,70267,1997,1
81330,0,1999,0
81332,0,1997,0
81334,0,1996,0
81336,0,1997,0
81338,0,1999,0
81340,0,1997,0
81342,0,1997,0
81344,0,1997,0
81346,0,1998,0
81348,0,1997,0
81350,0,1997,0
81352,0,1996,0
81354,0,1998,0
81356,0,1997,0
81358,0,1996,0
81360,0,1996,0
81362,0,1997,0
81364,0,1997,0
81366,0,1999,0
81368,70216,1996,1
81370,0,1999,0
81372,0,1999,0
81374,0,1999,0
81376,0,1997,0
81378,0,1997,0
81380,0,1997,0
81382,0,1996,0
81384,0,1997,0
81386,0,1998,0
81388,0,1997,0
81390,0,1997,0
81392,0,1997,0
81394,0,1983,0
81396,0,1998,0
81398,0,1997,0
81400,0,1996,0
81402,0,1995,0
81404,0,1997,0
81406,0,1997,0
81408,70216,1997,1
81410,0,1997,0
81412,0,1994,0
81414,0,2000,0
81416,0,1997,0
81418,0,1997,0
81420,0,1997,0
81422,0,1996,0
81424,0,1995,0
81426,0,1997,0
81428,0,1997,0
81430,0,1996,0
81432,0,1995,0
81434,0,2007,0
81436,0,1995,0
81438,0,1996,0
81440,0,1997,0
81442,0,1997,0
81444,0,1994,0
81446,70232,1997,1
81448,0,1997,0
81450,0,1997,0
81452,0,1996,0
81454,0,1996,0
81456,0,1997,0
81458,0,1997,0
81460,0,1997,0
81462,0,1995,0
81464,0,1997,0
81466,0,1997,0
81468,0,1997,0
81470,0,1996,0
81472,0,1997,0
81474,0,1997,0
81476,0,1997,0
81478,0,1997,0
81480,0,1997,0
81482,0,1997,0
81484,0,1997,0
81486,70246,1997,1
81488,0,1997,0
81490,0,1997,0
81492,0,1997,0
81494,0,1997,0
81496,0,1997,0
81498,0,1996,0
81500,0,1998,0
81502,0,1997,0
81504,0,1997,0
81506,0,1996,0
81508,0,1997,0
81510,0,1999,0
81512,0,1996,0
81514,0,1997,0
81516,0,1997,0
81518,0,1997,0
81520,0,1995,0
81522,0,1996,0
81524,0,1997,0
81526,70240,1997,1
81528,0,1998,0
81530,0,1997,0
81532,0,1995,0
81534,0,1996,0
81536,0,1997,0
81538,0,1997,0
81540,0,1997,0
81542,0,1997,0
81544,0,1999,0
81546,0,1997,0
81548,0,1998,0
81550,0,1997,0
81552,0,1997,0
81554,0,1997,0
81556,0,1997,0
81558,0,1995,0
81560,0,1999,0
81562,0,1997,0
81564,0,1995,0
81566,70237,1997,1
81568,0,1997,0
81570,0,1997,0
81572,0,1997,0
81574,0,1997,0
81576,0,1997,0
81578,0,1997,0
81580,0,1997,0
81582,0,1997,0
81584,0,1997,0
81586,0,1998,0
81588,0,1996,0
81590,0,1998,0
81592,0,1996,0
81594,0,1997,0
81596,0,1997,0
81598,0,1997,0
81600,0,1997,0
81602,0,1997,0
81604,0,1997,0
81606,70224,1997,1
81608,0,1996,0
81610,0,1996,0
81612,0,1997,0
81614,0,1996,0
81616,0,1997,0
81618,0,1995,0
81620,0,1997,0
81622,0,1997,0
81624,0,1997,0
81626,0,1999,0
81628,0,1997,0
81630,0,1995,0
81632,0,1995,0
81634,0,1997,0
81636,0,1997,0
81638,0,1996,0
81640,0,1997,0
81642,0,1996,0
81644,0,1997,0
81646,70233,1997,1
81648,0,1997,0
81650,0,1997,0
81652,0,1997,0
81654,0,1997,0
81656,0,1997,0
81658,0,1996,0
81660,0,1997,0
81662,0,1997,0
81664,0,1997,0
81666,0,1997,0
81668,0,1997,0
81670,0,1995,0
81672,0,1997,0
81674,0,1999,0
81676,0,1995,0
81678,0,1995,0
81680,0,1997,0
81682,0,1996,0
81684,0,1997,0
81686,70262,1997,1
81688,0,1997,0
81690,0,1996,0
81692,0,1995,0
81694,0,1995,0
81696,0,1997,0
81698,0,1997,0
81700,0,1997,0
81702,0,1996,0
81704,0,1996,0
81706,0,1997,0
81708,0,2003,0
81710,0,1995,0
81712,0,1996,0
81714,0,1995,0
81716,0,1997,0
81718,0,1997,0
81720,0,1995,0
81722,0,1998,0
81724,0,1997,0
81726,70266,1995,1
81728,0,1996,0
81730,0,1997,0
81732,0,1996,0
81734,0,1997,0
81736,0,1997,0
81738,0,1997,0
81740,0,1998,0
81742,0,1995,0
81744,0,1996,0
81746,0,1996,0
81748,0,1995,0
81750,0,1996,0
81752,0,1997,0
81754,0,1996,0
81756,0,1995,0
81758,0,1997,0
81760,0,1997,0
81762,0,1996,0
81764,0,1995,0
81766,70197,1999,1
81768,0,1999,0
81770,0,1997,0
81772,0,1996,0
81774,0,1996,0
81776,0,1995,0
81778,0,1995,0
81780,0,1997,0
81782,0,1996,0
81784,0,1997,0
81786,0,1995,0
81788,0,1997,0
81790,0,1995,0
81792,0,1995,0
81794,0,1993,0
81796,0,1994,0
81798,0,1997,0
81800,0,1995,0
81802,0,1997,0
81804,0,1995,0
81806,70182,1995,1
81808,0,1996,0
81810,0,1997,0
81812,0,1997,0
81814,0,1995,0
81816,0,1998,0
81818,0,1995,0
81820,0,1997,0
81822,0,1997,0
81824,0,1996,0
81826,0,1997,0
81828,0,1996,0
81830,0,1997,0
81832,0,1995,0
81834,0,1995,0
81836,0,1996,0
81838,0,1997,0
81840,0,1999,0
81842,0,1995,0
81844,70197,1995,1
81846,0,1995,0
81848,0,1995,0
81850,0,1992,0
81852,0,1997,0
81854,0,1995,0
81856,0,1996,0
81858,0,1997,0
81860,0,2007,0
81862,0,1996,0
81864,0,1996,0
81866,0,1996,0
81868,0,1996,0
81870,0,1997,0
81872,0,1997,0
81874,0,1999,0
81876,0,1997,0
81878,0,1997,0
81880,0,1995,0
81882,0,1997,0
81884,70188,1997,1
81886,0,1996,0
81888,0,1995,0
81890,0,2005,0
81892,0,1997,0
81894,0,1997,0
81896,0,1997,0
81898,0,1995,0
81900,0,1997,0
81902,0,1997,0
81904,0,1997,0
81906,0,1997,0
81908,0,1997,0
81910,0,1997,0
81912,0,1996,0
81914,0,1997,0
81916,0,1998,0
81918,0,1997,0
81920,0,1997,0
81922,0,1996,0
81924,70188,1996,1
81926,0,1997,0
81928,0,1995,0
81930,0,1997,0
81932,0,1997,0
81934,0,1996,0
81936,0,1997,0
81938,0,1997,0
81940,0,1996,0
81942,0,1996,0
81944,0,1996,0
81946,0,1999,0
81948,0,1995,0
81950,0,1995,0
81952,0,1997,0
81954,0,1997,0
81956,0,1996,0
81958,0,1996,0
81960,0,1996,0
81962,0,1995,0
81964,70191,1996,1
81966,0,1997,0
81968,0,1997,0
81970,0,1996,0
81972,0,1995,0
81974,0,1995,0
81976,0,1996,0
81978,0,1995,0
81980,0,1997,0
81982,0,1995,0
81984,0,1997,0
81986,0,1995,0
81988,0,1995,0
81990,0,1997,0
81992,0,1997,0
81994,0,1997,0
81996,0,1996,0
81998,0,1997,0
82000,0,1995,0
82002,0,1996,0
82004,70186,1996,1
82006,0,1996,0
82008,0,1995,0
82010,0,1995,0
82012,0,1995,0
82014,0,1995,0
82016,0,1995,0
82018,0,1995,0
82020,0,1995,0
82022,0,1995,0
82024,0,1997,0
82026,0,1995,0
82028,0,1995,0
82030,0,1995,0
82032,0,1995,0
82034,0,1997,0
82036,0,1996,0
82038,0,1996,0
82040,0,1998,0
82042,0,1997,0
82044,70184,1995,1
82046,0,1997,0
82048,0,1996,0
82050,0,1995,0
82052,0,1996,0
82054,0,1996,0
82056,0,1997,0
82058,0,1995,0
82060,0,1993,0
82062,0,1995,0
82064,0,1997,0
82066,0,1997,0
82068,0,1995,0
82070,0,1996,0
82072,0,1997,0
82074,0,1996,0
82076,0,1995,0
82078,0,1998,0
82080,0,1997,0
82082,0,1999,0
82084,70194,1997,1
82086,0,1995,0
82088,0,1995,0
82090,0,1995,0
82092,0,1996,0
82094,0,1996,0
82096,0,1997,0
82098,0,1996,0
82100,0,1996,0
82102,0,1996,0
82104,0,1995,0
82106,0,1995,0
82108,0,1997,0
82110,0,1998,0
82112,0,1997,0
82114,0,1997,0
82116,0,1996,0
82118,0,1997,0
82120,0,1996,0
82122,0,1995,0
82124,70155,1996,1
82126,0,1996,0
82128,0,1996,0
82130,0,1995,0
82132,0,1997,0
82134,0,1998,0
82136,0,1997,0
82138,0,1997,0
82140,0,1997,0
82142,0,1995,0
82144,0,1996,0
82146,0,1995,0
82148,0,1996,0
82150,0,1995,0
82152,0,1995,0
82154,0,1995,0
82156,0,1996,0
82158,0,1997,0
82160,0,1996,0
82162,0,1995,0
82164,70091,1997,1
82166,0,1991,0
82168,0,1995,0
82170,0,1997,0
82172,0,1995,0
82174,0,1996,0
82176,0,1995,0
82178,0,1997,0
82180,0,1997,0
82182,0,1996,0
82184,0,1997,0
82186,0,1995,0
82188,0,1997,0
82190,0,1997,0
82192,0,1995,0
82194,0,1997,0
82196,0,1995,0
82198,0,1995,0
82200,0,1995,0
82202,0,1995,0
82204,70080,1994,1
82206,0,1993,0
82208,0,1995,0
82210,0,1993,0
82212,0,1995,0
82214,0,1997,0
82216,0,1995,0
82218,0,1997,0
82220,0,1995,0
82222,0,1993,0
82224,0,1997,0
82226,0,1995,0
82228,0,1995,0
82230,0,1995,0
82232,0,1995,0
82234,0,1995,0
82236,0,1992,0
82238,0,1996,0
82240,0,1996,0
82242,70086,1994,1
82244,0,1995,0
82246,0,1995,0
82248,0,1995,0
82250,0,1997,0
82252,0,1995,0
82254,0,1996,0
82256,0,1996,0
82258,0,1997,0
82260,0,1995,0
82262,0,1996,0
82264,0,1995,0
82266,0,1995,0
82268,0,1997,0
82270,0,1995,0
82272,0,1996,0
82274,0,1995,0
82276,0,1995,0
82278,0,1995,0
82280,0,1994,0
82282,70077,1995,1
82284,0,1995,0
82286,0,1995,0
82288,0,1995,0
82290,0,1997,0
82292,0,1996,0
82294,0,1995,0
82296,0,1995,0
82298,0,1995,0
82300,0,1997,0
82302,0,1993,0
82304,0,1996,0
82306,0,1995,0
82308,0,1994,0
82310,0,1995,0
82312,0,1995,0
82314,0,1996,0
82316,0,1994,0
82318,0,1995,0
82320,0,1997,0
82322,70067,1989,1
82324,0,1997,0
82326,0,1995,0
82328,0,1996,0
82330,0,1994,0
82332,0,1995,0
82334,0,1997,0
82336,0,1996,0
82338,0,1995,0
82340,0,1995,0
82342,0,1995,0
82344,0,1996,0
82346,0,1995,0
82348,0,1997,0
82350,0,1995,0
82352,0,1995,0
82354,0,1995,0
82356,0,1994,0
82358,0,1993,0
82360,0,1995,0
82362,70046,1989,1
82364,0,1995,0
82366,0,1995,0
82368,0,1993,0
82370,0,1997,0
82372,0,1995,0
82374,0,1996,0
82376,0,1995,0
82378,0,1997,0
82380,0,1995,0
82382,0,1995,0
82384,0,1997,0
82386,0,1994,0
82388,0,1995,0
82390,0,1994,0
82392,0,1995,0
82394,0,1996,0
82396,0,1995,0
82398,0,1995,0
82400,0,1995,0
82402,70037,1995,1
82404,0,1991,0
82406,0,1995,0
82408,0,1995,0
82410,0,1994,0
82412,0,1997,0
82414,0,1996,0
82416,0,1997,0
82418,0,1995,0
82420,0,1995,0
82422,0,1995,0
82424,0,1995,0
82426,0,1996,0
82428,0,1993,0
82430,0,1983,0
82432,0,1997,0
82434,0,1995,0
82436,0,1995,0
82438,0,1994,0
82440,0,1982,0
82442,70030,1995,1
82444,0,1994,0
82446,0,1994,0
82448,0,1992,0
82450,0,1993,0
82452,0,1995,0
82454,0,1995,0
82456,0,1995,0
82458,0,1995,0
82460,0,1994,0
82462,0,1996,0
82464,0,1995,0
82466,0,1994,0
82468,0,1995,0
82470,0,1997,0
82472,0,1993,0
82474,0,1995,0
82476,0,1995,0
82478,0,1996,0
82480,0,1995,0
82482,70019,1993,1
82484,0,1995,0
82486,0,1995,0
82488,0,1995,0
82490,0,1995,0
82492,0,1995,0
82494,0,1995,0
82496,0,1995,0
82498,0,1995,0
82500,0,1994,0
82502,0,1994,0
82504,0,1992,0
82506,0,1995,0
82508,0,1994,0
82510,0,1996,0
82512,0,1993,0
82514,0,1995,0
82516,0,1993,0
82518,0,1995,0
82520,0,1995,0
82522,69983,1996,1
82524,0,1995,0
82526,0,1993,0
82528,0,1995,0
82530,0,1995,0
82532,0,1995,0
82534,0,1998,0
82536,0,1989,0
82538,0,1995,0
82540,0,1995,0
82542,0,1996,0
82544,0,1995,0
82546,0,1993,0
82548,0,1995,0
82550,0,1995,0
82552,0,1994,0
82554,0,1995,0
82556,0,1995,0
82558,0,1993,0
82560,0,1994,0
82562,69922,1994,1
82564,0,1993,0
82566,0,1993,0
82568,0,1993,0
82570,0,1993,0
82572,0,1993,0
82574,0,1996,0
82576,0,1994,0
82578,0,1991,0
82580,0,1995,0
82582,0,1995,0
82584,0,1995,0
82586,0,1996,0
82588,0,1995,0
82590,0,1995,0
82592,0,1994,0
82594,0,1995,0
82596,0,1994,0
82598,0,1995,0
82600,69944,1994,1
82602,0,1995,0
82604,0,1995,0
82606,0,1994,0
82608,0,1995,0
82610,0,1993,0
82612,0,1995,0
82614,0,1991,0
82616,0,1995,0
82618,0,1995,0
82620,0,1994,0
82622,0,1995,0
82624,0,1995,0
82626,0,1995,0
82628,0,1995,0
82630,0,1995,0
82632,0,1995,0
82634,0,1995,0
82636,0,1995,0
82638,0,1995,0
82640,69955,1995,1
82642,0,1995,0
82644,0,1995,0
82646,0,1993,0
82648,0,1993,0
82650,0,1994,0
82652,0,1995,0
82654,0,1995,0
82656,0,1995,0
82658,0,1995,0
82660,0,1994,0
82662,0,1993,0
82664,0,1995,0
82666,0,1995,0
82668,0,1993,0
82670,0,1995,0
82672,0,1995,0
82674,0,1995,0
82676,0,1993,0
82678,0,1995,0
82680,69955,1993,1
82682,0,1995,0
82684,0,1995,0
82686,0,1994,0
82688,0,1997,0
82690,0,1995,0
82692,0,1995,0
82694,0,1995,0
82696,0,1995,0
82698,0,1995,0
82700,0,1993,0
82702,0,1993,0
82704,0,1995,0
82706,0,1994,0
82708,0,1996,0
82710,0,1992,0
82712,0,1994,0
82714,0,1995,0
82716,0,1995,0
82718,0,1993,0
82720,69963,1994,1
82722,0,1993,0
82724,0,1995,0
82726,0,1993,0
82728,0,1994,0
82730,0,1995,0
82732,0,1994,0
82734,0,1995,0
82736,0,1993,0
82738,0,1994,0
82740,0,1995,0
82742,0,1995,0
82744,0,1996,0
82746,0,1993,0
82748,0,1992,0
82750,0,1995,0
82752,0,1995,0
82754,0,1995,0
82756,0,1995,0
82758,0,1995,0
82760,69956,1995,1
82762,0,1995,0
82764,0,1994,0
82766,0,1995,0
82768,0,1995,0
82770,0,1996,0
82772,0,1996,0
82774,0,1993,0
82776,0,1993,0
82778,0,1995,0
82780,0,1995,0
82782,0,1996,0
82784,0,1993,0
82786,0,1995,0
82788,0,1995,0
82790,0,1996,0
82792,0,1995,0
82794,0,1995,0
82796,0,1996,0
82798,0,1995,0
82800,69948,1995,1
82803,0,1996,0
82805,0,1993,0
82807,0,1993,0
82809,0,1995,0
82811,0,1995,0
82813,0,1995,0
82815,0,1995,0
82817,0,1995,0
82819,0,1995,0
82821,0,1995,0
82823,0,1995,0
82825,0,1995,0
82827,0,1997,0
82829,0,1989,0
82831,0,1995,0
82833,0,1995,0
82835,0,1995,0
82837,0,1995,0
82839,0,1995,0
82841,69953,1994,1
82843,0,1994,0
82845,0,1995,0
82847,0,1992,0
82849,0,1993,0
82851,0,1994,0
82853,0,1995,0
82855,0,1995,0
82857,0,1994,0
82859,0,2009,0
82861,0,1993,0
82863,0,1993,0
82865,0,1993,0
82867,0,1995,0
82869,0,1995,0
82871,0,1993,0
82873,0,1993,0
82875,0,1995,0
82877,0,1995,0
82879,0,1993,0
82881,69995,1995,1
82883,0,1996,0
82885,0,1995,0
82887,0,1995,0
82889,0,1995,0
82891,0,1995,0
82893,0,2028,0
82895,0,1993,0
82897,0,1996,0
82899,0,1995,0
82901,0,1995,0
82903,0,1995,0
82905,0,1993,0
82907,0,1996,0
82909,0,1995,0
82911,0,1993,0
82913,0,1995,0
82915,0,1995,0
82917,0,1994,0
82919,0,1994,0
82921,69985,1995,1
82923,0,1994,0
82925,0,2003,0
82927,0,1995,0
82929,0,1993,0
82931,0,1993,0
82933,0,1995,0
82935,0,1993,0
82937,0,1994,0
82939,0,1993,0
82941,0,1995,0
82943,0,1995,0
82945,0,2004,0
82947,0,1991,0
82949,0,1994,0
82951,0,1992,0
82953,0,1994,0
82955,0,1993,0
82957,0,1995,0
82959,0,1995,0
82961,69985,1993,1
82963,0,1993,0
82965,0,1993,0
82967,0,1995,0
82969,0,1995,0
82971,0,1993,0
82973,0,1993,0
82975,0,1977,0
82977,0,1993,0
82979,0,1994,0
82981,0,1994,0
82983,0,1993,0
82985,0,1995,0
82987,0,1993,0
82989,0,1995,0
82991,0,1995,0
82993,0,1995,0
82995,0,1995,0
82997,0,1995,0
82999,70022,1992,1
83001,0,1995,0
83003,0,1993,0
83005,0,1993,0
83007,0,1994,0
83009,0,1995,0
83011,0,1995,0
83013,0,1995,0
83015,0,1993,0
83017,0,1995,0
83019,0,1994,0
83021,0,1994,0
83023,0,1993,0
83025,0,1993,0
83027,0,1995,0
83029,0,1994,0
83031,0,1992,0
83033,0,1993,0
83035,0,1992,0
83037,0,1995,0
83039,70069,1995,1
83041,0,1995,0
83043,0,1993,0
83045,0,1993,0
83047,0,1994,0
83049,0,1994,0
83051,0,1994,0
83053,0,1995,0
83055,0,1992,0
83057,0,1993,0
83059,0,1994,0
83061,0,1992,0
83063,0,1991,0
83065,0,1995,0
83067,0,1995,0
83069,0,1993,0
83071,0,1995,0
83073,0,1997,0
83075,0,1994,0
83077,0,1993,0
83079,70101,1993,1
83081,0,1993,0
83083,0,1995,0
83085,0,1993,0
83087,0,1993,0
83089,0,1995,0
83091,0,1995,0
83093,0,1993,0
83095,0,1999,0
83097,0,1995,0
83099,0,1993,0
83101,0,1994,0
83103,0,1993,0
83105,0,1992,0
83107,0,1996,0
83109,0,1995,0
83111,0,1995,0
83113,0,1993,0
83115,0,1994,0
83117,0,1995,0
83119,70119,2009,1
83121,0,1993,0
83123,0,1994,0
83125,0,1995,0
83127,0,1995,0
83129,0,1995,0
83131,0,1995,0
83133,0,1995,0
83135,0,1993,0
83137,0,1995,0
83139,0,1995,0
83141,0,1994,0
83143,0,1995,0
83145,0,1994,0
83147,0,1991,0
83149,0,1995,0
83151,0,1995,0
83153,0,1995,0
83155,0,1995,0
83157,0,1993,0
83159,70109,1991,1
83161,0,1993,0
83163,0,1997,0
83165,0,1994,0
83167,0,1994,0
83169,0,1993,0
83171,0,1995,0
83173,0,1993,0
83175,0,1996,0
83177,0,1993,0
83179,0,1993,0
83181,0,1993,0
83183,0,1995,0
83185,0,1993,0
83187,0,1993,0
83189,0,1995,0
83191,0,1993,0
83193,0,1993,0
83195,0,1995,0
83197,0,1993,0
83199,70112,1995,1
83201,0,1995,0
83203,0,1995,0
83205,0,1995,0
83207,0,1995,0
83209,0,1993,0
83211,0,1994,0
83213,0,1993,0
83215,0,1993,0
83217,0,1993,0
83219,0,1993,0
83221,0,1993,0
83223,0,1994,0
83225,0,1995,0
83227,0,1995,0
83229,0,1993,0
83231,0,1993,0
83233,0,1995,0
83235,0,1995,0
83237,0,1994,0
83239,70149,1997,1
83241,0,1993,0
83243,0,1993,0
83245,0,1994,0
83247,0,1993,0
83249,0,1993,0
83251,0,1995,0
83253,0,1994,0
83255,0,1992,0
83257,0,1994,0
83259,0,1993,0
83261,0,1995,0
83263,0,1994,0
83265,0,1993,0
83267,0,1995,0
83269,0,1995,0
83271,0,1995,0
83273,0,1993,0
83275,0,1995,0
83277,0,1995,0
83279,70178,1993,1
83281,0,1995,0
83283,0,1993,0
83285,0,1994,0
83287,0,1995,0
83289,0,1993,0
83291,0,1994,0
83293,0,1995,0
83295,0,1994,0
83297,0,1994,0
83299,0,1993,0
83301,0,1993,0
83303,0,1995,0
83305,0,1995,0
83307,0,1995,0
83309,0,1994,0
83311,0,1992,0
83313,0,1993,0
83315,0,1993,0
83317,0,1993,0
83319,70174,1993,1
83321,0,1993,0
83323,0,1993,0
83325,0,1993,0
83327,0,1993,0
83329,0,1993,0
83331,0,1994,0
83333,0,1992,0
83335,0,1993,0
83337,0,1993,0
83339,0,1993,0
83341,0,1993,0
83343,0,1993,0
83345,0,1994,0
83347,0,1994,0
83349,0,1993,0
83351,0,1993,0
83353,0,1992,0
83355,0,1995,0
83357,0,1996,0
83359,70170,1993,1
83361,0,1994,0
83363,0,1993,0
83365,0,1993,0
83367,0,1993,0
83369,0,1991,0
83371,0,1994,0
83373,0,1993,0
83375,0,1992,0
83377,0,1993,0
83379,0,1996,0
83381,0,1993,0
83383,0,1993,0
83385,0,1993,0
83387,0,1993,0
83389,0,1992,0
83391,0,1992,0
83393,0,1993,0
83395,0,1993,0
83397,70198,1991,1
83399,0,1993,0
83401,0,1993,0
83403,0,1993,0
83405,0,1993,0
83407,0,1993,0
83409,0,1991,0
83411,0,1993,0
83413,0,1993,0
83415,0,1994,0
83417,0,1993,0
83419,0,1994,0
83421,0,1981,0
83423,0,1991,0
83425,0,1993,0
83427,0,1994,0
83429,0,1990,0
83431,0,1993,0
83433,0,1994,0
83435,0,1995,0
83437,70212,1993,1
83439,0,1993,0
83441,0,1992,0
83443,0,1992,0
83445,0,1993,0
83447,0,1992,0
83449,0,1994,0
83451,0,1995,0
83453,0,1993,0
83455,0,1993,0
83457,0,1993,0
83459,0,1994,0
83461,0,1995,0
83463,0,1993,0
83465,0,1993,0
83467,0,1993,0
83469,0,1995,0
83471,0,1993,0
83473,0,1995,0
83475,0,1994,0
83477,70203,1993,1
83479,0,1993,0
83481,0,1993,0
83483,0,1993,0
83485,0,1999,0
83487,0,1995,0
83489,0,1993,0
83491,0,1992,0
83493,0,1993,0
83495,0,1993,0
83497,0,1993,0
83499,0,1993,0
83501,0,1993,0
83503,0,1993,0
83505,0,1993,0
83507,0,1993,0
83509,0,1992,0
83511,0,1992,0
83513,0,1994,0
83515,0,1991,0
83517,70213,1995,1
83519,0,1993,0
83521,0,1993,0
83523,0,1993,0
83525,0,1993,0
83527,0,1993,0
83529,0,1993,0
83531,0,1993,0
83533,0,1993,0
83535,0,1993,0
83537,0,1993,0
83539,0,1994,0
83541,0,1993,0
83543,0,1995,0
83545,0,1995,0
83547,0,1992,0
83549,0,1995,0
83551,0,1994,0
83553,0,1993,0
83555,0,1993,0
83557,70212,1993,1
83559,0,1993,0
83561,0,1993,0
83563,0,1993,0
83565,0,1992,0
83567,0,1993,0
83569,0,1992,0
83571,0,1992,0
83573,0,1993,0
83575,0,1993,0
83577,0,1993,0
83579,0,1993,0
83581,0,1990,0
83583,0,1993,0
83585,0,1994,0
83587,0,1992,0
83589,0,1993,0
83591,0,1994,0
83593,0,1993,0
83595,0,1993,0
83597,70217,1993,1
83599,0,1994,0
83601,0,1992,0
83603,0,1993,0
83605,0,1993,0
83607,0,1994,0
83609,0,1993,0
83611,0,1993,0
83613,0,1993,0
83615,0,1993,0
83617,0,1994,0
83619,0,1993,0
83621,0,1993,0
83623,0,1994,0
83625,0,1995,0
83627,0,1993,0
83629,0,1993,0
83631,0,1993,0
83633,0,1993,0
83635,0,1993,0
83637,70282,1991,1
83639,0,1992,0
83641,0,1993,0
83643,0,1992,0
83645,0,1993,0
83647,0,1993,0
83649,0,1993,0
83651,0,1991,0
83653,0,1993,0
83655,0,1993,0
83657,0,1993,0
83659,0,1993,0
83661,0,1993,0
83663,0,1993,0
83665,0,1992,0
83667,0,1993,0
83669,0,1992,0
83671,0,1993,0
83673,0,1993,0
83675,0,1992,0
83677,70318,1993,1
83679,0,1993,0
83681,0,1993,0
83683,0,1993,0
83685,0,1996,0
83687,0,1992,0
83689,0,1993,0
83691,0,1991,0
83693,0,1990,0
83695,0,1993,0
83697,0,1993,0
83699,0,1992,0
83701,0,1993,0
83703,0,1993,0
83705,0,1993,0
83707,0,1995,0
83709,0,1992,0
83711,0,1992,0
83713,0,1993,0
83715,0,1993,0
83717,70273,1992,1
83719,0,1991,0
83721,0,1984,0
83723,0,1993,0
83725,0,1993,0
83727,0,1991,0
83729,0,1992,0
83731,0,1993,0
83733,0,1992,0
83735,0,1993,0
83737,0,1992,0
83739,0,1993,0
83741,0,1991,0
83743,0,1993,0
83745,0,1993,0
83747,0,1991,0
83749,0,1993,0
83751,0,1993,0
83753,0,1993,0
83755,0,1993,0
83757,70250,1992,1
83759,0,1993,0
83761,0,1992,0
83763,0,1990,0
83765,0,1991,0
83767,0,1983,0
83769,0,1993,0
83771,0,1993,0
83773,0,1993,0
83775,0,1992,0
83777,0,1993,0
83779,0,1992,0
83781,0,1992,0
83783,0,1992,0
83785,0,1989,0
83787,0,2003,0
83789,0,1992,0
83791,0,1991,0
83793,0,1991,0
83795,70273,1993,1
83797,0,1991,0
83799,0,1982,0
83801,0,1993,0
83803,0,1991,0
83805,0,1992,0
83807,0,1992,0
83809,0,1992,0
83811,0,1991,0
83813,0,1991,0
83815,0,1991,0
83817,0,1991,0
83819,0,1992,0
83821,0,1991,0
83823,0,1993,0
83825,0,1991,0
83827,0,1993,0
83829,0,1993,0
83831,0,1992,0
83833,0,1992,0
83835,70302,1992,1
83837,0,1993,0
83839,0,1993,0
83841,0,1991,0
83843,0,1993,0
83845,0,1993,0
83847,0,1992,0
83849,0,1992,0
83851,0,1992,0
83853,0,1983,0
83855,0,1993,0
83857,0,1993,0
83859,0,1993,0
83861,0,1993,0
83863,0,1993,0
83865,0,1993,0
83867,0,1993,0
83869,0,1993,0
83871,0,1992,0
83873,0,1993,0
83875,70311,1993,1
83877,0,1993,0
83879,0,1994,0
83881,0,1993,0
83883,0,1991,0
83885,0,1992,0
83887,0,1993,0
83889,0,1992,0
83891,0,1993,0
83893,0,1992,0
83895,0,1993,0
83897,0,1993,0
83899,0,1993,0
83901,0,1992,0
83903,0,1993,0
83905,0,1991,0
83907,0,1991,0
83909,0,1991,0
83911,0,1994,0
83913,0,1993,0
83915,70330,1992,1
83917,0,1995,0
83919,0,1993,0
83921,0,1993,0
83923,0,1991,0
83925,0,1991,0
83927,0,1993,0
83929,0,1993,0
83931,0,1993,0
83933,0,1993,0
83935,0,1993,0
83937,0,1993,0
83939,0,1992,0
83941,0,1993,0
83943,0,1991,0
83945,0,1991,0
83947,0,1993,0
83949,0,1991,0
83951,0,1993,0
83953,0,1993,0
83955,70388,1991,1
83957,0,1993,0
83959,0,1993,0
83961,0,1993,0
83963,0,1991,0
83965,0,1992,0
83967,0,1993,0
83969,0,1993,0
83971,0,1993,0
83973,0,1993,0
83975,0,1992,0
83977,0,1993,0
83979,0,1991,0
83981,0,1992,0
83983,0,1993,0
83985,0,1991,0
83987,0,1995,0
83989,0,1992,0
83991,0,1992,0
83993,0,1993,0
83995,70468,1993,1
83997,0,1993,0
83999,0,1993,0
84001,0,1993,0
84003,0,1991,0
84005,0,1992,0
84007,0,1992,0
84009,0,1993,0
84011,0,1993,0
84013,0,1993,0
84015,0,1992,0
84017,0,1992,0
84019,0,1993,0
84021,0,1993,0
84023,0,1993,0
84025,0,1993,0
84027,0,1993,0
84029,0,1993,0
84031,0,1993,0
84033,0,2005,0
84035,70538,1992,1
84037,0,1993,0
84039,0,1991,0
84041,0,1992,0
84043,0,1992,0
84045,0,1993,0
84047,0,1993,0
84049,0,1993,0
84051,0,1993,0
84053,0,1993,0
84055,0,1992,0
84057,0,1992,0
84059,0,1992,0
84061,0,1994,0
84063,0,1993,0
84065,0,1993,0
84067,0,1992,0
84069,0,1992,0
84071,0,2008,0
84073,0,1992,0
84075,70555,1992,1
84077,0,1993,0
84079,0,1990,0
84081,0,1990,0
84083,0,1993,0
84085,0,1991,0
84087,0,1993,0
84089,0,1993,0
84091,0,1997,0
84093,0,1992,0
84095,0,1993,0
84097,0,1993,0
84099,0,1991,0
84101,0,1991,0
84103,0,1993,0
84105,0,1991,0
84107,0,1993,0
84109,0,1993,0
84111,0,1991,0
84113,0,1992,0
84115,70494,1991,1
84117,0,1993,0
84119,0,1992,0
84121,0,1993,0
84123,0,1991,0
84125,0,1993,0
84127,0,1993,0
84129,0,1994,0
84131,0,1992,0
84133,0,1992,0
84135,0,1992,0
84137,0,1989,0
84139,0,1993,0
84141,0,1993,0
84143,0,1992,0
84145,0,1993,0
84147,0,1992,0
84149,0,1992,0
84151,0,1992,0
84153,0,1992,0
84155,70460,1981,1
84157,0,1993,0
84159,0,1991,0
84161,0,1992,0
84163,0,1991,0
84165,0,1989,0
84167,0,1992,0
84169,0,1991,0
84171,0,1991,0
84173,0,1991,0
84175,0,1991,0
84177,0,1992,0
84179,0,1991,0
84181,0,1992,0
84183,0,1992,0
84185,0,1991,0
84187,0,1991,0
84189,0,1991,0
84191,0,1991,0
84193,70440,1991,1
84195,0,1991,0
84197,0,1992,0
84199,0,1993,0
84201,0,1992,0
84203,0,1992,0
84205,0,1990,0
84207,0,1992,0
84209,0,1995,0
84211,0,1993,0
84213,0,1993,0
84215,0,1991,0
84217,0,1989,0
84219,0,1991,0
84221,0,1991,0
84223,0,1990,0
84225,0,1993,0
84227,0,1991,0
84229,0,1993,0
84231,0,1991,0
84233,70426,1992,1
84235,0,1992,0
84237,0,1991,0
84239,0,1992,0
84241,0,1992,0
84243,0,1993,0
84245,0,1993,0
84247,0,1991,0
84249,0,1989,0
84251,0,1992,0
84253,0,1991,0
84255,0,1990,0
84257,0,1992,0
84259,0,1993,0
84261,0,1991,0
84263,0,1993,0
84265,0,1991,0
84267,0,1990,0
84269,0,1993,0
84271,0,1992,0
84273,70421,1991,1
84275,0,1991,0
84277,0,1993,0
84279,0,1992,0
84281,0,1995,0
84283,0,1992,0
84285,0,1989,0
84287,0,1991,0
84289,0,1991,0
84291,0,1991,0
84293,0,1991,0
84295,0,1991,0
84297,0,1991,0
84299,0,1992,0
84301,0,1991,0
84303,0,1991,0
84305,0,1991,0
84307,0,1992,0
84309,0,1991,0
84311,0,1993,0
84313,70431,1991,1
84315,0,1992,0
84317,0,1991,0
84319,0,1991,0
84321,0,1991,0
84323,0,1993,0
84325,0,1991,0
84327,0,1991,0
84329,0,1991,0
84331,0,1992,0
84333,0,1991,0
84335,0,1992,0
84337,0,1993,0
84339,0,1992,0
84341,0,1989,0
84343,0,1991,0
84345,0,1993,0
84347,0,1991,0
84349,0,1990,0
84351,0,1991,0
84353,70436,1992,1
84355,0,1992,0
84357,0,1991,0
84359,0,1990,0
84361,0,1991,0
84363,0,1991,0
84365,0,1991,0
84367,0,1990,0
84369,0,1990,0
84371,0,1991,0
84373,0,1992,0
84375,0,1992,0
84377,0,1991,0
84379,0,1991,0
84381,0,1991,0
84383,0,1989,0
84385,0,1991,0
84387,0,1990,0
84389,0,1990,0
84391,0,1991,0
84393,70451,1991,1
84395,0,1992,0
84397,0,1991,0
84399,0,1988,0
84401,0,1989,0
84403,0,1991,0
84405,0,1990,0
84407,0,1991,0
84409,0,1991,0
84411,0,1991,0
84413,0,1992,0
84415,0,1991,0
84417,0,1991,0
84419,0,1992,0
84421,0,1990,0
84423,0,1989,0
84425,0,1991,0
84427,0,1992,0
84429,0,1991,0
84431,0,1991,0
84433,70498,1984,1
84435,0,1989,0
84437,0,1991,0
84439,0,1991,0
84441,0,1991,0
84443,0,1988,0
84445,0,1991,0
84447,0,1989,0
84449,0,1991,0
84451,0,1989,0
84453,0,1991,0
84455,0,1979,0
84457,0,1992,0
84459,0,1991,0
84461,0,1991,0
84463,0,1990,0
84465,0,1971,0
84467,0,1991,0
84469,0,1991,0
84471,0,1991,0
84473,70545,1989,1
84475,0,1990,0
84477,0,1991,0
84479,0,1991,0
84481,0,1991,0
84483,0,1991,0
84485,0,1990,0
84487,0,1991,0
84489,0,1991,0
84491,0,1991,0
84493,0,1989,0
84495,0,1967,0
84497,0,1992,0
84499,0,1991,0
84501,0,1989,0
84503,0,1989,0
84505,0,1991,0
84507,0,1993,0
84509,0,1992,0
84511,0,1991,0
84513,70562,1990,1
84515,0,1989,0
84517,0,1990,0
84519,0,1989,0
84521,0,1991,0
84523,0,1991,0
84525,0,1984,0
84527,0,1991,0
84529,0,1989,0
84531,0,1989,0
84533,0,1991,0
84535,0,1989,0
84537,0,1991,0
84539,0,1991,0
84541,0,1991,0
84543,0,1989,0
84545,0,1983,0
84547,0,1980,0
84549,0,1989,0
84551,0,1989,0
84553,70591,1989,1
84555,0,1989,0
84557,0,1992,0
84559,0,1983,0
84561,0,1991,0
84563,0,1990,0
84565,0,1984,0
84567,0,1989,0
84569,0,1991,0
84571,0,1989,0
84573,0,1990,0
84575,0,1991,0
84577,0,1984,0
84579,0,1991,0
84581,0,1989,0
84583,0,1990,0
84585,0,1989,0
84587,0,1983,0
84589,0,1983,0
84591,70557,1989,1
84593,0,1989,0
84595,0,1990,0
84597,0,1989,0
84599,0,1989,0
84601,0,1988,0
84603,0,1983,0
84605,0,1989,0
84607,0,1991,0
84609,0,1992,0
84611,0,1989,0
84613,0,1991,0
84615,0,1989,0
84617,0,1989,0
84619,0,1990,0
84621,0,1989,0
84624,0,1983,0
84626,0,1989,0
84628,0,1989,0
84630,0,1989,0
84632,70488,1989,1
84634,0,1989,0
84636,0,1991,0
84638,0,1991,0
84640,0,1989,0
84642,0,1989,0
84644,0,1989,0
84646,0,1990,0
84648,0,1989,0
84650,0,1989,0
84652,0,1991,0
84654,0,1989,0
84656,0,1989,0
84658,0,1989,0
84660,0,1990,0
84662,0,1988,0
84664,0,1989,0
84666,0,1989,0
84668,0,1989,0
84670,0,1991,0
84672,70376,1983,1
84674,0,1990,0
84676,0,1989,0
84678,0,1988,0
84680,0,1989,0
84682,0,1989,0
84684,0,1991,0
84686,0,1989,0
84688,0,1991,0
84690,0,1989,0
84692,0,1989,0
84694,0,1990,0
84696,0,1989,0
84698,0,1991,0
84700,0,1991,0
84702,0,1989,0
84704,0,1989,0
84706,0,1989,0
84708,0,1989,0
84710,0,1991,0
84712,70314,1991,1
84714,0,1991,0
84716,0,1989,0
84718,0,1991,0
84720,0,1989,0
84722,0,1984,0
84724,0,1991,0
84726,0,1991,0
84728,0,1991,0
84730,0,1989,0
84732,0,1989,0
84734,0,1984,0
84736,0,1991,0
84738,0,1989,0
84740,0,1989,0
84742,0,1989,0
84744,0,1991,0
84746,0,1993,0
84748,0,1992,0
84750,0,1989,0
84752,70304,1990,1
84754,0,1989,0
84756,0,1991,0
84758,0,1993,0
84760,0,1990,0
84762,0,1989,0
84764,0,1991,0
84766,0,1988,0
84768,0,1989,0
84770,0,1988,0
84772,0,1991,0
84774,0,1990,0
84776,0,1990,0
84778,0,1990,0
84780,0,1991,0
84782,0,1990,0
84784,0,1993,0
84786,0,1989,0
84788,0,1991,0
84790,0,1991,0
84792,70322,1990,1
84794,0,1991,0
84796,0,1988,0
84798,0,1989,0
84800,0,1991,0
84802,0,1991,0
84804,0,1991,0
84806,0,1993,0
84808,0,1993,0
84810,0,1989,0
84812,0,1991,0
84814,0,1992,0
84816,0,1990,0
84818,0,1989,0
84820,0,1991,0
84822,0,1991,0
84824,0,1990,0
84826,0,1992,0
84828,0,1992,0
84830,0,1997,0
84832,70341,1991,1
84834,0,1990,0
84836,0,1991,0
84838,0,1990,0
84840,0,1991,0
84842,0,1991,0
84844,0,1991,0
84846,0,1991,0
84848,0,1991,0
84850,0,1990,0
84852,0,1993,0
84854,0,1991,0
84856,0,1990,0
84858,0,1990,0
84860,0,1991,0
84862,0,1991,0
84864,0,1990,0
84866,0,1991,0
84868,0,1991,0
84870,0,1991,0
84872,70290,1991,1
84874,0,1991,0
84876,0,1990,0
84878,0,1991,0
84880,0,1991,0
84882,0,1991,0
84884,0,1989,0
84886,0,1989,0
84888,0,1989,0
84890,0,1991,0
84892,0,1991,0
84894,0,1989,0
84896,0,1990,0
84898,0,1991,0
84900,0,1991,0
84902,0,1991,0
84904,0,1993,0
84906,0,1991,0
84908,0,1991,0
84910,0,1991,0
84912,70221,1991,1
84914,0,1992,0
84916,0,1991,0
84918,0,1989,0
84920,0,1992,0
84922,0,1991,0
84924,0,1991,0
84926,0,1991,0
84928,0,1989,0
84930,0,1991,0
84932,0,1991,0
84934,0,1991,0
84936,0,1992,0
84938,0,1991,0
84940,0,1991,0
84942,0,1992,0
84944,0,1991,0
84946,0,1991,0
84948,0,1991,0
84950,0,1992,0
84952,70213,1991,1
84954,0,1991,0
84956,0,1991,0
84958,0,1991,0
84960,0,1991,0
84962,0,1991,0
84964,0,1991,0
84966,0,1990,0
84968,0,1992,0
84970,0,1991,0
84972,0,1991,0
84974,0,1991,0
84976,0,1991,0
84978,0,1992,0
84980,0,1992,0
84982,0,1990,0
84984,0,1993,0
84986,0,1991,0
84988,0,1990,0
84990,70243,1991,1
84992,0,1992,0
84994,0,1991,0
84996,0,1991,0
84998,0,1991,0
85000,0,1992,0
85002,0,1991,0
85004,0,1991,0
85006,0,1993,0
85008,0,1990,0
85010,0,1991,0
85012,0,1991,0
85014,0,1991,0
85016,0,1990,0
85018,0,1991,0
85020,0,1991,0
85022,0,1992,0
85024,0,1991,0
85026,0,1991,0
85028,0,1992,0
85030,70249,1991,1
85032,0,1992,0
85034,0,1993,0
85036,0,1991,0
85038,0,1993,0
85040,0,1992,0
85042,0,1992,0
85044,0,1991,0
85046,0,1983,0
85048,0,1991,0
85050,0,1991,0
85052,0,1993,0
85054,0,1992,0
85056,0,1991,0
85058,0,1991,0
85060,0,1995,0
85062,0,1991,0
85064,0,1991,0
85066,0,1993,0
85068,0,1997,0
85070,70236,1992,1
85072,0,1993,0
85074,0,1993,0
85076,0,1992,0
85078,0,1992,0
85080,0,1991,0
85082,0,1992,0
85084,0,1992,0
85086,0,1994,0
85088,0,1993,0
85090,0,1993,0
85092,0,1993,0
85094,0,1991,0
85096,0,1993,0
85098,0,1993,0
85100,0,1993,0
85102,0,1992,0
85104,0,1993,0
85106,0,1993,0
85108,0,1992,0
85110,70224,1993,1
85112,0,1991,0
85114,0,1994,0
85116,0,1995,0
85118,0,1993,0
85120,0,1993,0
85122,0,1988,0
85124,0,1992,0
85126,0,1992,0
85128,0,1993,0
85130,0,1995,0
85132,0,1993,0
85134,0,1994,0
85136,0,1995,0
85138,0,1993,0
85140,0,1992,0
85142,0,1992,0
85144,0,1996,0
85146,0,1993,0
85148,0,1993,0
85150,70216,1991,1
85152,0,1996,0
85154,0,1993,0
85156,0,1991,0
85158,0,1995,0
85160,0,1992,0
85162,0,1993,0
85164,0,2002,0
85166,0,1993,0
85168,0,1993,0
85170,0,1991,0
85172,0,1991,0
85174,0,1994,0
85176,0,1993,0
85178,0,1993,0
85180,0,1994,0
85182,0,1993,0
85184,0,1992,0
85186,0,1992,0
85188,0,1993,0
85190,70221,1992,1
85192,0,1993,0
85194,0,1995,0
85196,0,1993,0
85198,0,1993,0
85200,0,1995,0
85202,0,1991,0
85204,0,1993,0
85206,0,1995,0
85208,0,1980,0
85210,0,1993,0
85212,0,1993,0
85214,0,1995,0
85216,0,1993,0
85218,0,1994,0
85220,0,1993,0
85222,0,1994,0
85224,0,1995,0
85226,0,1993,0
85228,0,1995,0
85230,70236,1994,1
85232,0,1991,0
85234,0,1993,0
85236,0,1995,0
85238,0,1994,0
85240,0,1992,0
85242,0,1995,0
85244,0,1993,0
85246,0,1993,0
85248,0,1995,0
85250,0,1993,0
85252,0,1995,0
85254,0,1993,0
85256,0,1993,0
85258,0,1993,0
85260,0,1993,0
85262,0,1995,0
85264,0,1993,0
85266,0,1993,0
85268,0,1995,0
85270,70239,1993,1
85272,0,1993,0
85274,0,1991,0
85276,0,1995,0
85278,0,1992,0
85280,0,1993,0
85282,0,1993,0
85284,0,1991,0
85286,0,1993,0
85288,0,1993,0
85290,0,1994,0
85292,0,1994,0
85294,0,1993,0
85296,0,1991,0
85298,0,1993,0
85300,0,1993,0
85302,0,1993,0
85304,0,1992,0
85306,0,1993,0
85308,0,1995,0
85310,70217,1993,1
85312,0,1993,0
85314,0,1992,0
85316,0,1993,0
85318,0,1991,0
85320,0,1993,0
85322,0,1995,0
85324,0,1993,0
85326,0,1995,0
85328,0,1997,0
85330,0,1993,0
85332,0,1993,0
85334,0,1993,0
85336,0,1994,0
85338,0,1993,0
85340,0,1994,0
85342,0,1993,0
85344,0,1994,0
85346,0,1993,0
85348,70199,1992,1
85350,0,1993,0
85352,0,1995,0
85354,0,1995,0
85356,0,1995,0
85358,0,1993,0
85360,0,1993,0
85362,0,1995,0
85364,0,1994,0
85366,0,1995,0
85368,0,1995,0
85370,0,1994,0
85372,0,1993,0
85374,0,1993,0
85376,0,1995,0
85378,0,1995,0
85380,0,1995,0
85382,0,1993,0
85384,0,1994,0
85386,0,1993,0
85388,70118,1995,1
85390,0,1995,0
85392,0,1995,0
85394,0,1995,0
85396,0,1995,0
85398,0,1994,0
85400,0,1995,0
85402,0,1995,0
85404,0,1993,0
85406,0,1995,0
85408,0,1993,0
85410,0,1993,0
85412,0,1994,0
85414,0,1997,0
85416,0,1995,0
85418,0,1995,0
85420,0,1996,0
85422,0,1995,0
85424,0,1995,0
85426,0,1997,0
85428,70082,1993,1
85430,0,1995,0
85432,0,1997,0
85434,0,1996,0
85436,0,1995,0
85438,0,1993,0
85440,0,1995,0
85442,0,1995,0
85444,0,1995,0
85446,0,1991,0
85448,0,1995,0
85450,0,1995,0
85452,0,1995,0
85454,0,1992,0
85456,0,1994,0
85458,0,1993,0
85460,0,1995,0
85462,0,1995,0
85464,0,1995,0
85466,0,1996,0
85468,70087,1993,1
85470,0,1995,0
85472,0,1995,0
85474,0,1995,0
85476,0,1983,0
85478,0,1995,0
85480,0,1993,0
85482,0,1993,0
85484,0,1997,0
85486,0,1995,0
85488,0,1994,0
85490,0,1994,0
85492,0,1994,0
85494,0,1994,0
85496,0,1993,0
85498,0,1994,0
85500,0,1995,0
85502,0,1994,0
85504,0,1994,0
85506,0,1995,0
85508,70077,1996,1
85510,0,1997,0
85512,0,1994,0
85514,0,1993,0
85516,0,1991,0
85518,0,1995,0
85520,0,1995,0
85522,0,1995,0
85524,0,1995,0
85526,0,1995,0
85528,0,1994,0
85530,0,1996,0
85532,0,1995,0
85534,0,1993,0
85536,0,1995,0
85538,0,1995,0
85540,0,1995,0
85542,0,1995,0
85544,0,1995,0
85546,0,1993,0
85548,70040,1993,1
85550,0,1995,0
85552,0,1995,0
85554,0,1995,0
85556,0,1995,0
85558,0,1983,0
85560,0,1995,0
85562,0,1996,0
85564,0,1995,0
85566,0,1997,0
85568,0,1995,0
85570,0,1997,0
85572,0,1993,0
85574,0,1993,0
85576,0,1995,0
85578,0,1994,0
85580,0,1995,0
85582,0,1996,0
85584,0,1995,0
85586,0,1995,0
85588,70038,1994,1
85590,0,1995,0
85592,0,1993,0
85594,0,1997,0
85596,0,1994,0
85598,0,1993,0
85600,0,1994,0
85602,0,1994,0
85604,0,1993,0
85606,0,1995,0
85608,0,1995,0
85610,0,1994,0
85612,0,1995,0
85614,0,1996,0
85616,0,1995,0
85618,0,1997,0
85620,0,1993,0
85622,0,1995,0
85624,0,1995,0
85626,0,1996,0
85628,70037,1995,1
85630,0,1995,0
85632,0,1996,0
85634,0,1995,0
85636,0,1995,0
85638,0,1995,0
85640,0,1995,0
85642,0,1997,0
85644,0,1995,0
85646,0,1995,0
85648,0,1994,0
85650,0,1995,0
85652,0,1995,0
85654,0,1997,0
85656,0,1995,0
85658,0,1995,0
85660,0,1996,0
85662,0,1995,0
85664,0,1995,0
85666,0,1995,0
85668,69965,1993,1
85670,0,1995,0
85672,0,1995,0
85674,0,1995,0
85676,0,1995,0
85678,0,1994,0
85680,0,1995,0
85682,0,1995,0
85684,0,1995,0
85686,0,1995,0
85688,0,1995,0
85690,0,1994,0
85692,0,1995,0
85694,0,1997,0
85696,0,1994,0
85698,0,1997,0
85700,0,1995,0
85702,0,1994,0
85704,0,1995,0
85706,0,1993,0
85708,69872,1995,1
85710,0,1995,0
85712,0,1996,0
85714,0,1995,0
85716,0,1995,0
85718,0,1995,0
85720,0,1993,0
85722,0,1995,0
85724,0,1995,0
85726,0,1995,0
85728,0,1993,0
85730,0,1996,0
85732,0,1996,0
85734,0,1993,0
85736,0,1995,0
85738,0,1995,0
85740,0,1995,0
85742,0,1996,0
85744,0,1995,0
85746,69871,1989,1
85748,0,1995,0
85750,0,1995,0
85752,0,1995,0
85754,0,1995,0
85756,0,1993,0
85758,0,1996,0
85760,0,1995,0
85762,0,1995,0
85764,0,1996,0
85766,0,1995,0
85768,0,1996,0
85770,0,1995,0
85772,0,1995,0
85774,0,1995,0
85776,0,1995,0
85778,0,1996,0
85780,0,1996,0
85782,0,1995,0
85784,0,1995,0
85786,69894,1993,1
85788,0,1995,0
85790,0,1996,0
85792,0,1993,0
85794,0,1995,0
85796,0,1995,0
85798,0,1995,0
85800,0,1997,0
85802,0,1995,0
85804,0,1995,0
85806,0,1995,0
85808,0,1992,0
85810,0,1995,0
85812,0,1994,0
85814,0,1997,0
85816,0,1994,0
85818,0,1995,0
85820,0,1996,0
85822,0,1995,0
85824,0,1996,0
85826,69902,1995,1
85828,0,1997,0
85830,0,2009,0
85832,0,1994,0
85834,0,1995,0
85836,0,1995,0
85838,0,1995,0
85840,0,1997,0
85842,0,1995,0
85844,0,1997,0
85846,0,1995,0
85848,0,1994,0
85850,0,1995,0
85852,0,1996,0
85854,0,1995,0
85856,0,1996,0
85858,0,1993,0
85860,0,1997,0
85862,0,1996,0
85864,0,1997,0
85866,69884,1995,1
85868,0,1995,0
85870,0,1996,0
85872,0,1995,0
85874,0,1997,0
85876,0,1995,0
85878,0,1996,0
85880,0,1993,0
85882,0,1996,0
85884,0,1996,0
85886,0,1994,0
85888,0,1995,0
85890,0,1997,0
85892,0,1996,0
85894,0,1997,0
85896,0,1995,0
85898,0,1997,0
85900,0,1995,0
85902,0,1997,0
85904,0,1997,0
85906,69863,1995,1
85908,0,1995,0
85910,0,1995,0
85912,0,1996,0
85914,0,1996,0
85916,0,1996,0
85918,0,1995,0
85920,0,1995,0
85922,0,1997,0
85924,0,1995,0
85926,0,1997,0
85928,0,1997,0
85930,0,1995,0
85932,0,1995,0
85934,0,1995,0
85936,0,1996,0
85938,0,1996,0
85940,0,1993,0
85942,0,1999,0
85944,0,1997,0
85946,69853,1995,1
85948,0,1995,0
85950,0,1994,0
85952,0,1993,0
85954,0,1999,0
85956,0,1995,0
85958,0,1995,0
85960,0,1997,0
85962,0,1995,0
85964,0,2005,0
85966,0,1993,0
85968,0,1995,0
85970,0,1997,0
85972,0,1997,0
85974,0,1995,0
85976,0,1995,0
85978,0,1997,0
85980,0,1995,0
85982,0,1997,0
85984,0,1995,0
85986,69859,1995,1
85988,0,1995,0
85990,0,1995,0
85992,0,1995,0
85994,0,1995,0
85996,0,1997,0
85998,0,1994,0
86000,0,1995,0
86002,0,1996,0
86004,0,1997,0
86006,0,1995,0
86008,0,1997,0
86010,0,1995,0
86012,0,1997,0
86014,0,1995,0
86016,0,1996,0
86018,0,1995,0
86020,0,1996,0
86022,0,1995,0
86024,0,1997,0
86026,69858,1995,1
86028,0,1994,0
86030,0,1995,0
86032,0,1995,0
86034,0,1997,0
86036,0,1996,0
86038,0,1995,0
86040,0,1995,0
86042,0,1995,0
86044,0,1997,0
86046,0,1997,0
86048,0,1993,0
86050,0,1994,0
86052,0,1995,0
86054,0,1995,0
86056,0,1995,0
86058,0,1999,0
86060,0,1997,0
86062,0,1996,0
86064,0,1997,0
86066,69823,1995,1
86068,0,1995,0
86070,0,1996,0
86072,0,1995,0
86074,0,1995,0
86076,0,1994,0
86078,0,1993,0
86080,0,1995,0
86082,0,1995,0
86084,0,1995,0
86086,0,1997,0
86088,0,1996,0
86090,0,1995,0
86092,0,1995,0
86094,0,1995,0
86096,0,1995,0
86098,0,1995,0
86100,0,1995,0
86102,0,1995,0
86104,0,1997,0
86106,69797,1995,1
86108,0,1995,0
86110,0,1994,0
86112,0,1993,0
86114,0,1993,0
86116,0,1995,0
86118,0,1995,0
86120,0,1996,0
86122,0,1995,0
86124,0,1995,0
86126,0,1995,0
86128,0,1995,0
86130,0,1995,0
86132,0,1996,0
86134,0,1995,0
86136,0,1995,0
86138,0,1995,0
86140,0,1995,0
86142,0,1996,0
86144,69797,1993,1
86146,0,1996,0
86148,0,1996,0
86150,0,1995,0
86152,0,1997,0
86154,0,1993,0
86156,0,1995,0
86158,0,1995,0
86160,0,1996,0
86162,0,1995,0
86164,0,1993,0
86166,0,1995,0
86168,0,1995,0
86170,0,1995,0
86172,0,1996,0
86174,0,1995,0
86176,0,1995,0
86178,0,1995,0
86180,0,1996,0
86182,0,1997,0
86184,69772,1995,1
86186,0,1995,0
86188,0,1996,0
86190,0,1995,0
86192,0,1995,0
86194,0,1996,0
86196,0,1995,0
86198,0,1993,0
86200,0,1995,0
86202,0,1996,0
86204,0,1996,0
86206,0,1997,0
86208,0,1995,0
86210,0,1995,0
86212,0,1996,0
86214,0,1997,0
86216,0,1995,0
86218,0,1995,0
86220,0,1995,0
86222,0,1995,0
86224,69767,1993,1
86226,0,1994,0
86228,0,1995,0
86230,0,1994,0
86232,0,1995,0
86234,0,1995,0
86236,0,1995,0
86238,0,1997,0
86240,0,1997,0
86242,0,1996,0
86244,0,1995,0
86246,0,1995,0
86248,0,1993,0
86250,0,1995,0
86252,0,1996,0
86254,0,1997,0
86256,0,1995,0
86258,0,1995,0
86260,0,1997,0
86262,0,1997,0
86264,69798,1994,1
86266,0,1996,0
86268,0,1995,0
86270,0,1995,0
86272,0,1995,0
86274,0,1994,0
86276,0,1995,0
86278,0,1995,0
86280,0,1996,0
86282,0,1995,0
86284,0,1995,0
86286,0,1996,0
86288,0,1996,0
86290,0,1995,0
86292,0,1995,0
86294,0,1996,0
86296,0,1995,0
86298,0,1997,0
86300,0,1995,0
86302,0,1995,0
86304,69825,1995,1
86306,0,1996,0
86308,0,1996,0
86310,0,1995,0
86312,0,1995,0
86314,0,1995,0
86316,0,1995,0
86318,0,1996,0
86320,0,1995,0
86322,0,1995,0
86324,0,1997,0
86326,0,1994,0
86328,0,1995,0
86330,0,1996,0
86332,0,1996,0
86334,0,1995,0
86336,0,1995,0
86338,0,1997,0
86340,0,1995,0
86342,0,1995,0
86344,69824,1997,1
86346,0,1995,0
86348,0,1995,0
86350,0,1997,0
86352,0,1996,0
86354,0,1995,0
86356,0,1997,0
86358,0,1996,0
86360,0,1997,0
86362,0,1996,0
86364,0,1995,0
86366,0,1995,0
86368,0,1997,0
86370,0,1994,0
86372,0,1997,0
86374,0,1995,0
86376,0,1996,0
86378,0,1995,0
86380,0,1997,0
86382,0,1995,0
86384,69838,1995,1
86386,0,1995,0
86388,0,1983,0
86390,0,1995,0
86392,0,1995,0
86394,0,1995,0
86396,0,1996,0
86398,0,1995,0
86400,0,1995,0
86402,0,1996,0
86404,0,1995,0
86406,0,1995,0
86408,0,1995,0
86410,0,1995,0
86412,0,1995,0
86414,0,1995,0
86416,0,1995,0
86418,0,1995,0
86420,0,1995,0
86422,0,1996,0
86424,69868,2005,1
86426,0,1995,0
86428,0,1996,0
86430,0,1997,0
86432,0,1995,0
86434,0,1995,0
86436,0,1995,0
86438,0,1995,0
86440,0,1997,0
86442,0,1995,0
86444,0,1995,0
86446,0,1995,0
86448,0,1995,0
86450,0,1995,0
86452,0,1995,0
86454,0,1996,0
86456,0,1996,0
86458,0,1995,0
86460,0,1996,0
86462,0,1995,0
86464,69836,1995,1
86466,0,1997,0
86468,0,1995,0
86470,0,1995,0
86473,0,1994,0
86475,0,1995,0
86477,0,1995,0
86479,0,1997,0
86481,0,1995,0
86483,0,1995,0
86485,0,1995,0
86487,0,1995,0
86489,0,1995,0
86491,0,1995,0
86493,0,1997,0
86495,0,1997,0
86497,0,2000,0
86499,0,1996,0
86501,0,1996,0
86503,0,1996,0
86505,69832,1993,1
86507,0,1993,0
86509,0,1996,0
86511,0,1995,0
86513,0,1995,0
86515,0,1995,0
86517,0,1995,0
86519,0,1995,0
86521,0,1994,0
86523,0,1993,0
86525,0,1995,0
86527,0,1995,0
86529,0,1995,0
86531,0,1995,0
86533,0,1995,0
86535,0,1995,0
86537,0,1995,0
86539,0,1995,0
86541,0,1995,0
86543,69853,1995,1
86545,0,1994,0
86547,0,1995,0
86549,0,1995,0
86551,0,1995,0
86553,0,1995,0
86555,0,1995,0
86557,0,1997,0
86559,0,1994,0
86561,0,1995,0
86563,0,1995,0
86565,0,1995,0
86567,0,1995,0
86569,0,1995,0
86571,0,1995,0
86573,0,1995,0
86575,0,1993,0
86577,0,1993,0
86579,0,1995,0
86581,0,1995,0
86583,69875,1995,1
86585,0,1995,0
86587,0,1995,0
86589,0,1993,0
86591,0,1995,0
86593,0,1995,0
86595,0,1997,0
86597,0,1992,0
86599,0,1997,0
86601,0,1996,0
86603,0,1995,0
86605,0,1995,0
86607,0,1995,0
86609,0,1995,0
86611,0,1995,0
86613,0,1995,0
86615,0,1997,0
86617,0,1996,0
86619,0,1995,0
86621,0,1995,0
86623,69902,1995,1
86625,0,1995,0
86627,0,1995,0
86629,0,1995,0
86631,0,1997,0
86633,0,1995,0
86635,0,1995,0
86637,0,1995,0
86639,0,1993,0
86641,0,1995,0
86643,0,1995,0
86645,0,1996,0
86647,0,1995,0
86649,0,1995,0
86651,0,1995,0
86653,0,1995,0
86655,0,1996,0
86657,0,1995,0
86659,0,1997,0
86661,0,1996,0
86663,69939,1995,1
86665,0,1995,0
86667,0,1995,0
86669,0,1996,0
86671,0,1995,0
86673,0,1995,0
86675,0,1997,0
86677,0,1996,0
86679,0,1995,0
86681,0,1995,0
86683,0,1995,0
86685,0,1995,0
86687,0,1997,0
86689,0,1995,0
86691,0,1995,0
86693,0,1996,0
86695,0,1995,0
86697,0,1995,0
86699,0,1996,0
86701,0,1996,0
86703,69946,1997,1
86705,0,1994,0
86707,0,1995,0
86709,0,1994,0
86711,0,1995,0
86713,0,1995,0
86715,0,1997,0
86717,0,1995,0
86719,0,1995,0
86721,0,1997,0
86723,0,1995,0
86725,0,1997,0
86727,0,1995,0
86729,0,1995,0
86731,0,1995,0
86733,0,1995,0
86735,0,1995,0
86737,0,1996,0
86739,0,1995,0
86741,0,1996,0
86743,69921,1995,1
86745,0,1998,0
86747,0,1995,0
86749,0,1995,0
86751,0,1995,0
86753,0,1997,0
86755,0,1997,0
86757,0,1995,0
86759,0,1997,0
86761,0,1996,0
86763,0,1997,0
86765,0,1996,0
86767,0,1996,0
86769,0,1995,0
86771,0,1997,0
86773,0,1997,0
86775,0,2002,0
86777,0,1995,0
86779,0,1997,0
86781,0,1997,0
86783,69920,1995,1
86785,0,1995,0
86787,0,1997,0
86789,0,1996,0
86791,0,1997,0
86793,0,1996,0
86795,0,1995,0
86797,0,1996,0
86799,0,1995,0
86801,0,1997,0
86803,0,1995,0
86805,0,1996,0
86807,0,1995,0
86809,0,1994,0
86811,0,1995,0
86813,0,1995,0
86815,0,1993,0
86817,0,1995,0
86819,0,1995,0
86821,0,1995,0
86823,69894,1993,1
86825,0,1995,0
86827,0,1996,0
86829,0,1995,0
86831,0,1995,0
86833,0,1995,0
86835,0,1995,0
86837,0,1996,0
86839,0,1995,0
86841,0,1995,0
86843,0,1997,0
86845,0,1995,0
86847,0,1998,0
86849,0,1996,0
86851,0,1995,0
86853,0,1997,0
86855,0,1995,0
86857,0,1996,0
86859,0,1997,0
86861,0,1995,0
86863,69805,1995,1
86865,0,1996,0
86867,0,1997,0
86869,0,1998,0
86871,0,1997,0
86873,0,1995,0
86875,0,1996,0
86877,0,1997,0
86879,0,1995,0
86881,0,1995,0
86883,0,1996,0
86885,0,1995,0
86887,0,1995,0
86889,0,1995,0
86891,0,1996,0
86893,0,1996,0
86895,0,1997,0
86897,0,1997,0
86899,0,1996,0
86901,0,1997,0
86903,69791,1995,1
86905,0,1997,0
86907,0,1997,0
86909,0,1996,0
86911,0,1996,0
86913,0,1995,0
86915,0,1997,0
86917,0,1995,0
86919,0,1980,0
86921,0,1995,0
86923,0,1996,0
86925,0,1995,0
86927,0,1996,0
86929,0,1995,0
86931,0,1996,0
86933,0,1997,0
86935,0,1998,0
86937,0,1995,0
86939,0,1995,0
86941,69834,1995,1
86943,0,1998,0
86945,0,1997,0
86947,0,1996,0
86949,0,1995,0
86951,0,1996,0
86953,0,1995,0
86955,0,1996,0
86957,0,1997,0
86959,0,1995,0
86961,0,1995,0
86963,0,1997,0
86965,0,1997,0
86967,0,1995,0
86969,0,1995,0
86971,0,1997,0
86973,0,1996,0
86975,0,1995,0
86977,0,1996,0
86979,0,1996,0
86981,69867,1997,1
86983,0,1995,0
86985,0,1997,0
86987,0,1997,0
86989,0,1995,0
86991,0,1995,0
86993,0,1997,0
86995,0,1996,0
86997,0,1997,0
86999,0,1996,0
87001,0,1997,0
87003,0,1996,0
87005,0,1996,0
87007,0,1996,0
87009,0,1997,0
87011,0,1995,0
87013,0,1995,0
87015,0,1995,0
87017,0,1995,0
87019,0,1996,0
87021,69873,1996,1
87023,0,1997,0
87025,0,1997,0
87027,0,1995,0
87029,0,1993,0
87031,0,1996,0
87033,0,1995,0
87035,0,1995,0
87037,0,1995,0
87039,0,1996,0
87041,0,1995,0
87043,0,1995,0
87045,0,1998,0
87047,0,1995,0
87049,0,1995,0
87051,0,1995,0
87053,0,1992,0
87055,0,1996,0
87057,0,1997,0
87059,0,1995,0
87061,69890,1997,1
87063,0,1997,0
87065,0,1996,0
87067,0,1995,0
87069,0,1995,0
87071,0,1995,0
87073,0,1995,0
87075,0,1999,0
87077,0,1997,0
87079,0,1995,0
87081,0,1999,0
87083,0,1995,0
87085,0,1993,0
87087,0,1994,0
87089,0,1995,0
87091,0,1995,0
87093,0,1995,0
87095,0,1995,0
87097,0,1993,0
87099,0,1994,0
87101,69982,1995,1
87103,0,1995,0
87105,0,1995,0
87107,0,1995,0
87109,0,1995,0
87111,0,1993,0
87113,0,1996,0
87115,0,1995,0
87117,0,1995,0
87119,0,1996,0
87121,0,1993,0
87123,0,1995,0
87125,0,1995,0
87127,0,1995,0
87129,0,1995,0
87131,0,1995,0
87133,0,1995,0
87135,0,1994,0
87137,0,1995,0
87139,0,1995,0
87141,70168,1996,1
87143,0,1995,0
87145,0,1995,0
87147,0,1995,0
87149,0,2007,0
87151,0,1996,0
87153,0,1995,0
87155,0,1995,0
87157,0,1996,0
87159,0,1994,0
87161,0,1995,0
87163,0,1995,0
87165,0,1995,0
87167,0,1995,0
87169,0,1993,0
87171,0,1994,0
87173,0,1995,0
87175,0,1994,0
87177,0,1996,0
87179,0,1996,0
87181,70379,1995,1
87183,0,1997,0
87185,0,1995,0
87187,0,1993,0
87189,0,1995,0
87191,0,1995,0
87193,0,1995,0
87195,0,1995,0
87197,0,1995,0
87199,0,1995,0
87201,0,1994,0
87203,0,1995,0
87205,0,1996,0
87207,0,1995,0
87209,0,1995,0
87211,0,1994,0
87213,0,1996,0
87215,0,1996,0
87217,0,1995,0
87219,0,1995,0
87221,70358,1994,1
87223,0,1994,0
87225,0,1993,0
87227,0,1996,0
87229,0,1995,0
87231,0,1995,0
87233,0,1995,0
87235,0,1995,0
87237,0,1995,0
87239,0,1995,0
87241,0,1997,0
87243,0,1996,0
87245,0,1997,0
87247,0,1995,0
87249,0,1995,0
87251,0,1996,0
87253,0,1995,0
87255,0,1995,0
87257,0,1995,0
87259,0,1996,0
87261,70139,1995,1
87263,0,1995,0
87265,0,1995,0
87267,0,1993,0
87269,0,1995,0
87271,0,1993,0
87273,0,1995,0
87275,0,1996,0
87277,0,1995,0
87279,0,1995,0
87281,0,1996,0
87283,0,1995,0
87285,0,1995,0
87287,0,1995,0
87289,0,1996,0
87291,0,1999,0
87293,0,1995,0
87295,0,1996,0
87297,0,1995,0
87299,0,1995,0
87301,70052,1994,1
87303,0,1997,0
87305,0,1994,0
87307,0,1995,0
87309,0,1996,0
87311,0,1995,0
87313,0,1996,0
87315,0,1995,0
87317,0,1995,0
87319,0,1995,0
87321,0,1997,0
87323,0,1993,0
87325,0,1997,0
87327,0,1995,0
87329,0,1995,0
87331,0,1997,0
87333,0,1997,0
87335,0,1997,0
87337,0,1995,0
87339,70086,1995,1
87341,0,1997,0
87343,0,1988,0
87345,0,1995,0
87347,0,1996,0
87349,0,1997,0
87351,0,1995,0
87353,0,1995,0
87355,0,1995,0
87357,0,1995,0
87359,0,1998,0
87361,0,1997,0
87363,0,1997,0
87365,0,1996,0
87367,0,1997,0
87369,0,1996,0
87371,0,1995,0
87373,0,1996,0
87375,0,1997,0
87377,0,1996,0
87379,70132,1997,1
87381,0,1997,0
87383,0,1997,0
87385,0,1997,0
87387,0,1995,0
87389,0,1996,0
87391,0,1996,0
87393,0,1997,0
87395,0,1997,0
87397,0,1997,0
87399,0,1997,0
87401,0,1996,0
87403,0,1995,0
87405,0,1997,0
87407,0,1997,0
87409,0,1997,0
87411,0,1997,0
87413,0,1995,0
87415,0,1995,0
87417,0,1997,0
87419,70154,2003,1
87421,0,1997,0
87423,0,1996,0
87425,0,1997,0
87427,0,1996,0
87429,0,1995,0
87431,0,1997,0
87433,0,1997,0
87435,0,1997,0
87437,0,1997,0
87439,0,1997,0
87441,0,1997,0
87443,0,1996,0
87445,0,1996,0
87447,0,1995,0
87449,0,1997,0
87451,0,1997,0
87453,0,1997,0
87455,0,1996,0
87457,0,1997,0
87459,70136,1997,1
87461,0,1997,0
87463,0,1997,0
87465,0,1997,0
87467,0,1997,0
87469,0,1997,0
87471,0,1997,0
87473,0,1997,0
87475,0,1998,0
87477,0,1998,0
87479,0,1995,0
87481,0,1997,0
87483,0,1998,0
87485,0,1997,0
87487,0,1997,0
87489,0,1997,0
87491,0,1997,0
87493,0,1997,0
87495,0,1997,0
87497,0,1998,0
87499,70113,1997,1
87501,0,1989,0
87503,0,1996,0
87505,0,1996,0
87507,0,1996,0
87509,0,1997,0
87511,0,1996,0
87513,0,1997,0
87515,0,1998,0
87517,0,1997,0
87519,0,1997,0
87521,0,1996,0
87523,0,1998,0
87525,0,2002,0
87527,0,1997,0
87529,0,1997,0
87531,0,1998,0
87533,0,1998,0
87535,0,1996,0
87537,0,1999,0
87539,70134,1997,1
87541,0,1999,0
87543,0,1997,0
87545,0,2002,0
87547,0,1997,0
87549,0,1996,0
87551,0,1998,0
87553,0,1998,0
87555,0,1998,0
87557,0,1999,0
87559,0,1997,0
87561,0,1995,0
87563,0,1998,0
87565,0,1997,0
87567,0,1997,0
87569,0,1997,0
87571,0,1997,0
87573,0,1997,0
87575,0,1996,0
87577,0,1995,0
87579,70153,1997,1
87581,0,1997,0
87583,0,1999,0
87585,0,1999,0
87587,0,1997,0
87589,0,1996,0
87591,0,1997,0
87593,0,1997,0
87595,0,1998,0
87597,0,1999,0
87599,0,2001,0
87601,0,1997,0
87603,0,1997,0
87605,0,1998,0
87607,0,2011,0
87609,0,1997,0
87611,0,1997,0
87613,0,1997,0
87615,0,1999,0
87617,0,1999,0
87619,70120,1997,1
87621,0,1999,0
87623,0,1996,0
87625,0,1998,0
87627,0,1998,0
87629,0,1997,0
87631,0,1997,0
87633,0,1999,0
87635,0,1997,0
87637,0,1997,0
87639,0,1999,0
87641,0,1998,0
87643,0,1999,0
87645,0,1997,0
87647,0,1997,0
87649,0,1997,0
87651,0,2006,0
87653,0,1998,0
87655,0,1997,0
87657,0,1997,0
87659,70022,1997,1
87661,0,1999,0
87663,0,1997,0
87665,0,1999,0
87667,0,1999,0
87669,0,1998,0
87671,0,1995,0
87673,0,1997,0
87675,0,1998,0
87677,0,1997,0
87679,0,1995,0
87681,0,1999,0
87683,0,1997,0
87685,0,1999,0
87687,0,1995,0
87689,0,1998,0
87691,0,2001,0
87693,0,2001,0
87695,0,1997,0
87697,70023,1996,1
87699,0,1997,0
87701,0,1997,0
87703,0,1997,0
87705,0,2003,0
87707,0,1998,0
87709,0,1999,0
87711,0,1998,0
87713,0,1995,0
87715,0,1998,0
87717,0,1998,0
87719,0,1999,0
87721,0,1998,0
87723,0,2001,0
87725,0,2005,0
87727,0,1999,0
87729,0,1999,0
87731,0,1998,0
87733,0,1999,0
87735,0,1999,0
87737,70036,1999,1
87739,0,1999,0
87741,0,2001,0
87743,0,1997,0
87745,0,1998,0
87747,0,1999,0
87749,0,1999,0
87751,0,1999,0
87753,0,1999,0
87755,0,1997,0
87757,0,1999,0
87759,0,2003,0
87761,0,1997,0
87763,0,1997,0
87765,0,2001,0
87767,0,1997,0
87769,0,1999,0
87771,0,2001,0
87773,0,2002,0
87775,0,1997,0
87777,70054,1999,1
87779,0,2004,0
87781,0,1999,0
87783,0,1997,0
87785,0,2001,0
87787,0,2002,0
87789,0,1999,0
87791,0,2001,0
87793,0,1999,0
87795,0,1999,0
87797,0,1997,0
87799,0,1999,0
87801,0,1997,0
87803,0,1999,0
87805,0,1999,0
87807,0,1992,0
87809,0,1999,0
87811,0,1999,0
87813,0,1999,0
87815,0,2001,0
87817,70040,2001,1
87819,0,2001,0
87821,0,2001,0
87823,0,2001,0
87825,0,2001,0
87827,0,1996,0
87829,0,2001,0
87831,0,1999,0
87833,0,1999,0
87835,0,1999,0
87837,0,2001,0
87839,0,2001,0
87841,0,2003,0
87843,0,2001,0
87845,0,2003,0
87847,0,1999,0
87849,0,1999,0
87851,0,2001,0
87853,0,1999,0
87855,0,1998,0
87857,70017,1997,1
87859,0,1999,0
87861,0,2001,0
87863,0,2001,0
87865,0,2001,0
87867,0,2001,0
87869,0,1998,0
87871,0,2001,0
87873,0,2001,0
87875,0,1999,0
87877,0,1999,0
87879,0,1999,0
87881,0,2003,0
87883,0,1999,0
87885,0,2001,0
87887,0,2002,0
87889,0,2002,0
87891,0,2003,0
87893,0,2003,0
87895,0,1998,0
87897,69997,2002,1
87899,0,2003,0
87901,0,2001,0
87903,0,2002,0
87905,0,2001,0
87907,0,2003,0
87909,0,2003,0
87911,0,2001,0
87913,0,2003,0
87915,0,2003,0
87917,0,1999,0
87919,0,2003,0
87921,0,1998,0
87923,0,2003,0
87925,0,2003,0
87927,0,2003,0
87929,0,1999,0
87931,0,2003,0
87933,0,2001,0
87935,0,2003,0
87937,69965,2003,1
87939,0,2003,0
87941,0,2003,0
87943,0,1999,0
87945,0,1999,0
87947,0,2003,0
87949,0,2003,0
87951,0,2002,0
87953,0,2003,0
87955,0,2003,0
87957,0,2003,0
87959,0,2003,0
87961,0,2003,0
87963,0,2002,0
87965,0,1999,0
87967,0,2003,0
87969,0,2003,0
87971,0,2002,0
87973,0,2004,0
87975,0,1999,0
87977,69948,2003,1
87979,0,2003,0
87981,0,2003,0
87983,0,2004,0
87985,0,2003,0
87987,0,2003,0
87989,0,2003,0
87991,0,2003,0
87993,0,2003,0
87995,0,2001,0
87997,0,1997,0
87999,0,2003,0
88001,0,1999,0
88003,0,2003,0
88005,0,2002,0
88007,0,2008,0
88009,0,2003,0
88011,0,2002,0
88013,0,2003,0
88015,0,2005,0
88017,69847,2003,1
88019,0,2003,0
88021,0,2001,0
88023,0,2002,0
88025,0,2003,0
88027,0,2003,0
88029,0,2004,0
88031,0,2003,0
88033,0,2003,0
88035,0,2001,0
88037,0,2000,0
88039,0,2005,0
88041,0,2003,0
88043,0,2003,0
88045,0,2004,0
88047,0,2003,0
88049,0,2003,0
88051,0,2003,0
88053,0,2003,0
88055,0,2003,0
88057,69716,1999,1
88059,0,2002,0
88061,0,2001,0
88063,0,2003,0
88065,0,2003,0
88067,0,2003,0
88069,0,2003,0
88071,0,2003,0
88073,0,2003,0
88075,0,2003,0
88077,0,2004,0
88079,0,2004,0
88081,0,2003,0
88083,0,2003,0
88085,0,2005,0
88087,0,2001,0
88089,0,2003,0
88091,0,2003,0
88093,0,2004,0
88095,69670,2003,1
88097,0,2003,0
88099,0,2007,0
88101,0,2003,0
88103,0,2001,0
88105,0,2003,0
88107,0,2003,0
88109,0,2003,0
88111,0,2003,0
88113,0,2003,0
88115,0,2003,0
88117,0,2003,0
88119,0,2003,0
88121,0,2003,0
88123,0,2005,0
88125,0,2003,0
88127,0,2003,0
88129,0,2003,0
88131,0,2003,0
88133,0,2005,0
88135,69614,1999,1
88137,0,2003,0
88139,0,2003,0
88141,0,2003,0
88143,0,2005,0
88145,0,2003,0
88147,0,2005,0
88149,0,2003,0
88151,0,2003,0
88153,0,2005,0
88155,0,2003,0
88157,0,2004,0
88159,0,2003,0
88161,0,2002,0
88163,0,2005,0
88165,0,2005,0
88167,0,2005,0
88169,0,2003,0
88171,0,2004,0
88173,0,2004,0
88175,69579,2004,1
88177,0,2003,0
88179,0,2003,0
88181,0,2003,0
88183,0,2005,0
88185,0,2003,0
88187,0,2005,0
88189,0,2003,0
88191,0,2005,0
88193,0,2005,0
88195,0,2005,0
88197,0,2003,0
88199,0,2004,0
88201,0,2003,0
88203,0,2003,0
88205,0,2003,0
88207,0,2003,0
88209,0,2003,0
88211,0,2005,0
88213,0,2003,0
88215,69557,2003,1
88217,0,2005,0
88219,0,2004,0
88221,0,2005,0
88223,0,2003,0
88225,0,2005,0
88227,0,2003,0
88229,0,2005,0
88231,0,2005,0
88233,0,2003,0
88235,0,2005,0
88237,0,2005,0
88239,0,2005,0
88241,0,2005,0
88243,0,2004,0
88245,0,2005,0
88247,0,2005,0
88249,0,2004,0
88251,0,2005,0
88253,0,2003,0
88255,69496,2005,1
88257,0,2005,0
88259,0,2003,0
88261,0,2003,0
88263,0,2005,0
88265,0,2005,0
88267,0,2003,0
88269,0,2006,0
88271,0,2005,0
88273,0,2004,0
88275,0,2005,0
88277,0,2004,0
88279,0,2005,0
88281,0,2005,0
88283,0,2007,0
88285,0,2005,0
88287,0,2005,0
88289,0,2003,0
88291,0,2005,0
88293,0,2005,0
88295,69399,2005,1
88297,0,2005,0
88299,0,2003,0
88301,0,2005,0
88303,0,2005,0
88305,0,2007,0
88307,0,2003,0
88309,0,2005,0
88311,0,2005,0
88313,0,2005,0
88315,0,2005,0
88317,0,2005,0
88320,0,2005,0
88322,0,2005,0
88324,0,2003,0
88326,0,2005,0
88328,0,2005,0
88330,0,2005,0
88332,0,2005,0
88334,0,2005,0
88336,69329,2003,1
88338,0,2005,0
88340,0,2003,0
88342,0,2005,0
88344,0,2005,0
88346,0,2003,0
88348,0,2005,0
88350,0,2004,0
88352,0,2005,0
88354,0,2005,0
88356,0,2005,0
88358,0,2004,0
88360,0,2004,0
88362,0,2005,0
88364,0,2005,0
88366,0,2006,0
88368,0,2005,0
88370,0,2005,0
88372,0,2005,0
88374,0,2005,0
88376,69273,2005,1
88378,0,2005,0
88380,0,2005,0
88382,0,2005,0
88384,0,2005,0
88386,0,2003,0
88388,0,2005,0
88390,0,2005,0
88392,0,2005,0
88394,0,2005,0
88396,0,2006,0
88398,0,2006,0
88400,0,2004,0
88402,0,2004,0
88404,0,2007,0
88406,0,2005,0
88408,0,2005,0
88410,0,2005,0
88412,0,2005,0
88414,0,2006,0
88416,69209,2004,1
88418,0,2006,0
88420,0,1999,0
88422,0,2005,0
88424,0,2006,0
88426,0,2006,0
88428,0,2005,0
88430,0,2005,0
88432,0,2005,0
88434,0,2007,0
88436,0,2005,0
88438,0,2005,0
88440,0,2009,0
88442,0,2003,0
88444,0,2004,0
88446,0,2007,0
88448,0,2006,0
88450,0,2005,0
88452,0,2004,0
88454,0,2008,0
88456,69143,2005,1
88458,0,2005,0
88460,0,2006,0
88462,0,2006,0
88464,0,2004,0
88466,0,2003,0
88468,0,2005,0
88470,0,2004,0
88472,0,2005,0
88474,0,2005,0
88476,0,2008,0
88478,0,2006,0
88480,0,2005,0
88482,0,2006,0
88484,0,2005,0
88486,0,2005,0
88488,0,2005,0
88490,0,2006,0
88492,0,2006,0
88494,69138,2005,1
88496,0,2004,0
88498,0,1997,0
88500,0,2007,0
88502,0,2005,0
88504,0,2005,0
88506,0,2008,0
88508,0,2007,0
88510,0,2005,0
88512,0,2007,0
88514,0,2006,0
88516,0,2005,0
88518,0,2006,0
88520,0,2007,0
88522,0,2005,0
88524,0,2007,0
88526,0,2006,0
88528,0,2005,0
88530,0,2005,0
88532,0,2006,0
88534,69101,2006,1
88536,0,2005,0
88538,0,2007,0
88540,0,2007,0
88542,0,2007,0
88544,0,2004,0
88546,0,2007,0
88548,0,2005,0
88550,0,2006,0
88552,0,2007,0
88554,0,2006,0
88556,0,2007,0
88558,0,2007,0
88560,0,2007,0
88562,0,2006,0
88564,0,2003,0
88566,0,2007,0
88568,0,2007,0
88570,0,2007,0
88572,0,2007,0
88574,69026,2005,1
88576,0,2006,0
88578,0,2006,0
88580,0,2007,0
88582,0,2007,0
88584,0,2007,0
88586,0,2008,0
88588,0,2007,0
88590,0,2007,0
88592,0,2005,0
88594,0,2005,0
88596,0,2007,0
88598,0,2007,0
88600,0,2007,0
88602,0,2007,0
88604,0,2007,0
88606,0,2007,0
88608,0,2008,0
88610,0,2007,0
88612,0,2005,0
88614,68953,2007,1
88616,0,2007,0
88618,0,2007,0
88620,0,2007,0
88622,0,2006,0
88624,0,2006,0
88626,0,2008,0
88628,0,2007,0
88630,0,2005,0
88632,0,2007,0
88634,0,2009,0
88636,0,2005,0
88638,0,2008,0
88640,0,2007,0
88642,0,2007,0
88644,0,2008,0
88646,0,2007,0
88648,0,2007,0
88650,0,2007,0
88652,0,2006,0
88654,68901,2005,1
88656,0,2006,0
88658,0,2007,0
88660,0,2009,0
88662,0,2007,0
88664,0,2007,0
88666,0,2006,0
88668,0,2007,0
88670,0,2008,0
88672,0,2008,0
88674,0,2007,0
88676,0,2007,0
88678,0,2009,0
88680,0,2008,0
88682,0,2009,0
88684,0,2005,0
88686,0,2009,0
88688,0,2007,0
88690,0,2007,0
88692,0,2007,0
88694,68882,2008,1
88696,0,2007,0
88698,0,2007,0
88700,0,2007,0
88702,0,2005,0
88704,0,2007,0
88706,0,2007,0
88708,0,2007,0
88710,0,2008,0
88712,0,2007,0
88714,0,2008,0
88716,0,2007,0
88718,0,2009,0
88720,0,2007,0
88722,0,2009,0
88724,0,2007,0
88726,0,2006,0
88728,0,2009,0
88730,0,2005,0
88732,0,2008,0
88734,68902,2007,1
88736,0,2006,0
88738,0,2007,0
88740,0,2008,0
88742,0,2008,0
88744,0,2007,0
88746,0,2007,0
88748,0,2009,0
88750,0,2009,0
88752,0,2008,0
88754,0,2010,0
88756,0,2008,0
88758,0,2006,0
88760,0,2007,0
88762,0,2008,0
88764,0,2008,0
88766,0,2006,0
88768,0,2009,0
88770,0,2009,0
88772,0,2009,0
88774,68918,2007,1
88776,0,2008,0
88778,0,2007,0
88780,0,2007,0
88782,0,2007,0
88784,0,2007,0
88786,0,2007,0
88788,0,2008,0
88790,0,2007,0
88792,0,2008,0
88794,0,2007,0
88796,0,2009,0
88798,0,2009,0
88800,0,2009,0
88802,0,2007,0
88804,0,2007,0
88806,0,2009,0
88808,0,2009,0
88810,0,2006,0
88812,0,2009,0
88814,68881,2009,1
88816,0,2008,0
88818,0,2007,0
88820,0,2009,0
88822,0,2011,0
88824,0,2009,0
88826,0,2009,0
88828,0,2009,0
88830,0,2008,0
88832,0,2008,0
88834,0,2009,0
88836,0,2009,0
88838,0,2009,0
88840,0,2009,0
88842,0,2009,0
88844,0,1998,0
88846,0,2009,0
88848,0,2009,0
88850,0,2007,0
88852,0,2009,0
88854,68839,2008,1
88856,0,2007,0
88858,0,2009,0
88860,0,2009,0
88862,0,2008,0
88864,0,2008,0
88866,0,2007,0
88868,0,2009,0
88870,0,2009,0
88872,0,2009,0
88874,0,2008,0
88876,0,2007,0
88878,0,2009,0
88880,0,2009,0
88882,0,2009,0
88884,0,2009,0
88886,0,2009,0
88888,0,2009,0
88890,0,2009,0
88892,68811,2009,1
88894,0,2008,0
88896,0,2007,0
88898,0,1994,0
88900,0,2009,0
88902,0,2009,0
88904,0,2009,0
88906,0,2009,0
88908,0,2006,0
88910,0,2008,0
88912,0,2009,0
88914,0,2009,0
88916,0,2009,0
88918,0,2011,0
88920,0,2008,0
88922,0,2008,0
88924,0,2007,0
88926,0,2009,0
88928,0,2009,0
88930,0,2013,0
88932,68774,2009,1
88934,0,2007,0
88936,0,2008,0
88938,0,2013,0
88940,0,2009,0
88942,0,2009,0
88944,0,2009,0
88946,0,2011,0
88948,0,2009,0
88950,0,2009,0
88952,0,2009,0
88954,0,2011,0
88956,0,2009,0
88958,0,2011,0
88960,0,1999,0
88962,0,2009,0
88964,0,2009,0
88966,0,2009,0
88968,0,2011,0
88970,0,2009,0
88972,68749,2011,1
88974,0,2010,0
88976,0,2009,0
88978,0,2009,0
88980,0,2008,0
88982,0,2011,0
88984,0,2010,0
88986,0,2009,0
88988,0,2009,0
88990,0,2008,0
88992,0,2009,0
88994,0,2009,0
88996,0,2009,0
88998,0,2011,0
89000,0,2008,0
89002,0,2009,0
89004,0,2011,0
89006,0,2009,0
89008,0,2009,0
89010,0,2009,0
89012,68730,2009,1
89014,0,2008,0
89016,0,2009,0
89018,0,2011,0
89020,0,2011,0
89022,0,2009,0
89024,0,2011,0
89026,0,2012,0
89028,0,2008,0
89030,0,2011,0
89032,0,2009,0
89034,0,2009,0
89036,0,2009,0
89038,0,2011,0
89040,0,2009,0
89042,0,2011,0
89044,0,2009,0
89046,0,2009,0
89048,0,2009,0
89050,0,2011,0
89052,68706,2011,1
89054,0,2009,0
89056,0,2011,0
89058,0,2009,0
89060,0,2011,0
89062,0,2010,0
89064,0,2011,0
89066,0,2011,0
89068,0,2010,0
89070,0,2009,0
89072,0,2011,0
89074,0,2009,0
89076,0,2009,0
89078,0,2011,0
89080,0,2009,0
89082,0,2011,0
89084,0,2011,0
89086,0,2009,0
89088,0,2009,0
89090,0,2011,0
89092,68670,2012,1
89094,0,2009,0
89096,0,2012,0
89098,0,2013,0
89100,0,2009,0
89102,0,2008,0
89104,0,2011,0
89106,0,2011,0
89108,0,2017,0
89110,0,2009,0
89112,0,2011,0
89114,0,2009,0
89116,0,2011,0
89118,0,2009,0
89120,0,2011,0
89122,0,2011,0
89124,0,2010,0
89126,0,2010,0
89128,0,2009,0
89130,0,2011,0
89132,68664,2011,1
89134,0,2009,0
89136,0,2011,0
89138,0,2011,0
89140,0,2010,0
89142,0,2009,0
89144,0,2011,0
89146,0,2010,0
89148,0,2011,0
89150,0,2011,0
89152,0,2011,0
89154,0,2011,0
89156,0,2012,0
89158,0,2011,0
89160,0,2012,0
89162,0,2007,0
89164,0,2013,0
89166,0,2009,0
89168,0,2011,0
89170,0,2011,0
89172,68650,2009,1
89174,0,2010,0
89176,0,2010,0
89178,0,2011,0
89180,0,2011,0
89182,0,2011,0
89184,0,2011,0
89186,0,2011,0
89188,0,2011,0
89190,0,2009,0
89192,0,2013,0
89194,0,2011,0
89196,0,2011,0
89198,0,2012,0
89200,0,2009,0
89202,0,2011,0
89204,0,2011,0
89206,0,2011,0
89208,0,2011,0
89210,0,2011,0
89212,68593,2012,1
89214,0,2007,0
89216,0,2011,0
89218,0,2011,0
89220,0,2011,0
89222,0,2010,0
89224,0,2011,0
89226,0,2013,0
89228,0,2011,0
89230,0,2012,0
89232,0,2005,0
89234,0,2011,0
89236,0,2011,0
89238,0,2011,0
89240,0,2011,0
89242,0,2013,0
89244,0,2013,0
89246,0,2012,0
89248,0,2012,0
89250,0,2011,0
89252,68512,2013,1
89254,0,2011,0
89256,0,2011,0
89258,0,2012,0
89260,0,2012,0
89262,0,2011,0
89264,0,2011,0
89266,0,2011,0
89268,0,2011,0
89270,0,2011,0
89272,0,2012,0
89274,0,2012,0
89276,0,2011,0
89278,0,2013,0
89280,0,2011,0
89282,0,2012,0
89284,0,2012,0
89286,0,2013,0
89288,0,2012,0
89290,68487,2011,1
89292,0,2013,0
89294,0,2008,0
89296,0,2011,0
89298,0,2011,0
89300,0,2013,0
89302,0,2011,0
89304,0,2013,0
89306,0,2013,0
89308,0,2011,0
89310,0,2013,0
89312,0,2013,0
89314,0,2013,0
89316,0,2012,0
89318,0,2014,0
89320,0,2011,0
89322,0,2013,0
89324,0,2012,0
89326,0,2013,0
89328,0,2011,0
89330,68481,2013,1
89332,0,2012,0
89334,0,2011,0
89336,0,2012,0
89338,0,2011,0
89340,0,2012,0
89342,0,2013,0
89344,0,2012,0
89346,0,2013,0
89348,0,2014,0
89350,0,2013,0
89352,0,2011,0
89354,0,2013,0
89356,0,2013,0
89358,0,2011,0
89360,0,2013,0
89362,0,2013,0
89364,0,2013,0
89366,0,2014,0
89368,0,2012,0
89370,68502,2013,1
89372,0,2013,0
89374,0,2011,0
89376,0,2014,0
89378,0,2007,0
89380,0,2011,0
89382,0,2013,0
89384,0,2013,0
89386,0,2013,0
89388,0,2012,0
89390,0,2017,0
89392,0,2011,0
89394,0,2011,0
89396,0,2013,0
89398,0,2013,0
89400,0,2013,0
89402,0,2014,0
89404,0,2015,0
89406,0,2011,0
89408,0,2013,0
89410,68517,2014,1
89412,0,2013,0
89414,0,2014,0
89416,0,2014,0
89418,0,2012,0
89420,0,2013,0
89422,0,2013,0
89424,0,2012,0
89426,0,2015,0
89428,0,2013,0
89430,0,2013,0
89432,0,2013,0
89434,0,2011,0
89436,0,2025,0
89438,0,2012,0
89440,0,2013,0
89442,0,2013,0
89444,0,2013,0
89446,0,2013,0
89448,0,2013,0
89450,68539,2013,1
89452,0,2012,0
89454,0,2013,0
89456,0,2012,0
89458,0,2013,0
89460,0,2014,0
89462,0,2014,0
89464,0,2017,0
89466,0,2013,0
89468,0,2011,0
89470,0,2013,0
89472,0,2015,0
89474,0,2012,0
89476,0,2013,0
89478,0,2013,0
89480,0,2011,0
89482,0,2013,0
89484,0,2013,0
89486,0,2013,0
89488,0,2014,0
89490,68548,2014,1
89492,0,2013,0
89494,0,2013,0
89496,0,2013,0
89498,0,2013,0
89500,0,2013,0
89502,0,2011,0
89504,0,2012,0
89506,0,2011,0
89508,0,2013,0
89510,0,2012,0
89512,0,2013,0
89514,0,2012,0
89516,0,2012,0
89518,0,2013,0
89520,0,2014,0
89522,0,2013,0
89524,0,2013,0
89526,0,2013,0
89528,0,2014,0
89530,68564,2013,1
89532,0,2012,0
89534,0,2013,0
89536,0,2013,0
89538,0,2019,0
89540,0,2014,0
89542,0,2013,0
89544,0,2014,0
89546,0,2015,0
89548,0,2013,0
89550,0,2015,0
89552,0,2013,0
89554,0,2012,0
89556,0,2013,0
89558,0,2013,0
89560,0,2013,0
89562,0,2011,0
89564,0,2014,0
89566,0,2015,0
89568,0,2014,0
89570,68568,2013,1
89572,0,2013,0
89574,0,2013,0
89576,0,2012,0
89578,0,2014,0
89580,0,2016,0
89582,0,2013,0
89584,0,2019,0
89586,0,2014,0
89588,0,2015,0
89590,0,2015,0
89592,0,2015,0
89594,0,2015,0
89596,0,2015,0
89598,0,2015,0
89600,0,2015,0
89602,0,2014,0
89604,0,2011,0
89606,0,2015,0
89608,0,2013,0
89610,68506,2014,1
89612,0,2015,0
89614,0,2014,0
89616,0,2014,0
89618,0,2013,0
89620,0,2014,0
89622,0,2012,0
89624,0,2013,0
89626,0,2014,0
89628,0,2015,0
89630,0,2015,0
89632,0,2015,0
89634,0,2011,0
89636,0,2015,0
89638,0,2015,0
89640,0,2015,0
89642,0,2015,0
89644,0,2009,0
89646,0,2013,0
89648,0,2013,0
89650,68484,2013,1
89652,0,2011,0
89654,0,2013,0
89656,0,2015,0
89658,0,2013,0
89660,0,2013,0
89662,0,2013,0
89664,0,2013,0
89666,0,2013,0
89668,0,2013,0
89670,0,2015,0
89672,0,2015,0
89674,0,2015,0
89676,0,2013,0
89678,0,2013,0
89680,0,2013,0
89682,0,2013,0
89684,0,2015,0
89686,0,2015,0
89688,68534,2018,1
89690,0,2014,0
89692,0,2015,0
89694,0,2015,0
89696,0,2014,0
89698,0,2017,0
89700,0,2015,0
89702,0,2018,0
89704,0,2013,0
89706,0,2015,0
89708,0,2015,0
89710,0,2013,0
89712,0,2013,0
89714,0,2014,0
89716,0,2015,0
89718,0,2013,0
89720,0,2018,0
89722,0,2017,0
89724,0,2015,0
89726,0,2015,0
89728,68594,2015,1
89730,0,2019,0
89732,0,2020,0
89734,0,2015,0
89736,0,2015,0
89738,0,2015,0
89740,0,2017,0
89742,0,2015,0
89744,0,2013,0
89746,0,2014,0
89748,0,2015,0
89750,0,2016,0
89752,0,2015,0
89754,0,2018,0
89756,0,2013,0
89758,0,2014,0
89760,0,2015,0
89762,0,2023,0
89764,0,2019,0
89766,0,2012,0
89768,68614,2015,1
89770,0,2015,0
89772,0,2019,0
89774,0,2012,0
89776,0,2019,0
89778,0,2015,0
89780,0,2013,0
89782,0,2011,0
89784,0,2015,0
89786,0,2015,0
89788,0,2019,0
89790,0,2019,0
89792,0,2016,0
89794,0,2015,0
89796,0,2019,0
89798,0,2015,0
89800,0,2016,0
89802,0,2019,0
89804,0,2015,0
89806,0,2017,0
89808,68630,2018,1
89810,0,2014,0
89812,0,2015,0
89814,0,2015,0
89816,0,2019,0
89818,0,2015,0
89820,0,2015,0
89822,0,2021,0
89824,0,2019,0
89826,0,2019,0
89828,0,2017,0
89830,0,2015,0
89832,0,2019,0
89834,0,2017,0
89836,0,2015,0
89838,0,2015,0
89840,0,2015,0
89842,0,2018,0
89844,0,2019,0
89846,0,2015,0
89848,68614,2015,1
89850,0,2014,0
89852,0,2015,0
89854,0,2015,0
89856,0,2015,0
89858,0,2019,0
89860,0,2015,0
89862,0,2013,0
89864,0,2015,0
89866,0,2019,0
89868,0,2018,0
89870,0,2019,0
89872,0,2015,0
89874,0,2015,0
89876,0,2017,0
89878,0,2015,0
89880,0,2015,0
89882,0,2019,0
89884,0,2015,0
89886,0,2019,0
89888,68621,2018,1
89890,0,2017,0
89892,0,2018,0
89894,0,2015,0
89896,0,2017,0
89898,0,2015,0
89900,0,2015,0
89902,0,2019,0
89904,0,2017,0
89906,0,2020,0
89908,0,2018,0
89910,0,2019,0
89912,0,2019,0
89914,0,2018,0
89916,0,2015,0
89918,0,2019,0
89920,0,2019,0
89922,0,2019,0
89924,0,2019,0
89926,0,2019,0
89928,68640,2015,1
89930,0,2019,0
89932,0,2011,0
89934,0,2018,0
89936,0,2019,0
89938,0,2019,0
89940,0,2018,0
89942,0,2009,0
89944,0,2011,0
89946,0,2019,0
89948,0,2019,0
89950,0,2015,0
89952,0,2015,0
89954,0,2019,0
89956,0,2019,0
89958,0,2019,0
89960,0,2019,0
89962,0,2013,0
89964,0,2019,0
89966,0,2015,0
89968,68648,2020,1
89970,0,2019,0
89972,0,2015,0
89974,0,2019,0
89976,0,2019,0
89978,0,2019,0
89980,0,2019,0
89982,0,2019,0
89984,0,2019,0
89986,0,2019,0
89988,0,2020,0
89990,0,2019,0
89992,0,2019,0
89994,0,2019,0
89996,0,2020,0
89998,0,2018,0
90000,0,2019,0
90002,0,2020,0
90004,0,2019,0
90006,0,2019,0
90008,68623,2019,1
90010,0,2019,0
90012,0,2015,0
90014,0,2019,0
90016,0,2019,0
90018,0,2019,0
90020,0,2019,0
90022,0,2020,0
90024,0,2019,0
90026,0,2019,0
90028,0,2021,0
90030,0,2015,0
90032,0,2019,0
90034,0,2019,0
90036,0,2019,0
90038,0,2021,0
90040,0,2019,0
90042,0,2019,0
90044,0,2018,0
90046,0,2020,0
90048,68633,2020,1
90050,0,2019,0
90052,0,2015,0
90054,0,2021,0
90056,0,2018,0
90058,0,2019,0
90060,0,2019,0
90062,0,2019,0
90064,0,2020,0
90066,0,2019,0
90068,0,2019,0
90070,0,2019,0
90072,0,2019,0
90074,0,2019,0
90076,0,2019,0
90078,0,2019,0
90080,0,2019,0
90082,0,2019,0
90084,0,2019,0
90086,68673,2019,1
90088,0,2018,0
90090,0,2019,0
90092,0,2019,0
90094,0,2017,0
90096,0,2019,0
90098,0,2019,0
90100,0,2020,0
90102,0,2019,0
90104,0,2019,0
90106,0,2010,0
90108,0,2019,0
90110,0,2015,0
90112,0,2019,0
90114,0,2019,0
90116,0,2020,0
90118,0,2015,0
90120,0,2019,0
90122,0,2020,0
90124,0,2021,0
90126,68671,2019,1
90128,0,2019,0
90130,0,2021,0
90132,0,2019,0
90134,0,2019,0
90136,0,2020,0
90138,0,2019,0
90140,0,2019,0
90142,0,2016,0
90144,0,2019,0
90146,0,2020,0
90148,0,2020,0
90150,0,2021,0
90153,0,2020,0
90155,0,2021,0
90157,0,2017,0
90159,0,2020,0
90161,0,2019,0
90163,0,2019,0
90165,0,2020,0
90167,68666,2021,1
90169,0,2021,0
90171,0,2019,0
90173,0,2019,0
90175,0,2013,0
90177,0,2020,0
90179,0,2020,0
90181,0,2021,0
90183,0,2019,0
90185,0,2021,0
90187,0,2009,0
90189,0,2019,0
90191,0,2021,0
90193,0,2021,0
90195,0,2019,0
90197,0,2019,0
90199,0,2019,0
90201,0,2019,0
90203,0,2021,0
90205,0,2021,0
90207,68661,2021,1
90209,0,2023,0
90211,0,2031,0
90213,0,2021,0
90215,0,2021,0
90217,0,2020,0
90219,0,2025,0
90221,0,2021,0
90223,0,2019,0
90225,0,2021,0
90227,0,2021,0
90229,0,2021,0
90231,0,2020,0
90233,0,2019,0
90235,0,2019,0
90237,0,2019,0
90239,0,2019,0
90241,0,2019,0
90243,0,2021,0
90245,0,2021,0
90247,68678,2021,1
90249,0,2020,0
90251,0,2009,0
90253,0,2021,0
90255,0,2021,0
90257,0,2021,0
90259,0,2019,0
90261,0,2021,0
90263,0,2007,0
90265,0,2021,0
90267,0,2021,0
90269,0,2021,0
90271,0,2018,0
90273,0,2019,0
90275,0,2023,0
90277,0,2019,0
90279,0,2021,0
90281,0,2020,0
90283,0,2020,0
90285,0,2021,0
90287,68692,2019,1
90289,0,2021,0
90291,0,2021,0
90293,0,2020,0
90295,0,2020,0
90297,0,2021,0
90299,0,2021,0
90301,0,2019,0
90303,0,2023,0
90305,0,2021,0
90307,0,2020,0
90309,0,2021,0
90311,0,2022,0
90313,0,2021,0
90315,0,2021,0
90317,0,2021,0
90319,0,2020,0
90321,0,2019,0
90323,0,2021,0
90325,0,2023,0
90327,68734,2021,1
90329,0,2020,0
90331,0,2022,0
90333,0,2021,0
90335,0,2020,0
90337,0,2025,0
90339,0,2022,0
90341,0,2021,0
90343,0,2021,0
90345,0,2023,0
90347,0,2021,0
90349,0,2021,0
90351,0,2021,0
90353,0,2021,0
90355,0,2020,0
90357,0,2021,0
90359,0,2021,0
90361,0,2021,0
90363,0,2020,0
90365,0,2021,0
90367,68744,2021,1
90369,0,2019,0
90371,0,2020,0
90373,0,2021,0
90375,0,2021,0
90377,0,2021,0
90379,0,2020,0
90381,0,2021,0
90383,0,2021,0
90385,0,2021,0
90387,0,2009,0
90389,0,2021,0
90391,0,2021,0
90393,0,2023,0
90395,0,2019,0
90397,0,2022,0
90399,0,2025,0
90401,0,2023,0
90403,0,2019,0
90405,0,2021,0
90407,68731,2021,1
90409,0,2012,0
90411,0,2020,0
90413,0,2021,0
90415,0,2021,0
90417,0,2021,0
90419,0,2023,0
90421,0,2021,0
90423,0,2021,0
90425,0,2022,0
90427,0,2023,0
90429,0,2020,0
90431,0,2021,0
90433,0,2021,0
90435,0,2023,0
90437,0,2019,0
90439,0,2021,0
90441,0,2021,0
90443,0,2021,0
90445,0,2022,0
90447,68739,2021,1
90449,0,2021,0
90451,0,2021,0
90453,0,2021,0
90455,0,2019,0
90457,0,2023,0
90459,0,2021,0
90461,0,2018,0
90463,0,2023,0
90465,0,2023,0
90467,0,2020,0
90469,0,2022,0
90471,0,2023,0
90473,0,2021,0
90475,0,2021,0
90477,0,2021,0
90479,0,2021,0
90481,0,2022,0
90483,0,2023,0
90485,68757,2023,1
90487,0,2021,0
90489,0,2023,0
90491,0,2019,0
90493,0,2023,0
90495,0,2021,0
90497,0,2021,0
90499,0,2021,0
90501,0,2025,0
90503,0,2019,0
90505,0,2021,0
90507,0,2023,0
90509,0,2023,0
90511,0,2021,0
90513,0,2015,0
90515,0,2023,0
90517,0,2021,0
90519,0,2021,0
90521,0,2023,0
90523,0,2023,0
90525,68756,2023,1
90527,0,2024,0
90529,0,2022,0
90531,0,2021,0
90533,0,2023,0
90535,0,2024,0
90537,0,2022,0
90539,0,2021,0
90541,0,2022,0
90543,0,2021,0
90545,0,2023,0
90547,0,2021,0
90549,0,2023,0
90551,0,2024,0
90553,0,2020,0
90555,0,2023,0
90557,0,2023,0
90559,0,2021,0
90561,0,2023,0
90563,0,2023,0
90565,68758,2023,1
90567,0,2021,0
90569,0,2023,0
90571,0,2022,0
90573,0,2025,0
90575,0,2023,0
90577,0,2021,0
90579,0,2022,0
90581,0,2022,0
90583,0,2023,0
90585,0,2025,0
90587,0,2027,0
90589,0,2023,0
90591,0,2023,0
90593,0,2023,0
90595,0,2023,0
90597,0,2019,0
90599,0,2023,0
90601,0,2024,0
90603,0,2025,0
90605,68767,2022,1
90607,0,2023,0
90609,0,2023,0
90611,0,2021,0
90613,0,2021,0
90615,0,2029,0
90617,0,2023,0
90619,0,2023,0
90621,0,2024,0
90623,0,2021,0
90625,0,2023,0
90627,0,2021,0
90629,0,2023,0
90631,0,2023,0
90633,0,2023,0
90635,0,2023,0
90637,0,2023,0
90639,0,2023,0
90641,0,2023,0
90643,0,2023,0
90645,68775,2025,1
90647,0,2023,0
90649,0,2023,0
90651,0,2023,0
90653,0,2023,0
90655,0,2022,0
90657,0,2023,0
90659,0,2021,0
90661,0,2024,0
90663,0,2023,0
90665,0,2023,0
90667,0,2022,0
90669,0,2023,0
90671,0,2023,0
90673,0,2023,0
90675,0,2024,0
90677,0,2024,0
90679,0,2023,0
90681,0,2022,0
90683,0,2023,0
90685,68793,2023,1
90687,0,2023,0
90689,0,2023,0
90691,0,2023,0
90693,0,2023,0
90695,0,2024,0
90697,0,2023,0
90699,0,2012,0
90701,0,2023,0
90703,0,2023,0
90705,0,2023,0
90707,0,2021,0
90709,0,2023,0
90711,0,2025,0
90713,0,2024,0
90715,0,2023,0
90717,0,2023,0
90719,0,2023,0
90721,0,2021,0
90723,0,2027,0
90725,68815,2022,1
90727,0,2023,0
90729,0,2021,0
90731,0,2023,0
90733,0,2023,0
90735,0,2021,0
90737,0,2023,0
90739,0,2024,0
90741,0,2023,0
90743,0,2023,0
90745,0,2023,0
90747,0,2023,0
90749,0,2023,0
90751,0,2020,0
90753,0,2023,0
90755,0,2023,0
90757,0,2025,0
90759,0,2023,0
90761,0,2022,0
90763,0,2023,0
90765,68796,2023,1
90767,0,2023,0
90769,0,2021,0
90771,0,2023,0
90773,0,2023,0
90775,0,2024,0
90777,0,2023,0
90779,0,2023,0
90781,0,2022,0
90783,0,2023,0
90785,0,2023,0
90787,0,2025,0
90789,0,2024,0
90791,0,2023,0
90793,0,2023,0
90795,0,2024,0
90797,0,2023,0
90799,0,2024,0
90801,0,2022,0
90803,0,2024,0
90805,68753,2023,1
90807,0,2023,0
90809,0,2023,0
90811,0,2023,0
90813,0,2023,0
90815,0,2023,0
90817,0,2024,0
90819,0,2023,0
90821,0,2024,0
90823,0,2023,0
90825,0,2024,0
90827,0,2023,0
90829,0,2023,0
90831,0,2023,0
90833,0,2023,0
90835,0,2024,0
90837,0,2023,0
90839,0,2022,0
90841,0,2025,0
90843,0,2023,0
90845,68760,2024,1
90847,0,2023,0
90849,0,2023,0
90851,0,2023,0
90853,0,2021,0
90855,0,2021,0
90857,0,2023,0
90859,0,2023,0
90861,0,2023,0
90863,0,2025,0
90865,0,2023,0
90867,0,2023,0
90869,0,2024,0
90871,0,2023,0
90873,0,2025,0
90875,0,2025,0
90877,0,2023,0
90879,0,2024,0
90881,0,2025,0
90883,68780,2024,1
90885,0,2027,0
90887,0,2023,0
90889,0,2025,0
90891,0,2025,0
90893,0,2023,0
90895,0,2023,0
90897,0,2023,0
90899,0,2024,0
90901,0,2023,0
90903,0,2023,0
90905,0,2023,0
90907,0,2025,0
90909,0,2025,0
90911,0,2023,0
90913,0,2025,0
90915,0,2025,0
90917,0,2025,0
90919,0,2023,0
90921,0,2024,0
90923,68792,2023,1
90925,0,2027,0
90927,0,2025,0
90929,0,2025,0
90931,0,2023,0
90933,0,2025,0
90935,0,2024,0
90937,0,2025,0
90939,0,2025,0
90941,0,2025,0
90943,0,2025,0
90945,0,2024,0
90947,0,2025,0
90949,0,2024,0
90951,0,2024,0
90953,0,2023,0
90955,0,2023,0
90957,0,2027,0
90959,0,2025,0
90961,0,2026,0
90963,68800,2024,1
90965,0,2024,0
90967,0,2025,0
90969,0,2023,0
90971,0,2024,0
90973,0,2025,0
90975,0,2024,0
90977,0,2023,0
90979,0,2024,0
90981,0,2014,0
90983,0,2023,0
90985,0,2023,0
90987,0,2025,0
90989,0,2025,0
90991,0,2024,0
90993,0,2027,0
90995,0,2025,0
90997,0,2025,0
90999,0,2025,0
91001,0,2025,0
91003,68793,2015,1
91005,0,2025,0
91007,0,2024,0
91009,0,2025,0
91011,0,2024,0
91013,0,2025,0
91015,0,2025,0
91017,0,2025,0
91019,0,2024,0
91021,0,2026,0
91023,0,2026,0
91025,0,2027,0
91027,0,2025,0
91029,0,2026,0
91031,0,2025,0
91033,0,2025,0
91035,0,2025,0
91037,0,2025,0
91039,0,2025,0
91041,0,2023,0
91043,68774,2025,1
91045,0,2025,0
91047,0,2025,0
91049,0,2025,0
91051,0,2026,0
91053,0,2027,0
91055,0,2025,0
91057,0,2025,0
91059,0,2027,0
91061,0,2025,0
91063,0,2027,0
91065,0,2025,0
91067,0,2025,0
91069,0,2025,0
91071,0,2023,0
91073,0,2026,0
91075,0,2025,0
91077,0,2026,0
91079,0,2026,0
91081,0,2023,0
91083,68778,2025,1
91085,0,2025,0
91087,0,2025,0
91089,0,2026,0
91091,0,2027,0
91093,0,2027,0
91095,0,2025,0
91097,0,2024,0
91099,0,2025,0
91101,0,2026,0
91103,0,2027,0
91105,0,2025,0
91107,0,2025,0
91109,0,2021,0
91111,0,2025,0
91113,0,2027,0
91115,0,2025,0
91117,0,2025,0
91119,0,2025,0
91121,0,2021,0
91123,68779,2025,1
91125,0,2025,0
91127,0,2027,0
91129,0,2023,0
91131,0,2021,0
91133,0,2027,0
91135,0,2024,0
91137,0,2025,0
91139,0,2024,0
91141,0,2025,0
91143,0,2025,0
91145,0,2025,0
91147,0,2025,0
91149,0,2027,0
91151,0,2025,0
91153,0,2025,0
91155,0,2025,0
91157,0,2026,0
91159,0,2025,0
91161,0,2028,0
91163,68764,2025,1
91165,0,2023,0
91167,0,2027,0
91169,0,2026,0
91171,0,2024,0
91173,0,2025,0
91175,0,2024,0
91177,0,2025,0
91179,0,2025,0
91181,0,2027,0
91183,0,2025,0
91185,0,2025,0
91187,0,2027,0
91189,0,2025,0
91191,0,2025,0
91193,0,2025,0
91195,0,2025,0
91197,0,2024,0
91199,0,2025,0
91201,0,2025,0
91203,68740,2025,1
91205,0,2026,0
91207,0,2025,0
91209,0,2026,0
91211,0,2025,0
91213,0,2026,0
91215,0,2025,0
91217,0,2025,0
91219,0,2025,0
91221,0,2025,0
91223,0,2027,0
91225,0,2027,0
91227,0,2026,0
91229,0,2027,0
91231,0,2012,0
91233,0,2025,0
91235,0,2025,0
91237,0,2025,0
91239,0,2025,0
91241,68750,2027,1
91243,0,2026,0
91245,0,2026,0
91247,0,2027,0
91249,0,2028,0
91251,0,2027,0
91253,0,2027,0
91255,0,2027,0
91257,0,2025,0
91259,0,2027,0
91261,0,2027,0
91263,0,2025,0
91265,0,2025,0
91267,0,2027,0
91269,0,2027,0
91271,0,2025,0
91273,0,2027,0
91275,0,2027,0
91277,0,2026,0
91279,0,2027,0
91281,68747,2025,1
91283,0,2027,0
91285,0,2027,0
91287,0,2025,0
91289,0,2027,0
91291,0,2027,0
91293,0,2027,0
91295,0,2026,0
91297,0,2027,0
91299,0,2026,0
91301,0,2025,0
91303,0,2027,0
91305,0,2027,0
91307,0,2027,0
91309,0,2027,0
91311,0,2027,0
91313,0,2026,0
91315,0,2025,0
91317,0,2027,0
91319,0,2027,0
91321,68726,2028,1
91323,0,2027,0
91325,0,2025,0
91327,0,2029,0
91329,0,2025,0
91331,0,2025,0
91333,0,2027,0
91335,0,2027,0
91337,0,2031,0
91339,0,2027,0
91341,0,2027,0
91343,0,2027,0
91345,0,2025,0
91347,0,2027,0
91349,0,2027,0
91351,0,2025,0
91353,0,2027,0
91355,0,2027,0
91357,0,2027,0
91359,0,2027,0
91361,68711,2027,1
91363,0,2027,0
91365,0,2028,0
91367,0,2029,0
91369,0,2031,0
91371,0,2025,0
91373,0,2027,0
91375,0,2027,0
91377,0,2027,0
91379,0,2025,0
91381,0,2025,0
91383,0,2027,0
91385,0,2027,0
91387,0,2028,0
91389,0,2027,0
91391,0,2027,0
91393,0,2029,0
91395,0,2028,0
91397,0,2027,0
91399,0,2023,0
91401,68710,2026,1
91403,0,2027,0
91405,0,2026,0
91407,0,2027,0
91409,0,2027,0
91411,0,2025,0
91413,0,2026,0
91415,0,2029,0
91417,0,2027,0
91419,0,2035,0
91421,0,2027,0
91423,0,2027,0
91425,0,2027,0
91427,0,2025,0
91429,0,2027,0
91431,0,2026,0
91433,0,2027,0
91435,0,2028,0
91437,0,2027,0
91439,0,2027,0
91441,68690,2025,1
91443,0,2025,0
91445,0,2027,0
91447,0,2027,0
91449,0,2028,0
91451,0,2028,0
91453,0,2028,0
91455,0,2027,0
91457,0,2027,0
91459,0,2027,0
91461,0,2025,0
91463,0,2027,0
91465,0,2028,0
91467,0,2027,0
91469,0,2027,0
91471,0,2027,0
91473,0,2028,0
91475,0,2029,0
91477,0,2027,0
91479,0,2029,0
91481,68683,2025,1
91483,0,2026,0
91485,0,2027,0
91487,0,2027,0
91489,0,2024,0
91491,0,2028,0
91493,0,2027,0
91495,0,2027,0
91497,0,2028,0
91499,0,2026,0
91501,0,2027,0
91503,0,2027,0
91505,0,2028,0
91507,0,2027,0
91509,0,2027,0
91511,0,2027,0
91513,0,2027,0
91515,0,2027,0
91517,0,2025,0
91519,0,2028,0
91521,68667,2027,1
91523,0,2026,0
91525,0,2025,0
91527,0,2027,0
91529,0,2027,0
91531,0,2027,0
91533,0,2027,0
91535,0,2027,0
91537,0,2025,0
91539,0,2027,0
91541,0,2029,0
91543,0,2027,0
91545,0,2027,0
91547,0,2029,0
91549,0,2027,0
91551,0,2028,0
91553,0,2027,0
91555,0,2029,0
91557,0,2029,0
91559,0,2027,0
91561,68633,2027,1
91563,0,2027,0
91565,0,2027,0
91567,0,2027,0
91569,0,2027,0
91571,0,2027,0
91573,0,2029,0
91575,0,2027,0
91577,0,2027,0
91579,0,2027,0
91581,0,2027,0
91583,0,2027,0
91585,0,2027,0
91587,0,2025,0
91589,0,2028,0
91591,0,2027,0
91593,0,2029,0
91595,0,2027,0
91597,0,2026,0
91599,0,2029,0
91601,68622,2027,1
91603,0,2028,0
91605,0,2027,0
91607,0,2025,0
91609,0,2025,0
91611,0,2027,0
91613,0,2027,0
91615,0,2027,0
91617,0,2027,0
91619,0,2027,0
91621,0,2027,0
91623,0,2027,0
91625,0,2028,0
91627,0,2027,0
91629,0,2037,0
91631,0,2028,0
91633,0,2027,0
91635,0,2029,0
91637,0,2027,0
91639,68631,2031,1
91641,0,2027,0
91643,0,2028,0
91645,0,2028,0
91647,0,2027,0
91649,0,2027,0
91651,0,2027,0
91653,0,2027,0
91655,0,2029,0
91657,0,2028,0
91659,0,2026,0
91661,0,2028,0
91663,0,2027,0
91665,0,2027,0
91667,0,2029,0
91669,0,2027,0
91671,0,2027,0
91673,0,2029,0
91675,0,2027,0
91677,0,2028,0
91679,68646,2027,1
91681,0,2027,0
91683,0,2027,0
91685,0,2027,0
91687,0,2027,0
91689,0,2028,0
91691,0,2028,0
91693,0,2027,0
91695,0,2027,0
91697,0,2029,0
91699,0,2029,0
91701,0,2027,0
91703,0,2027,0
91705,0,2027,0
91707,0,2027,0
91709,0,2028,0
91711,0,2029,0
91713,0,2027,0
91715,0,2029,0
91717,0,2027,0
91719,68630,2027,1
91721,0,2027,0
91723,0,2027,0
91725,0,2028,0
91727,0,2029,0
91729,0,2029,0
91731,0,2027,0
91733,0,2027,0
91735,0,2027,0
91737,0,2028,0
91739,0,2028,0
91741,0,2029,0
91743,0,2027,0
91745,0,2027,0
91747,0,2028,0
91749,0,2027,0
91751,0,2029,0
91753,0,2028,0
91755,0,2027,0
91757,0,2029,0
91759,68629,2028,1
91761,0,2029,0
91763,0,2029,0
91765,0,2029,0
91767,0,2027,0
91769,0,2027,0
91771,0,2028,0
91773,0,2028,0
91775,0,2029,0
91777,0,2029,0
91779,0,2027,0
91781,0,2027,0
91783,0,2029,0
91785,0,2027,0
91787,0,2029,0
91789,0,2027,0
91791,0,2029,0
91793,0,2029,0
91795,0,2029,0
91797,0,2029,0
91799,68623,2029,1
91801,0,2028,0
91803,0,2028,0
91805,0,2028,0
91807,0,2028,0
91809,0,2028,0
91811,0,2027,0
91813,0,2029,0
91815,0,2029,0
91817,0,2029,0
91819,0,2027,0
91821,0,2026,0
91823,0,2027,0
91825,0,2029,0
91827,0,2023,0
91829,0,2030,0
91831,0,2029,0
91833,0,2029,0
91835,0,2029,0
91837,0,2029,0
91839,68627,2029,1
91841,0,2029,0
91843,0,2027,0
91845,0,2030,0
91847,0,2029,0
91849,0,2029,0
91851,0,2029,0
91853,0,2029,0
91855,0,2035,0
91857,0,2029,0
91859,0,2027,0
91861,0,2029,0
91863,0,2027,0
91865,0,2029,0
91867,0,2029,0
91869,0,2027,0
91871,0,2028,0
91873,0,2029,0
91875,0,2029,0
91877,0,2028,0
91879,68632,2029,1
91881,0,2029,0
91883,0,2028,0
91885,0,2029,0
91887,0,2029,0
91889,0,2029,0
91891,0,2027,0
91893,0,2027,0
91895,0,2025,0
91897,0,2029,0
91899,0,2027,0
91901,0,2027,0
91903,0,2028,0
91905,0,2027,0
91907,0,2029,0
91909,0,2027,0
91911,0,2027,0
91913,0,2029,0
91915,0,2029,0
91917,0,2028,0
91919,68615,2029,1
91921,0,2028,0
91923,0,2029,0
91925,0,2029,0
91927,0,2029,0
91929,0,2027,0
91931,0,2027,0
91933,0,2025,0
91935,0,2029,0
91937,0,2029,0
91939,0,2029,0
91941,0,2029,0
91943,0,2027,0
91945,0,2029,0
91947,0,2029,0
91949,0,2029,0
91951,0,2029,0
91953,0,2029,0
91955,0,2029,0
91957,0,2029,0
91959,68537,2028,1
91961,0,2029,0
91963,0,2027,0
91965,0,2029,0
91967,0,2029,0
91969,0,2029,0
91971,0,2029,0
91973,0,2029,0
91975,0,2029,0
91977,0,2031,0
91979,0,2029,0
91981,0,2029,0
91983,0,2029,0
91985,0,2029,0
91987,0,2029,0
91989,0,2028,0
91992,0,2029,0
91994,0,2029,0
91996,0,2029,0
91998,0,2030,0
92000,68512,2027,1
92002,0,2029,0
92004,0,2030,0
92006,0,2029,0
92008,0,2028,0
92010,0,2030,0
92012,0,2027,0
92014,0,2029,0
92016,0,2029,0
92018,0,2030,0
92020,0,2029,0
92022,0,2029,0
92024,0,2063,0
92026,0,2030,0
92028,0,2029,0
92030,0,2029,0
92032,0,2029,0
92034,0,2031,0
92036,0,2028,0
92038,68506,2027,1
92040,0,2029,0
92042,0,2029,0
92044,0,2029,0
92046,0,2028,0
92048,0,2029,0
92050,0,2029,0
92052,0,2031,0
92054,0,2031,0
92056,0,2030,0
92058,0,2029,0
92060,0,2029,0
92062,0,2029,0
92064,0,2029,0
92066,0,2029,0
92068,0,2029,0
92070,0,2029,0
92072,0,2029,0
92074,0,2030,0
92076,0,2029,0
92078,68500,2028,1
92080,0,2029,0
92082,0,2029,0
92084,0,2031,0
92086,0,2030,0
92088,0,2030,0
92090,0,2029,0
92092,0,2031,0
92094,0,2029,0
92096,0,2031,0
92098,0,2030,0
92100,0,2035,0
92102,0,2031,0
92104,0,2029,0
92106,0,2031,0
92108,0,2029,0
92110,0,2029,0
92112,0,2031,0
92114,0,2035,0
92116,0,2031,0
92118,68480,2030,1
92120,0,2030,0
92122,0,2029,0
92124,0,2032,0
92126,0,2029,0
92128,0,2032,0
92130,0,2030,0
92132,0,2030,0
92134,0,2031,0
92136,0,2031,0
92138,0,2031,0
92140,0,2031,0
92142,0,2030,0
92144,0,2031,0
92146,0,2029,0
92148,0,2031,0
92150,0,2031,0
92152,0,2031,0
92154,0,2030,0
92156,0,2031,0
92158,68463,2029,1
92160,0,2031,0
92162,0,2031,0
92164,0,2023,0
92166,0,2029,0
92168,0,2031,0
92170,0,2029,0
92172,0,2030,0
92174,0,2031,0
92176,0,2034,0
92178,0,2031,0
92180,0,2031,0
92182,0,2031,0
92184,0,2029,0
92186,0,2030,0
92188,0,2032,0
92190,0,2031,0
92192,0,2031,0
92194,0,2031,0
92196,0,2031,0
92198,68447,2031,1
92200,0,2031,0
92202,0,2031,0
92204,0,2029,0
92206,0,2032,0
92208,0,2029,0
92210,0,2031,0
92212,0,2031,0
92214,0,2031,0
92216,0,2035,0
92218,0,2031,0
92220,0,2035,0
92222,0,2031,0
92224,0,2033,0
92226,0,2035,0
92228,0,2031,0
92230,0,2031,0
92232,0,2029,0
92234,0,2031,0
92236,0,2033,0
92238,68437,2034,1
92240,0,2031,0
92242,0,2031,0
92244,0,2031,0
92246,0,2031,0
92248,0,2031,0
92250,0,2031,0
92252,0,2031,0
92254,0,2031,0
92256,0,2031,0
92258,0,2031,0
92260,0,2035,0
92262,0,2035,0
92264,0,2031,0
92266,0,2034,0
92268,0,2032,0
92270,0,2030,0
92272,0,2029,0
92274,0,2031,0
92276,0,2031,0
92278,68456,2031,1
92280,0,2031,0
92282,0,2035,0
92284,0,2031,0
92286,0,2035,0
92288,0,2030,0
92290,0,2037,0
92292,0,2030,0
92294,0,2029,0
92296,0,2031,0
92298,0,2032,0
92300,0,2032,0
92302,0,2029,0
92304,0,2031,0
92306,0,2032,0
92308,0,2031,0
92310,0,2034,0
92312,0,2031,0
92314,0,2034,0
92316,0,2035,0
92318,68437,2030,1
92320,0,2030,0
92322,0,2030,0
92324,0,2035,0
92326,0,2035,0
92328,0,2031,0
92330,0,2031,0
92332,0,2035,0
92334,0,2029,0
92336,0,2031,0
92338,0,2035,0
92340,0,2034,0
92342,0,2032,0
92344,0,2031,0
92346,0,2031,0
92348,0,2031,0
92350,0,2031,0
92352,0,2035,0
92354,0,2031,0
92356,0,2031,0
92358,68382,2035,1
92360,0,2032,0
92362,0,2029,0
92364,0,2031,0
92366,0,2031,0
92368,0,2031,0
92370,0,2031,0
92372,0,2031,0
92374,0,2032,0
92376,0,2031,0
92378,0,2035,0
92380,0,2031,0
92382,0,2033,0
92384,0,2031,0
92386,0,2037,0
92388,0,2035,0
92390,0,2035,0
92392,0,2034,0
92394,0,2030,0
92396,0,2029,0
92398,68367,2035,1
92400,0,2035,0
92402,0,2031,0
92404,0,2034,0
92406,0,2031,0
92408,0,2035,0
92410,0,2031,0
92412,0,2035,0
92414,0,2035,0
92416,0,2035,0
92418,0,2030,0
92420,0,2035,0
92422,0,2032,0
92424,0,2030,0
92426,0,2030,0
92428,0,2035,0
92430,0,2027,0
92432,0,2035,0
92434,0,2035,0
92436,68395,2034,1
92438,0,2031,0
92440,0,2035,0
92442,0,2031,0
92444,0,2031,0
92446,0,2031,0
92448,0,2037,0
92450,0,2037,0
92452,0,2031,0
92454,0,2035,0
92456,0,2032,0
92458,0,2035,0
92460,0,2031,0
92462,0,2035,0
92464,0,2035,0
92466,0,2034,0
92468,0,2035,0
92470,0,2035,0
92472,0,2031,0
92474,0,2031,0
92476,68391,2035,1
92478,0,2035,0
92480,0,2031,0
92482,0,2035,0
92484,0,2035,0
92486,0,2033,0
92488,0,2037,0
92490,0,2035,0
92492,0,2031,0
92494,0,2037,0
92496,0,2031,0
92498,0,2035,0
92500,0,2031,0
92502,0,2035,0
92504,0,2031,0
92506,0,2035,0
92508,0,2035,0
92510,0,2031,0
92512,0,2035,0
92514,0,2037,0
92516,68379,2037,1
92518,0,2031,0
92520,0,2035,0
92522,0,2035,0
92524,0,2035,0
92526,0,2032,0
92528,0,2031,0
92530,0,2031,0
92532,0,2037,0
92534,0,2035,0
92536,0,2036,0
92538,0,2036,0
92540,0,2035,0
92542,0,2032,0
92544,0,2037,0
92546,0,2035,0
92548,0,2037,0
92550,0,2035,0
92552,0,2035,0
92554,0,2035,0
92556,68358,2035,1
92558,0,2034,0
92560,0,2035,0
92562,0,2037,0
92564,0,2035,0
92566,0,2035,0
92568,0,2037,0
92570,0,2035,0
92572,0,2032,0
92574,0,2035,0
92576,0,2036,0
92578,0,2035,0
92580,0,2034,0
92582,0,2037,0
92584,0,2035,0
92586,0,2035,0
92588,0,2037,0
92590,0,2037,0
92592,0,2036,0
92594,0,2037,0
92596,68352,2035,1
92598,0,2036,0
92600,0,2035,0
92602,0,2037,0
92604,0,2037,0
92606,0,2035,0
92608,0,2037,0
92610,0,2036,0
92612,0,2032,0
92614,0,2036,0
92616,0,2037,0
92618,0,2035,0
92620,0,2032,0
92622,0,2035,0
92624,0,2041,0
92626,0,2035,0
92628,0,2039,0
92630,0,2037,0
92632,0,2036,0
92634,0,2036,0
92636,68348,2043,1
92638,0,2037,0
92640,0,2036,0
92642,0,2031,0
92644,0,2034,0
92646,0,2035,0
92648,0,2037,0
92650,0,2035,0
92652,0,2035,0
92654,0,2035,0
92656,0,2037,0
92658,0,2030,0
92660,0,2036,0
92662,0,2035,0
92664,0,2037,0
92666,0,2036,0
92668,0,2038,0
92670,0,2037,0
92672,0,2037,0
92674,0,2037,0
92676,68379,2037,1
92678,0,2036,0
92680,0,2037,0
92682,0,2037,0
92684,0,2036,0
92686,0,2035,0
92688,0,2036,0
92690,0,2037,0
92692,0,2031,0
92694,0,2037,0
92696,0,2035,0
92698,0,2037,0
92700,0,2036,0
92702,0,2039,0
92704,0,2036,0
92706,0,2036,0
92708,0,2035,0
92710,0,2038,0
92712,0,2036,0
92714,0,2037,0
92716,68401,2037,1
92718,0,2036,0
92720,0,2038,0
92722,0,2037,0
92724,0,2037,0
92726,0,2035,0
92728,0,2037,0
92730,0,2037,0
92732,0,2038,0
92734,0,2037,0
92736,0,2037,0
92738,0,2037,0
92740,0,2035,0
92742,0,2037,0
92744,0,2037,0
92746,0,2037,0
92748,0,2037,0
92750,0,2037,0
92752,0,2038,0
92754,0,2037,0
92756,68349,2037,1
92758,0,2037,0
92760,0,2037,0
92762,0,2035,0
92764,0,2035,0
92766,0,2035,0
92768,0,2037,0
92770,0,2037,0
92772,0,2037,0
92774,0,2037,0
92776,0,2037,0
92778,0,2035,0
92780,0,2036,0
92782,0,2035,0
92784,0,2037,0
92786,0,2035,0
92788,0,2039,0
92790,0,2037,0
92792,0,2035,0
92794,0,2037,0
92796,68325,2037,1
92798,0,2037,0
92800,0,2037,0
92802,0,2035,0
92804,0,2035,0
92806,0,2035,0
92808,0,2035,0
92810,0,2035,0
92812,0,2037,0
92814,0,2035,0
92816,0,2038,0
92818,0,2036,0
92820,0,2037,0
92822,0,2039,0
92824,0,2035,0
92826,0,2037,0
92828,0,2037,0
92830,0,2037,0
92832,0,2037,0
92834,68335,2031,1
92836,0,2037,0
92838,0,2038,0
92840,0,2035,0
92842,0,2037,0
92844,0,2037,0
92846,0,2037,0
92848,0,2035,0
92850,0,2037,0
92852,0,2035,0
92854,0,2035,0
92856,0,2037,0
92858,0,2037,0
92860,0,2037,0
92862,0,2036,0
92864,0,2038,0
92866,0,2037,0
92868,0,2037,0
92870,0,2037,0
92872,0,2036,0
92874,68342,2037,1
92876,0,2036,0
92878,0,2035,0
92880,0,2037,0
92882,0,2037,0
92884,0,2039,0
92886,0,2036,0
92888,0,2037,0
92890,0,2036,0
92892,0,2035,0
92894,0,2037,0
92896,0,2037,0
92898,0,2038,0
92900,0,2039,0
92902,0,2037,0
92904,0,2037,0
92906,0,2037,0
92908,0,2037,0
92910,0,2037,0
92912,0,2037,0
92914,68351,2037,1
92916,0,2038,0
92918,0,2039,0
92920,0,2039,0
92922,0,2037,0
92924,0,2037,0
92926,0,2039,0
92928,0,2039,0
92930,0,2032,0
92932,0,2037,0
92934,0,2037,0
92936,0,2039,0
92938,0,2039,0
92940,0,2037,0
92942,0,2036,0
92944,0,2037,0
92946,0,2038,0
92948,0,2039,0
92950,0,2039,0
92952,0,2039,0
92954,68367,2039,1
92956,0,2037,0
92958,0,2039,0
92960,0,2037,0
92962,0,2039,0
92964,0,2026,0
92966,0,2039,0
92968,0,2037,0
92970,0,2037,0
92972,0,2036,0
92974,0,2037,0
92976,0,2039,0
92978,0,2039,0
92980,0,2037,0
92982,0,2037,0
92984,0,2038,0
92986,0,2037,0
92988,0,2037,0
92990,0,2039,0
92992,0,2038,0
92994,68374,2039,1
92996,0,2031,0
92998,0,2039,0
93000,0,2038,0
93002,0,2038,0
93004,0,2037,0
93006,0,2037,0
93008,0,2039,0
93010,0,2039,0
93012,0,2036,0
93014,0,2036,0
93016,0,2035,0
93018,0,2038,0
93020,0,2039,0
93022,0,2037,0
93024,0,2039,0
93026,0,2039,0
93028,0,2036,0
93030,0,2039,0
93032,0,2040,0
93034,68391,2039,1
93036,0,2039,0
93038,0,2039,0
93040,0,2037,0
93042,0,2039,0
93044,0,2038,0
93046,0,2037,0
93048,0,2039,0
93050,0,2039,0
93052,0,2041,0
93054,0,2039,0
93056,0,2037,0
93058,0,2039,0
93060,0,2037,0
93062,0,2039,0
93064,0,2036,0
93066,0,2038,0
93068,0,2040,0
93070,0,2038,0
93072,0,2039,0
93074,68436,2039,1
93076,0,2039,0
93078,0,2038,0
93080,0,2039,0
93082,0,2037,0
93084,0,2039,0
93086,0,2039,0
93088,0,2039,0
93090,0,2039,0
93092,0,2038,0
93094,0,2039,0
93096,0,2039,0
93098,0,2043,0
93100,0,2039,0
93102,0,2038,0
93104,0,2039,0
93106,0,2039,0
93108,0,2039,0
93110,0,2040,0
93112,0,2038,0
93114,68424,2038,1
93116,0,2039,0
93118,0,2041,0
93120,0,2039,0
93122,0,2039,0
93124,0,2039,0
93126,0,2039,0
93128,0,2037,0
93130,0,2039,0
93132,0,2038,0
93134,0,2039,0
93136,0,2040,0
93138,0,2039,0
93140,0,2039,0
93142,0,2040,0
93144,0,2037,0
93146,0,2039,0
93148,0,2039,0
93150,0,2038,0
93152,0,2039,0
93154,68376,2037,1
93156,0,2037,0
93158,0,2039,0
93160,0,2039,0
93162,0,2037,0
93164,0,2039,0
93166,0,2039,0
93168,0,2039,0
93170,0,2039,0
93172,0,2039,0
93174,0,2039,0
93176,0,2038,0
93178,0,2034,0
93180,0,2039,0
93182,0,2036,0
93184,0,2039,0
93186,0,2037,0
93188,0,2039,0
93190,0,2039,0
93192,0,2040,0
93194,68408,2039,1
93196,0,2037,0
93198,0,2039,0
93200,0,2037,0
93202,0,2038,0
93204,0,2039,0
93206,0,2039,0
93208,0,2038,0
93210,0,2039,0
93212,0,2039,0
93214,0,2038,0
93216,0,2038,0
93218,0,2039,0
93220,0,2041,0
93222,0,2039,0
93224,0,2040,0
93226,0,2037,0
93228,0,2040,0
93230,0,2039,0
93232,68435,2039,1
93234,0,2040,0
93236,0,2040,0
93238,0,2039,0
93240,0,2039,0
93242,0,2029,0
93244,0,2040,0
93246,0,2039,0
93248,0,2039,0
93250,0,2040,0
93252,0,2039,0
93254,0,2039,0
93256,0,2039,0
93258,0,2040,0
93260,0,2039,0
93262,0,2039,0
93264,0,2038,0
93266,0,2040,0
93268,0,2041,0
93270,0,2040,0
93272,68442,2040,1
93274,0,2037,0
93276,0,2039,0
93278,0,2039,0
93280,0,2039,0
93282,0,2037,0
93284,0,2039,0
93286,0,2039,0
93288,0,2039,0
93290,0,2039,0
93292,0,2042,0
93294,0,2039,0
93296,0,2041,0
93298,0,2039,0
93300,0,2040,0
93302,0,2040,0
93304,0,2039,0
93306,0,2027,0
93308,0,2041,0
93310,0,2039,0
93312,68487,2038,1
93314,0,2040,0
93316,0,2038,0
93318,0,2039,0
93320,0,2040,0
93322,0,2037,0
93324,0,2041,0
93326,0,2040,0
93328,0,2038,0
93330,0,2039,0
93332,0,2039,0
93334,0,2039,0
93336,0,2039,0
93338,0,2040,0
93340,0,2040,0
93342,0,2041,0
93344,0,2040,0
93346,0,2041,0
93348,0,2041,0
93350,0,2041,0
93352,68520,2040,1
93354,0,2041,0
93356,0,2039,0
93358,0,2039,0
93360,0,2041,0
93362,0,2041,0
93364,0,2039,0
93366,0,2040,0
93368,0,2041,0
93370,0,2041,0
93372,0,2041,0
93374,0,2040,0
93376,0,2041,0
93378,0,2041,0
93380,0,2040,0
93382,0,2039,0
93384,0,2040,0
93386,0,2041,0
93388,0,2041,0
93390,0,2040,0
93392,68578,2039,1
93394,0,2039,0
93396,0,2040,0
93398,0,2041,0
93400,0,2040,0
93402,0,2041,0
93404,0,2040,0
93406,0,2039,0
93408,0,2041,0
93410,0,2040,0
93412,0,2040,0
93414,0,2040,0
93416,0,2041,0
93418,0,2041,0
93420,0,2039,0
93422,0,2041,0
93424,0,2040,0
93426,0,2039,0
93428,0,2041,0
93430,0,2039,0
93432,68704,2040,1
93434,0,2039,0
93436,0,2038,0
93438,0,2041,0
93440,0,2041,0
93442,0,2040,0
93444,0,2041,0
93446,0,2039,0
93448,0,2040,0
93450,0,2041,0
93452,0,2040,0
93454,0,2041,0
93456,0,2039,0
93458,0,2039,0
93460,0,2041,0
93462,0,2041,0
93464,0,2039,0
93466,0,2039,0
93468,0,2041,0
93470,0,2040,0
93472,68859,2039,1
93474,0,2040,0
93476,0,2039,0
93478,0,2040,0
93480,0,2040,0
93482,0,2039,0
93484,0,2041,0
93486,0,2041,0
93488,0,2043,0
93490,0,2040,0
93492,0,2040,0
93494,0,2040,0
93496,0,2041,0
93498,0,2039,0
93500,0,2039,0
93502,0,2039,0
93504,0,2040,0
93506,0,2043,0
93508,0,2039,0
93510,0,2039,0
93512,69000,2039,1
93514,0,2040,0
93516,0,2037,0
93518,0,2037,0
93520,0,2039,0
93522,0,2040,0
93524,0,2039,0
93526,0,2038,0
93528,0,2027,0
93530,0,2039,0
93532,0,2038,0
93534,0,2039,0
93536,0,2038,0
93538,0,2037,0
93540,0,2039,0
93542,0,2039,0
93544,0,2039,0
93546,0,2039,0
93548,0,2037,0
93550,0,2037,0
93552,69121,2037,1
93554,0,2037,0
93556,0,2028,0
93558,0,2031,0
93560,0,2036,0
93562,0,2037,0
93564,0,2037,0
93566,0,2037,0
93568,0,2021,0
93570,0,2035,0
93572,0,2037,0
93574,0,2037,0
93576,0,2037,0
93578,0,2038,0
93580,0,2037,0
93582,0,2037,0
93584,0,2036,0
93586,0,2035,0
93588,0,2039,0
93590,69255,2035,1
93592,0,2035,0
93594,0,2035,0
93596,0,2035,0
93598,0,2035,0
93600,0,2031,0
93602,0,2037,0
93604,0,2037,0
93606,0,2035,0
93608,0,2037,0
93610,0,2035,0
93612,0,2039,0
93614,0,2037,0
93616,0,2037,0
93618,0,2035,0
93620,0,2037,0
93622,0,2035,0
93624,0,2035,0
93626,0,2035,0
93628,0,2036,0
93630,69321,2036,1
93632,0,2032,0
93634,0,2035,0
93636,0,2035,0
93638,0,2035,0
93640,0,2031,0
93642,0,2036,0
93644,0,2035,0
93646,0,2037,0
93648,0,2035,0
93650,0,2035,0
93652,0,2031,0
93654,0,2037,0
93656,0,2035,0
93658,0,2027,0
93660,0,2037,0
93662,0,2035,0
93664,0,2032,0
93666,0,2034,0
93668,0,2035,0
93670,69351,2035,1
93672,0,2035,0
93674,0,2035,0
93676,0,2035,0
93678,0,2032,0
93680,0,2035,0
93682,0,2035,0
93684,0,2032,0
93686,0,2035,0
93688,0,2031,0
93690,0,2031,0
93692,0,2035,0
93694,0,2035,0
93696,0,2031,0
93698,0,2031,0
93700,0,2032,0
93702,0,2032,0
93704,0,2030,0
93706,0,2031,0
93708,0,2019,0
93710,69376,2031,1
93712,0,2031,0
93714,0,2031,0
93716,0,2031,0
93718,0,2030,0
93720,0,2031,0
93722,0,2032,0
93724,0,2032,0
93726,0,2031,0
93728,0,2031,0
93730,0,2031,0
93732,0,2031,0
93734,0,2031,0
93736,0,2031,0
93738,0,2031,0
93740,0,2031,0
93742,0,2031,0
93744,0,2031,0
93746,0,2031,0
93748,0,2031,0
93750,69407,2029,1
93752,0,2031,0
93754,0,2031,0
93756,0,2031,0
93758,0,2031,0
93760,0,2031,0
93762,0,2031,0
93764,0,2031,0
93766,0,2031,0
93768,0,2029,0
93770,0,2031,0
93772,0,2030,0
93774,0,2031,0
93776,0,2031,0
93778,0,2030,0
93780,0,2031,0
93782,0,2031,0
93784,0,2031,0
93786,0,2031,0
93788,0,2031,0
93790,69415,2029,1
93792,0,2029,0
93794,0,2030,0
93796,0,2031,0
93798,0,2029,0
93800,0,2027,0
93802,0,2029,0
93804,0,2030,0
93806,0,2031,0
93808,0,2028,0
93810,0,2031,0
93812,0,2029,0
93814,0,2031,0
93816,0,2031,0
93818,0,2031,0
93820,0,2029,0
93822,0,2030,0
93824,0,2031,0
93826,0,2031,0
93828,0,2031,0
93830,69428,2029,1
93833,0,2029,0
93835,0,2029,0
93837,0,2029,0
93839,0,2029,0
93841,0,2029,0
93843,0,2031,0
93845,0,2031,0
93847,0,2029,0
93849,0,2029,0
93851,0,2029,0
93853,0,2030,0
93855,0,2029,0
93857,0,2025,0
93859,0,2030,0
93861,0,2029,0
93863,0,2031,0
93865,0,2031,0
93867,0,2031,0
93869,0,2031,0
93871,69439,2031,1
93873,0,2029,0
93875,0,2029,0
93877,0,2028,0
93879,0,2031,0
93881,0,2030,0
93883,0,2027,0
93885,0,2031,0
93887,0,2029,0
93889,0,2029,0
93891,0,2029,0
93893,0,2029,0
93895,0,2029,0
93897,0,2029,0
93899,0,2028,0
93901,0,2031,0
93903,0,2031,0
93905,0,2029,0
93907,0,2029,0
93909,0,2028,0
93911,69382,2028,1
93913,0,2028,0
93915,0,2031,0
93917,0,2029,0
93919,0,2029,0
93921,0,2029,0
93923,0,2029,0
93925,0,2031,0
93927,0,2030,0
93929,0,2030,0
93931,0,2030,0
93933,0,2029,0
93935,0,2029,0
93937,0,2029,0
93939,0,2029,0
93941,0,2029,0
93943,0,2029,0
93945,0,2029,0
93947,0,2028,0
93949,0,2030,0
93951,69352,2029,1
93953,0,2027,0
93955,0,2029,0
93957,0,2029,0
93959,0,2028,0
93961,0,2029,0
93963,0,2029,0
93965,0,2029,0
93967,0,2027,0
93969,0,2028,0
93971,0,2029,0
93973,0,2029,0
93975,0,2029,0
93977,0,2029,0
93979,0,2029,0
93981,0,2029,0
93983,0,2029,0
93985,0,2028,0
93987,0,2029,0
93989,69365,2029,1
93991,0,2027,0
93993,0,2029,0
93995,0,2026,0
93997,0,2029,0
93999,0,2028,0
94001,0,2028,0
94003,0,2029,0
94005,0,2031,0
94007,0,2029,0
94009,0,2029,0
94011,0,2029,0
94013,0,2029,0
94015,0,2031,0
94017,0,2029,0
94019,0,2029,0
94021,0,2031,0
94023,0,2028,0
94025,0,2029,0
94027,0,2031,0
94029,69390,2027,1
94031,0,2029,0
94033,0,2028,0
94035,0,2029,0
94037,0,2030,0
94039,0,2031,0
94041,0,2029,0
94043,0,2029,0
94045,0,2030,0
94047,0,2029,0
94049,0,2027,0
94051,0,2029,0
94053,0,2029,0
94055,0,2031,0
94057,0,2030,0
94059,0,2029,0
94061,0,2024,0
94063,0,2029,0
94065,0,2029,0
94067,0,2029,0
94069,69390,2029,1
94071,0,2029,0
94073,0,2029,0
94075,0,2028,0
94077,0,2029,0
94079,0,2029,0
94081,0,2029,0
94083,0,2029,0
94085,0,2030,0
94087,0,2029,0
94089,0,2031,0
94091,0,2029,0
94093,0,2029,0
94095,0,2029,0
94097,0,2029,0
94099,0,2029,0
94101,0,2029,0
94103,0,2030,0
94105,0,2030,0
94107,0,2027,0
94109,69361,2029,1
94111,0,2031,0
94113,0,2027,0
94115,0,2029,0
94117,0,2028,0
94119,0,2029,0
94121,0,2029,0
94123,0,2029,0
94125,0,2021,0
94127,0,2029,0
94129,0,2030,0
94131,0,2029,0
94133,0,2029,0
94135,0,2028,0
94137,0,2029,0
94139,0,2029,0
94141,0,2028,0
94143,0,2029,0
94145,0,2029,0
94147,0,2027,0
94149,69340,2028,1
94151,0,2029,0
94153,0,2029,0
94155,0,2029,0
94157,0,2028,0
94159,0,2028,0
94161,0,2029,0
94163,0,2029,0
94165,0,2028,0
94167,0,2036,0
94169,0,2029,0
94171,0,2029,0
94173,0,2029,0
94175,0,2029,0
94177,0,2027,0
94179,0,2027,0
94181,0,2029,0
94183,0,2027,0
94185,0,2029,0
94187,0,2029,0
94189,69330,2027,1
94191,0,2027,0
94193,0,2029,0
94195,0,2027,0
94197,0,2028,0
94199,0,2029,0
94201,0,2029,0
94203,0,2029,0
94205,0,2027,0
94207,0,2027,0
94209,0,2029,0
94211,0,2031,0
94213,0,2029,0
94215,0,2029,0
94217,0,2029,0
94219,0,2029,0
94221,0,2027,0
94223,0,2031,0
94225,0,2029,0
94227,0,2028,0
94229,69353,2029,1
94231,0,2029,0
94233,0,2029,0
94235,0,2029,0
94237,0,2029,0
94239,0,2031,0
94241,0,2029,0
94243,0,2029,0
94245,0,2027,0
94247,0,2029,0
94249,0,2029,0
94251,0,2029,0
94253,0,2027,0
94255,0,2029,0
94257,0,2029,0
94259,0,2027,0
94261,0,2029,0
94263,0,2029,0
94265,0,2028,0
94267,0,2029,0
94269,69364,2029,1
94271,0,2027,0
94273,0,2029,0
94275,0,2029,0
94277,0,2030,0
94279,0,2029,0
94281,0,2031,0
94283,0,2031,0
94285,0,2029,0
94287,0,2030,0
94289,0,2029,0
94291,0,2035,0
94293,0,2031,0
94295,0,2029,0
94297,0,2029,0
94299,0,2028,0
94301,0,2029,0
94303,0,2031,0
94305,0,2029,0
94307,0,2027,0
94309,69314,2028,1
94311,0,2029,0
94313,0,2031,0
94315,0,2030,0
94317,0,2029,0
94319,0,2031,0
94321,0,2029,0
94323,0,2041,0
94325,0,2029,0
94327,0,2029,0
94329,0,2030,0
94331,0,2029,0
94333,0,2028,0
94335,0,2029,0
94337,0,2029,0
94339,0,2029,0
94341,0,2029,0
94343,0,2031,0
94345,0,2029,0
94347,0,2029,0
94349,69259,2029,1
94351,0,2028,0
94353,0,2028,0
94355,0,2029,0
94357,0,2029,0
94359,0,2029,0
94361,0,2029,0
94363,0,2028,0
94365,0,2030,0
94367,0,2030,0
94369,0,2029,0
94371,0,2029,0
94373,0,2029,0
94375,0,2030,0
94377,0,2029,0
94379,0,2029,0
94381,0,2029,0
94383,0,2029,0
94385,0,2028,0
94387,69238,2029,1
94389,0,2032,0
94391,0,2028,0
94393,0,2029,0
94395,0,2029,0
94397,0,2029,0
94399,0,2028,0
94401,0,2029,0
94403,0,2031,0
94405,0,2027,0
94407,0,2029,0
94409,0,2030,0
94411,0,2027,0
94413,0,2029,0
94415,0,2029,0
94417,0,2029,0
94419,0,2029,0
94421,0,2029,0
94423,0,2029,0
94425,0,2027,0
94427,69185,2029,1
94429,0,2029,0
94431,0,2029,0
94433,0,2028,0
94435,0,2028,0
94437,0,2029,0
94439,0,2030,0
94441,0,2029,0
94443,0,2029,0
94445,0,2030,0
94447,0,2027,0
94449,0,2029,0
94451,0,2029,0
94453,0,2031,0
94455,0,2031,0
94457,0,2035,0
94459,0,2030,0
94461,0,2030,0
94463,0,2029,0
94465,0,2030,0
94467,69165,2029,1
94469,0,2029,0
94471,0,2029,0
94473,0,2029,0
94475,0,2029,0
94477,0,2029,0
94479,0,2031,0
94481,0,2029,0
94483,0,2029,0
94485,0,2029,0
94487,0,2029,0
94489,0,2029,0
94491,0,2029,0
94493,0,2029,0
94495,0,2029,0
94497,0,2031,0
94499,0,2031,0
94501,0,2030,0
94503,0,2029,0
94505,0,2031,0
94507,69153,2029,1
94509,0,2030,0
94511,0,2031,0
94513,0,2031,0
94515,0,2029,0
94517,0,2030,0
94519,0,2030,0
94521,0,2029,0
94523,0,2029,0
94525,0,2031,0
94527,0,2029,0
94529,0,2029,0
94531,0,2029,0
94533,0,2031,0
94535,0,2029,0
94537,0,2030,0
94539,0,2031,0
94541,0,2031,0
94543,0,2029,0
94545,0,2031,0
94547,69129,2029,1
94549,0,2031,0
94551,0,2029,0
94553,0,2030,0
94555,0,2031,0
94557,0,2030,0
94559,0,2031,0
94561,0,2031,0
94563,0,2030,0
94565,0,2030,0
94567,0,2031,0
94569,0,2030,0
94571,0,2029,0
94573,0,2030,0
94575,0,2029,0
94577,0,2035,0
94579,0,2031,0
94581,0,2031,0
94583,0,2031,0
94585,0,2029,0
94587,69118,2031,1
94589,0,2029,0
94591,0,2031,0
94593,0,2030,0
94595,0,2029,0
94597,0,2029,0
94599,0,2029,0
94601,0,2030,0
94603,0,2030,0
94605,0,2031,0
94607,0,2031,0
94609,0,2029,0
94611,0,2031,0
94613,0,2029,0
94615,0,2031,0
94617,0,2029,0
94619,0,2029,0
94621,0,2031,0
94623,0,2031,0
94625,0,2031,0
94627,69120,2031,1
94629,0,2031,0
94631,0,2029,0
94633,0,2029,0
94635,0,2031,0
94637,0,2030,0
94639,0,2029,0
94641,0,2031,0
94643,0,2029,0
94645,0,2029,0
94647,0,2029,0
94649,0,2031,0
94651,0,2029,0
94653,0,2031,0
94655,0,2029,0
94657,0,2031,0
94659,0,2031,0
94661,0,2030,0
94663,0,2031,0
94665,0,2029,0
94667,69101,2031,1
94669,0,2031,0
94671,0,2031,0
94673,0,2030,0
94675,0,2030,0
94677,0,2031,0
94679,0,2031,0
94681,0,2030,0
94683,0,2029,0
94685,0,2029,0
94687,0,2030,0
94689,0,2029,0
94691,0,2031,0
94693,0,2029,0
94695,0,2031,0
94697,0,2030,0
94699,0,2030,0
94701,0,2031,0
94703,0,2030,0
94705,0,2031,0
94707,69037,2032,1
94709,0,2031,0
94711,0,2031,0
94713,0,2029,0
94715,0,2031,0
94717,0,2031,0
94719,0,2031,0
94721,0,2030,0
94723,0,2029,0
94725,0,2029,0
94727,0,2031,0
94729,0,2031,0
94731,0,2031,0
94733,0,2027,0
94735,0,2031,0
94737,0,2031,0
94739,0,2031,0
94741,0,2036,0
94743,0,2029,0
94745,0,2031,0
94747,69015,2031,1
94749,0,2031,0
94751,0,2029,0
94753,0,2028,0
94755,0,2031,0
94757,0,2029,0
94759,0,2029,0
94761,0,2029,0
94763,0,2031,0
94765,0,2031,0
94767,0,2029,0
94769,0,2031,0
94771,0,2031,0
94773,0,2030,0
94775,0,2029,0
94777,0,2031,0
94779,0,2031,0
94781,0,2031,0
94783,0,2031,0
94785,69027,2037,1
94787,0,2029,0
94789,0,2031,0
94791,0,2031,0
94793,0,2031,0
94795,0,2032,0
94797,0,2031,0
94799,0,2031,0
94801,0,2035,0
94803,0,2031,0
94805,0,2030,0
94807,0,2031,0
94809,0,2031,0
94811,0,2031,0
94813,0,2031,0
94815,0,2031,0
94817,0,2031,0
94819,0,2031,0
94821,0,2031,0
94823,0,2031,0
94825,69030,2035,1
94827,0,2031,0
94829,0,2031,0
94831,0,2031,0
94833,0,2032,0
94835,0,2031,0
94837,0,2029,0
94839,0,2031,0
94841,0,2031,0
94843,0,2031,0
94845,0,2031,0
94847,0,2031,0
94849,0,2031,0
94851,0,2031,0
94853,0,2031,0
94855,0,2031,0
94857,0,2031,0
94859,0,2031,0
94861,0,2021,0
94863,0,2031,0
94865,69030,2031,1
94867,0,2031,0
94869,0,2031,0
94871,0,2031,0
94873,0,2035,0
94875,0,2031,0
94877,0,2031,0
94879,0,2031,0
94881,0,2035,0
94883,0,2031,0
94885,0,2031,0
94887,0,2031,0
94889,0,2035,0
94891,0,2034,0
94893,0,2031,0
94895,0,2035,0
94897,0,2031,0
94899,0,2031,0
94901,0,2031,0
94903,0,2031,0
94905,69009,2031,1
94907,0,2035,0
94909,0,2035,0
94911,0,2031,0
94913,0,2030,0
94915,0,2035,0
94917,0,2031,0
94919,0,2031,0
94921,0,2031,0
94923,0,2035,0
94925,0,2029,0
94927,0,2035,0
94929,0,2035,0
94931,0,2031,0
94933,0,2035,0
94935,0,2031,0
94937,0,2035,0
94939,0,2037,0
94941,0,2031,0
94943,0,2035,0
94945,68982,2035,1
94947,0,2029,0
94949,0,2035,0
94951,0,2035,0
94953,0,2032,0
94955,0,2031,0
94957,0,2031,0
94959,0,2030,0
94961,0,2035,0
94963,0,2032,0
94965,0,2031,0
94967,0,2034,0
94969,0,2036,0
94971,0,2031,0
94973,0,2035,0
94975,0,2031,0
94977,0,2036,0
94979,0,2031,0
94981,0,2035,0
94983,0,2035,0
94985,68951,2035,1
94987,0,2034,0
94989,0,2031,0
94991,0,2036,0
94993,0,2036,0
94995,0,2034,0
94997,0,2035,0
94999,0,2035,0
95001,0,2036,0
95003,0,2034,0
95005,0,2034,0
95007,0,2035,0
95009,0,2031,0
95011,0,2031,0
95013,0,2035,0
95015,0,2035,0
95017,0,2029,0
95019,0,2036,0
95021,0,2031,0
95023,0,2035,0
95025,68960,2032,1
95027,0,2035,0
95029,0,2035,0
95031,0,2035,0
95033,0,2035,0
95035,0,2035,0
95037,0,2035,0
95039,0,2031,0
95041,0,2031,0
95043,0,2034,0
95045,0,2032,0
95047,0,2031,0
95049,0,2036,0
95051,0,2034,0
95053,0,2035,0
95055,0,2035,0
95057,0,2035,0
95059,0,2035,0
95061,0,2031,0
95063,0,2035,0
95065,68946,2031,1
95067,0,2032,0
95069,0,2031,0
95071,0,2035,0
95073,0,2031,0
95075,0,2035,0
95077,0,2035,0
95079,0,2037,0
95081,0,2034,0
95083,0,2035,0
95085,0,2035,0
95087,0,2035,0
95089,0,2035,0
95091,0,2031,0
95093,0,2035,0
95095,0,2035,0
95097,0,2034,0
95099,0,2035,0
95101,0,2032,0
95103,0,2031,0
95105,68878,2035,1
95107,0,2031,0
95109,0,2031,0
95111,0,2031,0
95113,0,2034,0
95115,0,2035,0
95117,0,2035,0
95119,0,2035,0
95121,0,2035,0
95123,0,2035,0
95125,0,2035,0
95127,0,2032,0
95129,0,2035,0
95131,0,2035,0
95133,0,2037,0
95135,0,2035,0
95137,0,2031,0
95139,0,2035,0
95141,0,2035,0
95143,0,2031,0
95145,68903,2032,1
95147,0,2035,0
95149,0,2031,0
95151,0,2037,0
95153,0,2035,0
95155,0,2035,0
95157,0,2030,0
95159,0,2035,0
95161,0,2035,0
95163,0,2032,0
95165,0,2035,0
95167,0,2032,0
95169,0,2030,0
95171,0,2031,0
95173,0,2035,0
95175,0,2031,0
95177,0,2035,0
95179,0,2035,0
95181,0,2035,0
95183,68966,2035,1
95185,0,2035,0
95187,0,2035,0
95189,0,2029,0
95191,0,2037,0
95193,0,2035,0
95195,0,2035,0
95197,0,2035,0
95199,0,2035,0
95201,0,2036,0
95203,0,2031,0
95205,0,2036,0
95207,0,2036,0
95209,0,2030,0
95211,0,2037,0
95213,0,2034,0
95215,0,2035,0
95217,0,2037,0
95219,0,2035,0
95221,0,2036,0
95223,68978,2031,1
95225,0,2035,0
95227,0,2036,0
95229,0,2035,0
95231,0,2037,0
95233,0,2035,0
95235,0,2035,0
95237,0,2036,0
95239,0,2035,0
95241,0,2037,0
95243,0,2036,0
95245,0,2035,0
95247,0,2035,0
95249,0,2035,0
95251,0,2036,0
95253,0,2035,0
95255,0,2035,0
95257,0,2036,0
95259,0,2035,0
95261,0,2036,0
95263,68953,2035,1
95265,0,2036,0
95267,0,2036,0
95269,0,2035,0
95271,0,2032,0
95273,0,2036,0
95275,0,2037,0
95277,0,2037,0
95279,0,2031,0
95281,0,2037,0
95283,0,2036,0
95285,0,2037,0
95287,0,2036,0
95289,0,2035,0
95291,0,2037,0
95293,0,2037,0
95295,0,2037,0
95297,0,2034,0
95299,0,2035,0
95301,0,2037,0
95303,68891,2037,1
95305,0,2037,0
95307,0,2035,0
95309,0,2037,0
95311,0,2035,0
95313,0,2037,0
95315,0,2036,0
95317,0,2036,0
95319,0,2037,0
95321,0,2037,0
95323,0,2037,0
95325,0,2036,0
95327,0,2036,0
95329,0,2036,0
95331,0,2036,0
95333,0,2037,0
95335,0,2036,0
95337,0,2035,0
95339,0,2037,0
95341,0,2036,0
95343,68829,2036,1
95345,0,2037,0
95347,0,2037,0
95349,0,2031,0
95351,0,2037,0
95353,0,2037,0
95355,0,2037,0
95357,0,2036,0
95359,0,2035,0
95361,0,2037,0
95363,0,2037,0
95365,0,2037,0
95367,0,2036,0
95369,0,2036,0
95371,0,2031,0
95373,0,2036,0
95375,0,2037,0
95377,0,2037,0
95379,0,2035,0
95381,0,2036,0
95383,68843,2039,1
95385,0,2039,0
95387,0,2036,0
95389,0,2036,0
95391,0,2036,0
95393,0,2035,0
95395,0,2037,0
95397,0,2037,0
95399,0,2037,0
95401,0,2037,0
95403,0,2037,0
95405,0,2036,0
95407,0,2037,0
95409,0,2037,0
95411,0,2035,0
95413,0,2035,0
95415,0,2037,0
95417,0,2035,0
95419,0,2037,0
95421,0,2035,0
95423,68931,2035,1
95425,0,2035,0
95427,0,2037,0
95429,0,2037,0
95431,0,2037,0
95433,0,2043,0
95435,0,2035,0
95437,0,2036,0
95439,0,2037,0
95441,0,2035,0
95443,0,2035,0
95445,0,2037,0
95447,0,2038,0
95449,0,2037,0
95451,0,2037,0
95453,0,2037,0
95455,0,2037,0
95457,0,2029,0
95459,0,2037,0
95461,0,2036,0
95463,68947,2037,1
95465,0,2031,0
95467,0,2037,0
95469,0,2036,0
95471,0,2037,0
95473,0,2036,0
95475,0,2037,0
95477,0,2037,0
95479,0,2035,0
95481,0,2037,0
95483,0,2036,0
95485,0,2035,0
95487,0,2035,0
95489,0,2037,0
95491,0,2037,0
95493,0,2037,0
95495,0,2037,0
95497,0,2037,0
95499,0,2037,0
95501,0,2036,0
95503,68896,2036,1
95505,0,2037,0
95507,0,2037,0
95509,0,2037,0
95511,0,2037,0
95513,0,2037,0
95515,0,2037,0
95517,0,2037,0
95519,0,2056,0
95521,0,2039,0
95523,0,2037,0
95525,0,2037,0
95527,0,2036,0
95529,0,2037,0
95531,0,2037,0
95533,0,2035,0
95535,0,2037,0
95537,0,2037,0
95539,0,2036,0
95541,0,2043,0
95543,68902,2037,1
95545,0,2037,0
95547,0,2037,0
95549,0,2031,0
95551,0,2037,0
95553,0,2035,0
95555,0,2036,0
95557,0,2037,0
95559,0,2037,0
95561,0,2037,0
95563,0,2038,0
95565,0,2037,0
95567,0,2037,0
95569,0,2037,0
95571,0,2035,0
95573,0,2038,0
95575,0,2037,0
95577,0,2037,0
95579,0,2037,0
95581,68879,2037,1
95583,0,2037,0
95585,0,2039,0
95587,0,2036,0
95589,0,2037,0
95591,0,2037,0
95593,0,2035,0
95595,0,2037,0
95597,0,2037,0
95599,0,2035,0
95601,0,2036,0
95603,0,2038,0
95605,0,2036,0
95607,0,2035,0
95609,0,2037,0
95611,0,2037,0
95613,0,2037,0
95615,0,2039,0
95617,0,2037,0
95619,0,2037,0
95621,68824,2037,1
95623,0,2037,0
95625,0,2037,0
95627,0,2039,0
95629,0,2039,0
95631,0,2039,0
95633,0,2037,0
95635,0,2037,0
95637,0,2038,0
95639,0,2038,0
95641,0,2039,0
95643,0,2037,0
95645,0,2037,0
95647,0,2038,0
95649,0,2037,0
95651,0,2039,0
95653,0,2039,0
95655,0,2039,0
95657,0,2037,0
95659,0,2039,0
95661,68788,2037,1
95663,0,2039,0
95665,0,2037,0
95667,0,2037,0
95669,0,2031,0
95671,0,2039,0
95673,0,2038,0
95675,0,2038,0
95677,0,2040,0
95679,0,2038,0
95681,0,2038,0
95684,0,2038,0
95686,0,2038,0
95688,0,2039,0
95690,0,2039,0
95692,0,2039,0
95694,0,2038,0
95696,0,2039,0
95698,0,2038,0
95700,0,2039,0
95702,68797,2039,1
95704,0,2039,0
95706,0,2039,0
95708,0,2039,0
95710,0,2039,0
95712,0,2039,0
95714,0,2039,0
95716,0,2037,0
95718,0,2039,0
95720,0,2041,0
95722,0,2039,0
95724,0,2039,0
95726,0,2039,0
95728,0,2037,0
95730,0,2037,0
95732,0,2038,0
95734,0,2039,0
95736,0,2038,0
95738,0,2037,0
95740,0,2039,0
95742,68835,2039,1
95744,0,2039,0
95746,0,2039,0
95748,0,2038,0
95750,0,2041,0
95752,0,2039,0
95754,0,2037,0
95756,0,2037,0
95758,0,2038,0
95760,0,2037,0
95762,0,2037,0
95764,0,2039,0
95766,0,2039,0
95768,0,2038,0
95770,0,2039,0
95772,0,2039,0
95774,0,2037,0
95776,0,2040,0
95778,0,2039,0
95780,0,2039,0
95782,68846,2039,1
95784,0,2037,0
95786,0,2039,0
95788,0,2039,0
95790,0,2040,0
95792,0,2039,0
95794,0,2039,0
95796,0,2038,0
95798,0,2038,0
95800,0,2039,0
95802,0,2039,0
95804,0,2039,0
95806,0,2038,0
95808,0,2037,0
95810,0,2037,0
95812,0,2036,0
95814,0,2039,0
95816,0,2029,0
95818,0,2039,0
95820,0,2040,0
95822,68825,2039,1
95824,0,2037,0
95826,0,2039,0
95828,0,2039,0
95830,0,2039,0
95832,0,2039,0
95834,0,2036,0
95836,0,2037,0
95838,0,2038,0
95840,0,2039,0
95842,0,2039,0
95844,0,2038,0
95846,0,2039,0
95848,0,2037,0
95850,0,2039,0
95852,0,2038,0
95854,0,2039,0
95856,0,2039,0
95858,0,2043,0
95860,0,2039,0
95862,68761,2039,1
95864,0,2039,0
95866,0,2035,0
95868,0,2039,0
95870,0,2039,0
95872,0,2039,0
95874,0,2041,0
95876,0,2039,0
95878,0,2039,0
95880,0,2031,0
95882,0,2039,0
95884,0,2040,0
95886,0,2040,0
95888,0,2041,0
95890,0,2040,0
95892,0,2040,0
95894,0,2039,0
95896,0,2040,0
95898,0,2039,0
95900,0,2041,0
95902,68688,2041,1
95904,0,2038,0
95906,0,2040,0
95908,0,2039,0
95910,0,2041,0
95912,0,2035,0
95914,0,2039,0
95916,0,2039,0
95918,0,2040,0
95920,0,2039,0
95922,0,2037,0
95924,0,2039,0
95926,0,2039,0
95928,0,2041,0
95930,0,2040,0
95932,0,2039,0
95934,0,2039,0
95936,0,2041,0
95938,0,2039,0
95940,0,2040,0
95942,68679,2040,1
95944,0,2039,0
95946,0,2039,0
95948,0,2041,0
95950,0,2040,0
95952,0,2039,0
95954,0,2037,0
95956,0,2039,0
95958,0,2039,0
95960,0,2039,0
95962,0,2039,0
95964,0,2041,0
95966,0,2040,0
95968,0,2041,0
95970,0,2040,0
95972,0,2041,0
95974,0,2040,0
95976,0,2041,0
95978,0,2039,0
95980,68731,2039,1
95982,0,2039,0
95984,0,2041,0
95986,0,2039,0
95988,0,2039,0
95990,0,2040,0
95992,0,2039,0
95994,0,2040,0
95996,0,2041,0
95998,0,2039,0
96000,0,2041,0
96002,0,2040,0
96004,0,2041,0
96006,0,2040,0
96008,0,2040,0
96010,0,2041,0
96012,0,2041,0
96014,0,2041,0
96016,0,2041,0
96018,0,2039,0
96020,68745,2041,1
96022,0,2041,0
96024,0,2041,0
96026,0,2039,0
96028,0,2042,0
96030,0,2039,0
96032,0,2031,0
96034,0,2041,0
96036,0,2040,0
96038,0,2040,0
96040,0,2040,0
96042,0,2040,0
96044,0,2041,0
96046,0,2041,0
96048,0,2040,0
96050,0,2041,0
96052,0,2043,0
96054,0,2041,0
96056,0,2041,0
96058,0,2041,0
96060,68730,2039,1
96062,0,2039,0
96064,0,2040,0
96066,0,2043,0
96068,0,2040,0
96070,0,2041,0
96072,0,2039,0
96074,0,2041,0
96076,0,2039,0
96078,0,2040,0
96080,0,2040,0
96082,0,2040,0
96084,0,2037,0
96086,0,2040,0
96088,0,2040,0
96090,0,2041,0
96092,0,2041,0
96094,0,2041,0
96096,0,2040,0
96098,0,2042,0
96100,68691,2043,1
96102,0,2041,0
96104,0,2044,0
96106,0,2041,0
96108,0,2041,0
96110,0,2041,0
96112,0,2041,0
96114,0,2045,0
96116,0,2041,0
96118,0,2039,0
96120,0,2041,0
96122,0,2041,0
96124,0,2042,0
96126,0,2040,0
96128,0,2041,0
96130,0,2040,0
96132,0,2041,0
96134,0,2043,0
96136,0,2041,0
96138,0,2041,0
96140,68662,2040,1
96142,0,2043,0
96144,0,2041,0
96146,0,2041,0
96148,0,2041,0
96150,0,2041,0
96152,0,2041,0
96154,0,2041,0
96156,0,2041,0
96158,0,2041,0
96160,0,2039,0
96162,0,2041,0
96164,0,2043,0
96166,0,2043,0
96168,0,2041,0
96170,0,2041,0
96172,0,2035,0
96174,0,2042,0
96176,0,2038,0
96178,0,2044,0
96180,68638,2043,1
96182,0,2041,0
96184,0,2041,0
96186,0,2041,0
96188,0,2043,0
96190,0,2045,0
96192,0,2043,0
96194,0,2041,0
96196,0,2041,0
96198,0,2041,0
96200,0,2045,0
96202,0,2041,0
96204,0,2043,0
96206,0,2041,0
96208,0,2041,0
96210,0,2042,0
96212,0,2041,0
96214,0,2043,0
96216,0,2041,0
96218,0,2041,0
96220,68583,2043,1
96222,0,2043,0
96224,0,2039,0
96226,0,2040,0
96228,0,2041,0
96230,0,2041,0
96232,0,2042,0
96234,0,2043,0
96236,0,2043,0
96238,0,2041,0
96240,0,2043,0
96242,0,2043,0
96244,0,2040,0
96246,0,2042,0
96248,0,2042,0
96250,0,2043,0
96252,0,2042,0
96254,0,2043,0
96256,0,2043,0
96258,0,2043,0
96260,68501,2043,1
96262,0,2042,0
96264,0,2042,0
96266,0,2043,0
96268,0,2042,0
96270,0,2040,0
96272,0,2039,0
96274,0,2029,0
96276,0,2042,0
96278,0,2043,0
96280,0,2041,0
96282,0,2041,0
96284,0,2053,0
96286,0,2041,0
96288,0,2043,0
96290,0,2043,0
96292,0,2044,0
96294,0,2043,0
96296,0,2041,0
96298,0,2041,0
96300,68459,2043,1
96302,0,2041,0
96304,0,2043,0
96306,0,2044,0
96308,0,2043,0
96310,0,2041,0
96312,0,2043,0
96314,0,2043,0
96316,0,2045,0
96318,0,2043,0
96320,0,2043,0
96322,0,2052,0
96324,0,2043,0
96326,0,2043,0
96328,0,2043,0
96330,0,2053,0
96332,0,2044,0
96334,0,2044,0
96336,0,2041,0
96338,68491,2039,1
96340,0,2043,0
96342,0,2043,0
96344,0,2042,0
96346,0,2057,0
96348,0,2053,0
96350,0,2044,0
96352,0,2043,0
96354,0,2044,0
96356,0,2042,0
96358,0,2043,0
96360,0,2043,0
96362,0,2044,0
96364,0,2043,0
96366,0,2044,0
96368,0,2044,0
96370,0,2043,0
96372,0,2043,0
96374,0,2045,0
96376,0,2045,0
96378,68517,2045,1
96380,0,2044,0
96382,0,2045,0
96384,0,2045,0
96386,0,2045,0
96388,0,2044,0
96390,0,2055,0
96392,0,2044,0
96394,0,2044,0
96396,0,2044,0
96398,0,2045,0
96400,0,2043,0
96402,0,2044,0
96404,0,2045,0
96406,0,2045,0
96408,0,2043,0
96410,0,2045,0
96412,0,2045,0
96414,0,2045,0
96416,0,2043,0
96418,68513,2045,1
96420,0,2043,0
96422,0,2043,0
96424,0,2045,0
96426,0,2043,0
96428,0,2043,0
96430,0,2045,0
96432,0,2045,0
96434,0,2046,0
96436,0,2045,0
96438,0,2045,0
96440,0,2045,0
96442,0,2043,0
96444,0,2045,0
96446,0,2045,0
96448,0,2053,0
96450,0,2053,0
96452,0,2052,0
96454,0,2043,0
96456,0,2053,0
96458,68481,2045,1
96460,0,2045,0
96462,0,2045,0
96464,0,2055,0
96466,0,2043,0
96468,0,2053,0
96470,0,2046,0
96472,0,2045,0
96474,0,2043,0
96476,0,2053,0
96478,0,2044,0
96480,0,2043,0
96482,0,2052,0
96484,0,2045,0
96486,0,2044,0
96488,0,2045,0
96490,0,2045,0
96492,0,2053,0
96494,0,2045,0
96496,0,2053,0
96498,68455,2046,1
96500,0,2053,0
96502,0,2044,0
96504,0,2045,0
96506,0,2045,0
96508,0,2047,0
96510,0,2045,0
96512,0,2053,0
96514,0,2053,0
96516,0,2045,0
96518,0,2053,0
96520,0,2053,0
96522,0,2045,0
96524,0,2045,0
96526,0,2045,0
96528,0,2053,0
96530,0,2044,0
96532,0,2042,0
96534,0,2045,0
96536,0,2053,0
96538,68452,2053,1
96540,0,2039,0
96542,0,2045,0
96544,0,2053,0
96546,0,2045,0
96548,0,2053,0
96550,0,2044,0
96552,0,2053,0
96554,0,2045,0
96556,0,2045,0
96558,0,2053,0
96560,0,2044,0
96562,0,2052,0
96564,0,2045,0
96566,0,2053,0
96568,0,2053,0
96570,0,2043,0
96572,0,2045,0
96574,0,2045,0
96576,0,2045,0
96578,68455,2047,1
96580,0,2051,0
96582,0,2045,0
96584,0,2053,0
96586,0,2045,0
96588,0,2044,0
96590,0,2053,0
96592,0,2045,0
96594,0,2053,0
96596,0,2053,0
96598,0,2045,0
96600,0,2039,0
96602,0,2057,0
96604,0,2053,0
96606,0,2045,0
96608,0,2053,0
96610,0,2053,0
96612,0,2053,0
96614,0,2045,0
96616,0,2045,0
96618,68451,2053,1
96620,0,2045,0
96622,0,2045,0
96624,0,2045,0
96626,0,2053,0
96628,0,2044,0
96630,0,2053,0
96632,0,2054,0
96634,0,2047,0
96636,0,2053,0
96638,0,2055,0
96640,0,2055,0
96642,0,2053,0
96644,0,2053,0
96646,0,2054,0
96648,0,2053,0
96650,0,2053,0
96652,0,2053,0
96654,0,2053,0
96656,0,2053,0
96658,68394,2045,1
96660,0,2043,0
96662,0,2055,0
96664,0,2045,0
96666,0,2046,0
96668,0,2045,0
96670,0,2045,0
96672,0,2057,0
96674,0,2046,0
96676,0,2045,0
96678,0,2055,0
96680,0,2059,0
96682,0,2053,0
96684,0,2053,0
96686,0,2045,0
96688,0,2053,0
96690,0,2053,0
96692,0,2043,0
96694,0,2046,0
96696,0,2045,0
96698,68367,2047,1
96700,0,2053,0
96702,0,2053,0
96704,0,2053,0
96706,0,2045,0
96708,0,2053,0
96710,0,2053,0
96712,0,2053,0
96714,0,2053,0
96716,0,2054,0
96718,0,2046,0
96720,0,2047,0
96722,0,2053,0
96724,0,2053,0
96726,0,2045,0
96728,0,2053,0
96730,0,2045,0
96732,0,2055,0
96734,0,2045,0
96736,68365,2055,1
96738,0,2053,0
96740,0,2053,0
96742,0,2045,0
96744,0,2053,0
96746,0,2053,0
96748,0,2053,0
96750,0,2053,0
96752,0,2053,0
96754,0,2053,0
96756,0,2053,0
96758,0,2055,0
96760,0,2053,0
96762,0,2053,0
96764,0,2055,0
96766,0,2054,0
96768,0,2045,0
96770,0,2053,0
96772,0,2055,0
96774,0,2055,0
96776,68361,2057,1
96778,0,2055,0
96780,0,2055,0
96782,0,2053,0
96784,0,2053,0
96786,0,2055,0
96788,0,2055,0
96790,0,2055,0
96792,0,2053,0
96794,0,2055,0
96796,0,2053,0
96798,0,2053,0
96800,0,2053,0
96802,0,2055,0
96804,0,2053,0
96806,0,2055,0
96808,0,2055,0
96810,0,2053,0
96812,0,2045,0
96814,0,2054,0
96816,68355,2055,1
96818,0,2054,0
96820,0,2053,0
96822,0,2053,0
96824,0,2055,0
96826,0,2055,0
96828,0,2053,0
96830,0,2055,0
96832,0,2055,0
96834,0,2053,0
96836,0,2055,0
96838,0,2054,0
96840,0,2055,0
96842,0,2055,0
96844,0,2053,0
96846,0,2055,0
96848,0,2055,0
96850,0,2055,0
96852,0,2055,0
96854,0,2055,0
96856,68345,2055,1
96858,0,2056,0
96860,0,2059,0
96862,0,2055,0
96864,0,2055,0
96866,0,2056,0
96868,0,2055,0
96870,0,2055,0
96872,0,2055,0
96874,0,2055,0
96876,0,2054,0
96878,0,2055,0
96880,0,2055,0
96882,0,2055,0
96884,0,2055,0
96886,0,2055,0
96888,0,2055,0
96890,0,2055,0
96892,0,2056,0
96894,0,2056,0
96896,68343,2045,1
96898,0,2053,0
96900,0,2055,0
96902,0,2056,0
96904,0,2055,0
96906,0,2055,0
96908,0,2055,0
96910,0,2055,0
96912,0,2055,0
96914,0,2055,0
96916,0,2057,0
96918,0,2055,0
96920,0,2053,0
96922,0,2052,0
96924,0,2055,0
96926,0,2063,0
96928,0,2056,0
96930,0,2055,0
96932,0,2055,0
96934,0,2056,0
96936,68346,2056,1
96938,0,2055,0
96940,0,2055,0
96942,0,2056,0
96944,0,2055,0
96946,0,2057,0
96948,0,2056,0
96950,0,2053,0
96952,0,2053,0
96954,0,2057,0
96956,0,2055,0
96958,0,2056,0
96960,0,2054,0
96962,0,2057,0
96964,0,2056,0
96966,0,2055,0
96968,0,2055,0
96970,0,2056,0
96972,0,2056,0
96974,0,2055,0
96976,68372,2056,1
96978,0,2056,0
96980,0,2057,0
96982,0,2056,0
96984,0,2055,0
96986,0,2057,0
96988,0,2056,0
96990,0,2035,0
96992,0,2056,0
96994,0,2057,0
96996,0,2056,0
96998,0,2057,0
97000,0,2057,0
97002,0,2056,0
97004,0,2057,0
97006,0,2056,0
97008,0,2055,0
97010,0,2057,0
97012,0,2055,0
97014,0,2056,0
97016,68374,2057,1
97018,0,2055,0
97020,0,2055,0
97022,0,2055,0
97024,0,2056,0
97026,0,2054,0
97028,0,2055,0
97030,0,2055,0
97032,0,2063,0
97034,0,2055,0
97036,0,2057,0
97038,0,2059,0
97040,0,2057,0
97042,0,2057,0
97044,0,2057,0
97046,0,2056,0
97048,0,2057,0
97050,0,2059,0
97052,0,2056,0
97054,0,2057,0
97056,68330,2057,1
97058,0,2058,0
97060,0,2056,0
97062,0,2056,0
97064,0,2057,0
97066,0,2057,0
97068,0,2057,0
97070,0,2055,0
97072,0,2056,0
97074,0,2057,0
97076,0,2056,0
97078,0,2056,0
97080,0,2057,0
97082,0,2056,0
97084,0,2057,0
97086,0,2058,0
97088,0,2059,0
97090,0,2057,0
97092,0,2057,0
97094,0,2057,0
97096,68298,2057,1
97098,0,2057,0
97100,0,2055,0
97102,0,2056,0
97104,0,2057,0
97106,0,2057,0
97108,0,2055,0
97110,0,2057,0
97112,0,2057,0
97114,0,2055,0
97116,0,2043,0
97118,0,2057,0
97120,0,2055,0
97122,0,2057,0
97124,0,2057,0
97126,0,2055,0
97128,0,2059,0
97130,0,2055,0
97132,0,2057,0
97134,68302,2057,1
97136,0,2057,0
97138,0,2059,0
97140,0,2055,0
97142,0,2057,0
97144,0,2058,0
97146,0,2056,0
97148,0,2057,0
97150,0,2057,0
97152,0,2057,0
97154,0,2057,0
97156,0,2057,0
97158,0,2056,0
97160,0,2056,0
97162,0,2056,0
97164,0,2055,0
97166,0,2058,0
97168,0,2057,0
97170,0,2057,0
97172,0,2059,0
97174,68307,2057,1
97176,0,2059,0
97178,0,2057,0
97180,0,2057,0
97182,0,2057,0
97184,0,2059,0
97186,0,2058,0
97188,0,2059,0
97190,0,2057,0
97192,0,2057,0
97194,0,2057,0
97196,0,2059,0
97198,0,2058,0
97200,0,2059,0
97202,0,2057,0
97204,0,2056,0
97206,0,2059,0
97208,0,2057,0
97210,0,2057,0
97212,0,2057,0
97214,68326,2056,1
97216,0,2057,0
97218,0,2057,0
97220,0,2059,0
97222,0,2057,0
97224,0,2057,0
97226,0,2057,0
97228,0,2056,0
97230,0,2057,0
97232,0,2058,0
97234,0,2057,0
97236,0,2059,0
97238,0,2059,0
97240,0,2057,0
97242,0,2057,0
97244,0,2057,0
97246,0,2059,0
97248,0,2057,0
97250,0,2057,0
97252,0,2057,0
97254,68348,2057,1
97256,0,2056,0
97258,0,2057,0
97260,0,2059,0
97262,0,2059,0
97264,0,2055,0
97266,0,2058,0
97268,0,2058,0
97270,0,2059,0
97272,0,2057,0
97274,0,2059,0
97276,0,2057,0
97278,0,2057,0
97280,0,2059,0
97282,0,2057,0
97284,0,2057,0
97286,0,2057,0
97288,0,2057,0
97290,0,2059,0
97292,0,2056,0
97294,68341,2057,1
97296,0,2058,0
97298,0,2057,0
97300,0,2058,0
97302,0,2058,0
97304,0,2057,0
97306,0,2059,0
97308,0,2056,0
97310,0,2063,0
97312,0,2057,0
97314,0,2059,0
97316,0,2057,0
97318,0,2060,0
97320,0,2063,0
97322,0,2057,0
97324,0,2059,0
97326,0,2057,0
97328,0,2059,0
97330,0,2058,0
97332,0,2059,0
97334,68347,2044,1
97336,0,2057,0
97338,0,2057,0
97340,0,2059,0
97342,0,2057,0
97344,0,2057,0
97346,0,2059,0
97348,0,2059,0
97350,0,2057,0
97352,0,2057,0
97354,0,2061,0
97356,0,2059,0
97358,0,2057,0
97360,0,2059,0
97362,0,2059,0
97364,0,2057,0
97366,0,2059,0
97368,0,2058,0
97370,0,2059,0
97372,0,2059,0
97374,68392,2055,1
97376,0,2058,0
97378,0,2057,0
97380,0,2059,0
97382,0,2058,0
97384,0,2063,0
97386,0,2058,0
97388,0,2059,0
97390,0,2059,0
97392,0,2056,0
97394,0,2057,0
97396,0,2059,0
97398,0,2058,0
97400,0,2057,0
97402,0,2056,0
97404,0,2063,0
97406,0,2057,0
97408,0,2059,0
97410,0,2059,0
97412,0,2057,0
97414,68406,2059,1
97416,0,2057,0
97418,0,2059,0
97420,0,2060,0
97422,0,2059,0
97424,0,2059,0
97426,0,2059,0
97428,0,2059,0
97430,0,2057,0
97432,0,2057,0
97434,0,2059,0
97436,0,2057,0
97438,0,2059,0
97440,0,2057,0
97442,0,2059,0
97444,0,2058,0
97446,0,2057,0
97448,0,2057,0
97450,0,2059,0
97452,0,2059,0
97454,68385,2057,1
97456,0,2059,0
97458,0,2059,0
97460,0,2056,0
97462,0,2057,0
97464,0,2055,0
97466,0,2059,0
97468,0,2059,0
97470,0,2058,0
97472,0,2057,0
97474,0,2058,0
97476,0,2057,0
97478,0,2057,0
97480,0,2059,0
97482,0,2059,0
97484,0,2059,0
97486,0,2063,0
97488,0,2059,0
97490,0,2059,0
97492,0,2059,0
97494,68390,2058,1
97496,0,2056,0
97498,0,2059,0
97500,0,2059,0
97502,0,2059,0
97504,0,2057,0
97506,0,2058,0
97508,0,2059,0
97510,0,2057,0
97512,0,2059,0
97514,0,2057,0
97516,0,2060,0
97518,0,2058,0
97520,0,2057,0
97522,0,2059,0
97525,0,2060,0
97527,0,2059,0
97529,0,2067,0
97531,0,2057,0
97533,68437,2063,1
97535,0,2059,0
97537,0,2063,0
97539,0,2063,0
97541,0,2059,0
97543,0,2057,0
97545,0,2059,0
97547,0,2063,0
97549,0,2059,0
97551,0,2059,0
97553,0,2059,0
97555,0,2058,0
97557,0,2059,0
97559,0,2060,0
97561,0,2059,0
97563,0,2059,0
97565,0,2057,0
97567,0,2059,0
97569,0,2059,0
97571,0,2059,0
97573,68458,2059,1
97575,0,2060,0
97577,0,2059,0
97579,0,2057,0
97581,0,2060,0
97583,0,2059,0
97585,0,2058,0
97587,0,2059,0
97589,0,2059,0
97591,0,2059,0
97593,0,2063,0
97595,0,2059,0
97597,0,2057,0
97599,0,2059,0
97601,0,2059,0
97603,0,2059,0
97605,0,2057,0
97607,0,2059,0
97609,0,2059,0
97611,0,2059,0
97613,68467,2063,1
97615,0,2059,0
97617,0,2059,0
97619,0,2059,0
97621,0,2059,0
97623,0,2059,0
97625,0,2059,0
97627,0,2059,0
97629,0,2059,0
97631,0,2059,0
97633,0,2059,0
97635,0,2059,0
97637,0,2059,0
97639,0,2063,0
97641,0,2059,0
97643,0,2059,0
97645,0,2059,0
97647,0,2043,0
97649,0,2059,0
97651,0,2060,0
97653,68463,2063,1
97655,0,2059,0
97657,0,2059,0
97659,0,2059,0
97661,0,2059,0
97663,0,2059,0
97665,0,2061,0
97667,0,2059,0
97669,0,2059,0
97671,0,2059,0
97673,0,2063,0
97675,0,2061,0
97677,0,2063,0
97679,0,2065,0
97681,0,2059,0
97683,0,2063,0
97685,0,2063,0
97687,0,2059,0
97689,0,2061,0
97691,0,2059,0
97693,68480,2063,1
97695,0,2063,0
97697,0,2060,0
97699,0,2063,0
97701,0,2063,0
97703,0,2059,0
97705,0,2059,0
97707,0,2059,0
97709,0,2059,0
97711,0,2061,0
97713,0,2059,0
97715,0,2059,0
97717,0,2059,0
97719,0,2059,0
97721,0,2063,0
97723,0,2063,0
97725,0,2061,0
97727,0,2063,0
97729,0,2063,0
97731,0,2061,0
97733,68471,2063,1
97735,0,2058,0
97737,0,2063,0
97739,0,2063,0
97741,0,2060,0
97743,0,2063,0
97745,0,2059,0
97747,0,2063,0
97749,0,2059,0
97751,0,2060,0
97753,0,2063,0
97755,0,2063,0
97757,0,2059,0
97759,0,2061,0
97761,0,2060,0
97763,0,2059,0
97765,0,2063,0
97767,0,2060,0
97769,0,2059,0
97771,0,2059,0
97773,68485,2059,1
97775,0,2059,0
97777,0,2063,0
97779,0,2063,0
97781,0,2063,0
97783,0,2060,0
97785,0,2061,0
97787,0,2063,0
97789,0,2059,0
97791,0,2061,0
97793,0,2063,0
97795,0,2060,0
97797,0,2063,0
97799,0,2059,0
97801,0,2063,0
97803,0,2063,0
97805,0,2063,0
97807,0,2057,0
97809,0,2063,0
97811,0,2063,0
97813,68473,2063,1
97815,0,2065,0
97817,0,2059,0
97819,0,2063,0
97821,0,2063,0
97823,0,2063,0
97825,0,2063,0
97827,0,2063,0
97829,0,2063,0
97831,0,2065,0
97833,0,2063,0
97835,0,2067,0
97837,0,2063,0
97839,0,2063,0
97841,0,2063,0
97843,0,2063,0
97845,0,2063,0
97847,0,2059,0
97849,0,2063,0
97851,0,2059,0
97853,68427,2059,1
97855,0,2063,0
97857,0,2063,0
97859,0,2063,0
97861,0,2059,0
97863,0,2059,0
97865,0,2063,0
97867,0,2059,0
97869,0,2067,0
97871,0,2063,0
97873,0,2059,0
97875,0,2063,0
97877,0,2059,0
97879,0,2059,0
97881,0,2063,0
97883,0,2063,0
97885,0,2063,0
97887,0,2060,0
97889,0,2065,0
97891,0,2063,0
97893,68418,2063,1
97895,0,2063,0
97897,0,2060,0
97899,0,2063,0
97901,0,2063,0
97903,0,2060,0
97905,0,2061,0
97907,0,2063,0
97909,0,2065,0
97911,0,2063,0
97913,0,2063,0
97915,0,2059,0
97917,0,2063,0
97919,0,2065,0
97921,0,2063,0
97923,0,2063,0
97925,0,2063,0
97927,0,2060,0
97929,0,2059,0
97931,68413,2068,1
97933,0,2065,0
97935,0,2063,0
97937,0,2063,0
97939,0,2061,0
97941,0,2063,0
97943,0,2063,0
97945,0,2063,0
97947,0,2063,0
97949,0,2063,0
97951,0,2055,0
97953,0,2063,0
97955,0,2061,0
97957,0,2063,0
97959,0,2063,0
97961,0,2059,0
97963,0,2063,0
97965,0,2063,0
97967,0,2063,0
97969,0,2060,0
97971,68415,2063,1
97973,0,2063,0
97975,0,2063,0
97977,0,2063,0
97979,0,2063,0
97981,0,2063,0
97983,0,2057,0
97985,0,2063,0
97987,0,2063,0
97989,0,2063,0
97991,0,2063,0
97993,0,2065,0
97995,0,2073,0
97997,0,2063,0
97999,0,2063,0
98001,0,2063,0
98003,0,2063,0
98005,0,2063,0
98007,0,2059,0
98009,0,2063,0
98011,68425,2063,1
98013,0,2063,0
98015,0,2063,0
98017,0,2065,0
98019,0,2063,0
98021,0,2063,0
98023,0,2063,0
98025,0,2061,0
98027,0,2063,0
98029,0,2063,0
98031,0,2063,0
98033,0,2065,0
98035,0,2063,0
98037,0,2063,0
98039,0,2063,0
98041,0,2063,0
98043,0,2063,0
98045,0,2065,0
98047,0,2059,0
98049,0,2063,0
98051,68435,2065,1
98053,0,2063,0
98055,0,2063,0
98057,0,2065,0
98059,0,2060,0
98061,0,2067,0
98063,0,2063,0
98065,0,2063,0
98067,0,2063,0
98069,0,2063,0
98071,0,2063,0
98073,0,2063,0
98075,0,2063,0
98077,0,2063,0
98079,0,2065,0
98081,0,2065,0
98083,0,2065,0
98085,0,2063,0
98087,0,2063,0
98089,0,2063,0
98091,68449,2065,1
98093,0,2063,0
98095,0,2063,0
98097,0,2063,0
98099,0,2063,0
98101,0,2063,0
98103,0,2063,0
98105,0,2063,0
98107,0,2063,0
98109,0,2063,0
98111,0,2063,0
98113,0,2063,0
98115,0,2063,0
98117,0,2060,0
98119,0,2063,0
98121,0,2063,0
98123,0,2063,0
98125,0,2063,0
98127,0,2065,0
98129,0,2063,0
98131,68454,2065,1
98133,0,2063,0
98135,0,2065,0
98137,0,2065,0
98139,0,2063,0
98141,0,2063,0
98143,0,2063,0
98145,0,2065,0
98147,0,2065,0
98149,0,2065,0
98151,0,2063,0
98153,0,2063,0
98155,0,2065,0
98157,0,2064,0
98159,0,2063,0
98161,0,2063,0
98163,0,2063,0
98165,0,2063,0
98167,0,2063,0
98169,0,2065,0
98171,68495,2063,1
98173,0,2063,0
98175,0,2063,0
98177,0,2061,0
98179,0,2063,0
98181,0,2063,0
98183,0,2063,0
98185,0,2063,0
98187,0,2063,0
98189,0,2063,0
98191,0,2063,0
98193,0,2063,0
98195,0,2065,0
98197,0,2063,0
98199,0,2063,0
98201,0,2063,0
98203,0,2063,0
98205,0,2065,0
98207,0,2065,0
98209,0,2063,0
98211,68485,2063,1
98213,0,2061,0
98215,0,2063,0
98217,0,2063,0
98219,0,2061,0
98221,0,2063,0
98223,0,2063,0
98225,0,2063,0
98227,0,2065,0
98229,0,2063,0
98231,0,2065,0
98233,0,2063,0
98235,0,2063,0
98237,0,2063,0
98239,0,2063,0
98241,0,2065,0
98243,0,2065,0
98245,0,2063,0
98247,0,2063,0
98249,0,2066,0
98251,68422,2063,1
98253,0,2061,0
98255,0,2063,0
98257,0,2063,0
98259,0,2063,0
98261,0,2067,0
98263,0,2063,0
98265,0,2063,0
98267,0,2063,0
98269,0,2063,0
98271,0,2063,0
98273,0,2065,0
98275,0,2063,0
98277,0,2063,0
98279,0,2063,0
98281,0,2063,0
98283,0,2063,0
98285,0,2063,0
98287,0,2063,0
98289,0,2065,0
98291,68429,2063,1
98293,0,2063,0
98295,0,2063,0
98297,0,2063,0
98299,0,2065,0
98301,0,2060,0
98303,0,2063,0
98305,0,2065,0
98307,0,2063,0
98309,0,2060,0
98311,0,2059,0
98313,0,2063,0
98315,0,2063,0
98317,0,2065,0
98319,0,2063,0
98321,0,2063,0
98323,0,2063,0
98325,0,2075,0
98327,0,2065,0
98329,68441,2065,1
98331,0,2063,0
98333,0,2065,0
98335,0,2063,0
98337,0,2063,0
98339,0,2063,0
98341,0,2063,0
98343,0,2065,0
98345,0,2063,0
98347,0,2063,0
98349,0,2065,0
98351,0,2064,0
98353,0,2065,0
98355,0,2063,0
98357,0,2063,0
98359,0,2063,0
98361,0,2063,0
98363,0,2065,0
98365,0,2065,0
98367,0,2063,0
98369,68434,2063,1
98371,0,2063,0
98373,0,2063,0
98375,0,2064,0
98377,0,2063,0
98379,0,2063,0
98381,0,2066,0
98383,0,2066,0
98385,0,2065,0
98387,0,2065,0
98389,0,2057,0
98391,0,2065,0
98393,0,2065,0
98395,0,2065,0
98397,0,2065,0
98399,0,2065,0
98401,0,2065,0
98403,0,2065,0
98405,0,2063,0
98407,0,2063,0
98409,68430,2063,1
98411,0,2067,0
98413,0,2063,0
98415,0,2065,0
98417,0,2065,0
98419,0,2063,0
98421,0,2061,0
98423,0,2063,0
98425,0,2065,0
98427,0,2065,0
98429,0,2067,0
98431,0,2067,0
98433,0,2065,0
98435,0,2065,0
98437,0,2065,0
98439,0,2065,0
98441,0,2065,0
98443,0,2067,0
98445,0,2063,0
98447,0,2063,0
98449,68421,2065,1
98451,0,2065,0
98453,0,2065,0
98455,0,2063,0
98457,0,2065,0
98459,0,2065,0
98461,0,2065,0
98463,0,2065,0
98465,0,2066,0
98467,0,2066,0
98469,0,2066,0
98471,0,2065,0
98473,0,2065,0
98475,0,2065,0
98477,0,2065,0
98479,0,2065,0
98481,0,2067,0
98483,0,2065,0
98485,0,2067,0
98487,0,2065,0
98489,68417,2067,1
98491,0,2065,0
98493,0,2065,0
98495,0,2066,0
98497,0,2065,0
98499,0,2065,0
98501,0,2066,0
98503,0,2065,0
98505,0,2065,0
98507,0,2066,0
98509,0,2065,0
98511,0,2063,0
98513,0,2068,0
98515,0,2065,0
98517,0,2065,0
98519,0,2067,0
98521,0,2066,0
98523,0,2065,0
98525,0,2065,0
98527,0,2065,0
98529,68423,2066,1
98531,0,2065,0
98533,0,2063,0
98535,0,2067,0
98537,0,2065,0
98539,0,2065,0
98541,0,2063,0
98543,0,2073,0
98545,0,2067,0
98547,0,2067,0
98549,0,2065,0
98551,0,2067,0
98553,0,2067,0
98555,0,2065,0
98557,0,2065,0
98559,0,2065,0
98561,0,2065,0
98563,0,2064,0
98565,0,2067,0
98567,0,2066,0
98569,68439,2066,1
98571,0,2064,0
98573,0,2065,0
98575,0,2065,0
98577,0,2066,0
98579,0,2065,0
98581,0,2067,0
98583,0,2065,0
98585,0,2065,0
98587,0,2068,0
98589,0,2065,0
98591,0,2067,0
98593,0,2065,0
98595,0,2067,0
98597,0,2065,0
98599,0,2065,0
98601,0,2067,0
98603,0,2065,0
98605,0,2067,0
98607,0,2067,0
98609,68411,2065,1
98611,0,2066,0
98613,0,2067,0
98615,0,2065,0
98617,0,2065,0
98619,0,2065,0
98621,0,2067,0
98623,0,2066,0
98625,0,2067,0
98627,0,2066,0
98629,0,2067,0
98631,0,2065,0
98633,0,2065,0
98635,0,2063,0
98637,0,2067,0
98639,0,2067,0
98641,0,2067,0
98643,0,2065,0
98645,0,2066,0
98647,0,2067,0
98649,68369,2066,1
98651,0,2065,0
98653,0,2065,0
98655,0,2063,0
98657,0,2065,0
98659,0,2066,0
98661,0,2067,0
98663,0,2065,0
98665,0,2067,0
98667,0,2067,0
98669,0,2067,0
98671,0,2065,0
98673,0,2058,0
98675,0,2067,0
98677,0,2065,0
98679,0,2066,0
98681,0,2065,0
98683,0,2065,0
98685,0,2067,0
98687,68385,2066,1
98689,0,2065,0
98691,0,2065,0
98693,0,2066,0
98695,0,2066,0
98697,0,2066,0
98699,0,2063,0
98701,0,2067,0
98703,0,2063,0
98705,0,2065,0
98707,0,2065,0
98709,0,2066,0
98711,0,2065,0
98713,0,2067,0
98715,0,2069,0
98717,0,2065,0
98719,0,2067,0
98721,0,2066,0
98723,0,2066,0
98725,0,2067,0
98727,68403,2067,1
98729,0,2066,0
98731,0,2067,0
98733,0,2067,0
98735,0,2067,0
98737,0,2065,0
98739,0,2065,0
98741,0,2067,0
98743,0,2066,0
98745,0,2067,0
98747,0,2067,0
98749,0,2065,0
98751,0,2065,0
98753,0,2066,0
98755,0,2067,0
98757,0,2067,0
98759,0,2067,0
98761,0,2067,0
98763,0,2066,0
98765,0,2067,0
98767,68397,2069,1
98769,0,2067,0
98771,0,2067,0
98773,0,2067,0
98775,0,2067,0
98777,0,2065,0
98779,0,2069,0
98781,0,2069,0
98783,0,2069,0
98785,0,2068,0
98787,0,2066,0
98789,0,2067,0
98791,0,2067,0
98793,0,2065,0
98795,0,2067,0
98797,0,2067,0
98799,0,2065,0
98801,0,2063,0
98803,0,2068,0
98805,0,2067,0
98807,68378,2069,1
98809,0,2066,0
98811,0,2067,0
98813,0,2067,0
98815,0,2067,0
98817,0,2067,0
98819,0,2067,0
98821,0,2067,0
98823,0,2068,0
98825,0,2067,0
98827,0,2067,0
98829,0,2067,0
98831,0,2068,0
98833,0,2065,0
98835,0,2069,0
98837,0,2068,0
98839,0,2067,0
98841,0,2068,0
98843,0,2066,0
98845,0,2067,0
98847,68373,2067,1
98849,0,2067,0
98851,0,2068,0
98853,0,2068,0
98855,0,2068,0
98857,0,2066,0
98859,0,2069,0
98861,0,2067,0
98863,0,2063,0
98865,0,2067,0
98867,0,2067,0
98869,0,2067,0
98871,0,2069,0
98873,0,2067,0
98875,0,2067,0
98877,0,2068,0
98879,0,2067,0
98881,0,2067,0
98883,0,2067,0
98885,0,2067,0
98887,68348,2067,1
98889,0,2067,0
98891,0,2067,0
98893,0,2069,0
98895,0,2067,0
98897,0,2067,0
98899,0,2068,0
98901,0,2067,0
98903,0,2067,0
98905,0,2067,0
98907,0,2045,0
98909,0,2045,0
98911,0,2067,0
98913,0,2067,0
98915,0,2067,0
98917,0,2067,0
98919,0,2067,0
98921,0,2063,0
98923,0,2067,0
98925,0,2067,0
98927,68356,2067,1
98929,0,2067,0
98931,0,2065,0
98933,0,2067,0
98935,0,2066,0
98937,0,2068,0
98939,0,2068,0
98941,0,2067,0
98943,0,2067,0
98945,0,2069,0
98947,0,2069,0
98949,0,2067,0
98951,0,2069,0
98953,0,2068,0
98955,0,2067,0
98957,0,2067,0
98959,0,2067,0
98961,0,2067,0
98963,0,2067,0
98965,0,2069,0
98967,68352,2067,1
98969,0,2065,0
98971,0,2069,0
98973,0,2069,0
98975,0,2066,0
98977,0,2067,0
98979,0,2067,0
98981,0,2065,0
98983,0,2069,0
98985,0,2067,0
98987,0,2067,0
98989,0,2069,0
98991,0,2068,0
98993,0,2068,0
98995,0,2069,0
98997,0,2067,0
98999,0,2066,0
99001,0,2067,0
99003,0,2068,0
99005,0,2068,0
99007,68288,2067,1
99009,0,2068,0
99011,0,2069,0
99013,0,2067,0
99015,0,2068,0
99017,0,2067,0
99019,0,2069,0
99021,0,2067,0
99023,0,2069,0
99025,0,2067,0
99027,0,2067,0
99029,0,2068,0
99031,0,2065,0
99033,0,2069,0
99035,0,2067,0
99037,0,2067,0
99039,0,2067,0
99041,0,2068,0
99043,0,2069,0
99045,0,2067,0
99047,68247,2067,1
99049,0,2067,0
99051,0,2068,0
99053,0,2069,0
99055,0,2067,0
99057,0,2068,0
99059,0,2067,0
99061,0,2065,0
99063,0,2069,0
99065,0,2067,0
99067,0,2067,0
99069,0,2068,0
99071,0,2069,0
99073,0,2069,0
99075,0,2069,0
99077,0,2065,0
99079,0,2067,0
99081,0,2069,0
99083,0,2070,0
99085,68248,2069,1
99087,0,2068,0
99089,0,2069,0
99091,0,2066,0
99093,0,2067,0
99095,0,2069,0
99097,0,2069,0
99099,0,2068,0
99101,0,2069,0
99103,0,2069,0
99105,0,2067,0
99107,0,2069,0
99109,0,2069,0
99111,0,2067,0
99113,0,2067,0
99115,0,2069,0
99117,0,2068,0
99119,0,2067,0
99121,0,2068,0
99123,0,2069,0
99125,68251,2070,1
99127,0,2067,0
99129,0,2069,0
99131,0,2069,0
99133,0,2069,0
99135,0,2061,0
99137,0,2067,0
99139,0,2071,0
99141,0,2069,0
99143,0,2069,0
99145,0,2069,0
99147,0,2070,0
99149,0,2071,0
99151,0,2069,0
99153,0,2069,0
99155,0,2071,0
99157,0,2071,0
99159,0,2069,0
99161,0,2071,0
99163,0,2069,0
99165,68235,2068,1
99167,0,2069,0
99169,0,2069,0
99171,0,2069,0
99173,0,2069,0
99175,0,2067,0
99177,0,2068,0
99179,0,2068,0
99181,0,2069,0
99183,0,2070,0
99185,0,2071,0
99187,0,2069,0
99189,0,2071,0
99191,0,2069,0
99193,0,2071,0
99195,0,2069,0
99197,0,2069,0
99199,0,2069,0
99201,0,2069,0
99203,0,2069,0
99205,68237,2069,1
99207,0,2067,0
99209,0,2069,0
99211,0,2069,0
99213,0,2069,0
99215,0,2069,0
99217,0,2067,0
99219,0,2069,0
99221,0,2075,0
99223,0,2069,0
99225,0,2069,0
99227,0,2070,0
99229,0,2069,0
99231,0,2069,0
99233,0,2071,0
99235,0,2071,0
99237,0,2071,0
99239,0,2069,0
99241,0,2067,0
99243,0,2069,0
99245,68265,2068,1
99247,0,2069,0
99249,0,2068,0
99251,0,2069,0
99253,0,2067,0
99255,0,2071,0
99257,0,2069,0
99259,0,2071,0
99261,0,2069,0
99263,0,2072,0
99265,0,2069,0
99267,0,2070,0
99269,0,2071,0
99271,0,2071,0
99273,0,2065,0
99275,0,2070,0
99277,0,2068,0
99279,0,2069,0
99281,0,2069,0
99283,0,2069,0
99285,68275,2069,1
99287,0,2069,0
99289,0,2071,0
99291,0,2068,0
99293,0,2069,0
99295,0,2059,0
99297,0,2069,0
99299,0,2069,0
99301,0,2069,0
99303,0,2069,0
99305,0,2065,0
99307,0,2069,0
99309,0,2069,0
99311,0,2069,0
99313,0,2069,0
99315,0,2070,0
99317,0,2070,0
99319,0,2070,0
99321,0,2071,0
99323,0,2069,0
99325,68288,2069,1
99327,0,2069,0
99329,0,2069,0
99331,0,2070,0
99333,0,2070,0
99335,0,2069,0
99337,0,2071,0
99339,0,2069,0
99341,0,2070,0
99343,0,2071,0
99345,0,2071,0
99347,0,2071,0
99349,0,2069,0
99351,0,2071,0
99353,0,2071,0
99355,0,2069,0
99357,0,2071,0
99359,0,2071,0
99361,0,2071,0
99363,0,2072,0
99366,68306,2071,1
99368,0,2067,0
99370,0,2069,0
99372,0,2071,0
99374,0,2071,0
99376,0,2073,0
99378,0,2071,0
99380,0,2069,0
99382,0,2071,0
99384,0,2070,0
99386,0,2069,0
99388,0,2072,0
99390,0,2071,0
99392,0,2070,0
99394,0,2071,0
99396,0,2071,0
99398,0,2071,0
99400,0,2071,0
99402,0,2071,0
99404,0,2072,0
99406,68294,2071,1
99408,0,2071,0
99410,0,2069,0
99412,0,2072,0
99414,0,2072,0
99416,0,2071,0
99418,0,2071,0
99420,0,2069,0
99422,0,2069,0
99424,0,2071,0
99426,0,2071,0
99428,0,2071,0
99430,0,2070,0
99432,0,2070,0
99434,0,2071,0
99436,0,2069,0
99438,0,2070,0
99440,0,2071,0
99442,0,2071,0
99444,0,2072,0
99446,68269,2069,1
99448,0,2071,0
99450,0,2071,0
99452,0,2071,0
99454,0,2071,0
99456,0,2070,0
99458,0,2069,0
99460,0,2071,0
99462,0,2071,0
99464,0,2071,0
99466,0,2069,0
99468,0,2072,0
99470,0,2072,0
99472,0,2071,0
99474,0,2071,0
99476,0,2069,0
99478,0,2073,0
99480,0,2063,0
99482,0,2069,0
99484,68297,2071,1
99486,0,2071,0
99488,0,2070,0
99490,0,2069,0
99492,0,2069,0
99494,0,2069,0
99496,0,2071,0
99498,0,2071,0
99500,0,2072,0
99502,0,2069,0
99504,0,2072,0
99506,0,2071,0
99508,0,2069,0
99510,0,2070,0
99512,0,2071,0
99514,0,2071,0
99516,0,2069,0
99518,0,2072,0
99520,0,2071,0
99522,0,2069,0
99524,68299,2071,1
99526,0,2071,0
99528,0,2070,0
99530,0,2072,0
99532,0,2071,0
99534,0,2071,0
99536,0,2071,0
99538,0,2071,0
99540,0,2071,0
99542,0,2070,0
99544,0,2071,0
99546,0,2071,0
99548,0,2071,0
99550,0,2071,0
99552,0,2072,0
99554,0,2069,0
99556,0,2071,0
99558,0,2072,0
99560,0,2071,0
99562,0,2071,0
99564,68301,2071,1
99566,0,2071,0
99568,0,2071,0
99570,0,2071,0
99572,0,2071,0
99574,0,2071,0
99576,0,2071,0
99578,0,2071,0
99580,0,2071,0
99582,0,2071,0
99584,0,2071,0
99586,0,2073,0
99588,0,2072,0
99590,0,2072,0
99592,0,2072,0
99594,0,2071,0
99596,0,2071,0
99598,0,2072,0
99600,0,2072,0
99602,0,2072,0
99604,68302,2071,1
99606,0,2073,0
99608,0,2072,0
99610,0,2071,0
99612,0,2071,0
99614,0,2071,0
99616,0,2073,0
99618,0,2071,0
99620,0,2073,0
99622,0,2073,0
99624,0,2072,0
99626,0,2071,0
99628,0,2072,0
99630,0,2073,0
99632,0,2071,0
99634,0,2071,0
99636,0,2071,0
99638,0,2072,0
99640,0,2071,0
99642,0,2071,0
99644,68292,2072,1
99646,0,2069,0
99648,0,2071,0
99650,0,2072,0
99652,0,2072,0
99654,0,2072,0
99656,0,2073,0
99658,0,2072,0
99660,0,2072,0
99662,0,2071,0
99664,0,2071,0
99666,0,2071,0
99668,0,2073,0
99670,0,2071,0
99672,0,2073,0
99674,0,2073,0
99676,0,2073,0
99678,0,2072,0
99680,0,2071,0
99682,0,2070,0
99684,68287,2071,1
99686,0,2073,0
99688,0,2073,0
99690,0,2073,0
99692,0,2073,0
99694,0,2073,0
99696,0,2073,0
99698,0,2073,0
99700,0,2073,0
99702,0,2072,0
99704,0,2071,0
99706,0,2073,0
99708,0,2073,0
99710,0,2072,0
99712,0,2073,0
99714,0,2072,0
99716,0,2072,0
99718,0,2072,0
99720,0,2071,0
99722,0,2073,0
99724,68304,2071,1
99726,0,2071,0
99728,0,2072,0
99730,0,2073,0
99732,0,2071,0
99734,0,2073,0
99736,0,2073,0
99738,0,2072,0
99740,0,2071,0
99742,0,2073,0
99744,0,2071,0
99746,0,2069,0
99748,0,2072,0
99750,0,2071,0
99752,0,2072,0
99754,0,2072,0
99756,0,2072,0
99758,0,2071,0
99760,0,2073,0
99762,0,2072,0
99764,68312,2073,1
99766,0,2072,0
99768,0,2073,0
99770,0,2072,0
99772,0,2072,0
99774,0,2071,0
99776,0,2071,0
99778,0,2073,0
99780,0,2072,0
99782,0,2072,0
99784,0,2072,0
99786,0,2072,0
99788,0,2071,0
99790,0,2071,0
99792,0,2072,0
99794,0,2072,0
99796,0,2075,0
99798,0,2071,0
99800,0,2073,0
99802,0,2071,0
99804,68282,2072,1
99806,0,2075,0
99808,0,2071,0
99810,0,2073,0
99812,0,2071,0
99814,0,2073,0
99816,0,2072,0
99818,0,2069,0
99820,0,2073,0
99822,0,2073,0
99824,0,2073,0
99826,0,2075,0
99828,0,2073,0
99830,0,2072,0
99832,0,2073,0
99834,0,2073,0
99836,0,2072,0
99838,0,2072,0
99840,0,2075,0
99842,0,2071,0
99844,68271,2071,1
99846,0,2071,0
99848,0,2073,0
99850,0,2072,0
99852,0,2072,0
99854,0,2073,0
99856,0,2072,0
99858,0,2073,0
99860,0,2073,0
99862,0,2073,0
99864,0,2071,0
99866,0,2073,0
99868,0,2072,0
99870,0,2072,0
99872,0,2072,0
99874,0,2073,0
99876,0,2072,0
99878,0,2073,0
99880,0,2073,0
99882,68299,2072,1
99884,0,2072,0
99886,0,2073,0
99888,0,2073,0
99890,0,2071,0
99892,0,2071,0
99894,0,2071,0
99896,0,2073,0
99898,0,2073,0
99900,0,2073,0
99902,0,2073,0
99904,0,2071,0
99906,0,2073,0
99908,0,2072,0
99910,0,2072,0
99912,0,2071,0
99914,0,2073,0
99916,0,2073,0
99918,0,2074,0
99920,0,2073,0
99922,68312,2073,1
99924,0,2073,0
99926,0,2073,0
99928,0,2073,0
99930,0,2073,0
99932,0,2073,0
99934,0,2075,0
99936,0,2073,0
99938,0,2073,0
99940,0,2071,0
99942,0,2073,0
99944,0,2072,0
99946,0,2072,0
99948,0,2073,0
99950,0,2073,0
99952,0,2072,0
99954,0,2074,0
99956,0,2073,0
99958,0,2071,0
99960,0,2073,0
99962,68295,2075,1
99964,0,2073,0
99966,0,2073,0
99968,0,2072,0
99970,0,2073,0
99972,0,2072,0
99974,0,2073,0
99976,0,2073,0
99978,0,2073,0
99980,0,2073,0
99982,0,2073,0
99984,0,2073,0
99986,0,2073,0
99988,0,2072,0
99990,0,2071,0
99992,0,2072,0
99994,0,2073,0
99996,0,2072,0
99998,0,2073,0
100000,0,2072,0
100002,68294,2071,1
100004,0,2073,0
100006,0,2072,0
100008,0,2073,0
100010,0,2074,0
100012,0,2073,0
100014,0,2069,0
100016,0,2073,0
100018,0,2075,0
100020,0,2073,0
100022,0,2073,0
100024,0,2073,0
100026,0,2073,0
100028,0,2073,0
100030,0,2073,0
100032,0,2073,0
100034,0,2072,0
100036,0,2073,0
100038,0,2073,0
100040,0,2073,0
100042,68277,2073,1
100044,0,2074,0
100046,0,2072,0
100048,0,2073,0
100050,0,2073,0
100052,0,2073,0
100054,0,2073,0
100056,0,2075,0
100058,0,2073,0
100060,0,2072,0
100062,0,2072,0
100064,0,2073,0
100066,0,2073,0
100068,0,2072,0
100070,0,2073,0
100072,0,2073,0
100074,0,2073,0
100076,0,2073,0
100078,0,2074,0
100080,0,2074,0
100082,68282,2072,1
100084,0,2075,0
100086,0,2073,0
100088,0,2073,0
100090,0,2073,0
100092,0,2074,0
100094,0,2073,0
100096,0,2071,0
100098,0,2073,0
100100,0,2072,0
100102,0,2073,0
100104,0,2073,0
100106,0,2073,0
100108,0,2073,0
100110,0,2073,0
100112,0,2073,0
100114,0,2073,0
100116,0,2075,0
100118,0,2075,0
100120,0,2073,0
100122,68299,2073,1
100124,0,2073,0
100126,0,2072,0
100128,0,2073,0
100130,0,2073,0
100132,0,2073,0
100134,0,2075,0
100136,0,2073,0
100138,0,2073,0
100140,0,2073,0
100142,0,2073,0
100144,0,2075,0
100146,0,2073,0
100148,0,2073,0
100150,0,2072,0
100152,0,2074,0
100154,0,2075,0
100156,0,2074,0
100158,0,2073,0
100160,0,2074,0
100162,68298,2075,1
100164,0,2071,0
100166,0,2073,0
100168,0,2073,0
100170,0,2072,0
100172,0,2075,0
100174,0,2074,0
100176,0,2075,0
100178,0,2073,0
100180,0,2075,0
100182,0,2075,0
100184,0,2073,0
100186,0,2075,0
100188,0,2073,0
100190,0,2075,0
100192,0,2075,0
100194,0,2073,0
100196,0,2073,0
100198,0,2074,0
100200,0,2073,0
100202,68252,2073,1
100204,0,2072,0
100206,0,2073,0
100208,0,2073,0
100210,0,2073,0
100212,0,2073,0
100214,0,2073,0
100216,0,2073,0
100218,0,2075,0
100220,0,2075,0
100222,0,2073,0
100224,0,2079,0
100226,0,2073,0
100228,0,2073,0
100230,0,2073,0
100232,0,2073,0
100234,0,2074,0
100236,0,2075,0
100238,0,2075,0
100240,0,2075,0
100242,68237,2073,1
100244,0,2072,0
100246,0,2073,0
100248,0,2073,0
100250,0,2075,0
100252,0,2073,0
100254,0,2074,0
100256,0,2075,0
100258,0,2076,0
100260,0,2073,0
100262,0,2075,0
100264,0,2075,0
100266,0,2076,0
100268,0,2077,0
100270,0,2075,0
100272,0,2073,0
100274,0,2077,0
100276,0,2075,0
100278,0,2075,0
100280,68258,2075,1
100282,0,2075,0
100284,0,2075,0
100286,0,2074,0
100288,0,2075,0
100290,0,2073,0
100292,0,2075,0
100294,0,2075,0
100296,0,2075,0
100298,0,2076,0
100300,0,2073,0
100302,0,2075,0
100304,0,2075,0
100306,0,2075,0
100308,0,2075,0
100310,0,2073,0
100312,0,2075,0
100314,0,2075,0
100316,0,2075,0
100318,0,2075,0
100320,68262,2076,1
100322,0,2076,0
100324,0,2075,0
100326,0,2074,0
100328,0,2075,0
100330,0,2075,0
100332,0,2075,0
100334,0,2075,0
100336,0,2075,0
100338,0,2075,0
100340,0,2074,0
100342,0,2075,0
100344,0,2075,0
100346,0,2077,0
100348,0,2075,0
100350,0,2077,0
100352,0,2075,0
100354,0,2075,0
100356,0,2075,0
100358,0,2075,0
100360,68272,2075,1
100362,0,2073,0
100364,0,2074,0
100366,0,2075,0
100368,0,2075,0
100370,0,2075,0
100372,0,2077,0
100374,0,2075,0
100376,0,2075,0
100378,0,2073,0
100380,0,2074,0
100382,0,2076,0
100384,0,2074,0
100386,0,2077,0
100388,0,2075,0
100390,0,2075,0
100392,0,2075,0
100394,0,2077,0
100396,0,2075,0
100398,0,2076,0
100400,68263,2076,1
100402,0,2076,0
100404,0,2077,0
100406,0,2075,0
100408,0,2075,0
100410,0,2077,0
100412,0,2075,0
100414,0,2077,0
100416,0,2076,0
100418,0,2077,0
100420,0,2075,0
100422,0,2075,0
100424,0,2077,0
100426,0,2075,0
100428,0,2074,0
100430,0,2075,0
100432,0,2075,0
100434,0,2075,0
100436,0,2075,0
100438,0,2073,0
100440,68271,2075,1
100442,0,2075,0
100444,0,2076,0
100446,0,2075,0
100448,0,2075,0
100450,0,2074,0
100452,0,2075,0
100454,0,2074,0
100456,0,2075,0
100458,0,2075,0
100460,0,2074,0
100462,0,2074,0
100464,0,2075,0
100466,0,2075,0
100468,0,2075,0
100470,0,2075,0
100472,0,2076,0
100474,0,2073,0
100476,0,2075,0
100478,0,2075,0
100480,68270,2075,1
100482,0,2075,0
100484,0,2075,0
100486,0,2076,0
100488,0,2075,0
100490,0,2073,0
100492,0,2077,0
100494,0,2076,0
100496,0,2076,0
100498,0,2077,0
100500,0,2075,0
100502,0,2077,0
100504,0,2076,0
100506,0,2076,0
100508,0,2075,0
100510,0,2075,0
100512,0,2075,0
100514,0,2077,0
100516,0,2075,0
100518,0,2076,0
100520,68290,2077,1
100522,0,2075,0
100524,0,2075,0
100526,0,2075,0
100528,0,2075,0
100530,0,2075,0
100532,0,2075,0
100534,0,2077,0
100536,0,2076,0
100538,0,2075,0
100540,0,2076,0
100542,0,2075,0
100544,0,2075,0
100546,0,2075,0
100548,0,2075,0
100550,0,2075,0
100552,0,2075,0
100554,0,2074,0
100556,0,2085,0
100558,0,2075,0
100560,68274,2076,1
100562,0,2075,0
100564,0,2075,0
100566,0,2075,0
100568,0,2077,0
100570,0,2075,0
100572,0,2076,0
100574,0,2076,0
100576,0,2074,0
100578,0,2075,0
100580,0,2076,0
100582,0,2077,0
100584,0,2075,0
100586,0,2077,0
100588,0,2075,0
100590,0,2085,0
100592,0,2075,0
100594,0,2075,0
100596,0,2077,0
100598,0,2075,0
100600,68235,2073,1
100602,0,2075,0
100604,0,2075,0
100606,0,2076,0
100608,0,2075,0
100610,0,2073,0
100612,0,2075,0
100614,0,2075,0
100616,0,2075,0
100618,0,2075,0
100620,0,2075,0
100622,0,2075,0
100624,0,2076,0
100626,0,2075,0
100628,0,2076,0
100630,0,2074,0
100632,0,2076,0
100634,0,2075,0
100636,0,2076,0
100638,0,2075,0
100640,68227,2075,1
100642,0,2075,0
100644,0,2077,0
100646,0,2079,0
100648,0,2075,0
100650,0,2075,0
100652,0,2075,0
100654,0,2075,0
100656,0,2075,0
100658,0,2075,0
100660,0,2077,0
100662,0,2075,0
100664,0,2075,0
100666,0,2072,0
100668,0,2076,0
100670,0,2075,0
100672,0,2075,0
100674,0,2077,0
100676,0,2075,0
100678,68243,2077,1
100680,0,2077,0
100682,0,2076,0
100684,0,2075,0
100686,0,2076,0
100688,0,2075,0
100690,0,2077,0
100692,0,2076,0
100694,0,2076,0
100696,0,2075,0
100698,0,2075,0
100700,0,2077,0
100702,0,2077,0
100704,0,2077,0
100706,0,2076,0
100708,0,2077,0
100710,0,2069,0
100712,0,2077,0
100714,0,2075,0
100716,0,2075,0
100718,68246,2076,1
100720,0,2075,0
100722,0,2075,0
100724,0,2075,0
100726,0,2077,0
100728,0,2077,0
100730,0,2076,0
100732,0,2075,0
100734,0,2075,0
100736,0,2075,0
100738,0,2075,0
100740,0,2075,0
100742,0,2077,0
100744,0,2076,0
100746,0,2075,0
100748,0,2076,0
100750,0,2075,0
100752,0,2077,0
100754,0,2076,0
100756,0,2075,0
100758,68246,2077,1
100760,0,2076,0
100762,0,2075,0
100764,0,2076,0
100766,0,2075,0
100768,0,2077,0
100770,0,2075,0
100772,0,2077,0
100774,0,2077,0
100776,0,2077,0
100778,0,2076,0
100780,0,2075,0
100782,0,2077,0
100784,0,2075,0
100786,0,2075,0
100788,0,2076,0
100790,0,2076,0
100792,0,2077,0
100794,0,2077,0
100796,0,2075,0
100798,68239,2077,1
100800,0,2076,0
100802,0,2076,0
100804,0,2077,0
100806,0,2077,0
100808,0,2077,0
100810,0,2075,0
100812,0,2076,0
100814,0,2075,0
100816,0,2075,0
100818,0,2076,0
100820,0,2075,0
100822,0,2075,0
100824,0,2077,0
100826,0,2076,0
100828,0,2077,0
100830,0,2076,0
100832,0,2076,0
100834,0,2075,0
100836,0,2075,0
100838,68233,2075,1
100840,0,2075,0
100842,0,2075,0
100844,0,2075,0
100846,0,2077,0
100848,0,2077,0
100850,0,2078,0
100852,0,2077,0
100854,0,2075,0
100856,0,2079,0
100858,0,2077,0
100860,0,2076,0
100862,0,2076,0
100864,0,2076,0
100866,0,2076,0
100868,0,2076,0
100870,0,2077,0
100872,0,2077,0
100874,0,2077,0
100876,0,2077,0
100878,68232,2075,1
100880,0,2076,0
100882,0,2077,0
100884,0,2077,0
100886,0,2075,0
100888,0,2076,0
100890,0,2077,0
100892,0,2077,0
100894,0,2077,0
100896,0,2078,0
100898,0,2077,0
100900,0,2076,0
100902,0,2076,0
100904,0,2077,0
100906,0,2077,0
100908,0,2077,0
100910,0,2077,0
100912,0,2077,0
100914,0,2077,0
100916,0,2077,0
100918,68252,2077,1
100920,0,2079,0
100922,0,2075,0
100924,0,2076,0
100926,0,2076,0
100928,0,2077,0
100930,0,2076,0
100932,0,2077,0
100934,0,2079,0
100936,0,2076,0
100938,0,2077,0
100940,0,2077,0
100942,0,2075,0
100944,0,2079,0
100946,0,2077,0
100948,0,2076,0
100950,0,2077,0
100952,0,2077,0
100954,0,2077,0
100956,0,2079,0
100958,68250,2075,1
100960,0,2077,0
100962,0,2077,0
100964,0,2079,0
100966,0,2076,0
100968,0,2078,0
100970,0,2077,0
100972,0,2077,0
100974,0,2075,0
100976,0,2078,0
100978,0,2078,0
100980,0,2075,0
100982,0,2077,0
100984,0,2072,0
100986,0,2079,0
100988,0,2077,0
100990,0,2075,0
100992,0,2076,0
100994,0,2079,0
100996,0,2077,0
100998,68210,2077,1
101000,0,2078,0
101002,0,2077,0
101004,0,2075,0
101006,0,2076,0
101008,0,2077,0
101010,0,2077,0
101012,0,2077,0
101014,0,2076,0
101016,0,2077,0
101018,0,2077,0
101020,0,2078,0
101022,0,2077,0
101024,0,2077,0
101026,0,2075,0
101028,0,2077,0
101030,0,2077,0
101032,0,2076,0
101034,0,2077,0
101036,0,2076,0
101038,68199,2063,1
101040,0,2077,0
101042,0,2077,0
101044,0,2076,0
101046,0,2077,0
101048,0,2077,0
101050,0,2073,0
101052,0,2077,0
101054,0,2077,0
101056,0,2077,0
101058,0,2077,0
101060,0,2083,0
101062,0,2079,0
101064,0,2077,0
101066,0,2077,0
101068,0,2077,0
101070,0,2078,0
101072,0,2077,0
101074,0,2079,0
101076,68228,2078,1
101078,0,2079,0
101080,0,2077,0
101082,0,2076,0
101084,0,2077,0
101086,0,2077,0
101088,0,2077,0
101090,0,2072,0
101092,0,2077,0
101094,0,2077,0
101096,0,2077,0
101098,0,2077,0
101100,0,2077,0
101102,0,2076,0
101104,0,2077,0
101106,0,2077,0
101108,0,2077,0
101110,0,2076,0
101112,0,2078,0
101114,0,2079,0
101116,68232,2077,1
101118,0,2077,0
101120,0,2079,0
101122,0,2079,0
101124,0,2079,0
101126,0,2077,0
101128,0,2078,0
101130,0,2077,0
101132,0,2078,0
101134,0,2077,0
101136,0,2076,0
101138,0,2079,0
101140,0,2077,0
101142,0,2077,0
101144,0,2077,0
101146,0,2078,0
101148,0,2077,0
101150,0,2078,0
101152,0,2077,0
101154,0,2083,0
101156,68233,2079,1
101158,0,2078,0
101160,0,2079,0
101162,0,2079,0
101164,0,2078,0
101166,0,2077,0
101168,0,2077,0
101170,0,2077,0
101172,0,2077,0
101174,0,2077,0
101176,0,2077,0
101178,0,2079,0
101180,0,2079,0
101182,0,2079,0
101184,0,2079,0
101186,0,2079,0
101188,0,2077,0
101190,0,2078,0
101192,0,2079,0
101194,0,2075,0
101196,68224,2078,1
101198,0,2077,0
101200,0,2077,0
101202,0,2078,0
101204,0,2079,0
101206,0,2077,0
101208,0,2078,0
101210,0,2077,0
101212,0,2079,0
101214,0,2079,0
101216,0,2079,0
101218,0,2083,0
101220,0,2079,0
101222,0,2078,0
101224,0,2077,0
101226,0,2078,0
101228,0,2077,0
101231,0,2079,0
101233,0,2079,0
101235,0,2077,0
101237,68209,2079,1
101239,0,2077,0
101241,0,2077,0
101243,0,2078,0
101245,0,2077,0
101247,0,2079,0
101249,0,2079,0
101251,0,2077,0
101253,0,2077,0
101255,0,2077,0
101257,0,2079,0
101259,0,2077,0
101261,0,2077,0
101263,0,2079,0
101265,0,2077,0
101267,0,2078,0
101269,0,2079,0
101271,0,2077,0
101273,0,2079,0
101275,0,2079,0
101277,68205,2078,1
101279,0,2077,0
101281,0,2079,0
101283,0,2078,0
101285,0,2077,0
101287,0,2077,0
101289,0,2079,0
101291,0,2077,0
101293,0,2078,0
101295,0,2079,0
101297,0,2078,0
101299,0,2075,0
101301,0,2085,0
101303,0,2078,0
101305,0,2079,0
101307,0,2079,0
101309,0,2079,0
101311,0,2078,0
101313,0,2083,0
101315,0,2079,0
101317,68238,2077,1
101319,0,2079,0
101321,0,2079,0
101323,0,2079,0
101325,0,2089,0
101327,0,2079,0
101329,0,2079,0
101331,0,2079,0
101333,0,2079,0
101335,0,2079,0
101337,0,2079,0
101339,0,2079,0
101341,0,2079,0
101343,0,2079,0
101345,0,2079,0
101347,0,2077,0
101349,0,2079,0
101351,0,2079,0
101353,0,2079,0
101355,0,2083,0
101357,68223,2079,1
101359,0,2079,0
101361,0,2079,0
101363,0,2077,0
101365,0,2079,0
101367,0,2077,0
101369,0,2075,0
101371,0,2079,0
101373,0,2079,0
101375,0,2080,0
101377,0,2079,0
101379,0,2079,0
101381,0,2079,0
101383,0,2079,0
101385,0,2079,0
101387,0,2079,0
101389,0,2079,0
101391,0,2079,0
101393,0,2079,0
101395,0,2078,0
101397,68158,2079,1
101399,0,2076,0
101401,0,2075,0
101403,0,2079,0
101405,0,2079,0
101407,0,2077,0
101409,0,2077,0
101411,0,2078,0
101413,0,2078,0
101415,0,2079,0
101417,0,2079,0
101419,0,2079,0
101421,0,2077,0
101423,0,2083,0
101425,0,2079,0
101427,0,2080,0
101429,0,2079,0
101431,0,2083,0
101433,0,2079,0
101435,0,2080,0
101437,68149,2079,1
101439,0,2079,0
101441,0,2077,0
101443,0,2079,0
101445,0,2079,0
101447,0,2079,0
101449,0,2079,0
101451,0,2080,0
101453,0,2079,0
101455,0,2077,0
101457,0,2079,0
101459,0,2082,0
101461,0,2079,0
101463,0,2077,0
101465,0,2079,0
101467,0,2079,0
101469,0,2078,0
101471,0,2079,0
101473,0,2079,0
101475,68164,2078,1
101477,0,2083,0
101479,0,2079,0
101481,0,2078,0
101483,0,2078,0
101485,0,2083,0
101487,0,2079,0
101489,0,2079,0
101491,0,2079,0
101493,0,2080,0
101495,0,2079,0
101497,0,2079,0
101499,0,2079,0
101501,0,2079,0
101503,0,2079,0
101505,0,2079,0
101507,0,2079,0
101509,0,2079,0
101511,0,2083,0
101513,0,2079,0
101515,68167,2079,1
101517,0,2079,0
101519,0,2080,0
101521,0,2079,0
101523,0,2079,0
101525,0,2079,0
101527,0,2079,0
101529,0,2077,0
101531,0,2079,0
101533,0,2079,0
101535,0,2079,0
101537,0,2079,0
101539,0,2078,0
101541,0,2080,0
101543,0,2080,0
101545,0,2079,0
101547,0,2079,0
101549,0,2079,0
101551,0,2089,0
101553,0,2079,0
101555,68172,2079,1
101557,0,2080,0
101559,0,2079,0
101561,0,2079,0
101563,0,2079,0
101565,0,2079,0
101567,0,2080,0
101569,0,2083,0
101571,0,2082,0
101573,0,2077,0
101575,0,2079,0
101577,0,2083,0
101579,0,2083,0
101581,0,2084,0
101583,0,2079,0
101585,0,2083,0
101587,0,2083,0
101589,0,2079,0
101591,0,2080,0
101593,0,2084,0
101595,68157,2083,1
101597,0,2079,0
101599,0,2079,0
101601,0,2079,0
101603,0,2079,0
101605,0,2077,0
101607,0,2083,0
101609,0,2079,0
101611,0,2079,0
101613,0,2083,0
101615,0,2083,0
101617,0,2079,0
101619,0,2083,0
101621,0,2083,0
101623,0,2079,0
101625,0,2079,0
101627,0,2079,0
101629,0,2079,0
101631,0,2083,0
101633,0,2079,0
101635,68159,2080,1
101637,0,2083,0
101639,0,2079,0
101641,0,2079,0
101643,0,2080,0
101645,0,2079,0
101647,0,2079,0
101649,0,2075,0
101651,0,2080,0
101653,0,2079,0
101655,0,2079,0
101657,0,2088,0
101659,0,2080,0
101661,0,2083,0
101663,0,2083,0
101665,0,2083,0
101667,0,2078,0
101669,0,2083,0
101671,0,2084,0
101673,0,2079,0
101675,68160,2083,1
101677,0,2079,0
101679,0,2080,0
101681,0,2084,0
101683,0,2079,0
101685,0,2080,0
101687,0,2079,0
101689,0,2083,0
101691,0,2079,0
101693,0,2083,0
101695,0,2079,0
101697,0,2080,0
101699,0,2085,0
101701,0,2083,0
101703,0,2091,0
101705,0,2080,0
101707,0,2079,0
101709,0,2079,0
101711,0,2085,0
101713,0,2079,0
101715,68172,2083,1
101717,0,2083,0
101719,0,2079,0
101721,0,2083,0
101723,0,2079,0
101725,0,2079,0
101727,0,2083,0
101729,0,2080,0
101731,0,2079,0
101733,0,2079,0
101735,0,2080,0
101737,0,2083,0
101739,0,2079,0
101741,0,2080,0
101743,0,2079,0
101745,0,2083,0
101747,0,2079,0
101749,0,2084,0
101751,0,2083,0
101753,0,2079,0
101755,68148,2079,1
101757,0,2079,0
101759,0,2079,0
101761,0,2079,0
101763,0,2083,0
101765,0,2080,0
101767,0,2080,0
101769,0,2079,0
101771,0,2079,0
101773,0,2084,0
101775,0,2079,0
101777,0,2079,0
101779,0,2083,0
101781,0,2083,0
101783,0,2079,0
101785,0,2079,0
101787,0,2083,0
101789,0,2083,0
101791,0,2080,0
101793,0,2083,0
101795,68084,2083,1
101797,0,2079,0
101799,0,2083,0
101801,0,2083,0
101803,0,2079,0
101805,0,2079,0
101807,0,2079,0
101809,0,2083,0
101811,0,2083,0
101813,0,2079,0
101815,0,2083,0
101817,0,2079,0
101819,0,2083,0
101821,0,2080,0
101823,0,2079,0
101825,0,2080,0
101827,0,2085,0
101829,0,2083,0
101831,0,2083,0
101833,0,2083,0
101835,68087,2079,1
101837,0,2080,0
101839,0,2080,0
101841,0,2080,0
101843,0,2083,0
101845,0,2084,0
101847,0,2083,0
101849,0,2079,0
101851,0,2083,0
101853,0,2079,0
101855,0,2084,0
101857,0,2083,0
101859,0,2085,0
101861,0,2083,0
101863,0,2083,0
101865,0,2085,0
101867,0,2083,0
101869,0,2083,0
101871,0,2079,0
101873,68112,2079,1
101875,0,2083,0
101877,0,2083,0
101879,0,2079,0
101881,0,2085,0
101883,0,2083,0
101885,0,2079,0
101887,0,2083,0
101889,0,2079,0
101891,0,2080,0
101893,0,2084,0
101895,0,2083,0
101897,0,2083,0
101899,0,2084,0
101901,0,2084,0
101903,0,2084,0
101905,0,2083,0
101907,0,2083,0
101909,0,2083,0
101911,0,2084,0
101913,68107,2080,1
101915,0,2083,0
101917,0,2079,0
101919,0,2083,0
101921,0,2084,0
101923,0,2083,0
101925,0,2079,0
101927,0,2079,0
101929,0,2083,0
101931,0,2084,0
101933,0,2083,0
101935,0,2080,0
101937,0,2083,0
101939,0,2085,0
101941,0,2080,0
101943,0,2085,0
101945,0,2080,0
101947,0,2084,0
101949,0,2084,0
101951,0,2085,0
101953,68102,2083,1
101955,0,2075,0
101957,0,2083,0
101959,0,2080,0
101961,0,2084,0
101963,0,2085,0
101965,0,2085,0
101967,0,2085,0
101969,0,2084,0
101971,0,2084,0
101973,0,2083,0
101975,0,2084,0
101977,0,2085,0
101979,0,2085,0
101981,0,2083,0
101983,0,2085,0
101985,0,2083,0
101987,0,2082,0
101989,0,2087,0
101991,0,2085,0
101993,68095,2083,1
101995,0,2083,0
101997,0,2085,0
101999,0,2083,0
102001,0,2083,0
102003,0,2083,0
102005,0,2085,0
102007,0,2083,0
102009,0,2085,0
102011,0,2089,0
102013,0,2084,0
102015,0,2079,0
102017,0,2085,0
102019,0,2083,0
102021,0,2080,0
102023,0,2085,0
102025,0,2085,0
102027,0,2085,0
102029,0,2085,0
102031,0,2085,0
102033,68098,2087,1
102035,0,2085,0
102037,0,2085,0
102039,0,2085,0
102041,0,2083,0
102043,0,2083,0
102045,0,2083,0
102047,0,2080,0
102049,0,2083,0
102051,0,2084,0
102053,0,2085,0
102055,0,2085,0
102057,0,2085,0
102059,0,2085,0
102061,0,2084,0
102063,0,2085,0
102065,0,2085,0
102067,0,2085,0
102069,0,2085,0
102071,0,2083,0
102073,68102,2085,1
102075,0,2080,0
102077,0,2082,0
102079,0,2084,0
102081,0,2083,0
102083,0,2084,0
102085,0,2085,0
102087,0,2085,0
102089,0,2085,0
102091,0,2084,0
102093,0,2083,0
102095,0,2080,0
102097,0,2084,0
102099,0,2085,0
102101,0,2083,0
102103,0,2086,0
102105,0,2085,0
102107,0,2083,0
102109,0,2084,0
102111,0,2085,0
102113,68114,2085,1
102115,0,2080,0
102117,0,2085,0
102119,0,2083,0
102121,0,2085,0
102123,0,2085,0
102125,0,2083,0
102127,0,2087,0
102129,0,2086,0
102131,0,2085,0
102133,0,2085,0
102135,0,2084,0
102137,0,2085,0
102139,0,2085,0
102141,0,2087,0
102143,0,2084,0
102145,0,2084,0
102147,0,2084,0
102149,0,2086,0
102151,0,2085,0
102153,68099,2087,1
102155,0,2085,0
102157,0,2085,0
102159,0,2083,0
102161,0,2085,0
102163,0,2085,0
102165,0,2084,0
102167,0,2085,0
102169,0,2085,0
102171,0,2085,0
102173,0,2085,0
102175,0,2084,0
102177,0,2083,0
102179,0,2085,0
102181,0,2085,0
102183,0,2085,0
102185,0,2085,0
102187,0,2085,0
102189,0,2084,0
102191,0,2085,0
102193,68049,2083,1
102195,0,2085,0
102197,0,2085,0
102199,0,2085,0
102201,0,2085,0
102203,0,2085,0
102205,0,2087,0
102207,0,2086,0
102209,0,2085,0
102211,0,2085,0
102213,0,2085,0
102215,0,2085,0
102217,0,2084,0
102219,0,2085,0
102221,0,2085,0
102223,0,2083,0
102225,0,2085,0
102227,0,2085,0
102229,0,2085,0
102231,0,2087,0
102233,68047,2083,1
102235,0,2085,0
102237,0,2085,0
102239,0,2085,0
102241,0,2085,0
102243,0,2083,0
102245,0,2087,0
102247,0,2085,0
102249,0,2087,0
102251,0,2086,0
102253,0,2084,0
102255,0,2086,0
102257,0,2084,0
102259,0,2087,0
102261,0,2085,0
102263,0,2085,0
102265,0,2087,0
102267,0,2084,0
102269,0,2087,0
102271,68060,2084,1
102273,0,2085,0
102275,0,2086,0
102277,0,2087,0
102279,0,2086,0
102281,0,2085,0
102283,0,2085,0
102285,0,2085,0
102287,0,2087,0
102289,0,2086,0
102291,0,2074,0
102293,0,2089,0
102295,0,2087,0
102297,0,2085,0
102299,0,2087,0
102301,0,2084,0
102303,0,2087,0
102305,0,2087,0
102307,0,2085,0
102309,0,2086,0
102311,68045,2086,1
102313,0,2086,0
102315,0,2087,0
102317,0,2085,0
102319,0,2087,0
102321,0,2085,0
102323,0,2087,0
102325,0,2087,0
102327,0,2085,0
102329,0,2085,0
102331,0,2086,0
102333,0,2084,0
102335,0,2085,0
102337,0,2087,0
102339,0,2087,0
102341,0,2085,0
102343,0,2087,0
102345,0,2087,0
102347,0,2087,0
102349,0,2087,0
102351,68036,2087,1
102353,0,2085,0
102355,0,2087,0
102357,0,2080,0
102359,0,2085,0
102361,0,2085,0
102363,0,2085,0
102365,0,2088,0
102367,0,2087,0
102369,0,2087,0
102371,0,2085,0
102373,0,2085,0
102375,0,2085,0
102377,0,2087,0
102379,0,2086,0
102381,0,2087,0
102383,0,2087,0
102385,0,2086,0
102387,0,2086,0
102389,0,2085,0
102391,68027,2083,1
102393,0,2085,0
102395,0,2085,0
102397,0,2085,0
102399,0,2086,0
102401,0,2085,0
102403,0,2087,0
102405,0,2087,0
102407,0,2087,0
102409,0,2087,0
102411,0,2087,0
102413,0,2087,0
102415,0,2087,0
102417,0,2087,0
102419,0,2087,0
102421,0,2087,0
102423,0,2087,0
102425,0,2087,0
102427,0,2087,0
102429,0,2087,0
102431,68020,2085,1
102433,0,2085,0
102435,0,2084,0
102437,0,2087,0
102439,0,2086,0
102441,0,2085,0
102443,0,2086,0
102445,0,2079,0
102447,0,2087,0
102449,0,2086,0
102451,0,2087,0
102453,0,2087,0
102455,0,2084,0
102457,0,2085,0
102459,0,2087,0
102461,0,2087,0
102463,0,2087,0
102465,0,2088,0
102467,0,2085,0
102469,0,2079,0
102471,68023,2087,1
102473,0,2085,0
102475,0,2087,0
102477,0,2086,0
102479,0,2085,0
102481,0,2089,0
102483,0,2087,0
102485,0,2088,0
102487,0,2087,0
102489,0,2087,0
102491,0,2086,0
102493,0,2087,0
102495,0,2087,0
102497,0,2087,0
102499,0,2085,0
102501,0,2089,0
102503,0,2087,0
102505,0,2087,0
102507,0,2088,0
102509,0,2087,0
102511,68044,2085,1
102513,0,2087,0
102515,0,2087,0
102517,0,2088,0
102519,0,2088,0
102521,0,2084,0
102523,0,2085,0
102525,0,2087,0
102527,0,2088,0
102529,0,2087,0
102531,0,2086,0
102533,0,2087,0
102535,0,2087,0
102537,0,2087,0
102539,0,2087,0
102541,0,2087,0
102543,0,2077,0
102545,0,2087,0
102547,0,2087,0
102549,0,2087,0
102551,68028,2087,1
102553,0,2086,0
102555,0,2086,0
102557,0,2086,0
102559,0,2087,0
102561,0,2087,0
102563,0,2087,0
102565,0,2087,0
102567,0,2085,0
102569,0,2087,0
102571,0,2087,0
102573,0,2086,0
102575,0,2087,0
102577,0,2089,0
102579,0,2088,0
102581,0,2089,0
102583,0,2087,0
102585,0,2088,0
102587,0,2088,0
102589,0,2087,0
102591,67980,2088,1
102593,0,2087,0
102595,0,2087,0
102597,0,2089,0
102599,0,2087,0
102601,0,2087,0
102603,0,2087,0
102605,0,2087,0
102607,0,2087,0
102609,0,2077,0
102611,0,2087,0
102613,0,2087,0
102615,0,2085,0
102617,0,2087,0
102619,0,2088,0
102621,0,2087,0
102623,0,2087,0
102625,0,2087,0
102627,0,2087,0
102629,67974,2086,1
102631,0,2087,0
102633,0,2087,0
102635,0,2088,0
102637,0,2088,0
102639,0,2087,0
102641,0,2087,0
102643,0,2087,0
102645,0,2087,0
102647,0,2088,0
102649,0,2087,0
102651,0,2091,0
102653,0,2084,0
102655,0,2087,0
102657,0,2087,0
102659,0,2086,0
102661,0,2088,0
102663,0,2087,0
102665,0,2089,0
102667,0,2088,0
102669,67979,2089,1
102671,0,2087,0
102673,0,2087,0
102675,0,2087,0
102677,0,2089,0
102679,0,2087,0
102681,0,2089,0
102683,0,2077,0
102685,0,2088,0
102687,0,2087,0
102689,0,2089,0
102691,0,2088,0
102693,0,2087,0
102695,0,2087,0
102697,0,2089,0
102699,0,2088,0
102701,0,2089,0
102703,0,2087,0
102705,0,2089,0
102707,0,2087,0
102709,67980,2087,1
102711,0,2089,0
102713,0,2089,0
102715,0,2087,0
102717,0,2089,0
102719,0,2089,0
102721,0,2087,0
102723,0,2089,0
102725,0,2089,0
102727,0,2089,0
102729,0,2089,0
102731,0,2087,0
102733,0,2087,0
102735,0,2087,0
102737,0,2088,0
102739,0,2089,0
102741,0,2089,0
102743,0,2087,0
102745,0,2089,0
102747,0,2089,0
102749,67980,2089,1
102751,0,2089,0
102753,0,2089,0
102755,0,2089,0
102757,0,2089,0
102759,0,2089,0
102761,0,2091,0
102763,0,2089,0
102765,0,2089,0
102767,0,2089,0
102769,0,2089,0
102771,0,2089,0
102773,0,2088,0
102775,0,2089,0
102777,0,2087,0
102779,0,2088,0
102781,0,2087,0
102783,0,2086,0
102785,0,2089,0
102787,0,2089,0
102789,67979,2087,1
102791,0,2089,0
102793,0,2089,0
102795,0,2089,0
102797,0,2088,0
102799,0,2087,0
102801,0,2089,0
102803,0,2089,0
102805,0,2086,0
102807,0,2088,0
102809,0,2089,0
102811,0,2088,0
102813,0,2088,0
102815,0,2089,0
102817,0,2083,0
102819,0,2087,0
102821,0,2089,0
102823,0,2087,0
102825,0,2089,0
102827,0,2089,0
102829,67982,2091,1
102831,0,2087,0
102833,0,2088,0
102835,0,2087,0
102837,0,2088,0
102839,0,2087,0
102841,0,2088,0
102843,0,2088,0
102845,0,2088,0
102847,0,2088,0
102849,0,2089,0
102851,0,2089,0
102853,0,2089,0
102855,0,2091,0
102857,0,2089,0
102859,0,2089,0
102861,0,2089,0
102863,0,2089,0
102865,0,2089,0
102867,0,2089,0
102869,67978,2089,1
102871,0,2088,0
102873,0,2089,0
102875,0,2089,0
102877,0,2088,0
102879,0,2087,0
102881,0,2089,0
102883,0,2089,0
102885,0,2093,0
102887,0,2090,0
102889,0,2089,0
102891,0,2091,0
102893,0,2089,0
102895,0,2089,0
102897,0,2088,0
102899,0,2088,0
102901,0,2088,0
102903,0,2089,0
102905,0,2089,0
102907,0,2089,0
102909,67989,2090,1
102911,0,2088,0
102913,0,2089,0
102915,0,2087,0
102917,0,2089,0
102919,0,2089,0
102921,0,2089,0
102923,0,2090,0
102925,0,2089,0
102927,0,2089,0
102929,0,2089,0
102931,0,2089,0
102933,0,2089,0
102935,0,2085,0
102937,0,2088,0
102939,0,2088,0
102941,0,2089,0
102943,0,2087,0
102945,0,2089,0
102947,0,2089,0
102949,67968,2089,1
102951,0,2088,0
102953,0,2089,0
102955,0,2085,0
102957,0,2077,0
102959,0,2091,0
102961,0,2089,0
102963,0,2089,0
102965,0,2088,0
102967,0,2089,0
102969,0,2089,0
102971,0,2089,0
102973,0,2089,0
102975,0,2091,0
102977,0,2088,0
102979,0,2089,0
102981,0,2091,0
102983,0,2089,0
102985,0,2089,0
102987,0,2089,0
102989,67937,2095,1
102991,0,2089,0
102993,0,2089,0
102995,0,2089,0
102997,0,2089,0
102999,0,2089,0
103001,0,2089,0
103003,0,2089,0
103005,0,2091,0
103007,0,2088,0
103009,0,2089,0
103011,0,2089,0
103013,0,2091,0
103015,0,2089,0
103017,0,2091,0
103019,0,2088,0
103021,0,2089,0
103023,0,2091,0
103025,0,2090,0
103027,67956,2089,1
103029,0,2089,0
103031,0,2089,0
103033,0,2089,0
103035,0,2089,0
103037,0,2089,0
103039,0,2089,0
103041,0,2090,0
103043,0,2089,0
103045,0,2089,0
103047,0,2090,0
103049,0,2091,0
103051,0,2073,0
103053,0,2091,0
103055,0,2091,0
103057,0,2089,0
103059,0,2089,0
103061,0,2089,0
103063,0,2089,0
103065,0,2089,0
103067,67961,2091,1
103069,0,2089,0
103071,0,2091,0
103073,0,2091,0
103075,0,2091,0
103077,0,2089,0
103079,0,2091,0
103081,0,2090,0
103083,0,2092,0
103085,0,2090,0
103087,0,2091,0
103089,0,2091,0
103091,0,2091,0
103093,0,2091,0
103095,0,2089,0
103097,0,2091,0
103099,0,2091,0
103101,0,2089,0
103103,0,2092,0
103105,0,2088,0
103107,67964,2091,1
103109,0,2091,0
103111,0,2089,0
103113,0,2091,0
103116,0,2090,0
103118,0,2091,0
103120,0,2091,0
103122,0,2092,0
103124,0,2090,0
103126,0,2091,0
103128,0,2087,0
103130,0,2091,0
103132,0,2091,0
103134,0,2091,0
103136,0,2089,0
103138,0,2092,0
103140,0,2093,0
103142,0,2091,0
103144,0,2092,0
103146,0,2093,0
103148,67970,2091,1
103150,0,2093,0
103152,0,2092,0
103154,0,2091,0
103156,0,2090,0
103158,0,2090,0
103160,0,2092,0
103162,0,2091,0
103164,0,2091,0
103166,0,2092,0
103168,0,2093,0
103170,0,2091,0
103172,0,2091,0
103174,0,2091,0
103176,0,2091,0
103178,0,2090,0
103180,0,2091,0
103182,0,2091,0
103184,0,2091,0
103186,0,2092,0
103188,67952,2091,1
103190,0,2093,0
103192,0,2091,0
103194,0,2091,0
103196,0,2093,0
103198,0,2091,0
103200,0,2092,0
103202,0,2092,0
103204,0,2091,0
103206,0,2092,0
103208,0,2093,0
103210,0,2091,0
103212,0,2091,0
103214,0,2090,0
103216,0,2092,0
103218,0,2092,0
103220,0,2090,0
103222,0,2092,0
103224,0,2093,0
103226,0,2093,0
103228,67945,2091,1
103230,0,2092,0
103232,0,2091,0
103234,0,2091,0
103236,0,2091,0
103238,0,2091,0
103240,0,2092,0
103242,0,2091,0
103244,0,2092,0
103246,0,2093,0
103248,0,2093,0
103250,0,2095,0
103252,0,2091,0
103254,0,2091,0
103256,0,2093,0
103258,0,2093,0
103260,0,2093,0
103262,0,2093,0
103264,0,2094,0
103266,0,2092,0
103268,67962,2093,1
103270,0,2092,0
103272,0,2093,0
103274,0,2093,0
103276,0,2091,0
103278,0,2093,0
103280,0,2092,0
103282,0,2092,0
103284,0,2092,0
103286,0,2091,0
103288,0,2093,0
103290,0,2093,0
103292,0,2092,0
103294,0,2091,0
103296,0,2093,0
103298,0,2093,0
103300,0,2093,0
103302,0,2093,0
103304,0,2092,0
103306,0,2093,0
103308,67975,2093,1
103310,0,2093,0
103312,0,2091,0
103314,0,2091,0
103316,0,2091,0
103318,0,2093,0
103320,0,2091,0
103322,0,2091,0
103324,0,2093,0
103326,0,2092,0
103328,0,2093,0
103330,0,2092,0
103332,0,2091,0
103334,0,2090,0
103336,0,2093,0
103338,0,2091,0
103340,0,2091,0
103342,0,2093,0
103344,0,2091,0
103346,0,2077,0
103348,67941,2091,1
103350,0,2092,0
103352,0,2091,0
103354,0,2093,0
103356,0,2090,0
103358,0,2085,0
103360,0,2093,0
103362,0,2093,0
103364,0,2090,0
103366,0,2092,0
103368,0,2091,0
103370,0,2091,0
103372,0,2091,0
103374,0,2093,0
103376,0,2091,0
103378,0,2092,0
103380,0,2089,0
103382,0,2093,0
103384,0,2091,0
103386,0,2091,0
103388,67914,2091,1
103390,0,2091,0
103392,0,2091,0
103394,0,2093,0
103396,0,2093,0
103398,0,2091,0
103400,0,2091,0
103402,0,2092,0
103404,0,2091,0
103406,0,2093,0
103408,0,2092,0
103410,0,2093,0
103412,0,2093,0
103414,0,2091,0
103416,0,2093,0
103418,0,2093,0
103420,0,2092,0
103422,0,2093,0
103424,0,2093,0
103426,67935,2091,1
103428,0,2093,0
103430,0,2093,0
103432,0,2091,0
103434,0,2091,0
103436,0,2091,0
103438,0,2093,0
103440,0,2091,0
103442,0,2094,0
103444,0,2091,0
103446,0,2091,0
103448,0,2093,0
103450,0,2093,0
103452,0,2095,0
103454,0,2091,0
103456,0,2094,0
103458,0,2093,0
103460,0,2094,0
103462,0,2093,0
103464,0,2091,0
103466,67946,2091,1
103468,0,2091,0
103470,0,2093,0
103472,0,2093,0
103474,0,2093,0
103476,0,2093,0
103478,0,2092,0
103480,0,2093,0
103482,0,2094,0
103484,0,2093,0
103486,0,2093,0
103488,0,2093,0
103490,0,2092,0
103492,0,2093,0
103494,0,2093,0
103496,0,2093,0
103498,0,2094,0
103500,0,2095,0
103502,0,2094,0
103504,0,2093,0
103506,67944,2093,1
103508,0,2092,0
103510,0,2091,0
103512,0,2093,0
103514,0,2092,0
103516,0,2093,0
103518,0,2093,0
103520,0,2094,0
103522,0,2092,0
103524,0,2094,0
103526,0,2093,0
103528,0,2095,0
103530,0,2093,0
103532,0,2092,0
103534,0,2093,0
103536,0,2094,0
103538,0,2093,0
103540,0,2093,0
103542,0,2093,0
103544,0,2094,0
103546,67935,2093,1
103548,0,2095,0
103550,0,2093,0
103552,0,2093,0
103554,0,2093,0
103556,0,2093,0
103558,0,2093,0
103560,0,2093,0
103562,0,2092,0
103564,0,2093,0
103566,0,2095,0
103568,0,2095,0
103570,0,2095,0
103572,0,2095,0
103574,0,2093,0
103576,0,2093,0
103578,0,2092,0
103580,0,2095,0
103582,0,2093,0
103584,0,2093,0
103586,67932,2093,1
103588,0,2093,0
103590,0,2093,0
103592,0,2093,0
103594,0,2093,0
103596,0,2093,0
103598,0,2095,0
103600,0,2095,0
103602,0,2094,0
103604,0,2092,0
103606,0,2093,0
103608,0,2093,0
103610,0,2093,0
103612,0,2093,0
103614,0,2095,0
103616,0,2093,0
103618,0,2091,0
103620,0,2095,0
103622,0,2094,0
103624,0,2094,0
103626,67938,2095,1
103628,0,2093,0
103630,0,2092,0
103632,0,2093,0
103634,0,2093,0
103636,0,2093,0
103638,0,2095,0
103640,0,2093,0
103642,0,2093,0
103644,0,2094,0
103646,0,2095,0
103648,0,2093,0
103650,0,2095,0
103652,0,2095,0
103654,0,2095,0
103656,0,2093,0
103658,0,2096,0
103660,0,2095,0
103662,0,2094,0
103664,0,2094,0
103666,67967,2095,1
103668,0,2093,0
103670,0,2093,0
103672,0,2100,0
103674,0,2094,0
103676,0,2093,0
103678,0,2095,0
103680,0,2094,0
103682,0,2093,0
103684,0,2095,0
103686,0,2094,0
103688,0,2091,0
103690,0,2096,0
103692,0,2095,0
103694,0,2095,0
103696,0,2095,0
103698,0,2093,0
103700,0,2093,0
103702,0,2095,0
103704,0,2095,0
103706,67984,2103,1
103708,0,2093,0
103710,0,2093,0
103712,0,2095,0
103714,0,2093,0
103716,0,2091,0
103718,0,2093,0
103720,0,2095,0
103722,0,2095,0
103724,0,2093,0
103726,0,2093,0
103728,0,2093,0
103730,0,2094,0
103732,0,2093,0
103734,0,2093,0
103736,0,2093,0
103738,0,2095,0
103740,0,2095,0
103742,0,2095,0
103744,0,2093,0
103746,67951,2095,1
103748,0,2095,0
103750,0,2095,0
103752,0,2094,0
103754,0,2095,0
103756,0,2095,0
103758,0,2095,0
103760,0,2099,0
103762,0,2093,0
103764,0,2094,0
103766,0,2093,0
103768,0,2095,0
103770,0,2095,0
103772,0,2095,0
103774,0,2095,0
103776,0,2095,0
103778,0,2095,0
103780,0,2093,0
103782,0,2095,0
103784,0,2094,0
103786,67937,2094,1
103788,0,2093,0
103790,0,2088,0
103792,0,2092,0
103794,0,2095,0
103796,0,2095,0
103798,0,2095,0
103800,0,2095,0
103802,0,2095,0
103804,0,2095,0
103806,0,2094,0
103808,0,2095,0
103810,0,2097,0
103812,0,2095,0
103814,0,2093,0
103816,0,2091,0
103818,0,2095,0
103820,0,2095,0
103822,0,2095,0
103824,67964,2095,1
103826,0,2094,0
103828,0,2095,0
103830,0,2095,0
103832,0,2099,0
103834,0,2095,0
103836,0,2095,0
103838,0,2099,0
103840,0,2091,0
103842,0,2095,0
103844,0,2095,0
103846,0,2095,0
103848,0,2094,0
103850,0,2095,0
103852,0,2095,0
103854,0,2095,0
103856,0,2095,0
103858,0,2095,0
103860,0,2096,0
103862,0,2093,0
103864,67988,2093,1
103866,0,2095,0
103868,0,2099,0
103870,0,2094,0
103872,0,2098,0
103874,0,2095,0
103876,0,2095,0
103878,0,2095,0
103880,0,2095,0
103882,0,2095,0
103884,0,2096,0
103886,0,2095,0
103888,0,2099,0
103890,0,2094,0
103892,0,2097,0
103894,0,2097,0
103896,0,2095,0
103898,0,2095,0
103900,0,2095,0
103902,0,2095,0
103904,67999,2095,1
103906,0,2098,0
103908,0,2095,0
103910,0,2099,0
103912,0,2096,0
103914,0,2095,0
103916,0,2096,0
103918,0,2095,0
103920,0,2099,0
103922,0,2099,0
103924,0,2097,0
103926,0,2099,0
103928,0,2095,0
103930,0,2095,0
103932,0,2095,0
103934,0,2099,0
103936,0,2101,0
103938,0,2095,0
103940,0,2095,0
103942,0,2096,0
103944,68000,2095,1
103946,0,2099,0
103948,0,2094,0
103950,0,2095,0
103952,0,2099,0
103954,0,2097,0
103956,0,2101,0
103958,0,2101,0
103960,0,2099,0
103962,0,2095,0
103964,0,2096,0
103966,0,2099,0
103968,0,2096,0
103970,0,2094,0
103972,0,2095,0
103974,0,2095,0
103976,0,2095,0
103978,0,2095,0
103980,0,2089,0
103982,0,2099,0
103984,68022,2099,1
103986,0,2095,0
103988,0,2095,0
103990,0,2099,0
103992,0,2095,0
103994,0,2099,0
103996,0,2095,0
103998,0,2099,0
104000,0,2095,0
104002,0,2099,0
104004,0,2099,0
104006,0,2095,0
104008,0,2095,0
104010,0,2098,0
104012,0,2100,0
104014,0,2103,0
104016,0,2095,0
104018,0,2099,0
104020,0,2099,0
104022,0,2099,0
104024,68023,2095,1
104026,0,2099,0
104028,0,2099,0
104030,0,2099,0
104032,0,2099,0
104034,0,2096,0
104036,0,2099,0
104038,0,2095,0
104040,0,2099,0
104042,0,2096,0
104044,0,2099,0
104046,0,2095,0
104048,0,2099,0
104050,0,2099,0
104052,0,2095,0
104054,0,2099,0
104056,0,2095,0
104058,0,2095,0
104060,0,2099,0
104062,0,2095,0
104064,68034,2099,1
104066,0,2092,0
104068,0,2099,0
104070,0,2095,0
104072,0,2096,0
104074,0,2098,0
104076,0,2099,0
104078,0,2099,0
104080,0,2096,0
104082,0,2099,0
104084,0,2099,0
104086,0,2095,0
104088,0,2100,0
104090,0,2095,0
104092,0,2096,0
104094,0,2099,0
104096,0,2096,0
104098,0,2099,0
104100,0,2095,0
104102,0,2099,0
104104,68047,2096,1
104106,0,2097,0
104108,0,2096,0
104110,0,2099,0
104112,0,2099,0
104114,0,2099,0
104116,0,2099,0
104118,0,2099,0
104120,0,2095,0
104122,0,2099,0
104124,0,2099,0
104126,0,2098,0
104128,0,2099,0
104130,0,2095,0
104132,0,2099,0
104134,0,2095,0
104136,0,2099,0
104138,0,2099,0
104140,0,2095,0
104142,0,2095,0
104144,68031,2096,1
104146,0,2099,0
104148,0,2095,0
104150,0,2099,0
104152,0,2095,0
104154,0,2098,0
104156,0,2095,0
104158,0,2099,0
104160,0,2099,0
104162,0,2099,0
104164,0,2099,0
104166,0,2098,0
104168,0,2095,0
104170,0,2095,0
104172,0,2099,0
104174,0,2099,0
104176,0,2099,0
104178,0,2096,0
104180,0,2099,0
104182,0,2099,0
104184,68038,2099,1
104186,0,2099,0
104188,0,2099,0
104190,0,2100,0
104192,0,2099,0
104194,0,2095,0
104196,0,2099,0
104198,0,2098,0
104200,0,2099,0
104202,0,2099,0
104204,0,2099,0
104206,0,2099,0
104208,0,2099,0
104210,0,2098,0
104212,0,2100,0
104214,0,2099,0
104216,0,2095,0
104218,0,2099,0
104220,0,2097,0
104222,68063,2095,1
104224,0,2099,0
104226,0,2095,0
104228,0,2095,0
104230,0,2099,0
104232,0,2099,0
104234,0,2099,0
104236,0,2099,0
104238,0,2100,0
104240,0,2097,0
104242,0,2099,0
104244,0,2099,0
104246,0,2095,0
104248,0,2101,0
104250,0,2101,0
104252,0,2098,0
104254,0,2099,0
104256,0,2099,0
104258,0,2099,0
104260,0,2099,0
104262,68082,2100,1
104264,0,2099,0
104266,0,2099,0
104268,0,2099,0
104270,0,2099,0
104272,0,2099,0
104274,0,2099,0
104276,0,2099,0
104278,0,2099,0
104280,0,2099,0
104282,0,2098,0
104284,0,2089,0
104286,0,2085,0
104288,0,2101,0
104290,0,2101,0
104292,0,2099,0
104294,0,2099,0
104296,0,2101,0
104298,0,2099,0
104300,0,2099,0
104302,68094,2101,1
104304,0,2100,0
104306,0,2099,0
104308,0,2101,0
104310,0,2101,0
104312,0,2095,0
104314,0,2100,0
104316,0,2098,0
104318,0,2097,0
104320,0,2100,0
104322,0,2100,0
104324,0,2099,0
104326,0,2100,0
104328,0,2101,0
104330,0,2100,0
104332,0,2096,0
104334,0,2099,0
104336,0,2101,0
104338,0,2100,0
104340,0,2099,0
104342,68111,2100,1
104344,0,2099,0
104346,0,2099,0
104348,0,2101,0
104350,0,2099,0
104352,0,2100,0
104354,0,2101,0
104356,0,2099,0
104358,0,2098,0
104360,0,2100,0
104362,0,2099,0
104364,0,2099,0
104366,0,2099,0
104368,0,2099,0
104370,0,2101,0
104372,0,2092,0
104374,0,2101,0
104376,0,2100,0
104378,0,2101,0
104380,0,2100,0
104382,68101,2103,1
104384,0,2101,0
104386,0,2101,0
104388,0,2100,0
104390,0,2099,0
104392,0,2101,0
104394,0,2099,0
104396,0,2101,0
104398,0,2100,0
104400,0,2099,0
104402,0,2099,0
104404,0,2099,0
104406,0,2099,0
104408,0,2101,0
104410,0,2099,0
104412,0,2100,0
104414,0,2099,0
104416,0,2101,0
104418,0,2100,0
104420,0,2101,0
104422,68107,2099,1
104424,0,2100,0
104426,0,2099,0
104428,0,2096,0
104430,0,2101,0
104432,0,2099,0
104434,0,2100,0
104436,0,2101,0
104438,0,2101,0
104440,0,2095,0
104442,0,2105,0
104444,0,2101,0
104446,0,2099,0
104448,0,2101,0
104450,0,2101,0
104452,0,2101,0
104454,0,2096,0
104456,0,2101,0
104458,0,2100,0
104460,0,2101,0
104462,68136,2101,1
104464,0,2099,0
104466,0,2099,0
104468,0,2099,0
104470,0,2101,0
104472,0,2101,0
104474,0,2101,0
104476,0,2093,0
104478,0,2099,0
104480,0,2099,0
104482,0,2103,0
104484,0,2099,0
104486,0,2101,0
104488,0,2101,0
104490,0,2096,0
104492,0,2099,0
104494,0,2100,0
104496,0,2099,0
104498,0,2099,0
104500,0,2101,0
104502,68177,2099,1
104504,0,2101,0
104506,0,2099,0
104508,0,2101,0
104510,0,2101,0
104512,0,2101,0
104514,0,2101,0
104516,0,2096,0
104518,0,2101,0
104520,0,2099,0
104522,0,2099,0
104524,0,2099,0
104526,0,2100,0
104528,0,2099,0
104530,0,2099,0
104532,0,2100,0
104534,0,2095,0
104536,0,2099,0
104538,0,2095,0
104540,0,2101,0
104542,68146,2101,1
104544,0,2100,0
104546,0,2101,0
104548,0,2099,0
104550,0,2101,0
104552,0,2099,0
104554,0,2099,0
104556,0,2101,0
104558,0,2101,0
104560,0,2101,0
104562,0,2101,0
104564,0,2101,0
104566,0,2101,0
104568,0,2100,0
104570,0,2101,0
104572,0,2101,0
104574,0,2101,0
104576,0,2101,0
104578,0,2101,0
104580,0,2101,0
104582,68141,2100,1
104584,0,2101,0
104586,0,2099,0
104588,0,2100,0
104590,0,2100,0
104592,0,2100,0
104594,0,2101,0
104596,0,2101,0
104598,0,2104,0
104600,0,2100,0
104602,0,2101,0
104604,0,2101,0
104606,0,2101,0
104608,0,2099,0
104610,0,2102,0
104612,0,2101,0
104614,0,2101,0
104616,0,2100,0
104618,0,2101,0
104620,68187,2099,1
104622,0,2101,0
104624,0,2101,0
104626,0,2099,0
104628,0,2101,0
104630,0,2101,0
104632,0,2100,0
104634,0,2101,0
104636,0,2101,0
104638,0,2103,0
104640,0,2101,0
104642,0,2099,0
104644,0,2099,0
104646,0,2101,0
104648,0,2102,0
104650,0,2101,0
104652,0,2101,0
104654,0,2101,0
104656,0,2099,0
104658,0,2099,0
104660,68224,2099,1
104662,0,2102,0
104664,0,2099,0
104666,0,2099,0
104668,0,2100,0
104670,0,2100,0
104672,0,2100,0
104674,0,2101,0
104676,0,2101,0
104678,0,2100,0
104680,0,2101,0
104682,0,2101,0
104684,0,2101,0
104686,0,2101,0
104688,0,2102,0
104690,0,2100,0
104692,0,2100,0
104694,0,2101,0
104696,0,2102,0
104698,0,2101,0
104700,68235,2100,1
104702,0,2099,0
104704,0,2101,0
104706,0,2101,0
104708,0,2102,0
104710,0,2100,0
104712,0,2100,0
104714,0,2103,0
104716,0,2099,0
104718,0,2100,0
104720,0,2102,0
104722,0,2102,0
104724,0,2103,0
104726,0,2101,0
104728,0,2100,0
104730,0,2100,0
104732,0,2100,0
104734,0,2100,0
104736,0,2101,0
104738,0,2101,0
104740,68270,2102,1
104742,0,2103,0
104744,0,2101,0
104746,0,2102,0
104748,0,2101,0
104750,0,2103,0
104752,0,2101,0
104754,0,2101,0
104756,0,2101,0
104758,0,2101,0
104760,0,2100,0
104762,0,2099,0
104764,0,2101,0
104766,0,2101,0
104768,0,2101,0
104770,0,2103,0
104772,0,2101,0
104774,0,2101,0
104776,0,2101,0
104778,0,2101,0
104780,68301,2102,1
104782,0,2103,0
104784,0,2103,0
104786,0,2105,0
104788,0,2101,0
104790,0,2100,0
104792,0,2101,0
104794,0,2102,0
104796,0,2100,0
104798,0,2103,0
104800,0,2103,0
104802,0,2101,0
104804,0,2101,0
104806,0,2099,0
104808,0,2101,0
104810,0,2101,0
104812,0,2101,0
104814,0,2098,0
104816,0,2102,0
104818,0,2103,0
104820,68298,2103,1
104822,0,2101,0
104824,0,2100,0
104826,0,2096,0
104828,0,2101,0
104830,0,2101,0
104832,0,2102,0
104834,0,2101,0
104836,0,2103,0
104838,0,2099,0
104840,0,2101,0
104842,0,2099,0
104844,0,2103,0
104846,0,2102,0
104848,0,2103,0
104850,0,2103,0
104852,0,2103,0
104854,0,2099,0
104856,0,2101,0
104858,0,2102,0
104860,68326,2102,1
104862,0,2103,0
104864,0,2103,0
104866,0,2101,0
104868,0,2103,0
104870,0,2101,0
104872,0,2101,0
104874,0,2103,0
104876,0,2102,0
104878,0,2101,0
104880,0,2105,0
104882,0,2100,0
104884,0,2101,0
104886,0,2102,0
104888,0,2103,0
104890,0,2103,0
104892,0,2103,0
104894,0,2103,0
104896,0,2101,0
104898,0,2101,0
104900,68340,2101,1
104902,0,2103,0
104904,0,2101,0
104906,0,2101,0
104908,0,2102,0
104910,0,2104,0
104912,0,2103,0
104914,0,2101,0
104916,0,2103,0
104918,0,2102,0
104920,0,2101,0
104922,0,2093,0
104924,0,2101,0
104926,0,2101,0
104928,0,2101,0
104930,0,2101,0
104932,0,2101,0
104934,0,2101,0
104936,0,2102,0
104938,0,2103,0
104940,68326,2105,1
104942,0,2103,0
104944,0,2103,0
104946,0,2101,0
104948,0,2103,0
104950,0,2103,0
104952,0,2103,0
104954,0,2102,0
104956,0,2101,0
104958,0,2102,0
104960,0,2102,0
104962,0,2101,0
104964,0,2101,0
104966,0,2101,0
104968,0,2101,0
104970,0,2103,0
104972,0,2103,0
104974,0,2101,0
104977,0,2101,0
104979,0,2103,0
104981,68327,2103,1
104983,0,2103,0
104985,0,2103,0
104987,0,2103,0
104989,0,2102,0
104991,0,2102,0
104993,0,2103,0
104995,0,2100,0
104997,0,2103,0
104999,0,2103,0
105001,0,2101,0
105003,0,2103,0
105005,0,2101,0
105007,0,2101,0
105009,0,2101,0
105011,0,2103,0
105013,0,2101,0
105015,0,2103,0
105017,0,2103,0
105019,68383,2101,1
105021,0,2101,0
105023,0,2101,0
105025,0,2103,0
105027,0,2103,0
105029,0,2103,0
105031,0,2103,0
105033,0,2102,0
105035,0,2101,0
105037,0,2103,0
105039,0,2101,0
105041,0,2103,0
105043,0,2102,0
105045,0,2104,0
105047,0,2101,0
105049,0,2103,0
105051,0,2101,0
105053,0,2103,0
105055,0,2103,0
105057,0,2101,0
105059,68410,2103,1
105061,0,2103,0
105063,0,2101,0
105065,0,2101,0
105067,0,2103,0
105069,0,2103,0
105071,0,2101,0
105073,0,2102,0
105075,0,2103,0
105077,0,2101,0
105079,0,2103,0
105081,0,2103,0
105083,0,2103,0
105085,0,2103,0
105087,0,2102,0
105089,0,2103,0
105091,0,2103,0
105093,0,2103,0
105095,0,2102,0
105097,0,2103,0
105099,68417,2103,1
105101,0,2104,0
105103,0,2103,0
105105,0,2103,0
105107,0,2103,0
105109,0,2103,0
105111,0,2105,0
105113,0,2103,0
105115,0,2103,0
105117,0,2104,0
105119,0,2103,0
105121,0,2103,0
105123,0,2103,0
105125,0,2103,0
105127,0,2104,0
105129,0,2103,0
105131,0,2103,0
105133,0,2103,0
105135,0,2103,0
105137,0,2103,0
105139,68427,2103,1
105141,0,2104,0
105143,0,2101,0
105145,0,2103,0
105147,0,2103,0
105149,0,2103,0
105151,0,2103,0
105153,0,2101,0
105155,0,2101,0
105157,0,2103,0
105159,0,2103,0
105161,0,2104,0
105163,0,2101,0
105165,0,2104,0
105167,0,2101,0
105169,0,2105,0
105171,0,2105,0
105173,0,2102,0
105175,0,2102,0
105177,0,2104,0
105179,68421,2102,1
105181,0,2103,0
105183,0,2103,0
105185,0,2105,0
105187,0,2104,0
105189,0,2103,0
105191,0,2104,0
105193,0,2104,0
105195,0,2104,0
105197,0,2103,0
105199,0,2102,0
105201,0,2105,0
105203,0,2103,0
105205,0,2104,0
105207,0,2103,0
105209,0,2105,0
105211,0,2103,0
105213,0,2105,0
105215,0,2103,0
105217,0,2104,0
105219,68411,2103,1
105221,0,2103,0
105223,0,2104,0
105225,0,2103,0
105227,0,2105,0
105229,0,2103,0
105231,0,2103,0
105233,0,2103,0
105235,0,2104,0
105237,0,2104,0
105239,0,2103,0
105241,0,2103,0
105243,0,2103,0
105245,0,2103,0
105247,0,2104,0
105249,0,2104,0
105251,0,2105,0
105253,0,2103,0
105255,0,2102,0
105257,0,2103,0
105259,68445,2103,1
105261,0,2103,0
105263,0,2104,0
105265,0,2104,0
105267,0,2103,0
105269,0,2104,0
105271,0,2103,0
105273,0,2103,0
105275,0,2103,0
105277,0,2104,0
105279,0,2101,0
105281,0,2104,0
105283,0,2105,0
105285,0,2104,0
105287,0,2103,0
105289,0,2104,0
105291,0,2103,0
105293,0,2105,0
105295,0,2103,0
105297,0,2103,0
105299,68465,2101,1
105301,0,2102,0
105303,0,2103,0
105305,0,2104,0
105307,0,2103,0
105309,0,2103,0
105311,0,2101,0
105313,0,2103,0
105315,0,2104,0
105317,0,2103,0
105319,0,2103,0
105321,0,2103,0
105323,0,2103,0
105325,0,2105,0
105327,0,2105,0
105329,0,2103,0
105331,0,2105,0
105333,0,2103,0
105335,0,2103,0
105337,0,2105,0
105339,68437,2103,1
105341,0,2103,0
105343,0,2107,0
105345,0,2105,0
105347,0,2103,0
105349,0,2105,0
105351,0,2103,0
105353,0,2103,0
105355,0,2103,0
105357,0,2104,0
105359,0,2103,0
105361,0,2105,0
105363,0,2103,0
105365,0,2103,0
105367,0,2103,0
105369,0,2103,0
105371,0,2106,0
105373,0,2104,0
105375,0,2101,0
105377,0,2105,0
105379,68440,2103,1
105381,0,2105,0
105383,0,2105,0
105385,0,2105,0
105387,0,2103,0
105389,0,2103,0
105391,0,2105,0
105393,0,2105,0
105395,0,2104,0
105397,0,2105,0
105399,0,2104,0
105401,0,2104,0
105403,0,2104,0
105405,0,2104,0
105407,0,2105,0
105409,0,2105,0
105411,0,2105,0
105413,0,2103,0
105415,0,2103,0
105417,68470,2104,1
105419,0,2105,0
105421,0,2103,0
105423,0,2105,0
105425,0,2103,0
105427,0,2105,0
105429,0,2104,0
105431,0,2104,0
105433,0,2104,0
105435,0,2103,0
105437,0,2105,0
105439,0,2101,0
105441,0,2103,0
105443,0,2105,0
105445,0,2105,0
105447,0,2104,0
105449,0,2105,0
105451,0,2103,0
105453,0,2103,0
105455,0,2104,0
105457,68483,2103,1
105459,0,2104,0
105461,0,2105,0
105463,0,2103,0
105465,0,2104,0
105467,0,2103,0
105469,0,2104,0
105471,0,2105,0
105473,0,2104,0
105475,0,2105,0
105477,0,2103,0
105479,0,2103,0
105481,0,2104,0
105483,0,2104,0
105485,0,2105,0
105487,0,2105,0
105489,0,2103,0
105491,0,2105,0
105493,0,2104,0
105495,0,2105,0
105497,68487,2103,1
105499,0,2104,0
105501,0,2106,0
105503,0,2105,0
105505,0,2105,0
105507,0,2105,0
105509,0,2105,0
105511,0,2103,0
105513,0,2106,0
105515,0,2107,0
105517,0,2105,0
105519,0,2105,0
105521,0,2107,0
105523,0,2107,0
105525,0,2106,0
105527,0,2107,0
105529,0,2105,0
105531,0,2105,0
105533,0,2104,0
105535,0,2105,0
105537,68508,2104,1
105539,0,2105,0
105541,0,2105,0
105543,0,2105,0
105545,0,2105,0
105547,0,2105,0
105549,0,2103,0
105551,0,2105,0
105553,0,2105,0
105555,0,2105,0
105557,0,2109,0
105559,0,2105,0
105561,0,2104,0
105563,0,2105,0
105565,0,2106,0
105567,0,2107,0
105569,0,2105,0
105571,0,2105,0
105573,0,2103,0
105575,0,2104,0
105577,68519,2107,1
105579,0,2105,0
105581,0,2105,0
105583,0,2103,0
105585,0,2105,0
105587,0,2107,0
105589,0,2104,0
105591,0,2105,0
105593,0,2104,0
105595,0,2105,0
105597,0,2106,0
105599,0,2106,0
105601,0,2105,0
105603,0,2105,0
105605,0,2105,0
105607,0,2106,0
105609,0,2105,0
105611,0,2104,0
105613,0,2105,0
105615,0,2107,0
105617,68512,2105,1
105619,0,2105,0
105621,0,2104,0
105623,0,2105,0
105625,0,2107,0
105627,0,2105,0
105629,0,2105,0
105631,0,2105,0
105633,0,2105,0
105635,0,2104,0
105637,0,2105,0
105639,0,2105,0
105641,0,2104,0
105643,0,2104,0
105645,0,2105,0
105647,0,2104,0
105649,0,2103,0
105651,0,2105,0
105653,0,2105,0
105655,0,2105,0
105657,68523,2106,1
105659,0,2105,0
105661,0,2107,0
105663,0,2105,0
105665,0,2104,0
105667,0,2105,0
105669,0,2105,0
105671,0,2106,0
105673,0,2103,0
105675,0,2106,0
105677,0,2107,0
105679,0,2105,0
105681,0,2105,0
105683,0,2105,0
105685,0,2105,0
105687,0,2105,0
105689,0,2107,0
105691,0,2105,0
105693,0,2108,0
105695,0,2107,0
105697,68532,2106,1
105699,0,2107,0
105701,0,2105,0
105703,0,2105,0
105705,0,2105,0
105707,0,2107,0
105709,0,2105,0
105711,0,2107,0
105713,0,2105,0
105715,0,2107,0
105717,0,2105,0
105719,0,2105,0
105721,0,2105,0
105723,0,2105,0
105725,0,2107,0
105727,0,2106,0
105729,0,2105,0
105731,0,2105,0
105733,0,2105,0
105735,0,2107,0
105737,68509,2107,1
105739,0,2107,0
105741,0,2105,0
105743,0,2105,0
105745,0,2105,0
105747,0,2106,0
105749,0,2105,0
105751,0,2105,0
105753,0,2106,0
105755,0,2105,0
105757,0,2107,0
105759,0,2105,0
105761,0,2106,0
105763,0,2105,0
105765,0,2107,0
105767,0,2106,0
105769,0,2105,0
105771,0,2106,0
105773,0,2105,0
105775,0,2105,0
105777,68520,2105,1
105779,0,2105,0
105781,0,2105,0
105783,0,2107,0
105785,0,2104,0
105787,0,2105,0
105789,0,2105,0
105791,0,2105,0
105793,0,2105,0
105795,0,2105,0
105797,0,2105,0
105799,0,2111,0
105801,0,2115,0
105803,0,2107,0
105805,0,2105,0
105807,0,2104,0
105809,0,2105,0
105811,0,2107,0
105813,0,2107,0
105815,68544,2105,1
105817,0,2105,0
105819,0,2105,0
105821,0,2104,0
105823,0,2107,0
105825,0,2106,0
105827,0,2104,0
105829,0,2106,0
105831,0,2105,0
105833,0,2105,0
105835,0,2107,0
105837,0,2107,0
105839,0,2107,0
105841,0,2105,0
105843,0,2105,0
105845,0,2106,0
105847,0,2106,0
105849,0,2106,0
105851,0,2107,0
105853,0,2104,0
105855,68578,2107,1
105857,0,2107,0
105859,0,2103,0
105861,0,2107,0
105863,0,2104,0
105865,0,2108,0
105867,0,2106,0
105869,0,2107,0
105871,0,2107,0
105873,0,2105,0
105875,0,2106,0
105877,0,2107,0
105879,0,2105,0
105881,0,2105,0
105883,0,2105,0
105885,0,2107,0
105887,0,2107,0
105889,0,2107,0
105891,0,2106,0
105893,0,2105,0
105895,68584,2107,1
105897,0,2106,0
105899,0,2105,0
105901,0,2106,0
105903,0,2106,0
105905,0,2107,0
105907,0,2107,0
105909,0,2106,0
105911,0,2106,0
105913,0,2107,0
105915,0,2107,0
105917,0,2105,0
105919,0,2107,0
105921,0,2107,0
105923,0,2107,0
105925,0,2107,0
105927,0,2106,0
105929,0,2103,0
105931,0,2107,0
105933,0,2105,0
105935,68579,2105,1
105937,0,2105,0
105939,0,2107,0
105941,0,2107,0
105943,0,2101,0
105945,0,2107,0
105947,0,2105,0
105949,0,2107,0
105951,0,2107,0
105953,0,2108,0
105955,0,2105,0
105957,0,2107,0
105959,0,2107,0
105961,0,2105,0
105963,0,2105,0
105965,0,2104,0
105967,0,2108,0
105969,0,2107,0
105971,0,2107,0
105973,0,2107,0
105975,68569,2107,1
105977,0,2107,0
105979,0,2107,0
105981,0,2107,0
105983,0,2103,0
105985,0,2107,0
105987,0,2105,0
105989,0,2108,0
105991,0,2107,0
105993,0,2107,0
105995,0,2105,0
105997,0,2105,0
105999,0,2107,0
106001,0,2107,0
106003,0,2105,0
106005,0,2107,0
106007,0,2107,0
106009,0,2109,0
106011,0,2105,0
106013,0,2109,0
106015,68572,2107,1
106017,0,2107,0
106019,0,2105,0
106021,0,2107,0
106023,0,2107,0
106025,0,2106,0
106027,0,2105,0
106029,0,2107,0
106031,0,2107,0
106033,0,2107,0
106035,0,2108,0
106037,0,2106,0
106039,0,2107,0
106041,0,2109,0
106043,0,2107,0
106045,0,2108,0
106047,0,2107,0
106049,0,2107,0
106051,0,2108,0
106053,0,2107,0
106055,68598,2109,1
106057,0,2107,0
106059,0,2108,0
106061,0,2107,0
106063,0,2107,0
106065,0,2107,0
106067,0,2108,0
106069,0,2107,0
106071,0,2107,0
106073,0,2106,0
106075,0,2115,0
106077,0,2107,0
106079,0,2107,0
106081,0,2107,0
106083,0,2109,0
106085,0,2107,0
106087,0,2105,0
106089,0,2108,0
106091,0,2107,0
106093,0,2107,0
106095,68604,2107,1
106097,0,2108,0
106099,0,2108,0
106101,0,2107,0
106103,0,2107,0
106105,0,2108,0
106107,0,2107,0
106109,0,2108,0
106111,0,2108,0
106113,0,2107,0
106115,0,2107,0
106117,0,2107,0
106119,0,2108,0
106121,0,2108,0
106123,0,2105,0
106125,0,2107,0
106127,0,2107,0
106129,0,2107,0
106131,0,2107,0
106133,0,2107,0
106135,68551,2108,1
106137,0,2107,0
106139,0,2107,0
106141,0,2107,0
106143,0,2107,0
106145,0,2107,0
106147,0,2109,0
106149,0,2107,0
106151,0,2107,0
106153,0,2108,0
106155,0,2108,0
106157,0,2107,0
106159,0,2107,0
106161,0,2109,0
106163,0,2107,0
106165,0,2108,0
106167,0,2116,0
106169,0,2111,0
106171,0,2108,0
106173,0,2107,0
106175,68560,2109,1
106177,0,2107,0
106179,0,2107,0
106181,0,2107,0
106183,0,2108,0
106185,0,2108,0
106187,0,2107,0
106189,0,2107,0
106191,0,2107,0
106193,0,2109,0
106195,0,2108,0
106197,0,2107,0
106199,0,2104,0
106201,0,2107,0
106203,0,2109,0
106205,0,2105,0
106207,0,2109,0
106209,0,2107,0
106211,0,2107,0
106213,68597,2108,1
106215,0,2107,0
106217,0,2108,0
106219,0,2107,0
106221,0,2109,0
106223,0,2109,0
106225,0,2108,0
106227,0,2109,0
106229,0,2108,0
106231,0,2108,0
106233,0,2107,0
106235,0,2107,0
106237,0,2108,0
106239,0,2107,0
106241,0,2109,0
106243,0,2109,0
106245,0,2109,0
106247,0,2109,0
106249,0,2109,0
106251,0,2107,0
106253,68594,2108,1
106255,0,2109,0
106257,0,2107,0
106259,0,2108,0
106261,0,2107,0
106263,0,2107,0
106265,0,2107,0
106267,0,2107,0
106269,0,2107,0
106271,0,2107,0
106273,0,2107,0
106275,0,2107,0
106277,0,2109,0
106279,0,2108,0
106281,0,2110,0
106283,0,2109,0
106285,0,2108,0
106287,0,2109,0
106289,0,2109,0
106291,0,2109,0
106293,68591,2107,1
106295,0,2109,0
106297,0,2107,0
106299,0,2108,0
106301,0,2109,0
106303,0,2109,0
106305,0,2108,0
106307,0,2109,0
106309,0,2109,0
106311,0,2110,0
106313,0,2109,0
106315,0,2109,0
106317,0,2109,0
106319,0,2109,0
106321,0,2108,0
106323,0,2107,0
106325,0,2109,0
106327,0,2107,0
106329,0,2109,0
106331,0,2109,0
106333,68590,2109,1
106335,0,2109,0
106337,0,2108,0
106339,0,2109,0
106341,0,2109,0
106343,0,2109,0
106345,0,2108,0
106347,0,2110,0
106349,0,2119,0
106351,0,2109,0
106353,0,2108,0
106355,0,2109,0
106357,0,2095,0
106359,0,2109,0
106361,0,2110,0
106363,0,2109,0
106365,0,2109,0
106367,0,2136,0
106369,0,2105,0
106371,0,2109,0
106373,68582,2108,1
106375,0,2110,0
106377,0,2109,0
106379,0,2104,0
106381,0,2109,0
106383,0,2109,0
106385,0,2109,0
106387,0,2109,0
106389,0,2110,0
106391,0,2101,0
106393,0,2109,0
106395,0,2108,0
106397,0,2109,0
106399,0,2109,0
106401,0,2111,0
106403,0,2109,0
106405,0,2109,0
106407,0,2109,0
106409,0,2109,0
106411,0,2109,0
106413,68570,2109,1
106415,0,2109,0
106417,0,2109,0
106419,0,2109,0
106421,0,2107,0
106423,0,2108,0
106425,0,2109,0
106427,0,2109,0
106429,0,2109,0
106431,0,2111,0
106433,0,2109,0
106435,0,2109,0
106437,0,2109,0
106439,0,2111,0
106441,0,2109,0
106443,0,2109,0
106445,0,2111,0
106447,0,2109,0
106449,0,2111,0
106451,0,2108,0
106453,68602,2110,1
106455,0,2109,0
106457,0,2109,0
106459,0,2109,0
106461,0,2109,0
106463,0,2111,0
106465,0,2110,0
106467,0,2111,0
106469,0,2109,0
106471,0,2110,0
106473,0,2109,0
106475,0,2103,0
106477,0,2109,0
106479,0,2109,0
106481,0,2110,0
106483,0,2109,0
106485,0,2109,0
106487,0,2109,0
106489,0,2109,0
106491,0,2110,0
106493,68598,2109,1
106495,0,2107,0
106497,0,2109,0
106499,0,2110,0
106501,0,2109,0
106503,0,2109,0
106505,0,2109,0
106507,0,2107,0
106509,0,2109,0
106511,0,2109,0
106513,0,2111,0
106515,0,2108,0
106517,0,2109,0
106519,0,2111,0
106521,0,2107,0
106523,0,2110,0
106525,0,2108,0
106527,0,2109,0
106529,0,2109,0
106531,0,2109,0
106533,68560,2109,1
106535,0,2109,0
106537,0,2111,0
106539,0,2109,0
106541,0,2109,0
106543,0,2111,0
106545,0,2109,0
106547,0,2108,0
106549,0,2110,0
106551,0,2109,0
106553,0,2111,0
106555,0,2111,0
106557,0,2111,0
106559,0,2109,0
106561,0,2109,0
106563,0,2111,0
106565,0,2109,0
106567,0,2109,0
106569,0,2109,0
106571,0,2099,0
106573,68573,2109,1
106575,0,2111,0
106577,0,2109,0
106579,0,2109,0
106581,0,2109,0
106583,0,2099,0
106585,0,2111,0
106587,0,2111,0
106589,0,2111,0
106591,0,2109,0
106593,0,2117,0
106595,0,2111,0
106597,0,2109,0
106599,0,2109,0
106601,0,2109,0
106603,0,2117,0
106605,0,2117,0
106607,0,2111,0
106609,0,2109,0
106611,68597,2108,1
106613,0,2109,0
106615,0,2109,0
106617,0,2109,0
106619,0,2111,0
106621,0,2116,0
106623,0,2108,0
106625,0,2109,0
106627,0,2111,0
106629,0,2111,0
106631,0,2109,0
106633,0,2109,0
106635,0,2111,0
106637,0,2111,0
106639,0,2110,0
106641,0,2109,0
106643,0,2111,0
106645,0,2110,0
106647,0,2111,0
106649,0,2110,0
106651,68611,2111,1
106653,0,2109,0
106655,0,2109,0
106657,0,2117,0
106659,0,2108,0
106661,0,2108,0
106663,0,2110,0
106665,0,2109,0
106667,0,2115,0
106669,0,2110,0
106671,0,2111,0
106673,0,2109,0
106675,0,2111,0
106677,0,2116,0
106679,0,2109,0
106681,0,2111,0
106683,0,2111,0
106685,0,2111,0
106687,0,2115,0
106689,0,2111,0
106691,68601,2111,1
106693,0,2111,0
106695,0,2111,0
106697,0,2116,0
106699,0,2110,0
106701,0,2116,0
106703,0,2111,0
106705,0,2111,0
106707,0,2109,0
106709,0,2111,0
106711,0,2107,0
106713,0,2111,0
106715,0,2111,0
106717,0,2116,0
106719,0,2111,0
106721,0,2107,0
106723,0,2114,0
106725,0,2111,0
106727,0,2111,0
106729,0,2110,0
106731,68580,2111,1
106733,0,2111,0
106735,0,2111,0
106737,0,2111,0
106739,0,2109,0
106741,0,2111,0
106743,0,2117,0
106745,0,2111,0
106747,0,2111,0
106749,0,2110,0
106751,0,2116,0
106753,0,2111,0
106755,0,2110,0
106757,0,2111,0
106759,0,2115,0
106761,0,2111,0
106763,0,2110,0
106765,0,2111,0
106767,0,2115,0
106769,0,2111,0
106771,68579,2115,1
106773,0,2111,0
106775,0,2116,0
106777,0,2112,0
106779,0,2116,0
106781,0,2117,0
106783,0,2111,0
106785,0,2116,0
106787,0,2111,0
106789,0,2116,0
106791,0,2109,0
106793,0,2115,0
106795,0,2117,0
106797,0,2110,0
106799,0,2111,0
106801,0,2110,0
106803,0,2112,0
106805,0,2109,0
106807,0,2117,0
106809,0,2115,0
106811,68571,2111,1
106813,0,2112,0
106815,0,2107,0
106817,0,2117,0
106819,0,2110,0
106821,0,2111,0
106823,0,2111,0
106825,0,2117,0
106828,0,2111,0
106830,0,2115,0
106832,0,2115,0
106834,0,2111,0
106836,0,2116,0
106838,0,2112,0
106840,0,2116,0
106842,0,2117,0
106844,0,2115,0
106846,0,2111,0
106848,0,2115,0
106850,0,2117,0
106852,68577,2115,1
106854,0,2118,0
106856,0,2115,0
106858,0,2111,0
106860,0,2119,0
106862,0,2115,0
106864,0,2111,0
106866,0,2115,0
106868,0,2117,0
106870,0,2115,0
106872,0,2115,0
106874,0,2110,0
106876,0,2116,0
106878,0,2116,0
106880,0,2117,0
106882,0,2111,0
106884,0,2116,0
106886,0,2117,0
106888,0,2117,0
106890,0,2111,0
106892,68566,2116,1
106894,0,2111,0
106896,0,2116,0
106898,0,2117,0
106900,0,2115,0
106902,0,2115,0
106904,0,2117,0
106906,0,2116,0
106908,0,2117,0
106910,0,2115,0
106912,0,2111,0
106914,0,2111,0
106916,0,2117,0
106918,0,2117,0
106920,0,2111,0
106922,0,2116,0
106924,0,2115,0
106926,0,2111,0
106928,0,2116,0
106930,0,2111,0
106932,68503,2116,1
106934,0,2117,0
106936,0,2111,0
106938,0,2116,0
106940,0,2117,0
106942,0,2116,0
106944,0,2111,0
106946,0,2111,0
106948,0,2117,0
106950,0,2115,0
106952,0,2116,0
106954,0,2116,0
106956,0,2116,0
106958,0,2115,0
106960,0,2116,0
106962,0,2117,0
106964,0,2117,0
106966,0,2117,0
106968,0,2116,0
106970,0,2116,0
106972,68493,2115,1
106974,0,2116,0
106976,0,2111,0
106978,0,2115,0
106980,0,2117,0
106982,0,2117,0
106984,0,2111,0
106986,0,2117,0
106988,0,2111,0
106990,0,2111,0
106992,0,2115,0
106994,0,2117,0
106996,0,2117,0
106998,0,2111,0
107000,0,2118,0
107002,0,2117,0
107004,0,2119,0
107006,0,2117,0
107008,0,2118,0
107010,68529,2119,1
107012,0,2112,0
107014,0,2117,0
107016,0,2117,0
107018,0,2117,0
107020,0,2117,0
107022,0,2117,0
107024,0,2119,0
107026,0,2119,0
107028,0,2117,0
107030,0,2116,0
107032,0,2117,0
107034,0,2117,0
107036,0,2117,0
107038,0,2116,0
107040,0,2116,0
107042,0,2120,0
107044,0,2119,0
107046,0,2117,0
107048,0,2117,0
107050,68528,2117,1
107052,0,2110,0
107054,0,2116,0
107056,0,2119,0
107058,0,2111,0
107060,0,2117,0
107062,0,2117,0
107064,0,2119,0
107066,0,2117,0
107068,0,2117,0
107070,0,2117,0
107072,0,2125,0
107074,0,2119,0
107076,0,2119,0
107078,0,2117,0
107080,0,2118,0
107082,0,2117,0
107084,0,2118,0
107086,0,2112,0
107088,0,2117,0
107090,68525,2119,1
107092,0,2119,0
107094,0,2117,0
107096,0,2117,0
107098,0,2111,0
107100,0,2117,0
107102,0,2117,0
107104,0,2120,0
107106,0,2118,0
107108,0,2117,0
107110,0,2119,0
107112,0,2116,0
107114,0,2117,0
107116,0,2118,0
107118,0,2119,0
107120,0,2117,0
107122,0,2117,0
107124,0,2120,0
107126,0,2111,0
107128,0,2118,0
107130,68525,2117,1
107132,0,2118,0
107134,0,2117,0
107136,0,2117,0
107138,0,2108,0
107140,0,2119,0
107142,0,2118,0
107144,0,2117,0
107146,0,2117,0
107148,0,2117,0
107150,0,2119,0
107152,0,2119,0
107154,0,2117,0
107156,0,2117,0
107158,0,2118,0
107160,0,2119,0
107162,0,2119,0
107164,0,2119,0
107166,0,2118,0
107168,0,2117,0
107170,68502,2116,1
107172,0,2117,0
107174,0,2117,0
107176,0,2118,0
107178,0,2117,0
107180,0,2117,0
107182,0,2117,0
107184,0,2117,0
107186,0,2119,0
107188,0,2119,0
107190,0,2119,0
107192,0,2118,0
107194,0,2119,0
107196,0,2117,0
107198,0,2117,0
107200,0,2117,0
107202,0,2111,0
107204,0,2119,0
107206,0,2117,0
107208,0,2117,0
107210,68473,2117,1
107212,0,2111,0
107214,0,2117,0
107216,0,2117,0
107218,0,2117,0
107220,0,2109,0
107222,0,2117,0
107224,0,2119,0
107226,0,2119,0
107228,0,2119,0
107230,0,2119,0
107232,0,2119,0
107234,0,2119,0
107236,0,2117,0
107238,0,2118,0
107240,0,2117,0
107242,0,2119,0
107244,0,2119,0
107246,0,2118,0
107248,0,2117,0
107250,68476,2119,1
107252,0,2119,0
107254,0,2117,0
107256,0,2117,0
107258,0,2117,0
107260,0,2108,0
107262,0,2117,0
107264,0,2118,0
107266,0,2119,0
107268,0,2118,0
107270,0,2117,0
107272,0,2119,0
107274,0,2119,0
107276,0,2119,0
107278,0,2119,0
107280,0,2117,0
107282,0,2119,0
107284,0,2117,0
107286,0,2119,0
107288,0,2119,0
107290,68467,2117,1
107292,0,2117,0
107294,0,2120,0
107296,0,2118,0
107298,0,2119,0
107300,0,2117,0
107302,0,2118,0
107304,0,2112,0
107306,0,2119,0
107308,0,2117,0
107310,0,2118,0
107312,0,2116,0
107314,0,2119,0
107316,0,2119,0
107318,0,2119,0
107320,0,2119,0
107322,0,2120,0
107324,0,2117,0
107326,0,2119,0
107328,0,2117,0
107330,68405,2119,1
107332,0,2118,0
107334,0,2119,0
107336,0,2117,0
107338,0,2116,0
107340,0,2119,0
107342,0,2119,0
107344,0,2118,0
107346,0,2117,0
107348,0,2119,0
107350,0,2117,0
107352,0,2119,0
107354,0,2118,0
107356,0,2118,0
107358,0,2119,0
107360,0,2119,0
107362,0,2117,0
107364,0,2119,0
107366,0,2119,0
107368,0,2119,0
107370,68386,2118,1
107372,0,2119,0
107374,0,2117,0
107376,0,2118,0
107378,0,2117,0
107380,0,2117,0
107382,0,2119,0
107384,0,2119,0
107386,0,2117,0
107388,0,2117,0
107390,0,2117,0
107392,0,2117,0
107394,0,2119,0
107396,0,2120,0
107398,0,2117,0
107400,0,2118,0
107402,0,2117,0
107404,0,2119,0
107406,0,2119,0
107408,68404,2119,1
107410,0,2121,0
107412,0,2117,0
107414,0,2117,0
107416,0,2117,0
107418,0,2119,0
107420,0,2119,0
107422,0,2116,0
107424,0,2122,0
107426,0,2117,0
107428,0,2119,0
107430,0,2119,0
107432,0,2119,0
107434,0,2117,0
107436,0,2124,0
107438,0,2119,0
107440,0,2119,0
107442,0,2117,0
107444,0,2117,0
107446,0,2119,0
107448,68420,2118,1
107450,0,2119,0
107452,0,2119,0
107454,0,2119,0
107456,0,2119,0
107458,0,2119,0
107460,0,2117,0
107462,0,2121,0
107464,0,2117,0
107466,0,2119,0
107468,0,2117,0
107470,0,2119,0
107472,0,2119,0
107474,0,2117,0
107476,0,2117,0
107478,0,2120,0
107480,0,2119,0
107482,0,2117,0
107484,0,2118,0
107486,0,2119,0
107488,68403,2119,1
107490,0,2117,0
107492,0,2119,0
107494,0,2118,0
107496,0,2119,0
107498,0,2121,0
107500,0,2119,0
107502,0,2119,0
107504,0,2120,0
107506,0,2119,0
107508,0,2118,0
107510,0,2118,0
107512,0,2119,0
107514,0,2120,0
107516,0,2117,0
107518,0,2120,0
107520,0,2121,0
107522,0,2121,0
107524,0,2119,0
107526,0,2119,0
107528,68368,2117,1
107530,0,2119,0
107532,0,2119,0
107534,0,2119,0
107536,0,2119,0
107538,0,2119,0
107540,0,2106,0
107542,0,2119,0
107544,0,2120,0
107546,0,2119,0
107548,0,2119,0
107550,0,2119,0
107552,0,2120,0
107554,0,2120,0
107556,0,2119,0
107558,0,2117,0
107560,0,2119,0
107562,0,2121,0
107564,0,2119,0
107566,0,2117,0
107568,68350,2119,1
107570,0,2118,0
107572,0,2120,0
107574,0,2119,0
107576,0,2119,0
107578,0,2120,0
107580,0,2121,0
107582,0,2119,0
107584,0,2121,0
107586,0,2121,0
107588,0,2119,0
107590,0,2121,0
107592,0,2118,0
107594,0,2120,0
107596,0,2119,0
107598,0,2119,0
107600,0,2119,0
107602,0,2119,0
107604,0,2118,0
107606,0,2120,0
107608,68340,2118,1
107610,0,2121,0
107612,0,2119,0
107614,0,2119,0
107616,0,2120,0
107618,0,2120,0
107620,0,2120,0
107622,0,2121,0
107624,0,2119,0
107626,0,2120,0
107628,0,2119,0
107630,0,2119,0
107632,0,2121,0
107634,0,2119,0
107636,0,2119,0
107638,0,2121,0
107640,0,2120,0
107642,0,2121,0
107644,0,2119,0
107646,0,2121,0
107648,68339,2117,1
107650,0,2119,0
107652,0,2120,0
107654,0,2121,0
107656,0,2119,0
107658,0,2120,0
107660,0,2121,0
107662,0,2121,0
107664,0,2121,0
107666,0,2120,0
107668,0,2119,0
107670,0,2121,0
107672,0,2119,0
107674,0,2121,0
107676,0,2121,0
107678,0,2119,0
107680,0,2119,0
107682,0,2118,0
107684,0,2121,0
107686,0,2119,0
107688,68310,2118,1
107690,0,2120,0
107692,0,2119,0
107694,0,2120,0
107696,0,2117,0
107698,0,2119,0
107700,0,2119,0
107702,0,2119,0
107704,0,2121,0
107706,0,2120,0
107708,0,2119,0
107710,0,2120,0
107712,0,2119,0
107714,0,2121,0
107716,0,2119,0
107718,0,2122,0
107720,0,2112,0
107722,0,2119,0
107724,0,2119,0
107726,0,2118,0
107728,68224,2121,1
107730,0,2121,0
107732,0,2120,0
107734,0,2121,0
107736,0,2120,0
107738,0,2121,0
107740,0,2105,0
107742,0,2119,0
107744,0,2119,0
107746,0,2121,0
107748,0,2120,0
107750,0,2121,0
107752,0,2119,0
107754,0,2121,0
107756,0,2121,0
107758,0,2123,0
107760,0,2120,0
107762,0,2119,0
107764,0,2121,0
107766,0,2120,0
107768,68199,2121,1
107770,0,2120,0
107772,0,2120,0
107774,0,2119,0
107776,0,2117,0
107778,0,2120,0
107780,0,2121,0
107782,0,2119,0
107784,0,2121,0
107786,0,2121,0
107788,0,2123,0
107790,0,2121,0
107792,0,2121,0
107794,0,2121,0
107796,0,2121,0
107798,0,2119,0
107800,0,2121,0
107802,0,2121,0
107804,0,2121,0
107806,68206,2122,1
107808,0,2121,0
107810,0,2121,0
107812,0,2121,0
107814,0,2119,0
107816,0,2120,0
107818,0,2121,0
107820,0,2121,0
107822,0,2121,0
107824,0,2122,0
107826,0,2121,0
107828,0,2122,0
107830,0,2121,0
107832,0,2119,0
107834,0,2121,0
107836,0,2121,0
107838,0,2121,0
107840,0,2121,0
107842,0,2118,0
107844,0,2120,0
107846,68232,2122,1
107848,0,2121,0
107850,0,2120,0
107852,0,2123,0
107854,0,2122,0
107856,0,2121,0
107858,0,2121,0
107860,0,2122,0
107862,0,2120,0
107864,0,2121,0
107866,0,2119,0
107868,0,2121,0
107870,0,2121,0
107872,0,2121,0
107874,0,2120,0
107876,0,2123,0
107878,0,2121,0
107880,0,2121,0
107882,0,2122,0
107884,0,2121,0
107886,68228,2121,1
107888,0,2121,0
107890,0,2121,0
107892,0,2119,0
107894,0,2119,0
107896,0,2121,0
107898,0,2123,0
107900,0,2120,0
107902,0,2121,0
107904,0,2121,0
107906,0,2127,0
107908,0,2126,0
107910,0,2121,0
107912,0,2120,0
107914,0,2121,0
107916,0,2120,0
107918,0,2121,0
107920,0,2121,0
107922,0,2121,0
107924,0,2119,0
107926,68233,2123,1
107928,0,2122,0
107930,0,2121,0
107932,0,2123,0
107934,0,2121,0
107936,0,2121,0
107938,0,2121,0
107940,0,2122,0
107942,0,2121,0
107944,0,2121,0
107946,0,2121,0
107948,0,2121,0
107950,0,2123,0
107952,0,2122,0
107954,0,2121,0
107956,0,2121,0
107958,0,2121,0
107960,0,2121,0
107962,0,2121,0
107964,0,2123,0
107966,68225,2120,1
107968,0,2122,0
107970,0,2121,0
107972,0,2125,0
107974,0,2122,0
107976,0,2120,0
107978,0,2123,0
107980,0,2121,0
107982,0,2123,0
107984,0,2121,0
107986,0,2121,0
107988,0,2121,0
107990,0,2123,0
107992,0,2123,0
107994,0,2121,0
107996,0,2121,0
107998,0,2120,0
108000,0,2121,0
108002,0,2120,0
108004,0,2121,0
108006,68213,2123,1
108008,0,2121,0
108010,0,2122,0
108012,0,2121,0
108014,0,2118,0
108016,0,2121,0
108018,0,2122,0
108020,0,2123,0
108022,0,2123,0
108024,0,2120,0
108026,0,2123,0
108028,0,2123,0
108030,0,2121,0
108032,0,2121,0
108034,0,2121,0
108036,0,2121,0
108038,0,2123,0
108040,0,2123,0
108042,0,2124,0
108044,0,2123,0
108046,68238,2121,1
108048,0,2120,0
108050,0,2123,0
108052,0,2121,0
108054,0,2122,0
108056,0,2121,0
108058,0,2123,0
108060,0,2121,0
108062,0,2123,0
108064,0,2121,0
108066,0,2123,0
108068,0,2124,0
108070,0,2122,0
108072,0,2122,0
108074,0,2123,0
108076,0,2121,0
108078,0,2121,0
108080,0,2123,0
108082,0,2121,0
108084,0,2123,0
108086,68269,2121,1
108088,0,2123,0
108090,0,2122,0
108092,0,2121,0
108094,0,2123,0
108096,0,2123,0
108098,0,2123,0
108100,0,2121,0
108102,0,2123,0
108104,0,2122,0
108106,0,2123,0
108108,0,2123,0
108110,0,2123,0
108112,0,2122,0
108114,0,2121,0
108116,0,2125,0
108118,0,2123,0
108120,0,2121,0
108122,0,2123,0
108124,0,2123,0
108126,68262,2123,1
108128,0,2121,0
108130,0,2121,0
108132,0,2123,0
108134,0,2123,0
108136,0,2123,0
108138,0,2123,0
108140,0,2123,0
108142,0,2121,0
108144,0,2124,0
108146,0,2123,0
108148,0,2123,0
108150,0,2123,0
108152,0,2122,0
108154,0,2121,0
108156,0,2123,0
108158,0,2123,0
108160,0,2127,0
108162,0,2123,0
108164,0,2123,0
108166,68282,2123,1
108168,0,2121,0
108170,0,2124,0
108172,0,2123,0
108174,0,2122,0
108176,0,2124,0
108178,0,2123,0
108180,0,2119,0
108182,0,2124,0
108184,0,2123,0
108186,0,2123,0
108188,0,2123,0
108190,0,2123,0
108192,0,2123,0
108194,0,2123,0
108196,0,2123,0
108198,0,2123,0
108200,0,2124,0
108202,0,2126,0
108204,68332,2123,1
108206,0,2124,0
108208,0,2122,0
108210,0,2122,0
108212,0,2124,0
108214,0,2123,0
108216,0,2123,0
108218,0,2121,0
108220,0,2123,0
108222,0,2125,0
108224,0,2123,0
108226,0,2123,0
108228,0,2125,0
108230,0,2123,0
108232,0,2123,0
108234,0,2119,0
108236,0,2124,0
108238,0,2124,0
108240,0,2123,0
108242,0,2125,0
108244,68347,2125,1
108246,0,2125,0
108248,0,2123,0
108250,0,2123,0
108252,0,2122,0
108254,0,2125,0
108256,0,2125,0
108258,0,2123,0
108260,0,2124,0
108262,0,2125,0
108264,0,2124,0
108266,0,2125,0
108268,0,2125,0
108270,0,2125,0
108272,0,2125,0
108274,0,2123,0
108276,0,2125,0
108278,0,2123,0
108280,0,2124,0
108282,0,2125,0
108284,68353,2125,1
108286,0,2125,0
108288,0,2124,0
108290,0,2123,0
108292,0,2125,0
108294,0,2123,0
108296,0,2125,0
108298,0,2125,0
108300,0,2124,0
108302,0,2124,0
108304,0,2124,0
108306,0,2127,0
108308,0,2124,0
108310,0,2124,0
108312,0,2123,0
108314,0,2123,0
108316,0,2124,0
108318,0,2125,0
108320,0,2125,0
108322,0,2123,0
108324,68367,2125,1
108326,0,2123,0
108328,0,2125,0
108330,0,2123,0
108332,0,2123,0
108334,0,2123,0
108336,0,2125,0
108338,0,2123,0
108340,0,2123,0
108342,0,2124,0
108344,0,2123,0
108346,0,2124,0
108348,0,2125,0
108350,0,2123,0
108352,0,2123,0
108354,0,2123,0
108356,0,2123,0
108358,0,2125,0
108360,0,2123,0
108362,0,2125,0
108364,68377,2123,1
108366,0,2126,0
108368,0,2123,0
108370,0,2124,0
108372,0,2123,0
108374,0,2125,0
108376,0,2125,0
108378,0,2124,0
108380,0,2123,0
108382,0,2125,0
108384,0,2125,0
108386,0,2123,0
108388,0,2124,0
108390,0,2124,0
108392,0,2125,0
108394,0,2124,0
108396,0,2123,0
108398,0,2125,0
108400,0,2125,0
108402,0,2125,0
108404,68394,2124,1
108406,0,2124,0
108408,0,2124,0
108410,0,2125,0
108412,0,2125,0
108414,0,2125,0
108416,0,2125,0
108418,0,2124,0
108420,0,2123,0
108422,0,2127,0
108424,0,2123,0
108426,0,2125,0
108428,0,2125,0
108430,0,2125,0
108432,0,2124,0
108434,0,2125,0
108436,0,2125,0
108438,0,2125,0
108440,0,2133,0
108442,0,2125,0
108444,68425,2125,1
108446,0,2125,0
108448,0,2125,0
108450,0,2125,0
108452,0,2125,0
108454,0,2125,0
108456,0,2124,0
108458,0,2125,0
108460,0,2125,0
108462,0,2125,0
108464,0,2125,0
108466,0,2125,0
108468,0,2126,0
108470,0,2125,0
108472,0,2126,0
108474,0,2126,0
108476,0,2125,0
108478,0,2124,0
108480,0,2125,0
108482,0,2125,0
108484,68394,2125,1
108486,0,2125,0
108488,0,2127,0
108490,0,2125,0
108492,0,2125,0
108494,0,2124,0
108496,0,2125,0
108498,0,2125,0
108500,0,2124,0
108502,0,2125,0
108504,0,2125,0
108506,0,2124,0
108508,0,2125,0
108510,0,2124,0
108512,0,2125,0
108514,0,2125,0
108516,0,2124,0
108518,0,2125,0
108520,0,2125,0
108522,0,2126,0
108524,68340,2125,1
108526,0,2125,0
108528,0,2125,0
108530,0,2127,0
108532,0,2125,0
108534,0,2125,0
108536,0,2125,0
108538,0,2127,0
108540,0,2123,0
108542,0,2125,0
108544,0,2125,0
108546,0,2123,0
108548,0,2125,0
108550,0,2125,0
108552,0,2127,0
108554,0,2125,0
108556,0,2125,0
108558,0,2127,0
108560,0,2125,0
108562,0,2125,0
108564,68337,2126,1
108566,0,2124,0
108568,0,2127,0
108570,0,2125,0
108572,0,2124,0
108574,0,2125,0
108576,0,2129,0
108578,0,2123,0
108580,0,2127,0
108582,0,2125,0
108584,0,2125,0
108586,0,2126,0
108588,0,2125,0
108590,0,2124,0
108592,0,2125,0
108594,0,2126,0
108596,0,2126,0
108598,0,2125,0
108600,0,2124,0
108602,68358,2125,1
108604,0,2125,0
108606,0,2127,0
108608,0,2125,0
108610,0,2125,0
108612,0,2126,0
108614,0,2127,0
108616,0,2126,0
108618,0,2125,0
108620,0,2127,0
108622,0,2127,0
108624,0,2129,0
108626,0,2127,0
108628,0,2127,0
108630,0,2126,0
108632,0,2126,0
108634,0,2125,0
108636,0,2125,0
108638,0,2126,0
108640,0,2125,0
108642,68350,2126,1
108644,0,2125,0
108646,0,2125,0
108648,0,2129,0
108650,0,2125,0
108652,0,2127,0
108654,0,2127,0
108656,0,2125,0
108658,0,2125,0
108660,0,2125,0
108662,0,2127,0
108664,0,2127,0
108666,0,2127,0
108668,0,2127,0
108670,0,2127,0
108672,0,2127,0
108674,0,2127,0
108676,0,2126,0
108679,0,2127,0
108681,0,2127,0
108683,68340,2129,1
108685,0,2126,0
108687,0,2127,0
108689,0,2127,0
108691,0,2125,0
108693,0,2125,0
108695,0,2129,0
108697,0,2129,0
108699,0,2125,0
108701,0,2127,0
108703,0,2125,0
108705,0,2125,0
108707,0,2125,0
108709,0,2125,0
108711,0,2130,0
108713,0,2125,0
108715,0,2127,0
108717,0,2126,0
108719,0,2131,0
108721,0,2125,0
108723,68351,2129,1
108725,0,2127,0
108727,0,2125,0
108729,0,2127,0
108731,0,2129,0
108733,0,2126,0
108735,0,2129,0
108737,0,2129,0
108739,0,2129,0
108741,0,2127,0
108743,0,2127,0
108745,0,2131,0
108747,0,2127,0
108749,0,2128,0
108751,0,2130,0
108753,0,2127,0
108755,0,2125,0
108757,0,2126,0
108759,0,2129,0
108761,0,2127,0
108763,68338,2127,1
108765,0,2127,0
108767,0,2129,0
108769,0,2127,0
108771,0,2129,0
108773,0,2127,0
108775,0,2125,0
108777,0,2129,0
108779,0,2125,0
108781,0,2129,0
108783,0,2127,0
108785,0,2126,0
108787,0,2127,0
108789,0,2127,0
108791,0,2125,0
108793,0,2130,0
108795,0,2127,0
108797,0,2126,0
108799,0,2129,0
108801,0,2129,0
108803,68306,2129,1
108805,0,2125,0
108807,0,2126,0
108809,0,2126,0
108811,0,2127,0
108813,0,2127,0
108815,0,2125,0
108817,0,2127,0
108819,0,2127,0
108821,0,2127,0
108823,0,2127,0
108825,0,2126,0
108827,0,2126,0
108829,0,2129,0
108831,0,2126,0
108833,0,2125,0
108835,0,2130,0
108837,0,2131,0
108839,0,2126,0
108841,0,2127,0
108843,68303,2127,1
108845,0,2110,0
108847,0,2125,0
108849,0,2125,0
108851,0,2129,0
108853,0,2127,0
108855,0,2130,0
108857,0,2127,0
108859,0,2129,0
108861,0,2127,0
108863,0,2126,0
108865,0,2126,0
108867,0,2129,0
108869,0,2129,0
108871,0,2126,0
108873,0,2129,0
108875,0,2129,0
108877,0,2125,0
108879,0,2127,0
108881,0,2130,0
108883,68292,2126,1
108885,0,2132,0
108887,0,2125,0
108889,0,2129,0
108891,0,2130,0
108893,0,2126,0
108895,0,2127,0
108897,0,2127,0
108899,0,2131,0
108901,0,2129,0
108903,0,2127,0
108905,0,2140,0
108907,0,2127,0
108909,0,2129,0
108911,0,2131,0
108913,0,2129,0
108915,0,2130,0
108917,0,2121,0
108919,0,2127,0
108921,0,2129,0
108923,68235,2127,1
108925,0,2125,0
108927,0,2127,0
108929,0,2129,0
108931,0,2127,0
108933,0,2126,0
108935,0,2126,0
108937,0,2129,0
108939,0,2127,0
108941,0,2129,0
108943,0,2126,0
108945,0,2129,0
108947,0,2130,0
108949,0,2125,0
108951,0,2126,0
108953,0,2126,0
108955,0,2130,0
108957,0,2127,0
108959,0,2127,0
108961,0,2131,0
108963,68231,2129,1
108965,0,2129,0
108967,0,2127,0
108969,0,2129,0
108971,0,2127,0
108973,0,2131,0
108975,0,2126,0
108977,0,2127,0
108979,0,2127,0
108981,0,2125,0
108983,0,2135,0
108985,0,2127,0
108987,0,2129,0
108989,0,2127,0
108991,0,2129,0
108993,0,2127,0
108995,0,2131,0
108997,0,2131,0
108999,0,2130,0
109001,68244,2127,1
109003,0,2131,0
109005,0,2127,0
109007,0,2125,0
109009,0,2127,0
109011,0,2127,0
109013,0,2131,0
109015,0,2129,0
109017,0,2126,0
109019,0,2127,0
109021,0,2127,0
109023,0,2127,0
109025,0,2131,0
109027,0,2130,0
109029,0,2127,0
109031,0,2127,0
109033,0,2131,0
109035,0,2131,0
109037,0,2130,0
109039,0,2127,0
109041,68242,2129,1
109043,0,2131,0
109045,0,2130,0
109047,0,2127,0
109049,0,2129,0
109051,0,2129,0
109053,0,2129,0
109055,0,2131,0
109057,0,2127,0
109059,0,2134,0
109061,0,2129,0
109063,0,2130,0
109065,0,2131,0
109067,0,2130,0
109069,0,2125,0
109071,0,2130,0
109073,0,2131,0
109075,0,2131,0
109077,0,2129,0
109079,0,2130,0
109081,68234,2127,1
109083,0,2131,0
109085,0,2130,0
109087,0,2130,0
109089,0,2127,0
109091,0,2131,0
109093,0,2131,0
109095,0,2130,0
109097,0,2131,0
109099,0,2131,0
109101,0,2131,0
109103,0,2129,0
109105,0,2129,0
109107,0,2129,0
109109,0,2127,0
109111,0,2131,0
109113,0,2131,0
109115,0,2131,0
109117,0,2131,0
109119,0,2131,0
109121,68240,2126,1
109123,0,2131,0
109125,0,2131,0
109127,0,2130,0
109129,0,2131,0
109131,0,2132,0
109133,0,2129,0
109135,0,2131,0
109137,0,2131,0
109139,0,2130,0
109141,0,2130,0
109143,0,2129,0
109145,0,2131,0
109147,0,2130,0
109149,0,2131,0
109151,0,2131,0
109153,0,2129,0
109155,0,2133,0
109157,0,2132,0
109159,0,2131,0
109161,68244,2131,1
109163,0,2126,0
109165,0,2131,0
109167,0,2131,0
109169,0,2131,0
109171,0,2131,0
109173,0,2131,0
109175,0,2130,0
109177,0,2131,0
109179,0,2130,0
109181,0,2132,0
109183,0,2131,0
109185,0,2131,0
109187,0,2133,0
109189,0,2131,0
109191,0,2131,0
109193,0,2133,0
109195,0,2131,0
109197,0,2135,0
109199,0,2131,0
109201,68230,2129,1
109203,0,2131,0
109205,0,2129,0
109207,0,2129,0
109209,0,2133,0
109211,0,2133,0
109213,0,2131,0
109215,0,2132,0
109217,0,2129,0
109219,0,2131,0
109221,0,2131,0
109223,0,2132,0
109225,0,2131,0
109227,0,2132,0
109229,0,2131,0
109231,0,2131,0
109233,0,2131,0
109235,0,2131,0
109237,0,2132,0
109239,0,2132,0
109241,68252,2130,1
109243,0,2131,0
109245,0,2131,0
109247,0,2131,0
109249,0,2133,0
109251,0,2130,0
109253,0,2133,0
109255,0,2133,0
109257,0,2131,0
109259,0,2133,0
109261,0,2133,0
109263,0,2133,0
109265,0,2131,0
109267,0,2132,0
109269,0,2131,0
109271,0,2131,0
109273,0,2133,0
109275,0,2133,0
109277,0,2125,0
109279,0,2133,0
109281,68272,2131,1
109283,0,2133,0
109285,0,2137,0
109287,0,2133,0
109289,0,2131,0
109291,0,2133,0
109293,0,2133,0
109295,0,2131,0
109297,0,2131,0
109299,0,2131,0
109301,0,2132,0
109303,0,2131,0
109305,0,2131,0
109307,0,2133,0
109309,0,2133,0
109311,0,2132,0
109313,0,2133,0
109315,0,2135,0
109317,0,2133,0
109319,0,2133,0
109321,68255,2131,1
109323,0,2131,0
109325,0,2135,0
109327,0,2133,0
109329,0,2137,0
109331,0,2133,0
109333,0,2132,0
109335,0,2133,0
109337,0,2133,0
109339,0,2132,0
109341,0,2131,0
109343,0,2131,0
109345,0,2134,0
109347,0,2133,0
109349,0,2133,0
109351,0,2131,0
109353,0,2131,0
109355,0,2133,0
109357,0,2133,0
109359,0,2132,0
109361,68306,2130,1
109363,0,2132,0
109365,0,2133,0
109367,0,2133,0
109369,0,2133,0
109371,0,2131,0
109373,0,2135,0
109375,0,2133,0
109377,0,2133,0
109379,0,2131,0
109381,0,2133,0
109383,0,2139,0
109385,0,2133,0
109387,0,2133,0
109389,0,2134,0
109391,0,2134,0
109393,0,2134,0
109395,0,2133,0
109397,0,2132,0
109399,68329,2133,1
109401,0,2133,0
109403,0,2134,0
109405,0,2135,0
109407,0,2132,0
109409,0,2133,0
109411,0,2133,0
109413,0,2132,0
109415,0,2131,0
109417,0,2133,0
109419,0,2133,0
109421,0,2133,0
109423,0,2133,0
109425,0,2132,0
109427,0,2133,0
109429,0,2133,0
109431,0,2133,0
109433,0,2132,0
109435,0,2135,0
109437,0,2133,0
109439,68324,2133,1
109441,0,2135,0
109443,0,2133,0
109445,0,2131,0
109447,0,2133,0
109449,0,2133,0
109451,0,2135,0
109453,0,2133,0
109455,0,2133,0
109457,0,2137,0
109459,0,2133,0
109461,0,2133,0
109463,0,2134,0
109465,0,2133,0
109467,0,2133,0
109469,0,2135,0
109471,0,2131,0
109473,0,2133,0
109475,0,2135,0
109477,0,2133,0
109479,68291,2133,1
109481,0,2133,0
109483,0,2135,0
109485,0,2133,0
109487,0,2137,0
109489,0,2133,0
109491,0,2133,0
109493,0,2133,0
109495,0,2135,0
109497,0,2135,0
109499,0,2135,0
109501,0,2133,0
109503,0,2133,0
109505,0,2135,0
109507,0,2133,0
109509,0,2147,0
109511,0,2133,0
109513,0,2134,0
109515,0,2133,0
109517,0,2135,0
109519,68271,2133,1
109521,0,2133,0
109523,0,2134,0
109525,0,2133,0
109527,0,2133,0
109529,0,2133,0
109531,0,2133,0
109533,0,2133,0
109535,0,2133,0
109537,0,2133,0
109539,0,2135,0
109541,0,2136,0
109543,0,2135,0
109545,0,2135,0
109547,0,2135,0
109549,0,2133,0
109551,0,2133,0
109553,0,2135,0
109555,0,2133,0
109557,0,2136,0
109559,68288,2135,1
109561,0,2133,0
109563,0,2131,0
109565,0,2135,0
109567,0,2135,0
109569,0,2134,0
109571,0,2135,0
109573,0,2134,0
109575,0,2133,0
109577,0,2134,0
109579,0,2133,0
109581,0,2135,0
109583,0,2137,0
109585,0,2135,0
109587,0,2134,0
109589,0,2135,0
109591,0,2135,0
109593,0,2134,0
109595,0,2133,0
109597,0,2133,0
109599,68316,2136,1
109601,0,2135,0
109603,0,2134,0
109605,0,2135,0
109607,0,2135,0
109609,0,2136,0
109611,0,2135,0
109613,0,2135,0
109615,0,2135,0
109617,0,2135,0
109619,0,2134,0
109621,0,2135,0
109623,0,2135,0
109625,0,2136,0
109627,0,2135,0
109629,0,2135,0
109631,0,2134,0
109633,0,2133,0
109635,0,2135,0
109637,0,2137,0
109639,68361,2132,1
109641,0,2135,0
109643,0,2135,0
109645,0,2136,0
109647,0,2133,0
109649,0,2135,0
109651,0,2134,0
109653,0,2135,0
109655,0,2133,0
109657,0,2135,0
109659,0,2133,0
109661,0,2134,0
109663,0,2135,0
109665,0,2135,0
109667,0,2136,0
109669,0,2133,0
109671,0,2135,0
109673,0,2135,0
109675,0,2135,0
109677,0,2136,0
109679,68369,2134,1
109681,0,2137,0
109683,0,2135,0
109685,0,2136,0
109687,0,2135,0
109689,0,2135,0
109691,0,2147,0
109693,0,2135,0
109695,0,2133,0
109697,0,2135,0
109699,0,2134,0
109701,0,2135,0
109703,0,2135,0
109705,0,2131,0
109707,0,2134,0
109709,0,2135,0
109711,0,2133,0
109713,0,2135,0
109715,0,2133,0
109717,0,2135,0
109719,68324,2135,1
109721,0,2135,0
109723,0,2135,0
109725,0,2133,0
109727,0,2135,0
109729,0,2133,0
109731,0,2135,0
109733,0,2127,0
109735,0,2133,0
109737,0,2135,0
109739,0,2135,0
109741,0,2135,0
109743,0,2137,0
109745,0,2135,0
109747,0,2135,0
109749,0,2135,0
109751,0,2136,0
109753,0,2135,0
109755,0,2135,0
109757,0,2134,0
109759,68340,2136,1
109761,0,2135,0
109763,0,2136,0
109765,0,2135,0
109767,0,2131,0
109769,0,2135,0
109771,0,2137,0
109773,0,2135,0
109775,0,2135,0
109777,0,2135,0
109779,0,2136,0
109781,0,2135,0
109783,0,2135,0
109785,0,2135,0
109787,0,2137,0
109789,0,2138,0
109791,0,2135,0
109793,0,2135,0
109795,0,2135,0
109797,68373,2135,1
109799,0,2135,0
109801,0,2135,0
109803,0,2136,0
109805,0,2137,0
109807,0,2134,0
109809,0,2135,0
109811,0,2136,0
109813,0,2135,0
109815,0,2135,0
109817,0,2136,0
109819,0,2135,0
109821,0,2141,0
109823,0,2135,0
109825,0,2136,0
109827,0,2136,0
109829,0,2137,0
109831,0,2136,0
109833,0,2135,0
109835,0,2135,0
109837,68374,2135,1
109839,0,2137,0
109841,0,2135,0
109843,0,2133,0
109845,0,2135,0
109847,0,2136,0
109849,0,2134,0
109851,0,2136,0
109853,0,2137,0
109855,0,2137,0
109857,0,2137,0
109859,0,2137,0
109861,0,2136,0
109863,0,2136,0
109865,0,2135,0
109867,0,2137,0
109869,0,2135,0
109871,0,2136,0
109873,0,2135,0
109875,0,2136,0
109877,68379,2136,1
109879,0,2137,0
109881,0,2137,0
109883,0,2137,0
109885,0,2136,0
109887,0,2136,0
109889,0,2136,0
109891,0,2135,0
109893,0,2135,0
109895,0,2138,0
109897,0,2137,0
109899,0,2137,0
109901,0,2137,0
109903,0,2130,0
109905,0,2137,0
109907,0,2137,0
109909,0,2137,0
109911,0,2137,0
109913,0,2137,0
109915,0,2137,0
109917,68384,2137,1
109919,0,2136,0
109921,0,2137,0
109923,0,2137,0
109925,0,2136,0
109927,0,2136,0
109929,0,2137,0
109931,0,2135,0
109933,0,2137,0
109935,0,2136,0
109937,0,2137,0
109939,0,2136,0
109941,0,2136,0
109943,0,2136,0
109945,0,2136,0
109947,0,2137,0
109949,0,2137,0
109951,0,2136,0
109953,0,2137,0
109955,0,2135,0
109957,68391,2137,1
109959,0,2136,0
109961,0,2137,0
109963,0,2137,0
109965,0,2135,0
109967,0,2139,0
109969,0,2138,0
109971,0,2136,0
109973,0,2137,0
109975,0,2137,0
109977,0,2136,0
109979,0,2137,0
109981,0,2137,0
109983,0,2137,0
109985,0,2136,0
109987,0,2137,0
109989,0,2136,0
109991,0,2138,0
109993,0,2137,0
109995,0,2137,0
109997,68378,2137,1
109999,0,2130,0
110001,0,2136,0
110003,0,2136,0
110005,0,2137,0
110007,0,2137,0
110009,0,2136,0
110011,0,2136,0
110013,0,2137,0
110015,0,2139,0
110017,0,2137,0
110019,0,2137,0
110021,0,2137,0
110023,0,2137,0
110025,0,2137,0
110027,0,2137,0
110029,0,2136,0
110031,0,2135,0
110033,0,2137,0
110035,0,2137,0
110037,68382,2136,1
110039,0,2137,0
110041,0,2138,0
110043,0,2139,0
110045,0,2137,0
110047,0,2139,0
110049,0,2139,0
110051,0,2140,0
110053,0,2137,0
110055,0,2138,0
110057,0,2137,0
110059,0,2137,0
110061,0,2138,0
110063,0,2137,0
110065,0,2136,0
110067,0,2139,0
110069,0,2139,0
110071,0,2139,0
110073,0,2137,0
110075,0,2139,0
110077,68363,2137,1
110079,0,2139,0
110081,0,2136,0
110083,0,2137,0
110085,0,2136,0
110087,0,2139,0
110089,0,2139,0
110091,0,2137,0
110093,0,2137,0
110095,0,2139,0
110097,0,2139,0
110099,0,2139,0
110101,0,2139,0
110103,0,2137,0
110105,0,2137,0
110107,0,2139,0
110109,0,2138,0
110111,0,2139,0
110113,0,2137,0
110115,0,2139,0
110117,68322,2141,1
110119,0,2137,0
110121,0,2137,0
110123,0,2137,0
110125,0,2138,0
110127,0,2137,0
110129,0,2137,0
110131,0,2137,0
110133,0,2137,0
110135,0,2137,0
110137,0,2137,0
110139,0,2137,0
110141,0,2139,0
110143,0,2137,0
110145,0,2139,0
110147,0,2135,0
110149,0,2137,0
110151,0,2137,0
110153,0,2137,0
110155,0,2138,0
110157,68326,2137,1
110159,0,2137,0
110161,0,2137,0
110163,0,2137,0
110165,0,2139,0
110167,0,2138,0
110169,0,2139,0
110171,0,2139,0
110173,0,2139,0
110175,0,2141,0
110177,0,2139,0
110179,0,2139,0
110181,0,2138,0
110183,0,2139,0
110185,0,2137,0
110187,0,2139,0
110189,0,2139,0
110191,0,2139,0
110193,0,2138,0
110195,68346,2138,1
110197,0,2143,0
110199,0,2139,0
110201,0,2140,0
110203,0,2137,0
110205,0,2139,0
110207,0,2137,0
110209,0,2137,0
110211,0,2137,0
110213,0,2137,0
110215,0,2139,0
110217,0,2137,0
110219,0,2139,0
110221,0,2139,0
110223,0,2139,0
110225,0,2139,0
110227,0,2140,0
110229,0,2139,0
110231,0,2139,0
110233,0,2137,0
110235,68359,2139,1
110237,0,2141,0
110239,0,2139,0
110241,0,2139,0
110243,0,2138,0
110245,0,2137,0
110247,0,2139,0
110249,0,2139,0
110251,0,2139,0
110253,0,2141,0
110255,0,2137,0
110257,0,2137,0
110259,0,2140,0
110261,0,2137,0
110263,0,2139,0
110265,0,2139,0
110267,0,2139,0
110269,0,2139,0
110271,0,2139,0
110273,0,2137,0
110275,68356,2139,1
110277,0,2139,0
110279,0,2139,0
110281,0,2137,0
110283,0,2137,0
110285,0,2138,0
110287,0,2139,0
110289,0,2139,0
110291,0,2140,0
110293,0,2139,0
110295,0,2138,0
110297,0,2139,0
110299,0,2140,0
110301,0,2139,0
110303,0,2139,0
110305,0,2139,0
110307,0,2140,0
110309,0,2139,0
110311,0,2139,0
110313,0,2138,0
110315,68327,2139,1
110317,0,2139,0
110319,0,2139,0
110321,0,2139,0
110323,0,2139,0
110325,0,2139,0
110327,0,2141,0
110329,0,2139,0
110331,0,2139,0
110333,0,2140,0
110335,0,2141,0
110337,0,2139,0
110339,0,2139,0
110341,0,2140,0
110343,0,2141,0
110345,0,2140,0
110347,0,2139,0
110349,0,2139,0
110351,0,2139,0
110353,0,2139,0
110355,68309,2141,1
110357,0,2139,0
110359,0,2140,0
110361,0,2139,0
110363,0,2139,0
110365,0,2141,0
110367,0,2139,0
110369,0,2138,0
110371,0,2139,0
110373,0,2139,0
110375,0,2139,0
110377,0,2140,0
110379,0,2139,0
110381,0,2141,0
110383,0,2141,0
110385,0,2141,0
110387,0,2139,0
110389,0,2141,0
110391,0,2139,0
110393,0,2139,0
110395,68316,2140,1
110397,0,2138,0
110399,0,2139,0
110401,0,2139,0
110403,0,2141,0
110405,0,2139,0
110407,0,2141,0
110409,0,2141,0
110411,0,2139,0
110413,0,2140,0
110415,0,2139,0
110417,0,2139,0
110419,0,2141,0
110421,0,2139,0
110423,0,2141,0
110425,0,2139,0
110427,0,2141,0
110429,0,2139,0
110431,0,2139,0
110433,0,2143,0
110435,68329,2140,1
110437,0,2141,0
110439,0,2141,0
110441,0,2139,0
110443,0,2140,0
110445,0,2141,0
110447,0,2141,0
110449,0,2139,0
110451,0,2140,0
110453,0,2140,0
110455,0,2140,0
110457,0,2141,0
110459,0,2140,0
110461,0,2139,0
110463,0,2140,0
110465,0,2136,0
110467,0,2142,0
110469,0,2140,0
110471,0,2140,0
110473,0,2141,0
110475,68315,2141,1
110477,0,2141,0
110479,0,2141,0
110481,0,2141,0
110483,0,2141,0
110485,0,2141,0
110487,0,2139,0
110489,0,2139,0
110491,0,2141,0
110493,0,2141,0
110495,0,2141,0
110497,0,2139,0
110499,0,2141,0
110501,0,2139,0
110503,0,2141,0
110505,0,2141,0
110507,0,2141,0
110509,0,2143,0
110511,0,2143,0
110513,0,2141,0
110515,68252,2140,1
110517,0,2141,0
110519,0,2140,0
110521,0,2141,0
110523,0,2139,0
110525,0,2141,0
110527,0,2140,0
110529,0,2139,0
110531,0,2141,0
110533,0,2151,0
110535,0,2141,0
110537,0,2142,0
110540,0,2141,0
110542,0,2142,0
110544,0,2141,0
110546,0,2143,0
110548,0,2141,0
110550,0,2143,0
110552,0,2141,0
110554,0,2141,0
110556,68249,2140,1
110558,0,2141,0
110560,0,2141,0
110562,0,2139,0
110564,0,2141,0
110566,0,2139,0
110568,0,2140,0
110570,0,2141,0
110572,0,2135,0
110574,0,2141,0
110576,0,2141,0
110578,0,2139,0
110580,0,2141,0
110582,0,2141,0
110584,0,2141,0
110586,0,2141,0
110588,0,2141,0
110590,0,2141,0
110592,0,2141,0
110594,68260,2141,1
110596,0,2141,0
110598,0,2135,0
110600,0,2141,0
110602,0,2142,0
110604,0,2141,0
110606,0,2141,0
110608,0,2140,0
110610,0,2141,0
110612,0,2141,0
110614,0,2141,0
110616,0,2146,0
110618,0,2140,0
110620,0,2139,0
110622,0,2142,0
110624,0,2141,0
110626,0,2143,0
110628,0,2140,0
110630,0,2143,0
110632,0,2143,0
110634,68254,2142,1
110636,0,2140,0
110638,0,2141,0
110640,0,2143,0
110642,0,2139,0
110644,0,2141,0
110646,0,2141,0
110648,0,2141,0
110650,0,2141,0
110652,0,2141,0
110654,0,2143,0
110656,0,2141,0
110658,0,2141,0
110660,0,2142,0
110662,0,2141,0
110664,0,2137,0
110666,0,2142,0
110668,0,2141,0
110670,0,2141,0
110672,0,2143,0
110674,68236,2143,1
110676,0,2141,0
110678,0,2143,0
110680,0,2141,0
110682,0,2141,0
110684,0,2140,0
110686,0,2142,0
110688,0,2141,0
110690,0,2143,0
110692,0,2141,0
110694,0,2143,0
110696,0,2141,0
110698,0,2143,0
110700,0,2143,0
110702,0,2141,0
110704,0,2143,0
110706,0,2141,0
110708,0,2141,0
110710,0,2141,0
110712,0,2143,0
110714,68227,2143,1
110716,0,2141,0
110718,0,2141,0
110720,0,2141,0
110722,0,2141,0
110724,0,2142,0
110726,0,2141,0
110728,0,2141,0
110730,0,2143,0
110732,0,2143,0
110734,0,2143,0
110736,0,2143,0
110738,0,2141,0
110740,0,2141,0
110742,0,2141,0
110744,0,2143,0
110746,0,2145,0
110748,0,2141,0
110750,0,2141,0
110752,0,2141,0
110754,68197,2141,1
110756,0,2143,0
110758,0,2141,0
110760,0,2142,0
110762,0,2143,0
110764,0,2143,0
110766,0,2147,0
110768,0,2142,0
110770,0,2146,0
110772,0,2143,0
110774,0,2142,0
110776,0,2145,0
110778,0,2142,0
110780,0,2141,0
110782,0,2145,0
110784,0,2146,0
110786,0,2142,0
110788,0,2131,0
110790,0,2143,0
110792,0,2143,0
110794,68201,2143,1
110796,0,2142,0
110798,0,2145,0
110800,0,2141,0
110802,0,2143,0
110804,0,2141,0
110806,0,2143,0
110808,0,2144,0
110810,0,2143,0
110812,0,2143,0
110814,0,2143,0
110816,0,2141,0
110818,0,2141,0
110820,0,2139,0
110822,0,2143,0
110824,0,2143,0
110826,0,2141,0
110828,0,2141,0
110830,0,2143,0
110832,0,2147,0
110834,68209,2143,1
110836,0,2142,0
110838,0,2142,0
110840,0,2139,0
110842,0,2141,0
110844,0,2143,0
110846,0,2143,0
110848,0,2143,0
110850,0,2143,0
110852,0,2145,0
110854,0,2143,0
110856,0,2143,0
110858,0,2147,0
110860,0,2142,0
110862,0,2142,0
110864,0,2143,0
110866,0,2147,0
110868,0,2142,0
110870,0,2142,0
110872,0,2145,0
110874,68165,2143,1
110876,0,2143,0
110878,0,2142,0
110880,0,2142,0
110882,0,2143,0
110884,0,2147,0
110886,0,2147,0
110888,0,2143,0
110890,0,2143,0
110892,0,2141,0
110894,0,2143,0
110896,0,2143,0
110898,0,2147,0
110900,0,2146,0
110902,0,2143,0
110904,0,2147,0
110906,0,2147,0
110908,0,2143,0
110910,0,2142,0
110912,0,2143,0
110914,68080,2147,1
110916,0,2145,0
110918,0,2146,0
110920,0,2143,0
110922,0,2147,0
110924,0,2147,0
110926,0,2147,0
110928,0,2143,0
110930,0,2148,0
110932,0,2145,0
110934,0,2147,0
110936,0,2143,0
110938,0,2147,0
110940,0,2143,0
110942,0,2147,0
110944,0,2142,0
110946,0,2147,0
110948,0,2147,0
110950,0,2147,0
110952,0,2146,0
110954,68052,2147,1
110956,0,2145,0
110958,0,2143,0
110960,0,2143,0
110962,0,2143,0
110964,0,2147,0
110966,0,2146,0
110968,0,2147,0
110970,0,2147,0
110972,0,2147,0
110974,0,2143,0
110976,0,2147,0
110978,0,2147,0
110980,0,2147,0
110982,0,2147,0
110984,0,2143,0
110986,0,2147,0
110988,0,2145,0
110990,0,2147,0
110992,68036,2145,1
110994,0,2147,0
110996,0,2147,0
110998,0,2143,0
111000,0,2146,0
111002,0,2147,0
111004,0,2148,0
111006,0,2147,0
111008,0,2147,0
111010,0,2147,0
111012,0,2147,0
111014,0,2148,0
111016,0,2146,0
111018,0,2147,0
111020,0,2147,0
111022,0,2147,0
111024,0,2147,0
111026,0,2143,0
111028,0,2147,0
111030,0,2147,0
111032,67975,2147,1
111034,0,2146,0
111036,0,2143,0
111038,0,2149,0
111040,0,2143,0
111042,0,2143,0
111044,0,2147,0
111046,0,2151,0
111048,0,2148,0
111050,0,2148,0
111052,0,2147,0
111054,0,2147,0
111056,0,2149,0
111058,0,2149,0
111060,0,2147,0
111062,0,2148,0
111064,0,2147,0
111066,0,2147,0
111068,0,2149,0
111070,0,2149,0
111072,67922,2152,1
111074,0,2147,0
111076,0,2147,0
111078,0,2149,0
111080,0,2148,0
111082,0,2149,0
111084,0,2147,0
111086,0,2148,0
111088,0,2147,0
111090,0,2147,0
111092,0,2149,0
111094,0,2149,0
111096,0,2149,0
111098,0,2147,0
111100,0,2149,0
111102,0,2147,0
111104,0,2149,0
111106,0,2149,0
111108,0,2148,0
111110,0,2149,0
111112,67886,2149,1
111114,0,2149,0
111116,0,2149,0
111118,0,2150,0
111120,0,2149,0
111122,0,2149,0
111124,0,2149,0
111126,0,2149,0
111128,0,2147,0
111130,0,2151,0
111132,0,2151,0
111134,0,2147,0
111136,0,2149,0
111138,0,2149,0
111140,0,2149,0
111142,0,2149,0
111144,0,2148,0
111146,0,2149,0
111148,0,2149,0
111150,0,2149,0
111152,67891,2149,1
111154,0,2148,0
111156,0,2149,0
111158,0,2147,0
111160,0,2147,0
111162,0,2147,0
111164,0,2149,0
111166,0,2149,0
111168,0,2148,0
111170,0,2149,0
111172,0,2151,0
111174,0,2149,0
111176,0,2149,0
111178,0,2149,0
111180,0,2148,0
111182,0,2148,0
111184,0,2149,0
111186,0,2149,0
111188,0,2149,0
111190,0,2149,0
111192,67877,2149,1
111194,0,2147,0
111196,0,2149,0
111198,0,2151,0
111200,0,2148,0
111202,0,2150,0
111204,0,2150,0
111206,0,2149,0
111208,0,2149,0
111210,0,2150,0
111212,0,2151,0
111214,0,2149,0
111216,0,2148,0
111218,0,2149,0
111220,0,2150,0
111222,0,2149,0
111224,0,2147,0
111226,0,2149,0
111228,0,2149,0
111230,0,2149,0
111232,67859,2148,1
111234,0,2151,0
111236,0,2147,0
111238,0,2149,0
111240,0,2151,0
111242,0,2149,0
111244,0,2149,0
111246,0,2149,0
111248,0,2149,0
111250,0,2147,0
111252,0,2148,0
111254,0,2149,0
111256,0,2147,0
111258,0,2149,0
111260,0,2150,0
111262,0,2151,0
111264,0,2149,0
111266,0,2151,0
111268,0,2151,0
111270,0,2150,0
111272,67787,2149,1
111274,0,2150,0
111276,0,2150,0
111278,0,2149,0
111280,0,2151,0
111282,0,2151,0
111284,0,2150,0
111286,0,2151,0
111288,0,2149,0
111290,0,2151,0
111292,0,2149,0
111294,0,2151,0
111296,0,2151,0
111298,0,2151,0
111300,0,2151,0
111302,0,2151,0
111304,0,2149,0
111306,0,2151,0
111308,0,2150,0
111310,0,2149,0
111312,67691,2151,1
111314,0,2151,0
111316,0,2150,0
111318,0,2151,0
111320,0,2151,0
111322,0,2151,0
111324,0,2151,0
111326,0,2151,0
111328,0,2149,0
111330,0,2149,0
111332,0,2151,0
111334,0,2151,0
111336,0,2149,0
111338,0,2149,0
111340,0,2149,0
111342,0,2152,0
111344,0,2151,0
111346,0,2152,0
111348,0,2151,0
111350,0,2151,0
111352,67661,2151,1
111354,0,2149,0
111356,0,2151,0
111358,0,2151,0
111360,0,2152,0
111362,0,2151,0
111364,0,2152,0
111366,0,2151,0
111368,0,2151,0
111370,0,2152,0
111372,0,2151,0
111374,0,2151,0
111376,0,2151,0
111378,0,2152,0
111380,0,2152,0
111382,0,2151,0
111384,0,2151,0
111386,0,2151,0
111388,0,2152,0
111390,67687,2150,1
111392,0,2152,0
111394,0,2150,0
111396,0,2152,0
111398,0,2151,0
111400,0,2147,0
111402,0,2151,0
111404,0,2151,0
111406,0,2151,0
111408,0,2151,0
111410,0,2149,0
111412,0,2150,0
111414,0,2152,0
111416,0,2152,0
111418,0,2152,0
111420,0,2151,0
111422,0,2152,0
111424,0,2151,0
111426,0,2151,0
111428,0,2151,0
111430,67682,2151,1
111432,0,2152,0
111434,0,2153,0
111436,0,2151,0
111438,0,2151,0
111440,0,2152,0
111442,0,2159,0
111444,0,2152,0
111446,0,2152,0
111448,0,2153,0
111450,0,2151,0
111452,0,2152,0
111454,0,2153,0
111456,0,2152,0
111458,0,2151,0
111460,0,2151,0
111462,0,2151,0
111464,0,2151,0
111466,0,2153,0
111468,0,2148,0
111470,67651,2151,1
111472,0,2151,0
111474,0,2152,0
111476,0,2153,0
111478,0,2151,0
111480,0,2152,0
111482,0,2152,0
111484,0,2153,0
111486,0,2153,0
111488,0,2153,0
111490,0,2153,0
111492,0,2150,0
111494,0,2151,0
111496,0,2153,0
111498,0,2153,0
111500,0,2153,0
111502,0,2152,0
111504,0,2153,0
111506,0,2151,0
111508,0,2153,0
111510,67636,2153,1
111512,0,2142,0
111514,0,2151,0
111516,0,2152,0
111518,0,2152,0
111520,0,2152,0
111522,0,2152,0
111524,0,2152,0
111526,0,2153,0
111528,0,2153,0
111530,0,2153,0
111532,0,2152,0
111534,0,2153,0
111536,0,2153,0
111538,0,2152,0
111540,0,2152,0
111542,0,2152,0
111544,0,2152,0
111546,0,2153,0
111548,0,2153,0
111550,67610,2153,1
111552,0,2152,0
111554,0,2151,0
111556,0,2153,0
111558,0,2153,0
111560,0,2152,0
111562,0,2153,0
111564,0,2153,0
111566,0,2153,0
111568,0,2153,0
111570,0,2152,0
111572,0,2152,0
111574,0,2151,0
111576,0,2153,0
111578,0,2165,0
111580,0,2152,0
111582,0,2153,0
111584,0,2151,0
111586,0,2152,0
111588,0,2153,0
111590,67608,2153,1
111592,0,2152,0
111594,0,2153,0
111596,0,2152,0
111598,0,2149,0
111600,0,2153,0
111602,0,2155,0
111604,0,2153,0
111606,0,2153,0
111608,0,2152,0
111610,0,2152,0
111612,0,2153,0
111614,0,2153,0
111616,0,2153,0
111618,0,2152,0
111620,0,2153,0
111622,0,2153,0
111624,0,2151,0
111626,0,2151,0
111628,0,2155,0
111630,67608,2153,1
111632,0,2153,0
111634,0,2153,0
111636,0,2153,0
111638,0,2153,0
111640,0,2155,0
111642,0,2153,0
111644,0,2155,0
111646,0,2153,0
111648,0,2154,0
111650,0,2153,0
111652,0,2153,0
111654,0,2153,0
111656,0,2152,0
111658,0,2153,0
111660,0,2153,0
111662,0,2153,0
111664,0,2154,0
111666,0,2155,0
111668,0,2154,0
111670,67600,2153,1
111672,0,2155,0
111674,0,2153,0
111676,0,2153,0
111678,0,2154,0
111680,0,2153,0
111682,0,2153,0
111684,0,2151,0
111686,0,2153,0
111688,0,2155,0
111690,0,2153,0
111692,0,2155,0
111694,0,2155,0
111696,0,2153,0
111698,0,2155,0
111700,0,2153,0
111702,0,2155,0
111704,0,2155,0
111706,0,2155,0
111708,0,2155,0
111710,67549,2153,1
111712,0,2154,0
111714,0,2155,0
111716,0,2153,0
111718,0,2155,0
111720,0,2155,0
111722,0,2153,0
111724,0,2155,0
111726,0,2155,0
111728,0,2154,0
111730,0,2153,0
111732,0,2155,0
111734,0,2155,0
111736,0,2153,0
111738,0,2154,0
111740,0,2155,0
111742,0,2155,0
111744,0,2155,0
111746,0,2159,0
111748,0,2155,0
111750,67560,2153,1
111752,0,2153,0
111754,0,2155,0
111756,0,2153,0
111758,0,2153,0
111760,0,2154,0
111762,0,2155,0
111764,0,2154,0
111766,0,2156,0
111768,0,2153,0
111770,0,2155,0
111772,0,2154,0
111774,0,2155,0
111776,0,2155,0
111778,0,2153,0
111780,0,2155,0
111782,0,2154,0
111784,0,2155,0
111786,0,2155,0
111788,67582,2154,1
111790,0,2154,0
111792,0,2155,0
111794,0,2155,0
111796,0,2154,0
111798,0,2155,0
111800,0,2155,0
111802,0,2155,0
111804,0,2156,0
111806,0,2155,0
111808,0,2155,0
111810,0,2155,0
111812,0,2155,0
111814,0,2155,0
111816,0,2157,0
111818,0,2155,0
111820,0,2153,0
111822,0,2155,0
111824,0,2155,0
111826,0,2153,0
111828,67565,2155,1
111830,0,2155,0
111832,0,2155,0
111834,0,2155,0
111836,0,2156,0
111838,0,2155,0
111840,0,2157,0
111842,0,2155,0
111844,0,2155,0
111846,0,2156,0
111848,0,2156,0
111850,0,2156,0
111852,0,2151,0
111854,0,2155,0
111856,0,2157,0
111858,0,2157,0
111860,0,2155,0
111862,0,2157,0
111864,0,2156,0
111866,0,2157,0
111868,67536,2156,1
111870,0,2155,0
111872,0,2155,0
111874,0,2159,0
111876,0,2156,0
111878,0,2157,0
111880,0,2156,0
111882,0,2157,0
111884,0,2157,0
111886,0,2156,0
111888,0,2157,0
111890,0,2157,0
111892,0,2157,0
111894,0,2157,0
111896,0,2157,0
111898,0,2155,0
111900,0,2157,0
111902,0,2158,0
111904,0,2157,0
111906,0,2157,0
111908,67543,2157,1
111910,0,2157,0
111912,0,2156,0
111914,0,2157,0
111916,0,2157,0
111918,0,2156,0
111920,0,2156,0
111922,0,2155,0
111924,0,2157,0
111926,0,2157,0
111928,0,2157,0
111930,0,2160,0
111932,0,2156,0
111934,0,2159,0
111936,0,2157,0
111938,0,2159,0
111940,0,2157,0
111942,0,2157,0
111944,0,2156,0
111946,0,2157,0
111948,67554,2157,1
111950,0,2157,0
111952,0,2157,0
111954,0,2157,0
111956,0,2157,0
111958,0,2157,0
111960,0,2157,0
111962,0,2159,0
111964,0,2158,0
111966,0,2158,0
111968,0,2156,0
111970,0,2157,0
111972,0,2159,0
111974,0,2157,0
111976,0,2159,0
111978,0,2157,0
111980,0,2155,0
111982,0,2157,0
111984,0,2159,0
111986,0,2157,0
111988,67547,2158,1
111990,0,2158,0
111992,0,2157,0
111994,0,2158,0
111996,0,2159,0
111998,0,2157,0
112000,0,2155,0
112002,0,2158,0
112004,0,2158,0
112006,0,2157,0
112008,0,2159,0
112010,0,2157,0
112012,0,2159,0
112014,0,2159,0
112016,0,2157,0
112018,0,2157,0
112020,0,2159,0
112022,0,2159,0
112024,0,2157,0
112026,0,2157,0
112028,67553,2157,1
112030,0,2156,0
112032,0,2156,0
112034,0,2157,0
112036,0,2159,0
112038,0,2157,0
112040,0,2158,0
112042,0,2158,0
112044,0,2157,0
112046,0,2157,0
112048,0,2159,0
112050,0,2159,0
112052,0,2157,0
112054,0,2159,0
112056,0,2157,0
112058,0,2158,0
112060,0,2159,0
112062,0,2159,0
112064,0,2159,0
112066,0,2159,0
112068,67531,2159,1
112070,0,2157,0
112072,0,2159,0
112074,0,2159,0
112076,0,2159,0
112078,0,2157,0
112080,0,2158,0
112082,0,2159,0
112084,0,2157,0
112086,0,2159,0
112088,0,2158,0
112090,0,2159,0
112092,0,2158,0
112094,0,2159,0
112096,0,2160,0
112098,0,2157,0
112100,0,2157,0
112102,0,2158,0
112104,0,2159,0
112106,0,2159,0
112108,67484,2159,1
112110,0,2156,0
112112,0,2159,0
112114,0,2159,0
112116,0,2159,0
112118,0,2159,0
112120,0,2159,0
112122,0,2163,0
112124,0,2159,0
112126,0,2159,0
112128,0,2157,0
112130,0,2162,0
112132,0,2159,0
112134,0,2163,0
112136,0,2159,0
112138,0,2159,0
112140,0,2162,0
112142,0,2160,0
112144,0,2158,0
112146,0,2159,0
112148,67448,2159,1
112150,0,2157,0
112152,0,2158,0
112154,0,2159,0
112156,0,2159,0
112158,0,2157,0
112160,0,2159,0
112162,0,2159,0
112164,0,2159,0
112166,0,2159,0
112168,0,2159,0
112170,0,2162,0
112172,0,2159,0
112174,0,2159,0
112176,0,2159,0
112178,0,2159,0
112180,0,2159,0
112182,0,2159,0
112184,0,2159,0
112186,67444,2159,1
112188,0,2163,0
112190,0,2159,0
112192,0,2158,0
112194,0,2163,0
112196,0,2159,0
112198,0,2157,0
112200,0,2159,0
112202,0,2159,0
112204,0,2156,0
112206,0,2158,0
112208,0,2163,0
112210,0,2159,0
112212,0,2159,0
112214,0,2159,0
112216,0,2161,0
112218,0,2159,0
112220,0,2159,0
112222,0,2160,0
112224,0,2159,0
112226,67459,2163,1
112228,0,2170,0
112230,0,2159,0
112232,0,2159,0
112234,0,2159,0
112236,0,2159,0
112238,0,2163,0
112240,0,2159,0
112242,0,2163,0
112244,0,2159,0
112246,0,2162,0
112248,0,2159,0
112250,0,2159,0
112252,0,2163,0
112254,0,2159,0
112256,0,2163,0
112258,0,2160,0
112260,0,2159,0
112262,0,2159,0
112264,0,2159,0
112266,67493,2160,1
112268,0,2163,0
112270,0,2159,0
112272,0,2163,0
112274,0,2160,0
112276,0,2159,0
112278,0,2159,0
112280,0,2166,0
112282,0,2159,0
112284,0,2159,0
112286,0,2165,0
112288,0,2163,0
112290,0,2159,0
112292,0,2159,0
112294,0,2159,0
112296,0,2160,0
112298,0,2159,0
112300,0,2161,0
112302,0,2164,0
112304,0,2159,0
112306,67533,2163,1
112308,0,2163,0
112310,0,2163,0
112312,0,2164,0
112314,0,2165,0
112316,0,2163,0
112318,0,2159,0
112320,0,2163,0
112322,0,2163,0
112324,0,2160,0
112326,0,2151,0
112328,0,2163,0
112330,0,2163,0
112332,0,2163,0
112334,0,2163,0
112336,0,2163,0
112338,0,2162,0
112340,0,2163,0
112342,0,2165,0
112344,0,2159,0
112346,67643,2160,1
112348,0,2159,0
112350,0,2160,0
112352,0,2159,0
112354,0,2163,0
112356,0,2163,0
112358,0,2163,0
112360,0,2162,0
112362,0,2163,0
112364,0,2163,0
112366,0,2163,0
112368,0,2163,0
112370,0,2162,0
112372,0,2159,0
112374,0,2159,0
112376,0,2165,0
112378,0,2163,0
112380,0,2163,0
112382,0,2163,0
112385,0,2163,0
112387,67741,2159,1
112389,0,2163,0
112391,0,2159,0
112393,0,2163,0
112395,0,2159,0
112397,0,2163,0
112399,0,2162,0
112401,0,2159,0
112403,0,2158,0
112405,0,2159,0
112407,0,2163,0
112409,0,2159,0
112411,0,2159,0
112413,0,2157,0
112415,0,2159,0
112417,0,2164,0
112419,0,2159,0
112421,0,2158,0
112423,0,2159,0
112425,0,2159,0
112427,67775,2159,1
112429,0,2157,0
112431,0,2159,0
112433,0,2157,0
112435,0,2159,0
112437,0,2157,0
112439,0,2157,0
112441,0,2159,0
112443,0,2158,0
112445,0,2155,0
112447,0,2157,0
112449,0,2157,0
112451,0,2157,0
112453,0,2156,0
112455,0,2155,0
112457,0,2157,0
112459,0,2155,0
112461,0,2155,0
112463,0,2156,0
112465,0,2155,0
112467,67813,2155,1
112469,0,2153,0
112471,0,2153,0
112473,0,2155,0
112475,0,2155,0
112477,0,2155,0
112479,0,2153,0
112481,0,2153,0
112483,0,2151,0
112485,0,2151,0
112487,0,2151,0
112489,0,2152,0
112491,0,2151,0
112493,0,2151,0
112495,0,2152,0
112497,0,2151,0
112499,0,2149,0
112501,0,2149,0
112503,0,2148,0
112505,0,2148,0
112507,67834,2148,1
112509,0,2148,0
112511,0,2145,0
112513,0,2147,0
112515,0,2147,0
112517,0,2143,0
112519,0,2147,0
112521,0,2147,0
112523,0,2147,0
112525,0,2147,0
112527,0,2144,0
112529,0,2145,0
112531,0,2147,0
112533,0,2143,0
112535,0,2141,0
112537,0,2141,0
112539,0,2141,0
112541,0,2143,0
112543,0,2140,0
112545,0,2141,0
112547,67909,2139,1
112549,0,2139,0
112551,0,2139,0
112553,0,2139,0
112555,0,2139,0
112557,0,2139,0
112559,0,2137,0
112561,0,2137,0
112563,0,2137,0
112565,0,2137,0
112567,0,2137,0
112569,0,2135,0
112571,0,2137,0
112573,0,2135,0
112575,0,2137,0
112577,0,2136,0
112579,0,2137,0
112581,0,2137,0
112583,0,2135,0
112585,67957,2136,1
112587,0,2135,0
112589,0,2136,0
112591,0,2135,0
112593,0,2135,0
112595,0,2134,0
112597,0,2135,0
112599,0,2135,0
112601,0,2137,0
112603,0,2135,0
112605,0,2134,0
112607,0,2135,0
112609,0,2136,0
112611,0,2133,0
112613,0,2135,0
112615,0,2135,0
112617,0,2135,0
112619,0,2133,0
112621,0,2133,0
112623,0,2135,0
112625,67992,2133,1
112627,0,2135,0
112629,0,2133,0
112631,0,2132,0
112633,0,2135,0
112635,0,2133,0
112637,0,2133,0
112639,0,2135,0
112641,0,2133,0
112643,0,2135,0
112645,0,2133,0
112647,0,2135,0
112649,0,2133,0
112651,0,2133,0
112653,0,2135,0
112655,0,2132,0
112657,0,2132,0
112659,0,2133,0
112661,0,2134,0
112663,0,2131,0
112665,67999,2133,1
112667,0,2132,0
112669,0,2133,0
112671,0,2132,0
112673,0,2133,0
112675,0,2132,0
112677,0,2133,0
112679,0,2137,0
112681,0,2132,0
112683,0,2133,0
112685,0,2131,0
112687,0,2133,0
112689,0,2133,0
112691,0,2133,0
112693,0,2131,0
112695,0,2132,0
112697,0,2133,0
112699,0,2131,0
112701,0,2132,0
112703,0,2131,0
112705,67994,2131,1
112707,0,2131,0
112709,0,2131,0
112711,0,2129,0
112713,0,2131,0
112715,0,2131,0
112717,0,2132,0
112719,0,2131,0
112721,0,2136,0
112723,0,2132,0
112725,0,2131,0
112727,0,2131,0
112729,0,2132,0
112731,0,2131,0
112733,0,2132,0
112735,0,2133,0
112737,0,2131,0
112739,0,2132,0
112741,0,2131,0
112743,0,2132,0
112745,67967,2131,1
112747,0,2133,0
112749,0,2131,0
112751,0,2133,0
112753,0,2120,0
112755,0,2131,0
112757,0,2132,0
112759,0,2131,0
112761,0,2131,0
112763,0,2131,0
112765,0,2136,0
112767,0,2131,0
112769,0,2133,0
112771,0,2131,0
112773,0,2132,0
112775,0,2129,0
112777,0,2131,0
112779,0,2131,0
112781,0,2131,0
112783,0,2131,0
112785,67962,2131,1
112787,0,2131,0
112789,0,2131,0
112791,0,2131,0
112793,0,2131,0
112795,0,2130,0
112797,0,2133,0
112799,0,2131,0
112801,0,2131,0
112803,0,2133,0
112805,0,2132,0
112807,0,2127,0
112809,0,2131,0
112811,0,2133,0
112813,0,2133,0
112815,0,2131,0
112817,0,2131,0
112819,0,2131,0
112821,0,2132,0
112823,0,2131,0
112825,68011,2134,1
112827,0,2126,0
112829,0,2131,0
112831,0,2133,0
112833,0,2132,0
112835,0,2132,0
112837,0,2133,0
112839,0,2133,0
112841,0,2132,0
112843,0,2133,0
112845,0,2133,0
112847,0,2131,0
112849,0,2133,0
112851,0,2132,0
112853,0,2133,0
112855,0,2133,0
112857,0,2133,0
112859,0,2133,0
112861,0,2131,0
112863,0,2133,0
112865,68062,2132,1
112867,0,2131,0
112869,0,2124,0
112871,0,2132,0
112873,0,2133,0
112875,0,2133,0
112877,0,2134,0
112879,0,2133,0
112881,0,2133,0
112883,0,2134,0
112885,0,2135,0
112887,0,2133,0
112889,0,2136,0
112891,0,2133,0
112893,0,2133,0
112895,0,2134,0
112897,0,2132,0
112899,0,2131,0
112901,0,2133,0
112903,0,2135,0
112905,68043,2133,1
112907,0,2133,0
112909,0,2133,0
112911,0,2133,0
112913,0,2133,0
112915,0,2133,0
112917,0,2131,0
112919,0,2131,0
112921,0,2133,0
112923,0,2136,0
112925,0,2133,0
112927,0,2133,0
112929,0,2135,0
112931,0,2133,0
112933,0,2133,0
112935,0,2134,0
112937,0,2133,0
112939,0,2127,0
112941,0,2133,0
112943,0,2135,0
112945,68070,2132,1
112947,0,2133,0
112949,0,2133,0
112951,0,2133,0
112953,0,2133,0
112955,0,2133,0
112957,0,2133,0
112959,0,2133,0
112961,0,2133,0
112963,0,2133,0
112965,0,2135,0
112967,0,2133,0
112969,0,2133,0
112971,0,2149,0
112973,0,2133,0
112975,0,2135,0
112977,0,2133,0
112979,0,2135,0
112981,0,2135,0
112983,68081,2133,1
112985,0,2133,0
112987,0,2134,0
112989,0,2135,0
112991,0,2135,0
112993,0,2134,0
112995,0,2133,0
112997,0,2135,0
112999,0,2135,0
113001,0,2135,0
113003,0,2134,0
113005,0,2135,0
113007,0,2135,0
113009,0,2134,0
113011,0,2136,0
113013,0,2135,0
113015,0,2135,0
113017,0,2135,0
113019,0,2137,0
113021,0,2134,0
113023,68063,2134,1
113025,0,2135,0
113027,0,2135,0
113029,0,2136,0
113031,0,2135,0
113033,0,2135,0
113035,0,2133,0
113037,0,2133,0
113039,0,2133,0
113041,0,2134,0
113043,0,2133,0
113045,0,2135,0
113047,0,2135,0
113049,0,2135,0
113051,0,2135,0
113053,0,2135,0
113055,0,2136,0
113057,0,2135,0
113059,0,2136,0
113061,0,2136,0
113063,68032,2136,1
113065,0,2137,0
113067,0,2135,0
113069,0,2136,0
113071,0,2136,0
113073,0,2136,0
113075,0,2137,0
113077,0,2136,0
113079,0,2136,0
113081,0,2136,0
113083,0,2136,0
113085,0,2137,0
113087,0,2136,0
113089,0,2137,0
113091,0,2136,0
113093,0,2137,0
113095,0,2137,0
113097,0,2137,0
113099,0,2137,0
113101,0,2137,0
113103,68006,2137,1
113105,0,2137,0
113107,0,2137,0
113109,0,2137,0
113111,0,2136,0
113113,0,2137,0
113115,0,2138,0
113117,0,2137,0
113119,0,2136,0
113121,0,2137,0
113123,0,2138,0
113125,0,2136,0
113127,0,2137,0
113129,0,2137,0
113131,0,2136,0
113133,0,2137,0
113135,0,2139,0
113137,0,2139,0
113139,0,2139,0
113141,0,2139,0
113143,68009,2139,1
113145,0,2137,0
113147,0,2139,0
113149,0,2137,0
113151,0,2137,0
113153,0,2139,0
113155,0,2139,0
113157,0,2138,0
113159,0,2139,0
113161,0,2139,0
113163,0,2141,0
113165,0,2141,0
113167,0,2139,0
113169,0,2139,0
113171,0,2137,0
113173,0,2141,0
113175,0,2140,0
113177,0,2139,0
113179,0,2150,0
113181,0,2140,0
113183,67994,2139,1
113185,0,2139,0
113187,0,2138,0
113189,0,2139,0
113191,0,2140,0
113193,0,2139,0
113195,0,2139,0
113197,0,2140,0
113199,0,2139,0
113201,0,2141,0
113203,0,2139,0
113205,0,2143,0
113207,0,2139,0
113209,0,2141,0
113211,0,2139,0
113213,0,2140,0
113215,0,2139,0
113217,0,2141,0
113219,0,2140,0
113221,0,2141,0
113223,67946,2139,1
113225,0,2139,0
113227,0,2139,0
113229,0,2141,0
113231,0,2141,0
113233,0,2141,0
113235,0,2142,0
113237,0,2141,0
113239,0,2140,0
113241,0,2141,0
113243,0,2143,0
113245,0,2141,0
113247,0,2143,0
113249,0,2142,0
113251,0,2143,0
113253,0,2145,0
113255,0,2146,0
113257,0,2141,0
113259,0,2141,0
113261,0,2141,0
113263,67918,2143,1
113265,0,2142,0
113267,0,2143,0
113269,0,2143,0
113271,0,2141,0
113273,0,2146,0
113275,0,2145,0
113277,0,2146,0
113279,0,2145,0
113281,0,2142,0
113283,0,2143,0
113285,0,2143,0
113287,0,2143,0
113289,0,2147,0
113291,0,2143,0
113293,0,2143,0
113295,0,2145,0
113297,0,2143,0
113299,0,2141,0
113301,0,2143,0
113303,67907,2143,1
113305,0,2146,0
113307,0,2142,0
113309,0,2147,0
113311,0,2143,0
113313,0,2147,0
113315,0,2147,0
113317,0,2145,0
113319,0,2147,0
113321,0,2147,0
113323,0,2143,0
113325,0,2143,0
113327,0,2147,0
113329,0,2147,0
113331,0,2147,0
113333,0,2146,0
113335,0,2146,0
113337,0,2145,0
113339,0,2147,0
113341,0,2145,0
113343,67923,2144,1
113345,0,2146,0
113347,0,2143,0
113349,0,2148,0
113351,0,2147,0
113353,0,2147,0
113355,0,2149,0
113357,0,2148,0
113359,0,2147,0
113361,0,2148,0
113363,0,2147,0
113365,0,2145,0
113367,0,2147,0
113369,0,2149,0
113371,0,2148,0
113373,0,2148,0
113375,0,2147,0
113377,0,2147,0
113379,0,2148,0
113381,67942,2147,1
113383,0,2147,0
113385,0,2149,0
113387,0,2147,0
113389,0,2148,0
113391,0,2149,0
113393,0,2147,0
113395,0,2149,0
113397,0,2147,0
113399,0,2147,0
113401,0,2148,0
113403,0,2147,0
113405,0,2149,0
113407,0,2149,0
113409,0,2149,0
113411,0,2146,0
113413,0,2150,0
113415,0,2151,0
113417,0,2151,0
113419,0,2149,0
113421,67959,2151,1
113423,0,2151,0
113425,0,2148,0
113427,0,2149,0
113429,0,2151,0
113431,0,2145,0
113433,0,2151,0
113435,0,2151,0
113437,0,2149,0
113439,0,2150,0
113441,0,2151,0
113443,0,2150,0
113445,0,2150,0
113447,0,2151,0
113449,0,2147,0
113451,0,2151,0
113453,0,2149,0
113455,0,2150,0
113457,0,2150,0
113459,0,2151,0
113461,67971,2147,1
113463,0,2149,0
113465,0,2151,0
113467,0,2151,0
113469,0,2149,0
113471,0,2149,0
113473,0,2150,0
113475,0,2151,0
113477,0,2151,0
113479,0,2151,0
113481,0,2157,0
113483,0,2153,0
113485,0,2151,0
113487,0,2151,0
113489,0,2153,0
113491,0,2150,0
113493,0,2151,0
113495,0,2151,0
113497,0,2151,0
113499,0,2153,0
113501,67982,2149,1
113503,0,2153,0
113505,0,2143,0
113507,0,2151,0
113509,0,2151,0
113511,0,2151,0
113513,0,2151,0
113515,0,2150,0
113517,0,2151,0
113519,0,2151,0
113521,0,2149,0
113523,0,2155,0
113525,0,2151,0
113527,0,2151,0
113529,0,2151,0
113531,0,2151,0
113533,0,2151,0
113535,0,2149,0
113537,0,2151,0
113539,0,2152,0
113541,67967,2152,1
113543,0,2153,0
113545,0,2151,0
113547,0,2153,0
113549,0,2152,0
113551,0,2149,0
113553,0,2151,0
113555,0,2151,0
113557,0,2151,0
113559,0,2152,0
113561,0,2151,0
113563,0,2153,0
113565,0,2153,0
113567,0,2151,0
113569,0,2152,0
113571,0,2152,0
113573,0,2153,0
113575,0,2152,0
113577,0,2151,0
113579,0,2153,0
113581,67964,2153,1
113583,0,2153,0
113585,0,2151,0
113587,0,2152,0
113589,0,2151,0
113591,0,2153,0
113593,0,2153,0
113595,0,2152,0
113597,0,2153,0
113599,0,2152,0
113601,0,2152,0
113603,0,2152,0
113605,0,2152,0
113607,0,2153,0
113609,0,2153,0
113611,0,2153,0
113613,0,2151,0
113615,0,2153,0
113617,0,2151,0
113619,0,2153,0
113621,68014,2153,1
113623,0,2151,0
113625,0,2153,0
113627,0,2153,0
113629,0,2152,0
113631,0,2154,0
113633,0,2152,0
113635,0,2153,0
113637,0,2152,0
113639,0,2153,0
113641,0,2155,0
113643,0,2153,0
113645,0,2152,0
113647,0,2153,0
113649,0,2153,0
113651,0,2151,0
113653,0,2151,0
113655,0,2153,0
113657,0,2152,0
113659,0,2151,0
113661,68052,2153,1
113663,0,2153,0
113665,0,2153,0
113667,0,2152,0
113669,0,2153,0
113671,0,2152,0
113673,0,2151,0
113675,0,2151,0
113677,0,2153,0
113679,0,2153,0
113681,0,2154,0
113683,0,2153,0
113685,0,2153,0
113687,0,2153,0
113689,0,2154,0
113691,0,2155,0
113693,0,2152,0
113695,0,2151,0
113697,0,2155,0
113699,0,2155,0
113701,68047,2151,1
113703,0,2153,0
113705,0,2153,0
113707,0,2153,0
113709,0,2152,0
113711,0,2153,0
113713,0,2151,0
113715,0,2153,0
113717,0,2154,0
113719,0,2152,0
113721,0,2153,0
113723,0,2153,0
113725,0,2155,0
113727,0,2153,0
113729,0,2153,0
113731,0,2153,0
113733,0,2153,0
113735,0,2155,0
113737,0,2153,0
113739,0,2155,0
113741,68065,2153,1
113743,0,2152,0
113745,0,2153,0
113747,0,2153,0
113749,0,2153,0
113751,0,2153,0
113753,0,2153,0
113755,0,2151,0
113757,0,2155,0
113759,0,2150,0
113761,0,2153,0
113763,0,2155,0
113765,0,2155,0
113767,0,2153,0
113769,0,2155,0
113771,0,2155,0
113773,0,2155,0
113775,0,2152,0
113777,0,2155,0
113779,68071,2155,1
113781,0,2155,0
113783,0,2155,0
113785,0,2152,0
113787,0,2155,0
113789,0,2153,0
113791,0,2155,0
113793,0,2155,0
113795,0,2153,0
113797,0,2155,0
113799,0,2153,0
113801,0,2153,0
113803,0,2155,0
113805,0,2154,0
113807,0,2155,0
113809,0,2155,0
113811,0,2155,0
113813,0,2155,0
113815,0,2155,0
113817,0,2154,0
113819,68096,2153,1
113821,0,2154,0
113823,0,2153,0
113825,0,2153,0
113827,0,2153,0
113829,0,2154,0
113831,0,2155,0
113833,0,2155,0
113835,0,2153,0
113837,0,2155,0
113839,0,2155,0
113841,0,2155,0
113843,0,2156,0
113845,0,2155,0
113847,0,2154,0
113849,0,2155,0
113851,0,2153,0
113853,0,2147,0
113855,0,2155,0
113857,0,2155,0
113859,68108,2153,1
113861,0,2155,0
113863,0,2155,0
113865,0,2155,0
113867,0,2155,0
113869,0,2155,0
113871,0,2155,0
113873,0,2159,0
113875,0,2155,0
113877,0,2155,0
113879,0,2155,0
113881,0,2155,0
113883,0,2155,0
113885,0,2155,0
113887,0,2156,0
113889,0,2155,0
113891,0,2155,0
113893,0,2155,0
113895,0,2153,0
113897,0,2156,0
113899,68113,2155,1
113901,0,2155,0
113903,0,2154,0
113905,0,2155,0
113907,0,2155,0
113909,0,2157,0
113911,0,2153,0
113913,0,2155,0
113915,0,2155,0
113917,0,2154,0
113919,0,2155,0
113921,0,2155,0
113923,0,2157,0
113925,0,2155,0
113927,0,2156,0
113929,0,2155,0
113931,0,2157,0
113933,0,2158,0
113935,0,2157,0
113937,0,2155,0
113939,68126,2155,1
113941,0,2154,0
113943,0,2157,0
113945,0,2155,0
113947,0,2155,0
113949,0,2154,0
113951,0,2155,0
113953,0,2155,0
113955,0,2155,0
113957,0,2155,0
113959,0,2156,0
113961,0,2156,0
113963,0,2154,0
113965,0,2156,0
113967,0,2157,0
113969,0,2155,0
113971,0,2155,0
113973,0,2155,0
113975,0,2157,0
113977,0,2155,0
113979,68151,2147,1
113981,0,2157,0
113983,0,2156,0
113985,0,2156,0
113987,0,2155,0
113989,0,2155,0
113991,0,2157,0
113993,0,2157,0
113995,0,2156,0
113997,0,2157,0
113999,0,2157,0
114001,0,2155,0
114003,0,2155,0
114005,0,2155,0
114007,0,2156,0
114009,0,2153,0
114011,0,2157,0
114013,0,2155,0
114015,0,2156,0
114017,0,2156,0
114019,68168,2153,1
114021,0,2155,0
114023,0,2157,0
114025,0,2155,0
114027,0,2155,0
114029,0,2156,0
114031,0,2155,0
114033,0,2155,0
114035,0,2157,0
114037,0,2156,0
114039,0,2157,0
114041,0,2155,0
114043,0,2160,0
114045,0,2156,0
114047,0,2157,0
114049,0,2157,0
114051,0,2155,0
114053,0,2155,0
114055,0,2157,0
114057,0,2155,0
114059,68158,2155,1
114061,0,2156,0
114063,0,2155,0
114065,0,2155,0
114067,0,2155,0
114069,0,2155,0
114071,0,2157,0
114073,0,2156,0
114075,0,2157,0
114077,0,2157,0
114079,0,2157,0
114081,0,2155,0
114083,0,2157,0
114085,0,2157,0
114087,0,2157,0
114089,0,2158,0
114091,0,2156,0
114093,0,2159,0
114095,0,2155,0
114097,0,2157,0
114099,68122,2157,1
114101,0,2156,0
114103,0,2157,0
114105,0,2152,0
114107,0,2157,0
114109,0,2155,0
114111,0,2157,0
114113,0,2158,0
114115,0,2156,0
114117,0,2154,0
114119,0,2155,0
114121,0,2157,0
114123,0,2156,0
114125,0,2157,0
114127,0,2157,0
114129,0,2157,0
114131,0,2157,0
114133,0,2157,0
114135,0,2158,0
114137,68119,2158,1
114139,0,2157,0
114141,0,2156,0
114143,0,2157,0
114145,0,2156,0
114147,0,2157,0
114149,0,2157,0
114151,0,2157,0
114153,0,2155,0
114155,0,2157,0
114157,0,2157,0
114159,0,2156,0
114161,0,2157,0
114163,0,2157,0
114165,0,2157,0
114167,0,2157,0
114169,0,2156,0
114171,0,2157,0
114173,0,2159,0
114175,0,2157,0
114177,68142,2157,1
114179,0,2157,0
114181,0,2155,0
114183,0,2157,0
114185,0,2157,0
114187,0,2158,0
114189,0,2157,0
114191,0,2157,0
114193,0,2157,0
114195,0,2159,0
114197,0,2157,0
114199,0,2156,0
114201,0,2157,0
114203,0,2156,0
114205,0,2159,0
114207,0,2157,0
114209,0,2158,0
114211,0,2151,0
114213,0,2157,0
114215,0,2157,0
114217,68143,2157,1
114219,0,2158,0
114221,0,2157,0
114223,0,2157,0
114225,0,2157,0
114228,0,2157,0
114230,0,2157,0
114232,0,2158,0
114234,0,2159,0
114236,0,2157,0
114238,0,2157,0
114240,0,2157,0
114242,0,2157,0
114244,0,2156,0
114246,0,2158,0
114248,0,2159,0
114250,0,2157,0
114252,0,2159,0
114254,0,2157,0
114256,0,2159,0
114258,68147,2158,1
114260,0,2159,0
114262,0,2157,0
114264,0,2158,0
114266,0,2159,0
114268,0,2158,0
114270,0,2159,0
114272,0,2158,0
114274,0,2159,0
114276,0,2158,0
114278,0,2157,0
114280,0,2158,0
114282,0,2158,0
114284,0,2159,0
114286,0,2157,0
114288,0,2157,0
114290,0,2158,0
114292,0,2157,0
114294,0,2159,0
114296,0,2159,0
114298,68156,2156,1
114300,0,2165,0
114302,0,2157,0
114304,0,2159,0
114306,0,2157,0
114308,0,2158,0
114310,0,2158,0
114312,0,2159,0
114314,0,2159,0
114316,0,2159,0
114318,0,2158,0
114320,0,2165,0
114322,0,2158,0
114324,0,2159,0
114326,0,2159,0
114328,0,2159,0
114330,0,2159,0
114332,0,2158,0
114334,0,2157,0
114336,0,2158,0
114338,68154,2157,1
114340,0,2163,0
114342,0,2159,0
114344,0,2159,0
114346,0,2159,0
114348,0,2158,0
114350,0,2159,0
114352,0,2159,0
114354,0,2159,0
114356,0,2159,0
114358,0,2159,0
114360,0,2159,0
114362,0,2157,0
114364,0,2158,0
114366,0,2159,0
114368,0,2159,0
114370,0,2159,0
114372,0,2159,0
114374,0,2159,0
114376,0,2159,0
114378,68137,2159,1
114380,0,2159,0
114382,0,2159,0
114384,0,2161,0
114386,0,2163,0
114388,0,2157,0
114390,0,2159,0
114392,0,2158,0
114394,0,2159,0
114396,0,2160,0
114398,0,2159,0
114400,0,2158,0
114402,0,2159,0
114404,0,2159,0
114406,0,2160,0
114408,0,2158,0
114410,0,2157,0
114412,0,2159,0
114414,0,2159,0
114416,0,2159,0
114418,68136,2157,1
114420,0,2152,0
114422,0,2159,0
114424,0,2159,0
114426,0,2159,0
114428,0,2163,0
114430,0,2159,0
114432,0,2159,0
114434,0,2159,0
114436,0,2159,0
114438,0,2159,0
114440,0,2165,0
114442,0,2159,0
114444,0,2158,0
114446,0,2158,0
114448,0,2159,0
114450,0,2159,0
114452,0,2163,0
114454,0,2159,0
114456,0,2163,0
114458,68094,2162,1
114460,0,2157,0
114462,0,2159,0
114464,0,2159,0
114466,0,2157,0
114468,0,2159,0
114470,0,2161,0
114472,0,2155,0
114474,0,2157,0
114476,0,2159,0
114478,0,2159,0
114480,0,2157,0
114482,0,2157,0
114484,0,2159,0
114486,0,2159,0
114488,0,2159,0
114490,0,2159,0
114492,0,2159,0
114494,0,2159,0
114496,0,2158,0
114498,68059,2158,1
114500,0,2159,0
114502,0,2158,0
114504,0,2158,0
114506,0,2159,0
114508,0,2160,0
114510,0,2159,0
114512,0,2158,0
114514,0,2158,0
114516,0,2158,0
114518,0,2159,0
114520,0,2159,0
114522,0,2158,0
114524,0,2157,0
114526,0,2163,0
114528,0,2159,0
114530,0,2160,0
114532,0,2159,0
114534,0,2159,0
114536,68063,2159,1
114538,0,2158,0
114540,0,2159,0
114542,0,2159,0
114544,0,2159,0
114546,0,2157,0
114548,0,2159,0
114550,0,2159,0
114552,0,2161,0
114554,0,2159,0
114556,0,2159,0
114558,0,2163,0
114560,0,2159,0
114562,0,2159,0
114564,0,2159,0
114566,0,2159,0
114568,0,2159,0
114570,0,2159,0
114572,0,2159,0
114574,0,2160,0
114576,68038,2160,1
114578,0,2157,0
114580,0,2159,0
114582,0,2163,0
114584,0,2159,0
114586,0,2158,0
114588,0,2165,0
114590,0,2163,0
114592,0,2159,0
114594,0,2159,0
114596,0,2163,0
114598,0,2158,0
114600,0,2159,0
114602,0,2160,0
114604,0,2159,0
114606,0,2159,0
114608,0,2165,0
114610,0,2159,0
114612,0,2163,0
114614,0,2163,0
114616,68019,2160,1
114618,0,2159,0
114620,0,2163,0
114622,0,2159,0
114624,0,2159,0
114626,0,2158,0
114628,0,2164,0
114630,0,2159,0
114632,0,2163,0
114634,0,2163,0
114636,0,2158,0
114638,0,2163,0
114640,0,2163,0
114642,0,2163,0
114644,0,2163,0
114646,0,2159,0
114648,0,2159,0
114650,0,2163,0
114652,0,2163,0
114654,0,2159,0
114656,68006,2159,1
114658,0,2159,0
114660,0,2165,0
114662,0,2164,0
114664,0,2163,0
114666,0,2160,0
114668,0,2163,0
114670,0,2165,0
114672,0,2163,0
114674,0,2163,0
114676,0,2163,0
114678,0,2164,0
114680,0,2160,0
114682,0,2163,0
114684,0,2163,0
114686,0,2163,0
114688,0,2165,0
114690,0,2163,0
114692,0,2160,0
114694,0,2163,0
114696,67983,2160,1
114698,0,2159,0
114700,0,2163,0
114702,0,2163,0
114704,0,2154,0
114706,0,2163,0
114708,0,2163,0
114710,0,2163,0
114712,0,2163,0
114714,0,2163,0
114716,0,2163,0
114718,0,2159,0
114720,0,2163,0
114722,0,2165,0
114724,0,2164,0
114726,0,2159,0
114728,0,2159,0
114730,0,2163,0
114732,0,2163,0
114734,0,2163,0
114736,67949,2163,1
114738,0,2163,0
114740,0,2163,0
114742,0,2165,0
114744,0,2163,0
114746,0,2165,0
114748,0,2163,0
114750,0,2163,0
114752,0,2164,0
114754,0,2165,0
114756,0,2160,0
114758,0,2163,0
114760,0,2163,0
114762,0,2163,0
114764,0,2159,0
114766,0,2159,0
114768,0,2163,0
114770,0,2163,0
114772,0,2163,0
114774,0,2163,0
114776,67915,2162,1
114778,0,2163,0
114780,0,2163,0
114782,0,2163,0
114784,0,2163,0
114786,0,2164,0
114788,0,2163,0
114790,0,2163,0
114792,0,2163,0
114794,0,2163,0
114796,0,2159,0
114798,0,2163,0
114800,0,2165,0
114802,0,2159,0
114804,0,2163,0
114806,0,2159,0
114808,0,2164,0
114810,0,2164,0
114812,0,2169,0
114814,0,2159,0
114816,67894,2163,1
114818,0,2159,0
114820,0,2163,0
114822,0,2162,0
114824,0,2165,0
114826,0,2159,0
114828,0,2163,0
114830,0,2162,0
114832,0,2194,0
114834,0,2165,0
114836,0,2160,0
114838,0,2163,0
114840,0,2165,0
114842,0,2163,0
114844,0,2163,0
114846,0,2164,0
114848,0,2163,0
114850,0,2165,0
114852,0,2159,0
114854,0,2163,0
114856,67850,2163,1
114858,0,2164,0
114860,0,2163,0
114862,0,2165,0
114864,0,2157,0
114866,0,2164,0
114868,0,2160,0
114870,0,2163,0
114872,0,2163,0
114874,0,2163,0
114876,0,2163,0
114878,0,2163,0
114880,0,2163,0
114882,0,2163,0
114884,0,2165,0
114886,0,2165,0
114888,0,2163,0
114890,0,2163,0
114892,0,2163,0
114894,0,2164,0
114896,67799,2165,1
114898,0,2165,0
114900,0,2164,0
114902,0,2163,0
114904,0,2159,0
114906,0,2163,0
114908,0,2164,0
114910,0,2163,0
114912,0,2165,0
114914,0,2163,0
114916,0,2164,0
114918,0,2163,0
114920,0,2165,0
114922,0,2164,0
114924,0,2164,0
114926,0,2169,0
114928,0,2164,0
114930,0,2165,0
114932,0,2160,0
114934,67803,2163,1
114936,0,2159,0
114938,0,2163,0
114940,0,2164,0
114942,0,2164,0
114944,0,2165,0
114946,0,2164,0
114948,0,2164,0
114950,0,2165,0
114952,0,2163,0
114954,0,2163,0
114956,0,2165,0
114958,0,2165,0
114960,0,2165,0
114962,0,2165,0
114964,0,2164,0
114966,0,2164,0
114968,0,2163,0
114970,0,2165,0
114972,0,2165,0
114974,67795,2164,1
114976,0,2165,0
114978,0,2165,0
114980,0,2163,0
114982,0,2165,0
114984,0,2165,0
114986,0,2163,0
114988,0,2165,0
114990,0,2163,0
114992,0,2165,0
114994,0,2164,0
114996,0,2165,0
114998,0,2163,0
115000,0,2165,0
115002,0,2151,0
115004,0,2165,0
115006,0,2164,0
115008,0,2165,0
115010,0,2164,0
115012,0,2163,0
115014,67793,2164,1
115016,0,2164,0
115018,0,2165,0
115020,0,2165,0
115022,0,2168,0
115024,0,2165,0
115026,0,2165,0
115028,0,2165,0
115030,0,2163,0
115032,0,2164,0
115034,0,2165,0
115036,0,2165,0
115038,0,2165,0
115040,0,2165,0
115042,0,2165,0
115044,0,2166,0
115046,0,2164,0
115048,0,2165,0
115050,0,2165,0
115052,0,2165,0
115054,67786,2164,1
115056,0,2165,0
115058,0,2165,0
115060,0,2164,0
115062,0,2165,0
115064,0,2163,0
115066,0,2165,0
115068,0,2167,0
115070,0,2167,0
115072,0,2165,0
115074,0,2165,0
115076,0,2165,0
115078,0,2164,0
115080,0,2167,0
115082,0,2166,0
115084,0,2165,0
115086,0,2166,0
115088,0,2167,0
115090,0,2167,0
115092,0,2165,0
115094,67781,2167,1
115096,0,2166,0
115098,0,2165,0
115100,0,2163,0
115102,0,2165,0
115104,0,2167,0
115106,0,2165,0
115108,0,2165,0
115110,0,2165,0
115112,0,2167,0
115114,0,2171,0
115116,0,2163,0
115118,0,2165,0
115120,0,2166,0
115122,0,2165,0
115124,0,2153,0
115126,0,2165,0
115128,0,2165,0
115130,0,2165,0
115132,0,2164,0
115134,67790,2165,1
115136,0,2165,0
115138,0,2167,0
115140,0,2167,0
115142,0,2165,0
115144,0,2168,0
115146,0,2165,0
115148,0,2164,0
115150,0,2167,0
115152,0,2166,0
115154,0,2167,0
115156,0,2167,0
115158,0,2167,0
115160,0,2167,0
115162,0,2165,0
115164,0,2165,0
115166,0,2167,0
115168,0,2165,0
115170,0,2165,0
115172,0,2165,0
115174,67801,2166,1
115176,0,2169,0
115178,0,2166,0
115180,0,2166,0
115182,0,2165,0
115184,0,2159,0
115186,0,2165,0
115188,0,2167,0
115190,0,2167,0
115192,0,2165,0
115194,0,2166,0
115196,0,2167,0
115198,0,2168,0
115200,0,2165,0
115202,0,2165,0
115204,0,2166,0
115206,0,2165,0
115208,0,2167,0
115210,0,2165,0
115212,0,2165,0
115214,67797,2167,1
115216,0,2167,0
115218,0,2167,0
115220,0,2167,0
115222,0,2166,0
115224,0,2165,0
115226,0,2167,0
115228,0,2167,0
115230,0,2167,0
115232,0,2167,0
115234,0,2167,0
115236,0,2164,0
115238,0,2167,0
115240,0,2167,0
115242,0,2167,0
115244,0,2167,0
115246,0,2165,0
115248,0,2167,0
115250,0,2167,0
115252,0,2167,0
115254,67757,2166,1
115256,0,2165,0
115258,0,2165,0
115260,0,2167,0
115262,0,2167,0
115264,0,2165,0
115266,0,2167,0
115268,0,2164,0
115270,0,2165,0
115272,0,2167,0
115274,0,2167,0
115276,0,2167,0
115278,0,2168,0
115280,0,2169,0
115282,0,2167,0
115284,0,2167,0
115286,0,2166,0
115288,0,2168,0
115290,0,2167,0
115292,0,2167,0
115294,67724,2165,1
115296,0,2165,0
115298,0,2167,0
115300,0,2165,0
115302,0,2165,0
115304,0,2167,0
115306,0,2164,0
115308,0,2167,0
115310,0,2166,0
115312,0,2167,0
115314,0,2166,0
115316,0,2168,0
115318,0,2165,0
115320,0,2165,0
115322,0,2167,0
115324,0,2165,0
115326,0,2166,0
115328,0,2165,0
115330,0,2167,0
115332,67740,2165,1
115334,0,2169,0
115336,0,2165,0
115338,0,2155,0
115340,0,2167,0
115342,0,2167,0
115344,0,2165,0
115346,0,2166,0
115348,0,2169,0
115350,0,2167,0
115352,0,2167,0
115354,0,2167,0
115356,0,2165,0
115358,0,2167,0
115360,0,2167,0
115362,0,2166,0
115364,0,2167,0
115366,0,2167,0
115368,0,2167,0
115370,0,2167,0
115372,67756,2167,1
115374,0,2165,0
115376,0,2167,0
115378,0,2167,0
115380,0,2167,0
115382,0,2165,0
115384,0,2167,0
115386,0,2167,0
115388,0,2167,0
115390,0,2165,0
115392,0,2168,0
115394,0,2167,0
115396,0,2167,0
115398,0,2165,0
115400,0,2167,0
115402,0,2166,0
115404,0,2166,0
115406,0,2168,0
115408,0,2168,0
115410,0,2167,0
115412,67760,2167,1
115414,0,2167,0
115416,0,2168,0
115418,0,2167,0
115420,0,2165,0
115422,0,2166,0
115424,0,2167,0
115426,0,2167,0
115428,0,2167,0
115430,0,2167,0
115432,0,2169,0
115434,0,2168,0
115436,0,2168,0
115438,0,2167,0
115440,0,2167,0
115442,0,2166,0
115444,0,2167,0
115446,0,2167,0
115448,0,2166,0
115450,0,2168,0
115452,67746,2167,1
115454,0,2167,0
115456,0,2165,0
115458,0,2168,0
115460,0,2169,0
115462,0,2167,0
115464,0,2168,0
115466,0,2167,0
115468,0,2167,0
115470,0,2167,0
115472,0,2168,0
115474,0,2167,0
115476,0,2167,0
115478,0,2167,0
115480,0,2169,0
115482,0,2168,0
115484,0,2168,0
115486,0,2169,0
115488,0,2168,0
115490,0,2168,0
115492,67744,2168,1
115494,0,2166,0
115496,0,2167,0
115498,0,2167,0
115500,0,2168,0
115502,0,2168,0
115504,0,2167,0
115506,0,2168,0
115508,0,2168,0
115510,0,2167,0
115512,0,2169,0
115514,0,2165,0
115516,0,2169,0
115518,0,2168,0
115520,0,2168,0
115522,0,2167,0
115524,0,2167,0
115526,0,2168,0
115528,0,2170,0
115530,0,2168,0
115532,67750,2168,1
115534,0,2167,0
115536,0,2169,0
115538,0,2167,0
115540,0,2167,0
115542,0,2168,0
115544,0,2165,0
115546,0,2166,0
115548,0,2166,0
115550,0,2168,0
115552,0,2167,0
115554,0,2167,0
115556,0,2171,0
115558,0,2167,0
115560,0,2167,0
115562,0,2168,0
115564,0,2167,0
115566,0,2169,0
115568,0,2171,0
115570,0,2168,0
115572,67763,2168,1
115574,0,2167,0
115576,0,2165,0
115578,0,2173,0
115580,0,2167,0
115582,0,2168,0
115584,0,2168,0
115586,0,2167,0
115588,0,2167,0
115590,0,2168,0
115592,0,2167,0
115594,0,2167,0
115596,0,2167,0
115598,0,2169,0
115600,0,2165,0
115602,0,2167,0
115604,0,2167,0
115606,0,2167,0
115608,0,2167,0
115610,0,2167,0
115612,67762,2167,1
115614,0,2167,0
115616,0,2168,0
115618,0,2167,0
115620,0,2168,0
115622,0,2167,0
115624,0,2167,0
115626,0,2167,0
115628,0,2168,0
115630,0,2167,0
115632,0,2167,0
115634,0,2167,0
115636,0,2168,0
115638,0,2167,0
115640,0,2167,0
115642,0,2159,0
115644,0,2169,0
115646,0,2167,0
115648,0,2167,0
115650,0,2166,0
115652,67726,2167,1
115654,0,2171,0
115656,0,2167,0
115658,0,2166,0
115660,0,2167,0
115662,0,2167,0
115664,0,2166,0
115666,0,2167,0
115668,0,2167,0
115670,0,2169,0
115672,0,2168,0
115674,0,2168,0
115676,0,2171,0
115678,0,2168,0
115680,0,2167,0
115682,0,2169,0
115684,0,2167,0
115686,0,2167,0
115688,0,2169,0
115690,0,2168,0
115692,67702,2168,1
115694,0,2167,0
115696,0,2169,0
115698,0,2167,0
115700,0,2169,0
115702,0,2167,0
115704,0,2168,0
115706,0,2167,0
115708,0,2169,0
115710,0,2167,0
115712,0,2167,0
115714,0,2168,0
115716,0,2167,0
115718,0,2168,0
115720,0,2168,0
115722,0,2167,0
115724,0,2167,0
115726,0,2168,0
115728,0,2167,0
115730,67737,2167,1
115732,0,2169,0
115734,0,2167,0
115736,0,2167,0
115738,0,2167,0
115740,0,2167,0
115742,0,2167,0
115744,0,2167,0
115746,0,2169,0
115748,0,2169,0
115750,0,2167,0
115752,0,2169,0
115754,0,2169,0
115756,0,2167,0
115758,0,2168,0
115760,0,2167,0
115762,0,2167,0
115764,0,2167,0
115766,0,2168,0
115768,0,2168,0
115770,67768,2167,1
115772,0,2168,0
115774,0,2167,0
115776,0,2169,0
115778,0,2169,0
115780,0,2169,0
115782,0,2169,0
115784,0,2169,0
115786,0,2167,0
115788,0,2169,0
115790,0,2168,0
115792,0,2169,0
115794,0,2169,0
115796,0,2167,0
115798,0,2169,0
115800,0,2169,0
115802,0,2169,0
115804,0,2169,0
115806,0,2168,0
115808,0,2167,0
115810,67781,2167,1
115812,0,2169,0
115814,0,2169,0
115816,0,2169,0
115818,0,2169,0
115820,0,2169,0
115822,0,2168,0
115824,0,2169,0
115826,0,2168,0
115828,0,2169,0
115830,0,2169,0
115832,0,2168,0
115834,0,2169,0
115836,0,2168,0
115838,0,2168,0
115840,0,2168,0
115842,0,2171,0
115844,0,2166,0
115846,0,2167,0
115848,0,2169,0
115850,67794,2167,1
115852,0,2168,0
115854,0,2168,0
115856,0,2168,0
115858,0,2168,0
115860,0,2171,0
115862,0,2167,0
115864,0,2171,0
115866,0,2169,0
115868,0,2169,0
115870,0,2169,0
115872,0,2169,0
115874,0,2169,0
115876,0,2167,0
115878,0,2169,0
115880,0,2169,0
115882,0,2165,0
115884,0,2168,0
115886,0,2169,0
115888,0,2169,0
115890,67819,2169,1
115892,0,2173,0
115894,0,2169,0
115896,0,2169,0
115898,0,2170,0
115900,0,2168,0
115902,0,2168,0
115904,0,2168,0
115906,0,2168,0
115908,0,2171,0
115910,0,2169,0
115912,0,2169,0
115914,0,2171,0
115916,0,2170,0
115918,0,2169,0
115920,0,2169,0
115922,0,2169,0
115924,0,2171,0
115926,0,2169,0
115928,0,2167,0
115930,67841,2168,1
115932,0,2166,0
115934,0,2168,0
115936,0,2168,0
115938,0,2168,0
115940,0,2167,0
115942,0,2171,0
115944,0,2169,0
115946,0,2169,0
115948,0,2169,0
115950,0,2169,0
115952,0,2171,0
115954,0,2171,0
115956,0,2169,0
115958,0,2169,0
115960,0,2169,0
115962,0,2169,0
115964,0,2169,0
115966,0,2169,0
115968,0,2169,0
115970,67883,2169,1
115972,0,2170,0
115974,0,2169,0
115976,0,2167,0
115978,0,2171,0
115980,0,2169,0
115982,0,2169,0
115984,0,2170,0
115986,0,2169,0
115988,0,2169,0
115990,0,2169,0
115992,0,2168,0
115994,0,2170,0
115996,0,2169,0
115998,0,2168,0
116000,0,2171,0
116002,0,2169,0
116004,0,2169,0
116006,0,2173,0
116008,0,2169,0
116010,67909,2171,1
116012,0,2169,0
116014,0,2168,0
116016,0,2173,0
116018,0,2170,0
116020,0,2169,0
116022,0,2169,0
116024,0,2169,0
116026,0,2167,0
116028,0,2169,0
116030,0,2171,0
116032,0,2170,0
116034,0,2170,0
116036,0,2169,0
116038,0,2168,0
116040,0,2169,0
116042,0,2169,0
116044,0,2169,0
116046,0,2169,0
116048,0,2171,0
116050,67863,2169,1
116052,0,2169,0
116054,0,2169,0
116056,0,2168,0
116058,0,2169,0
116060,0,2171,0
116062,0,2170,0
116064,0,2169,0
116066,0,2169,0
116068,0,2168,0
116070,0,2168,0
116072,0,2170,0
116074,0,2169,0
116076,0,2169,0
116078,0,2168,0
116080,0,2169,0
116082,0,2169,0
116084,0,2171,0
116086,0,2171,0
116089,0,2171,0
116091,67842,2168,1
116093,0,2169,0
116095,0,2169,0
116097,0,2168,0
116099,0,2171,0
116101,0,2170,0
116103,0,2168,0
116105,0,2183,0
116107,0,2169,0
116109,0,2169,0
116111,0,2168,0
116113,0,2168,0
116115,0,2167,0
116117,0,2169,0
116119,0,2169,0
116121,0,2171,0
116123,0,2170,0
116125,0,2171,0
116127,0,2170,0
116129,67874,2170,1
116131,0,2171,0
116133,0,2169,0
116135,0,2169,0
116137,0,2169,0
116139,0,2169,0
116141,0,2169,0
116143,0,2169,0
116145,0,2169,0
116147,0,2169,0
116149,0,2169,0
116151,0,2169,0
116153,0,2169,0
116155,0,2171,0
116157,0,2172,0
116159,0,2169,0
116161,0,2171,0
116163,0,2171,0
116165,0,2168,0
116167,0,2169,0
116169,67904,2169,1
116171,0,2168,0
116173,0,2171,0
116175,0,2169,0
116177,0,2169,0
116179,0,2171,0
116181,0,2169,0
116183,0,2167,0
116185,0,2170,0
116187,0,2171,0
116189,0,2169,0
116191,0,2169,0
116193,0,2169,0
116195,0,2169,0
116197,0,2169,0
116199,0,2169,0
116201,0,2171,0
116203,0,2171,0
116205,0,2169,0
116207,0,2169,0
116209,67911,2168,1
116211,0,2169,0
116213,0,2171,0
116215,0,2169,0
116217,0,2171,0
116219,0,2169,0
116221,0,2171,0
116223,0,2171,0
116225,0,2169,0
116227,0,2169,0
116229,0,2171,0
116231,0,2171,0
116233,0,2169,0
116235,0,2169,0
116237,0,2170,0
116239,0,2169,0
116241,0,2171,0
116243,0,2170,0
116245,0,2169,0
116247,0,2171,0
116249,67921,2171,1
116251,0,2170,0
116253,0,2169,0
116255,0,2170,0
116257,0,2171,0
116259,0,2168,0
116261,0,2171,0
116263,0,2167,0
116265,0,2169,0
116267,0,2171,0
116269,0,2170,0
116271,0,2170,0
116273,0,2169,0
116275,0,2169,0
116277,0,2171,0
116279,0,2171,0
116281,0,2171,0
116283,0,2171,0
116285,0,2169,0
116287,0,2170,0
116289,67929,2169,1
116291,0,2169,0
116293,0,2171,0
116295,0,2171,0
116297,0,2169,0
116299,0,2169,0
116301,0,2168,0
116303,0,2171,0
116305,0,2171,0
116307,0,2169,0
116309,0,2168,0
116311,0,2169,0
116313,0,2171,0
116315,0,2171,0
116317,0,2169,0
116319,0,2169,0
116321,0,2159,0
116323,0,2168,0
116325,0,2171,0
116327,0,2169,0
116329,67934,2170,1
116331,0,2169,0
116333,0,2173,0
116335,0,2170,0
116337,0,2171,0
116339,0,2171,0
116341,0,2169,0
116343,0,2169,0
116345,0,2169,0
116347,0,2171,0
116349,0,2171,0
116351,0,2171,0
116353,0,2170,0
116355,0,2169,0
116357,0,2168,0
116359,0,2169,0
116361,0,2169,0
116363,0,2169,0
116365,0,2171,0
116367,0,2169,0
116369,67979,2169,1
116371,0,2170,0
116373,0,2170,0
116375,0,2169,0
116377,0,2171,0
116379,0,2169,0
116381,0,2171,0
116383,0,2168,0
116385,0,2171,0
116387,0,2171,0
116389,0,2169,0
116391,0,2171,0
116393,0,2169,0
116395,0,2171,0
116397,0,2169,0
116399,0,2169,0
116401,0,2169,0
116403,0,2167,0
116405,0,2170,0
116407,0,2168,0
116409,67995,2169,1
116411,0,2169,0
116413,0,2171,0
116415,0,2171,0
116417,0,2169,0
116419,0,2171,0
116421,0,2171,0
116423,0,2171,0
116425,0,2169,0
116427,0,2169,0
116429,0,2169,0
116431,0,2168,0
116433,0,2169,0
116435,0,2170,0
116437,0,2170,0
116439,0,2169,0
116441,0,2169,0
116443,0,2171,0
116445,0,2169,0
116447,0,2170,0
116449,67974,2169,1
116451,0,2169,0
116453,0,2169,0
116455,0,2167,0
116457,0,2169,0
116459,0,2169,0
116461,0,2171,0
116463,0,2169,0
116465,0,2171,0
116467,0,2169,0
116469,0,2171,0
116471,0,2169,0
116473,0,2171,0
116475,0,2169,0
116477,0,2169,0
116479,0,2169,0
116481,0,2169,0
116483,0,2170,0
116485,0,2169,0
116487,0,2170,0
116489,67945,2169,1
116491,0,2169,0
116493,0,2170,0
116495,0,2169,0
116497,0,2169,0
116499,0,2169,0
116501,0,2169,0
116503,0,2169,0
116505,0,2169,0
116507,0,2171,0
116509,0,2169,0
116511,0,2169,0
116513,0,2169,0
116515,0,2171,0
116517,0,2171,0
116519,0,2169,0
116521,0,2171,0
116523,0,2171,0
116525,0,2171,0
116527,67967,2169,1
116529,0,2169,0
116531,0,2175,0
116533,0,2170,0
116535,0,2171,0
116537,0,2167,0
116539,0,2169,0
116541,0,2171,0
116543,0,2169,0
116545,0,2169,0
116547,0,2171,0
116549,0,2169,0
116551,0,2171,0
116553,0,2169,0
116555,0,2171,0
116557,0,2169,0
116559,0,2169,0
116561,0,2170,0
116563,0,2170,0
116565,0,2171,0
116567,67984,2169,1
116569,0,2171,0
116571,0,2171,0
116573,0,2169,0
116575,0,2171,0
116577,0,2171,0
116579,0,2169,0
116581,0,2171,0
116583,0,2169,0
116585,0,2170,0
116587,0,2171,0
116589,0,2169,0
116591,0,2169,0
116593,0,2168,0
116595,0,2171,0
116597,0,2156,0
116599,0,2171,0
116601,0,2172,0
116603,0,2171,0
116605,0,2171,0
116607,67983,2169,1
116609,0,2171,0
116611,0,2171,0
116613,0,2171,0
116615,0,2169,0
116617,0,2169,0
116619,0,2171,0
116621,0,2169,0
116623,0,2169,0
116625,0,2169,0
116627,0,2169,0
116629,0,2170,0
116631,0,2171,0
116633,0,2169,0
116635,0,2171,0
116637,0,2168,0
116639,0,2169,0
116641,0,2167,0
116643,0,2171,0
116645,0,2171,0
116647,67982,2171,1
116649,0,2171,0
116651,0,2171,0
116653,0,2175,0
116655,0,2169,0
116657,0,2171,0
116659,0,2171,0
116661,0,2170,0
116663,0,2169,0
116665,0,2172,0
116667,0,2170,0
116669,0,2170,0
116671,0,2168,0
116673,0,2171,0
116675,0,2173,0
116677,0,2171,0
116679,0,2169,0
116681,0,2171,0
116683,0,2171,0
116685,0,2167,0
116687,67979,2168,1
116689,0,2171,0
116691,0,2171,0
116693,0,2170,0
116695,0,2172,0
116697,0,2169,0
116699,0,2169,0
116701,0,2169,0
116703,0,2171,0
116705,0,2170,0
116707,0,2169,0
116709,0,2169,0
116711,0,2169,0
116713,0,2171,0
116715,0,2171,0
116717,0,2171,0
116719,0,2171,0
116721,0,2171,0
116723,0,2169,0
116725,0,2171,0
116727,67980,2171,1
116729,0,2170,0
116731,0,2171,0
116733,0,2169,0
116735,0,2171,0
116737,0,2169,0
116739,0,2171,0
116741,0,2172,0
116743,0,2171,0
116745,0,2170,0
116747,0,2169,0
116749,0,2171,0
116751,0,2171,0
116753,0,2170,0
116755,0,2169,0
116757,0,2171,0
116759,0,2171,0
116761,0,2171,0
116763,0,2171,0
116765,0,2170,0
116767,67996,2171,1
116769,0,2171,0
116771,0,2170,0
116773,0,2171,0
116775,0,2171,0
116777,0,2169,0
116779,0,2170,0
116781,0,2169,0
116783,0,2171,0
116785,0,2170,0
116787,0,2171,0
116789,0,2171,0
116791,0,2171,0
116793,0,2171,0
116795,0,2169,0
116797,0,2171,0
116799,0,2171,0
116801,0,2170,0
116803,0,2169,0
116805,0,2171,0
116807,67997,2171,1
116809,0,2171,0
116811,0,2169,0
116813,0,2169,0
116815,0,2169,0
116817,0,2168,0
116819,0,2171,0
116821,0,2173,0
116823,0,2171,0
116825,0,2169,0
116827,0,2170,0
116829,0,2175,0
116831,0,2171,0
116833,0,2170,0
116835,0,2172,0
116837,0,2171,0
116839,0,2172,0
116841,0,2171,0
116843,0,2169,0
116845,0,2171,0
116847,67953,2169,1
116849,0,2171,0
116851,0,2169,0
116853,0,2171,0
116855,0,2171,0
116857,0,2169,0
116859,0,2153,0
116861,0,2173,0
116863,0,2171,0
116865,0,2169,0
116867,0,2171,0
116869,0,2170,0
116871,0,2171,0
116873,0,2171,0
116875,0,2170,0
116877,0,2171,0
116879,0,2169,0
116881,0,2171,0
116883,0,2171,0
116885,0,2172,0
116887,67912,2168,1
116889,0,2171,0
116891,0,2170,0
116893,0,2171,0
116895,0,2169,0
116897,0,2169,0
116899,0,2171,0
116901,0,2168,0
116903,0,2171,0
116905,0,2171,0
116907,0,2173,0
116909,0,2169,0
116911,0,2171,0
116913,0,2172,0
116915,0,2169,0
116917,0,2170,0
116919,0,2170,0
116921,0,2169,0
116923,0,2171,0
116925,67924,2171,1
116927,0,2171,0
116929,0,2169,0
116931,0,2171,0
116933,0,2169,0
116935,0,2171,0
116937,0,2169,0
116939,0,2171,0
116941,0,2171,0
116943,0,2170,0
116945,0,2171,0
116947,0,2171,0
116949,0,2169,0
116951,0,2171,0
116953,0,2171,0
116955,0,2171,0
116957,0,2171,0
116959,0,2169,0
116961,0,2169,0
116963,0,2170,0
116965,67928,2171,1
116967,0,2171,0
116969,0,2171,0
116971,0,2170,0
116973,0,2170,0
116975,0,2169,0
116977,0,2173,0
116979,0,2170,0
116981,0,2171,0
116983,0,2171,0
116985,0,2170,0
116987,0,2167,0
116989,0,2171,0
116991,0,2172,0
116993,0,2171,0
116995,0,2171,0
116997,0,2171,0
116999,0,2171,0
117001,0,2171,0
117003,0,2170,0
117005,67932,2171,1
117007,0,2171,0
117009,0,2169,0
117011,0,2169,0
117013,0,2171,0
117015,0,2171,0
117017,0,2172,0
117019,0,2172,0
117021,0,2171,0
117023,0,2185,0
117025,0,2171,0
117027,0,2171,0
117029,0,2170,0
117031,0,2171,0
117033,0,2181,0
117035,0,2171,0
117037,0,2171,0
117039,0,2171,0
117041,0,2171,0
117043,0,2171,0
117045,67933,2171,1
117047,0,2175,0
117049,0,2169,0
117051,0,2169,0
117053,0,2171,0
117055,0,2171,0
117057,0,2171,0
117059,0,2171,0
117061,0,2169,0
117063,0,2169,0
117065,0,2171,0
117067,0,2171,0
117069,0,2170,0
117071,0,2171,0
117073,0,2171,0
117075,0,2171,0
117077,0,2171,0
117079,0,2171,0
117081,0,2171,0
117083,0,2171,0
117085,67926,2169,1
117087,0,2171,0
117089,0,2171,0
117091,0,2171,0
117093,0,2172,0
117095,0,2171,0
117097,0,2171,0
117099,0,2171,0
117101,0,2171,0
117103,0,2171,0
117105,0,2171,0
117107,0,2171,0
117109,0,2171,0
117111,0,2170,0
117113,0,2171,0
117115,0,2172,0
117117,0,2173,0
117119,0,2169,0
117121,0,2173,0
117123,0,2171,0
117125,67932,2171,1
117127,0,2171,0
117129,0,2169,0
117131,0,2171,0
117133,0,2172,0
117135,0,2173,0
117137,0,2171,0
117139,0,2171,0
117141,0,2170,0
117143,0,2171,0
117145,0,2171,0
117147,0,2171,0
117149,0,2171,0
117151,0,2173,0
117153,0,2172,0
117155,0,2171,0
117157,0,2171,0
117159,0,2171,0
117161,0,2171,0
117163,0,2171,0
117165,67942,2172,1
117167,0,2172,0
117169,0,2171,0
117171,0,2171,0
117173,0,2171,0
117175,0,2171,0
117177,0,2171,0
117179,0,2171,0
117181,0,2171,0
117183,0,2171,0
117185,0,2169,0
117187,0,2171,0
117189,0,2168,0
117191,0,2171,0
117193,0,2172,0
117195,0,2172,0
117197,0,2170,0
117199,0,2171,0
117201,0,2172,0
117203,0,2171,0
117205,67950,2170,1
117207,0,2171,0
117209,0,2171,0
117211,0,2169,0
117213,0,2171,0
117215,0,2172,0
117217,0,2171,0
117219,0,2171,0
117221,0,2172,0
117223,0,2171,0
117225,0,2173,0
117227,0,2172,0
117229,0,2171,0
117231,0,2171,0
117233,0,2171,0
117235,0,2174,0
117237,0,2171,0
117239,0,2170,0
117241,0,2171,0
117243,0,2171,0
117245,67912,2171,1
117247,0,2171,0
117249,0,2171,0
117251,0,2171,0
117253,0,2171,0
117255,0,2172,0
117257,0,2172,0
117259,0,2171,0
117261,0,2171,0
117263,0,2172,0
117265,0,2171,0
117267,0,2171,0
117269,0,2172,0
117271,0,2173,0
117273,0,2171,0
117275,0,2171,0
117277,0,2171,0
117279,0,2170,0
117281,0,2175,0
117283,0,2172,0
117285,67887,2171,1
117287,0,2171,0
117289,0,2170,0
117291,0,2173,0
117293,0,2173,0
117295,0,2170,0
117297,0,2172,0
117299,0,2171,0
117301,0,2170,0
117303,0,2171,0
117305,0,2174,0
117307,0,2171,0
117309,0,2171,0
117311,0,2171,0
117313,0,2171,0
117315,0,2173,0
117317,0,2171,0
117319,0,2171,0
117321,0,2171,0
117323,67925,2170,1
117325,0,2172,0
117327,0,2169,0
117329,0,2171,0
117331,0,2171,0
117333,0,2173,0
117335,0,2171,0
117337,0,2172,0
117339,0,2171,0
117341,0,2171,0
117343,0,2170,0
117345,0,2171,0
117347,0,2173,0
117349,0,2172,0
117351,0,2171,0
117353,0,2171,0
117355,0,2181,0
117357,0,2171,0
117359,0,2171,0
117361,0,2173,0
117363,67948,2171,1
117365,0,2169,0
117367,0,2165,0
117369,0,2172,0
117371,0,2171,0
117373,0,2172,0
117375,0,2173,0
117377,0,2171,0
117379,0,2171,0
117381,0,2173,0
117383,0,2171,0
117385,0,2171,0
117387,0,2172,0
117389,0,2171,0
117391,0,2173,0
117393,0,2173,0
117395,0,2172,0
117397,0,2171,0
117399,0,2171,0
117401,0,2171,0
117403,67952,2173,1
117405,0,2173,0
117407,0,2169,0
117409,0,2173,0
117411,0,2171,0
117413,0,2173,0
117415,0,2173,0
117417,0,2173,0
117419,0,2171,0
117421,0,2171,0
117423,0,2172,0
117425,0,2173,0
117427,0,2179,0
117429,0,2171,0
117431,0,2172,0
117433,0,2173,0
117435,0,2171,0
117437,0,2173,0
117439,0,2171,0
117441,0,2172,0
117443,67953,2171,1
117445,0,2171,0
117447,0,2171,0
117449,0,2173,0
117451,0,2173,0
117453,0,2173,0
117455,0,2172,0
117457,0,2174,0
117459,0,2172,0
117461,0,2173,0
117463,0,2171,0
117465,0,2172,0
117467,0,2172,0
117469,0,2171,0
117471,0,2171,0
117473,0,2173,0
117475,0,2171,0
117477,0,2171,0
117479,0,2171,0
117481,0,2171,0
117483,67951,2173,1
117485,0,2171,0
117487,0,2172,0
117489,0,2173,0
117491,0,2173,0
117493,0,2173,0
117495,0,2171,0
117497,0,2173,0
117499,0,2172,0
117501,0,2173,0
117503,0,2173,0
117505,0,2173,0
117507,0,2172,0
117509,0,2171,0
117511,0,2172,0
117513,0,2173,0
117515,0,2173,0
117517,0,2171,0
117519,0,2171,0
117521,0,2175,0
117523,67943,2171,1
117525,0,2172,0
117527,0,2172,0
117529,0,2172,0
117531,0,2173,0
117533,0,2170,0
117535,0,2171,0
117537,0,2173,0
117539,0,2173,0
117541,0,2170,0
117543,0,2173,0
117545,0,2171,0
117547,0,2172,0
117549,0,2173,0
117551,0,2173,0
117553,0,2171,0
117555,0,2172,0
117557,0,2173,0
117559,0,2172,0
117561,0,2173,0
117563,67939,2171,1
117565,0,2173,0
117567,0,2173,0
117569,0,2173,0
117571,0,2171,0
117573,0,2173,0
117575,0,2167,0
117577,0,2173,0
117579,0,2171,0
117581,0,2172,0
117583,0,2172,0
117585,0,2179,0
117587,0,2173,0
117589,0,2173,0
117591,0,2172,0
117593,0,2173,0
117595,0,2174,0
117597,0,2172,0
117599,0,2173,0
117601,0,2173,0
117603,67942,2172,1
117605,0,2171,0
117607,0,2173,0
117609,0,2172,0
117611,0,2172,0
117613,0,2173,0
117615,0,2174,0
117617,0,2171,0
117619,0,2172,0
117621,0,2173,0
117623,0,2171,0
117625,0,2172,0
117627,0,2172,0
117629,0,2173,0
117631,0,2171,0
117633,0,2173,0
117635,0,2171,0
117637,0,2173,0
117639,0,2172,0
117641,0,2171,0
117643,67901,2173,1
117645,0,2171,0
117647,0,2171,0
117649,0,2171,0
117651,0,2173,0
117653,0,2171,0
117655,0,2171,0
117657,0,2171,0
117659,0,2173,0
117661,0,2171,0
117663,0,2171,0
117665,0,2173,0
117667,0,2173,0
117669,0,2172,0
117671,0,2173,0
117673,0,2171,0
117675,0,2173,0
117677,0,2173,0
117679,0,2171,0
117681,0,2173,0
117683,67877,2171,1
117685,0,2172,0
117687,0,2173,0
117689,0,2173,0
117691,0,2171,0
117693,0,2173,0
117695,0,2171,0
117697,0,2171,0
117699,0,2171,0
117701,0,2171,0
117703,0,2173,0
117705,0,2173,0
117707,0,2173,0
117709,0,2173,0
117711,0,2173,0
117713,0,2171,0
117715,0,2173,0
117717,0,2169,0
117719,0,2183,0
117721,67885,2171,1
117723,0,2171,0
117725,0,2172,0
117727,0,2174,0
117729,0,2173,0
117731,0,2175,0
117733,0,2173,0
117735,0,2173,0
117737,0,2173,0
117739,0,2171,0
117741,0,2171,0
117743,0,2172,0
117745,0,2172,0
117747,0,2172,0
117749,0,2173,0
117751,0,2173,0
117753,0,2173,0
117755,0,2171,0
117757,0,2172,0
117759,0,2172,0
117761,67914,2173,1
117763,0,2173,0
117765,0,2173,0
117767,0,2172,0
117769,0,2173,0
117771,0,2171,0
117773,0,2167,0
117775,0,2173,0
117777,0,2173,0
117779,0,2172,0
117781,0,2173,0
117783,0,2173,0
117785,0,2172,0
117787,0,2171,0
117789,0,2173,0
117791,0,2172,0
117793,0,2171,0
117795,0,2172,0
117797,0,2173,0
117799,0,2173,0
117801,67936,2173,1
117803,0,2171,0
117805,0,2175,0
117807,0,2173,0
117809,0,2173,0
117811,0,2173,0
117813,0,2173,0
117815,0,2173,0
117817,0,2173,0
117819,0,2173,0
117821,0,2175,0
117823,0,2175,0
117825,0,2171,0
117827,0,2173,0
117829,0,2175,0
117831,0,2173,0
117833,0,2173,0
117835,0,2172,0
117837,0,2173,0
117839,0,2171,0
117841,67944,2171,1
117843,0,2172,0
117845,0,2175,0
117847,0,2174,0
117849,0,2173,0
117851,0,2174,0
117853,0,2173,0
117855,0,2175,0
117857,0,2173,0
117859,0,2173,0
117861,0,2171,0
117863,0,2172,0
117865,0,2173,0
117867,0,2175,0
117869,0,2173,0
117871,0,2173,0
117873,0,2173,0
117875,0,2173,0
117877,0,2173,0
117879,0,2173,0
117881,67952,2173,1
117883,0,2171,0
117885,0,2173,0
117887,0,2172,0
117889,0,2171,0
117891,0,2173,0
117893,0,2185,0
117895,0,2173,0
117897,0,2172,0
117899,0,2173,0
117901,0,2173,0
117903,0,2174,0
117905,0,2173,0
117907,0,2173,0
117909,0,2173,0
117911,0,2172,0
117913,0,2173,0
117915,0,2173,0
117917,0,2173,0
117919,0,2173,0
117921,67954,2171,1
117923,0,2172,0
117925,0,2173,0
117927,0,2173,0
117929,0,2169,0
117931,0,2173,0
117933,0,2171,0
117935,0,2173,0
117937,0,2173,0
117939,0,2173,0
117941,0,2173,0
117943,0,2173,0
117945,0,2173,0
117947,0,2172,0
117949,0,2173,0
117951,0,2173,0
117953,0,2173,0
117955,0,2173,0
117957,0,2173,0
117959,0,2173,0
117961,67971,2173,1
117963,0,2171,0
117965,0,2173,0
117967,0,2173,0
117969,0,2174,0
117971,0,2173,0
117974,0,2173,0
117976,0,2173,0
117978,0,2171,0
117980,0,2173,0
117982,0,2173,0
117984,0,2173,0
117986,0,2173,0
117988,0,2173,0
117990,0,2172,0
117992,0,2173,0
117994,0,2173,0
117996,0,2173,0
117998,0,2173,0
118000,0,2173,0
118002,67953,2172,1
118004,0,2173,0
118006,0,2172,0
118008,0,2172,0
118010,0,2173,0
118012,0,2173,0
118014,0,2173,0
118016,0,2173,0
118018,0,2173,0
118020,0,2173,0
118022,0,2174,0
118024,0,2173,0
118026,0,2171,0
118028,0,2173,0
118030,0,2173,0
118032,0,2174,0
118034,0,2172,0
118036,0,2175,0
118038,0,2173,0
118040,0,2173,0
118042,67892,2172,1
118044,0,2173,0
118046,0,2173,0
118048,0,2172,0
118050,0,2173,0
118052,0,2171,0
118054,0,2173,0
118056,0,2173,0
118058,0,2173,0
118060,0,2173,0
118062,0,2173,0
118064,0,2173,0
118066,0,2173,0
118068,0,2175,0
118070,0,2174,0
118072,0,2173,0
118074,0,2173,0
118076,0,2173,0
118078,0,2173,0
118080,0,2174,0
118082,67884,2171,1
118084,0,2174,0
118086,0,2172,0
118088,0,2171,0
118090,0,2173,0
118092,0,2173,0
118094,0,2172,0
118096,0,2172,0
118098,0,2171,0
118100,0,2173,0
118102,0,2173,0
118104,0,2190,0
118106,0,2173,0
118108,0,2181,0
118110,0,2172,0
118112,0,2174,0
118114,0,2174,0
118116,0,2171,0
118118,0,2173,0
118120,67908,2175,1
118122,0,2173,0
118124,0,2173,0
118126,0,2173,0
118128,0,2173,0
118130,0,2173,0
118132,0,2173,0
118134,0,2173,0
118136,0,2173,0
118138,0,2173,0
118140,0,2174,0
118142,0,2175,0
118144,0,2179,0
118146,0,2175,0
118148,0,2173,0
118150,0,2173,0
118152,0,2174,0
118154,0,2174,0
118156,0,2173,0
118158,0,2173,0
118160,67904,2175,1
118162,0,2175,0
118164,0,2173,0
118166,0,2174,0
118168,0,2173,0
118170,0,2173,0
118172,0,2173,0
118174,0,2175,0
118176,0,2174,0
118178,0,2173,0
118180,0,2173,0
118182,0,2173,0
118184,0,2173,0
118186,0,2172,0
118188,0,2172,0
118190,0,2175,0
118192,0,2173,0
118194,0,2173,0
118196,0,2174,0
118198,0,2173,0
118200,67893,2173,1
118202,0,2174,0
118204,0,2174,0
118206,0,2175,0
118208,0,2175,0
118210,0,2172,0
118212,0,2181,0
118214,0,2173,0
118216,0,2175,0
118218,0,2174,0
118220,0,2173,0
118222,0,2175,0
118224,0,2173,0
118226,0,2175,0
118228,0,2173,0
118230,0,2175,0
118232,0,2173,0
118234,0,2173,0
118236,0,2174,0
118238,0,2180,0
118240,67878,2180,1
118242,0,2175,0
118244,0,2175,0
118246,0,2173,0
118248,0,2175,0
118250,0,2173,0
118252,0,2175,0
118254,0,2175,0
118256,0,2175,0
118258,0,2173,0
118260,0,2173,0
118262,0,2179,0
118264,0,2173,0
118266,0,2174,0
118268,0,2175,0
118270,0,2174,0
118272,0,2174,0
118274,0,2173,0
118276,0,2180,0
118278,0,2173,0
118280,67877,2172,1
118282,0,2175,0
118284,0,2174,0
118286,0,2175,0
118288,0,2174,0
118290,0,2175,0
118292,0,2181,0
118294,0,2173,0
118296,0,2173,0
118298,0,2175,0
118300,0,2175,0
118302,0,2175,0
118304,0,2181,0
118306,0,2173,0
118308,0,2174,0
118310,0,2175,0
118312,0,2173,0
118314,0,2181,0
118316,0,2173,0
118318,0,2175,0
118320,67863,2174,1
118322,0,2174,0
118324,0,2173,0
118326,0,2175,0
118328,0,2181,0
118330,0,2173,0
118332,0,2173,0
118334,0,2173,0
118336,0,2181,0
118338,0,2175,0
118340,0,2175,0
118342,0,2175,0
118344,0,2176,0
118346,0,2175,0
118348,0,2175,0
118350,0,2175,0
118352,0,2175,0
118354,0,2181,0
118356,0,2181,0
118358,0,2176,0
118360,67872,2183,1
118362,0,2180,0
118364,0,2175,0
118366,0,2175,0
118368,0,2174,0
118370,0,2175,0
118372,0,2173,0
118374,0,2173,0
118376,0,2175,0
118378,0,2183,0
118380,0,2181,0
118382,0,2170,0
118384,0,2175,0
118386,0,2175,0
118388,0,2175,0
118390,0,2174,0
118392,0,2181,0
118394,0,2173,0
118396,0,2175,0
118398,0,2175,0
118400,67888,2175,1
118402,0,2173,0
118404,0,2175,0
118406,0,2175,0
118408,0,2175,0
118410,0,2174,0
118412,0,2173,0
118414,0,2175,0
118416,0,2175,0
118418,0,2174,0
118420,0,2175,0
118422,0,2173,0
118424,0,2175,0
118426,0,2175,0
118428,0,2181,0
118430,0,2180,0
118432,0,2175,0
118434,0,2175,0
118436,0,2175,0
118438,0,2175,0
118440,67835,2181,1
118442,0,2174,0
118444,0,2173,0
118446,0,2175,0
118448,0,2174,0
118450,0,2175,0
118452,0,2175,0
118454,0,2175,0
118456,0,2173,0
118458,0,2175,0
118460,0,2174,0
118462,0,2175,0
118464,0,2176,0
118466,0,2173,0
118468,0,2175,0
118470,0,2174,0
118472,0,2181,0
118474,0,2173,0
118476,0,2180,0
118478,0,2181,0
118480,67795,2175,1
118482,0,2174,0
118484,0,2175,0
118486,0,2174,0
118488,0,2175,0
118490,0,2173,0
118492,0,2173,0
118494,0,2175,0
118496,0,2175,0
118498,0,2175,0
118500,0,2175,0
118502,0,2181,0
118504,0,2175,0
118506,0,2175,0
118508,0,2173,0
118510,0,2175,0
118512,0,2174,0
118514,0,2175,0
118516,0,2175,0
118518,67821,2175,1
118520,0,2175,0
118522,0,2181,0
118524,0,2175,0
118526,0,2181,0
118528,0,2175,0
118530,0,2175,0
118532,0,2173,0
118534,0,2181,0
118536,0,2175,0
118538,0,2175,0
118540,0,2175,0
118542,0,2174,0
118544,0,2175,0
118546,0,2172,0
118548,0,2173,0
118550,0,2181,0
118552,0,2173,0
118554,0,2174,0
118556,0,2174,0
118558,67833,2175,1
118560,0,2173,0
118562,0,2175,0
118564,0,2175,0
118566,0,2173,0
118568,0,2181,0
118570,0,2175,0
118572,0,2175,0
118574,0,2175,0
118576,0,2183,0
118578,0,2173,0
118580,0,2175,0
118582,0,2173,0
118584,0,2175,0
118586,0,2175,0
118588,0,2175,0
118590,0,2173,0
118592,0,2180,0
118594,0,2184,0
118596,0,2175,0
118598,67839,2181,1
118600,0,2181,0
118602,0,2174,0
118604,0,2175,0
118606,0,2175,0
118608,0,2175,0
118610,0,2182,0
118612,0,2174,0
118614,0,2181,0
118616,0,2183,0
118618,0,2175,0
118620,0,2181,0
118622,0,2175,0
118624,0,2181,0
118626,0,2181,0
118628,0,2181,0
118630,0,2175,0
118632,0,2181,0
118634,0,2183,0
118636,0,2175,0
118638,67837,2181,1
118640,0,2181,0
118642,0,2183,0
118644,0,2175,0
118646,0,2175,0
118648,0,2175,0
118650,0,2181,0
118652,0,2181,0
118654,0,2181,0
118656,0,2181,0
118658,0,2181,0
118660,0,2181,0
118662,0,2179,0
118664,0,2181,0
118666,0,2183,0
118668,0,2182,0
118670,0,2180,0
118672,0,2181,0
118674,0,2183,0
118676,0,2183,0
118678,67832,2183,1
118680,0,2181,0
118682,0,2180,0
118684,0,2183,0
118686,0,2183,0
118688,0,2181,0
118690,0,2181,0
118692,0,2181,0
118694,0,2181,0
118696,0,2183,0
118698,0,2175,0
118700,0,2175,0
118702,0,2181,0
118704,0,2183,0
118706,0,2180,0
118708,0,2181,0
118710,0,2181,0
118712,0,2182,0
118714,0,2183,0
118716,0,2181,0
118718,67840,2181,1
118720,0,2175,0
118722,0,2181,0
118724,0,2183,0
118726,0,2181,0
118728,0,2176,0
118730,0,2182,0
118732,0,2182,0
118734,0,2183,0
118736,0,2183,0
118738,0,2181,0
118740,0,2180,0
118742,0,2181,0
118744,0,2183,0
118746,0,2182,0
118748,0,2183,0
118750,0,2182,0
118752,0,2183,0
118754,0,2183,0
118756,0,2181,0
118758,67857,2183,1
118760,0,2182,0
118762,0,2182,0
118764,0,2183,0
118766,0,2182,0
118768,0,2175,0
118770,0,2182,0
118772,0,2183,0
118774,0,2182,0
118776,0,2183,0
118778,0,2183,0
118780,0,2181,0
118782,0,2182,0
118784,0,2184,0
118786,0,2185,0
118788,0,2183,0
118790,0,2183,0
118792,0,2181,0
118794,0,2181,0
118796,0,2183,0
118798,67865,2181,1
118800,0,2183,0
118802,0,2183,0
118804,0,2183,0
118806,0,2183,0
118808,0,2183,0
118810,0,2183,0
118812,0,2183,0
118814,0,2185,0
118816,0,2183,0
118818,0,2184,0
118820,0,2183,0
118822,0,2183,0
118824,0,2184,0
118826,0,2184,0
118828,0,2183,0
118830,0,2183,0
118832,0,2182,0
118834,0,2183,0
118836,0,2183,0
118838,67811,2183,1
118840,0,2183,0
118842,0,2184,0
118844,0,2183,0
118846,0,2183,0
118848,0,2183,0
118850,0,2183,0
118852,0,2183,0
118854,0,2183,0
118856,0,2183,0
118858,0,2183,0
118860,0,2175,0
118862,0,2181,0
118864,0,2184,0
118866,0,2183,0
118868,0,2183,0
118870,0,2183,0
118872,0,2184,0
118874,0,2183,0
118876,0,2183,0
118878,67804,2184,1
118880,0,2182,0
118882,0,2183,0
118884,0,2183,0
118886,0,2183,0
118888,0,2182,0
118890,0,2183,0
118892,0,2183,0
118894,0,2183,0
118896,0,2184,0
118898,0,2182,0
118900,0,2183,0
118902,0,2183,0
118904,0,2183,0
118906,0,2183,0
118908,0,2183,0
118910,0,2183,0
118912,0,2184,0
118914,0,2183,0
118916,67844,2180,1
118918,0,2183,0
118920,0,2183,0
118922,0,2183,0
118924,0,2182,0
118926,0,2185,0
118928,0,2184,0
118930,0,2183,0
118932,0,2183,0
118934,0,2183,0
118936,0,2183,0
118938,0,2183,0
118940,0,2183,0
118942,0,2183,0
118944,0,2183,0
118946,0,2184,0
118948,0,2184,0
118950,0,2185,0
118952,0,2183,0
118954,0,2185,0
118956,67866,2183,1
118958,0,2183,0
118960,0,2185,0
118962,0,2181,0
118964,0,2182,0
118966,0,2185,0
118968,0,2182,0
118970,0,2184,0
118972,0,2183,0
118974,0,2181,0
118976,0,2184,0
118978,0,2183,0
118980,0,2183,0
118982,0,2183,0
118984,0,2182,0
118986,0,2182,0
118988,0,2185,0
118990,0,2185,0
118992,0,2183,0
118994,0,2185,0
118996,67871,2183,1
118998,0,2183,0
119000,0,2183,0
119002,0,2183,0
119004,0,2179,0
119006,0,2184,0
119008,0,2183,0
119010,0,2183,0
119012,0,2183,0
119014,0,2183,0
119016,0,2185,0
119018,0,2183,0
119020,0,2184,0
119022,0,2185,0
119024,0,2184,0
119026,0,2184,0
119028,0,2183,0
119030,0,2183,0
119032,0,2183,0
119034,0,2185,0
119036,67888,2180,1
119038,0,2185,0
119040,0,2183,0
119042,0,2183,0
119044,0,2183,0
119046,0,2183,0
119048,0,2183,0
119050,0,2183,0
119052,0,2183,0
119054,0,2184,0
119056,0,2185,0
119058,0,2183,0
119060,0,2184,0
119062,0,2183,0
119064,0,2184,0
119066,0,2183,0
119068,0,2183,0
119070,0,2184,0
119072,0,2185,0
119074,0,2184,0
119076,67906,2185,1
119078,0,2185,0
119080,0,2189,0
119082,0,2184,0
119084,0,2183,0
119086,0,2185,0
119088,0,2183,0
119090,0,2184,0
119092,0,2183,0
119094,0,2183,0
119096,0,2183,0
119098,0,2183,0
119100,0,2183,0
119102,0,2184,0
119104,0,2185,0
119106,0,2185,0
119108,0,2183,0
119110,0,2183,0
119112,0,2185,0
119114,0,2185,0
119116,67919,2185,1
119118,0,2185,0
119120,0,2183,0
119122,0,2184,0
119124,0,2185,0
119126,0,2185,0
119128,0,2184,0
119130,0,2184,0
119132,0,2184,0
119134,0,2183,0
119136,0,2185,0
119138,0,2185,0
119140,0,2183,0
119142,0,2183,0
119144,0,2183,0
119146,0,2183,0
119148,0,2185,0
119150,0,2183,0
119152,0,2186,0
119154,0,2185,0
119156,67944,2183,1
119158,0,2183,0
119160,0,2185,0
119162,0,2176,0
119164,0,2184,0
119166,0,2184,0
119168,0,2183,0
119170,0,2183,0
119172,0,2185,0
119174,0,2189,0
119176,0,2183,0
119178,0,2183,0
119180,0,2186,0
119182,0,2185,0
119184,0,2185,0
119186,0,2183,0
119188,0,2185,0
119190,0,2185,0
119192,0,2183,0
119194,0,2186,0
119196,67981,2185,1
119198,0,2185,0
119200,0,2183,0
119202,0,2185,0
119204,0,2186,0
119206,0,2185,0
119208,0,2184,0
119210,0,2183,0
119212,0,2184,0
119214,0,2185,0
119216,0,2185,0
119218,0,2183,0
119220,0,2185,0
119222,0,2185,0
119224,0,2185,0
119226,0,2185,0
119228,0,2185,0
119230,0,2185,0
119232,0,2183,0
119234,0,2183,0
119236,67935,2184,1
119238,0,2183,0
119240,0,2183,0
119242,0,2184,0
119244,0,2183,0
119246,0,2185,0
119248,0,2184,0
119250,0,2187,0
119252,0,2185,0
119254,0,2185,0
119256,0,2184,0
119258,0,2185,0
119260,0,2183,0
119262,0,2185,0
119264,0,2185,0
119266,0,2185,0
119268,0,2185,0
119270,0,2185,0
119272,0,2183,0
119274,0,2185,0
119276,67932,2184,1
119278,0,2186,0
119280,0,2183,0
119282,0,2183,0
119284,0,2184,0
119286,0,2184,0
119288,0,2185,0
119290,0,2185,0
119292,0,2184,0
119294,0,2185,0
119296,0,2184,0
119298,0,2185,0
119300,0,2184,0
119302,0,2185,0
119304,0,2183,0
119306,0,2185,0
119308,0,2185,0
119310,0,2185,0
119312,0,2185,0
119314,67948,2185,1
119316,0,2184,0
119318,0,2187,0
119320,0,2185,0
119322,0,2183,0
119324,0,2184,0
119326,0,2184,0
119328,0,2184,0
119330,0,2184,0
119332,0,2185,0
119334,0,2185,0
119336,0,2185,0
119338,0,2183,0
119340,0,2185,0
119342,0,2184,0
119344,0,2185,0
119346,0,2184,0
119348,0,2185,0
119350,0,2185,0
119352,0,2185,0
119354,67962,2185,1
119356,0,2184,0
119358,0,2185,0
119360,0,2185,0
119362,0,2184,0
119364,0,2187,0
119366,0,2185,0
119368,0,2184,0
119370,0,2186,0
119372,0,2185,0
119374,0,2185,0
119376,0,2184,0
119378,0,2185,0
119380,0,2186,0
119382,0,2185,0
119384,0,2185,0
119386,0,2185,0
119388,0,2185,0
119390,0,2185,0
119392,0,2184,0
119394,67982,2185,1
119396,0,2186,0
119398,0,2185,0
119400,0,2185,0
119402,0,2185,0
119404,0,2185,0
119406,0,2184,0
119408,0,2184,0
119410,0,2185,0
119412,0,2185,0
119414,0,2185,0
119416,0,2185,0
119418,0,2185,0
119420,0,2217,0
119422,0,2185,0
119424,0,2187,0
119426,0,2185,0
119428,0,2187,0
119430,0,2185,0
119432,0,2185,0
119434,67990,2185,1
119436,0,2185,0
119438,0,2187,0
119440,0,2185,0
119442,0,2186,0
119444,0,2185,0
119446,0,2185,0
119448,0,2188,0
119450,0,2185,0
119452,0,2185,0
119454,0,2186,0
119456,0,2185,0
119458,0,2186,0
119460,0,2187,0
119462,0,2187,0
119464,0,2185,0
119466,0,2186,0
119468,0,2186,0
119470,0,2185,0
119472,0,2185,0
119474,68000,2185,1
119476,0,2185,0
119478,0,2185,0
119480,0,2185,0
119482,0,2187,0
119484,0,2187,0
119486,0,2185,0
119488,0,2187,0
119490,0,2189,0
119492,0,2184,0
119494,0,2185,0
119496,0,2186,0
119498,0,2185,0
119500,0,2185,0
119502,0,2183,0
119504,0,2185,0
119506,0,2185,0
119508,0,2186,0
119510,0,2185,0
119512,0,2187,0
119514,68004,2185,1
119516,0,2187,0
119518,0,2187,0
119520,0,2185,0
119522,0,2186,0
119524,0,2184,0
119526,0,2187,0
119528,0,2187,0
119530,0,2187,0
119532,0,2186,0
119534,0,2185,0
119536,0,2182,0
119538,0,2185,0
119540,0,2185,0
119542,0,2185,0
119544,0,2171,0
119546,0,2185,0
119548,0,2185,0
119550,0,2185,0
119552,0,2185,0
119554,68022,2185,1
119556,0,2183,0
119558,0,2173,0
119560,0,2185,0
119562,0,2185,0
119564,0,2187,0
119566,0,2183,0
119568,0,2187,0
119570,0,2187,0
119572,0,2186,0
119574,0,2187,0
119576,0,2185,0
119578,0,2187,0
119580,0,2185,0
119582,0,2187,0
119584,0,2185,0
119586,0,2185,0
119588,0,2185,0
119590,0,2185,0
119592,0,2187,0
119594,68011,2186,1
119596,0,2184,0
119598,0,2186,0
119600,0,2187,0
119602,0,2185,0
119604,0,2186,0
119606,0,2187,0
119608,0,2185,0
119610,0,2186,0
119612,0,2185,0
119614,0,2185,0
119616,0,2187,0
119618,0,2185,0
119620,0,2186,0
119622,0,2187,0
119624,0,2184,0
119626,0,2187,0
119628,0,2185,0
119630,0,2187,0
119632,0,2191,0
119634,67948,2187,1
119636,0,2187,0
119638,0,2187,0
119640,0,2186,0
119642,0,2185,0
119644,0,2187,0
119646,0,2185,0
119648,0,2185,0
119650,0,2185,0
119652,0,2171,0
119654,0,2185,0
119656,0,2185,0
119658,0,2185,0
119660,0,2184,0
119662,0,2185,0
119664,0,2187,0
119666,0,2186,0
119668,0,2185,0
119670,0,2185,0
119672,0,2187,0
119674,67928,2186,1
119676,0,2185,0
119678,0,2185,0
119680,0,2184,0
119682,0,2186,0
119684,0,2187,0
119686,0,2187,0
119688,0,2185,0
119690,0,2185,0
119692,0,2187,0
119694,0,2185,0
119696,0,2186,0
119698,0,2185,0
119700,0,2186,0
119702,0,2187,0
119704,0,2186,0
119706,0,2183,0
119708,0,2184,0
119710,0,2185,0
119712,67927,2185,1
119714,0,2197,0
119716,0,2191,0
119718,0,2187,0
119720,0,2185,0
119722,0,2185,0
119724,0,2185,0
119726,0,2187,0
119728,0,2187,0
119730,0,2187,0
119732,0,2187,0
119734,0,2186,0
119736,0,2193,0
119738,0,2186,0
119740,0,2187,0
119742,0,2187,0
119744,0,2187,0
119746,0,2189,0
119748,0,2187,0
119750,0,2187,0
119752,67925,2187,1
119754,0,2187,0
119756,0,2185,0
119758,0,2185,0
119760,0,2185,0
119762,0,2187,0
119764,0,2185,0
119766,0,2187,0
119768,0,2184,0
119770,0,2188,0
119772,0,2186,0
119774,0,2185,0
119776,0,2185,0
119778,0,2187,0
119780,0,2189,0
119782,0,2185,0
119784,0,2186,0
119786,0,2186,0
119788,0,2187,0
119790,0,2189,0
119792,67904,2187,1
119794,0,2187,0
119796,0,2188,0
119798,0,2187,0
119800,0,2184,0
119802,0,2187,0
119804,0,2187,0
119806,0,2188,0
119808,0,2187,0
119810,0,2187,0
119812,0,2187,0
119814,0,2187,0
119816,0,2189,0
119818,0,2188,0
119820,0,2187,0
119822,0,2187,0
119824,0,2189,0
119827,0,2187,0
119829,0,2187,0
119831,0,2187,0
119833,67907,2175,1
119835,0,2187,0
119837,0,2187,0
119839,0,2190,0
119841,0,2187,0
119843,0,2187,0
119845,0,2187,0
119847,0,2189,0
119849,0,2186,0
119851,0,2189,0
119853,0,2188,0
119855,0,2185,0
119857,0,2187,0
119859,0,2187,0
119861,0,2187,0
119863,0,2186,0
119865,0,2187,0
119867,0,2188,0
119869,0,2187,0
119871,0,2187,0
119873,67901,2187,1
119875,0,2187,0
119877,0,2187,0
119879,0,2188,0
119881,0,2187,0
119883,0,2185,0
119885,0,2188,0
119887,0,2187,0
119889,0,2186,0
119891,0,2187,0
119893,0,2189,0
119895,0,2189,0
119897,0,2189,0
119899,0,2187,0
119901,0,2188,0
119903,0,2188,0
119905,0,2189,0
119907,0,2188,0
119909,0,2186,0
119911,0,2187,0
119913,67906,2185,1
119915,0,2187,0
119917,0,2187,0
119919,0,2188,0
119921,0,2187,0
119923,0,2184,0
119925,0,2187,0
119927,0,2188,0
119929,0,2188,0
119931,0,2189,0
119933,0,2187,0
119935,0,2187,0
119937,0,2188,0
119939,0,2189,0
119941,0,2189,0
119943,0,2189,0
119945,0,2187,0
119947,0,2187,0
119949,0,2189,0
119951,0,2188,0
119953,67921,2184,1
119955,0,2186,0
119957,0,2188,0
119959,0,2188,0
119961,0,2187,0
119963,0,2189,0
119965,0,2188,0
119967,0,2188,0
119969,0,2187,0
119971,0,2187,0
119973,0,2187,0
119975,0,2188,0
119977,0,2187,0
119979,0,2187,0
119981,0,2187,0
119983,0,2188,0
119985,0,2187,0
119987,0,2188,0
119989,0,2189,0
119991,0,2187,0
119993,67909,2189,1
119995,0,2185,0
119997,0,2187,0
119999,0,2187,0
120001,0,2187,0
120003,0,2188,0
120005,0,2187,0
120007,0,2187,0
120009,0,2188,0
120011,0,2187,0
120013,0,2188,0
120015,0,2185,0
120017,0,2186,0
120019,0,2187,0
120021,0,2189,0
120023,0,2187,0
120025,0,2187,0
120027,0,2185,0
120029,0,2185,0
120031,0,2187,0
120033,67850,2186,1
120035,0,2189,0
120037,0,2187,0
120039,0,2187,0
120041,0,2187,0
120043,0,2188,0
120045,0,2188,0
120047,0,2187,0
120049,0,2188,0
120051,0,2185,0
120053,0,2188,0
120055,0,2188,0
120057,0,2187,0
120059,0,2188,0
120061,0,2187,0
120063,0,2189,0
120065,0,2189,0
120067,0,2189,0
120069,0,2187,0
120071,0,2188,0
120073,67827,2188,1
120075,0,2189,0
120077,0,2187,0
120079,0,2188,0
120081,0,2184,0
120083,0,2186,0
120085,0,2187,0
120087,0,2187,0
120089,0,2188,0
120091,0,2185,0
120093,0,2187,0
120095,0,2187,0
120097,0,2188,0
120099,0,2187,0
120101,0,2189,0
120103,0,2187,0
120105,0,2187,0
120107,0,2187,0
120109,0,2188,0
120111,67825,2187,1
120113,0,2187,0
120115,0,2189,0
120117,0,2187,0
120119,0,2189,0
120121,0,2189,0
120123,0,2189,0
120125,0,2187,0
120127,0,2189,0
120129,0,2186,0
120131,0,2188,0
120133,0,2189,0
120135,0,2187,0
120137,0,2188,0
120139,0,2187,0
120141,0,2189,0
120143,0,2185,0
120145,0,2189,0
120147,0,2188,0
120149,0,2189,0
120151,67828,2190,1
120153,0,2187,0
120155,0,2188,0
120157,0,2189,0
120159,0,2189,0
120161,0,2187,0
120163,0,2187,0
120165,0,2189,0
120167,0,2188,0
120169,0,2187,0
120171,0,2188,0
120173,0,2189,0
120175,0,2187,0
120177,0,2188,0
120179,0,2188,0
120181,0,2187,0
120183,0,2187,0
120185,0,2189,0
120187,0,2189,0
120189,0,2189,0
120191,67842,2188,1
120193,0,2199,0
120195,0,2187,0
120197,0,2188,0
120199,0,2189,0
120201,0,2189,0
120203,0,2189,0
120205,0,2188,0
120207,0,2189,0
120209,0,2189,0
120211,0,2188,0
120213,0,2189,0
120215,0,2181,0
120217,0,2191,0
120219,0,2188,0
120221,0,2188,0
120223,0,2189,0
120225,0,2189,0
120227,0,2188,0
120229,0,2188,0
120231,67838,2204,1
120233,0,2187,0
120235,0,2188,0
120237,0,2189,0
120239,0,2187,0
120241,0,2188,0
120243,0,2187,0
120245,0,2189,0
120247,0,2188,0
120249,0,2187,0
120251,0,2188,0
120253,0,2189,0
120255,0,2189,0
120257,0,2187,0
120259,0,2188,0
120261,0,2190,0
120263,0,2191,0
120265,0,2189,0
120267,0,2187,0
120269,0,2189,0
120271,67822,2188,1
120273,0,2189,0
120275,0,2189,0
120277,0,2190,0
120279,0,2189,0
120281,0,2189,0
120283,0,2189,0
120285,0,2189,0
120287,0,2189,0
120289,0,2187,0
120291,0,2189,0
120293,0,2189,0
120295,0,2189,0
120297,0,2185,0
120299,0,2189,0
120301,0,2189,0
120303,0,2189,0
120305,0,2189,0
120307,0,2189,0
120309,0,2189,0
120311,67807,2189,1
120313,0,2189,0
120315,0,2190,0
120317,0,2189,0
120319,0,2187,0
120321,0,2188,0
120323,0,2189,0
120325,0,2187,0
120327,0,2187,0
120329,0,2188,0
120331,0,2189,0
120333,0,2186,0
120335,0,2189,0
120337,0,2190,0
120339,0,2189,0
120341,0,2189,0
120343,0,2187,0
120345,0,2189,0
120347,0,2189,0
120349,0,2187,0
120351,67811,2189,1
120353,0,2188,0
120355,0,2188,0
120357,0,2190,0
120359,0,2189,0
120361,0,2187,0
120363,0,2190,0
120365,0,2189,0
120367,0,2189,0
120369,0,2189,0
120371,0,2193,0
120373,0,2189,0
120375,0,2188,0
120377,0,2190,0
120379,0,2191,0
120381,0,2189,0
120383,0,2189,0
120385,0,2189,0
120387,0,2189,0
120389,0,2189,0
120391,67780,2190,1
120393,0,2189,0
120395,0,2191,0
120397,0,2189,0
120399,0,2189,0
120401,0,2187,0
120403,0,2189,0
120405,0,2189,0
120407,0,2191,0
120409,0,2188,0
120411,0,2189,0
120413,0,2189,0
120415,0,2191,0
120417,0,2191,0
120419,0,2189,0
120421,0,2191,0
120423,0,2187,0
120425,0,2188,0
120427,0,2191,0
120429,0,2189,0
120431,67703,2189,1
120433,0,2190,0
120435,0,2189,0
120437,0,2189,0
120439,0,2190,0
120441,0,2190,0
120443,0,2195,0
120445,0,2189,0
120447,0,2191,0
120449,0,2189,0
120451,0,2189,0
120453,0,2190,0
120455,0,2190,0
120457,0,2190,0
120459,0,2190,0
120461,0,2191,0
120463,0,2189,0
120465,0,2191,0
120467,0,2189,0
120469,0,2191,0
120471,67686,2190,1
120473,0,2189,0
120475,0,2189,0
120477,0,2189,0
120479,0,2189,0
120481,0,2191,0
120483,0,2191,0
120485,0,2189,0
120487,0,2189,0
120489,0,2189,0
120491,0,2189,0
120493,0,2191,0
120495,0,2189,0
120497,0,2189,0
120499,0,2189,0
120501,0,2191,0
120503,0,2194,0
120505,0,2191,0
120507,0,2191,0
120509,67659,2190,1
120511,0,2193,0
120513,0,2190,0
120515,0,2191,0
120517,0,2190,0
120519,0,2191,0
120521,0,2191,0
120523,0,2190,0
120525,0,2189,0
120527,0,2191,0
120529,0,2189,0
120531,0,2195,0
120533,0,2193,0
120535,0,2194,0
120537,0,2191,0
120539,0,2191,0
120541,0,2191,0
120543,0,2191,0
120545,0,2191,0
120547,0,2191,0
120549,67605,2193,1
120551,0,2193,0
120553,0,2191,0
120555,0,2191,0
120557,0,2191,0
120559,0,2191,0
120561,0,2193,0
120563,0,2190,0
120565,0,2193,0
120567,0,2193,0
120569,0,2191,0
120571,0,2193,0
120573,0,2189,0
120575,0,2190,0
120577,0,2175,0
120579,0,2196,0
120581,0,2189,0
120583,0,2190,0
120585,0,2190,0
120587,0,2191,0
120589,67588,2193,1
120591,0,2193,0
120593,0,2195,0
120595,0,2191,0
120597,0,2191,0
120599,0,2186,0
120601,0,2190,0
120603,0,2193,0
120605,0,2191,0
120607,0,2190,0
120609,0,2197,0
120611,0,2190,0
120613,0,2193,0
120615,0,2194,0
120617,0,2191,0
120619,0,2189,0
120621,0,2195,0
120623,0,2191,0
120625,0,2190,0
120627,0,2193,0
120629,67526,2191,1
120631,0,2190,0
120633,0,2190,0
120635,0,2191,0
120637,0,2191,0
120639,0,2191,0
120641,0,2193,0
120643,0,2195,0
120645,0,2195,0
120647,0,2193,0
120649,0,2194,0
120651,0,2193,0
120653,0,2194,0
120655,0,2195,0
120657,0,2193,0
120659,0,2193,0
120661,0,2189,0
120663,0,2194,0
120665,0,2193,0
120667,0,2195,0
120669,67378,2193,1
120671,0,2193,0
120673,0,2190,0
120675,0,2195,0
120677,0,2195,0
120679,0,2193,0
120681,0,2193,0
120683,0,2194,0
120685,0,2195,0
120687,0,2195,0
120689,0,2191,0
120691,0,2195,0
120693,0,2195,0
120695,0,2195,0
120697,0,2195,0
120699,0,2197,0
120701,0,2191,0
120703,0,2195,0
120705,0,2195,0
120707,0,2196,0
120709,67273,2196,1
120711,0,2197,0
120713,0,2195,0
120715,0,2195,0
120717,0,2197,0
120719,0,2197,0
120721,0,2197,0
120723,0,2195,0
120725,0,2197,0
120727,0,2197,0
120729,0,2198,0
120731,0,2197,0
120733,0,2197,0
120735,0,2197,0
120737,0,2197,0
120739,0,2197,0
120741,0,2197,0
120743,0,2197,0
120745,0,2195,0
120747,0,2196,0
120749,67310,2198,1
120751,0,2198,0
120753,0,2197,0
120755,0,2199,0
120757,0,2199,0
120759,0,2197,0
120761,0,2197,0
120763,0,2199,0
120765,0,2198,0
120767,0,2201,0
120769,0,2199,0
120771,0,2197,0
120773,0,2198,0
120775,0,2197,0
120777,0,2199,0
120779,0,2199,0
120781,0,2199,0
120783,0,2199,0
120785,0,2198,0
120787,0,2199,0
120789,67338,2199,1
120791,0,2199,0
120793,0,2199,0
120795,0,2199,0
120797,0,2199,0
120799,0,2199,0
120801,0,2200,0
120803,0,2199,0
120805,0,2199,0
120807,0,2200,0
120809,0,2200,0
120811,0,2199,0
120813,0,2199,0
120815,0,2200,0
120817,0,2199,0
120819,0,2200,0
120821,0,2200,0
120823,0,2200,0
120825,0,2199,0
120827,0,2200,0
120829,67243,2201,1
120831,0,2201,0
120833,0,2200,0
120835,0,2201,0
120837,0,2201,0
120839,0,2199,0
120841,0,2200,0
120843,0,2200,0
120845,0,2200,0
120847,0,2199,0
120849,0,2201,0
120851,0,2202,0
120853,0,2201,0
120855,0,2201,0
120857,0,2201,0
120859,0,2203,0
120861,0,2201,0
120863,0,2201,0
120865,0,2201,0
120867,0,2213,0
120869,67185,2203,1
120871,0,2201,0
120873,0,2201,0
120875,0,2201,0
120877,0,2201,0
120879,0,2201,0
120881,0,2201,0
120883,0,2201,0
120885,0,2203,0
120887,0,2201,0
120889,0,2201,0
120891,0,2201,0
120893,0,2203,0
120895,0,2201,0
120897,0,2200,0
120899,0,2201,0
120901,0,2203,0
120903,0,2203,0
120905,0,2203,0
120907,67229,2201,1
120909,0,2203,0
120911,0,2204,0
120913,0,2203,0
120915,0,2203,0
120917,0,2203,0
120919,0,2203,0
120921,0,2203,0
120923,0,2204,0
120925,0,2203,0
120927,0,2204,0
120929,0,2205,0
120931,0,2203,0
120933,0,2204,0
120935,0,2204,0
120937,0,2203,0
120939,0,2203,0
120941,0,2204,0
120943,0,2204,0
120945,0,2203,0
120947,67296,2204,1
120949,0,2203,0
120951,0,2203,0
120953,0,2204,0
120955,0,2203,0
120957,0,2203,0
120959,0,2203,0
120961,0,2203,0
120963,0,2204,0
120965,0,2204,0
120967,0,2203,0
120969,0,2204,0
120971,0,2203,0
120973,0,2204,0
120975,0,2203,0
120977,0,2205,0
120979,0,2204,0
120981,0,2205,0
120983,0,2203,0
120985,0,2207,0
120987,67343,2203,1
120989,0,2203,0
120991,0,2203,0
120993,0,2203,0
120995,0,2188,0
120997,0,2205,0
120999,0,2203,0
121001,0,2205,0
121003,0,2203,0
121005,0,2203,0
121007,0,2204,0
121009,0,2205,0
121011,0,2205,0
121013,0,2202,0
121015,0,2203,0
121017,0,2203,0
121019,0,2205,0
121021,0,2205,0
121023,0,2203,0
121025,0,2202,0
121027,67358,2205,1
121029,0,2205,0
121031,0,2204,0
121033,0,2204,0
121035,0,2203,0
121037,0,2205,0
121039,0,2203,0
121041,0,2205,0
121043,0,2205,0
121045,0,2207,0
121047,0,2207,0
121049,0,2205,0
121051,0,2206,0
121053,0,2202,0
121055,0,2204,0
121057,0,2207,0
121059,0,2205,0
121061,0,2203,0
121063,0,2205,0
121065,0,2205,0
121067,67371,2207,1
121069,0,2204,0
121071,0,2205,0
121073,0,2204,0
121075,0,2205,0
121077,0,2198,0
121079,0,2203,0
121081,0,2205,0
121083,0,2204,0
121085,0,2205,0
121087,0,2203,0
121089,0,2203,0
121091,0,2204,0
121093,0,2205,0
121095,0,2203,0
121097,0,2206,0
121099,0,2195,0
121101,0,2206,0
121103,0,2205,0
121105,0,2205,0
121107,67410,2205,1
121109,0,2203,0
121111,0,2204,0
121113,0,2205,0
121115,0,2205,0
121117,0,2204,0
121119,0,2203,0
121121,0,2205,0
121123,0,2205,0
121125,0,2205,0
121127,0,2203,0
121129,0,2206,0
121131,0,2205,0
121133,0,2205,0
121135,0,2205,0
121137,0,2205,0
121139,0,2205,0
121141,0,2206,0
121143,0,2215,0
121145,0,2203,0
121147,67463,2205,1
121149,0,2203,0
121151,0,2203,0
121153,0,2204,0
121155,0,2203,0
121157,0,2204,0
121159,0,2203,0
121161,0,2203,0
121163,0,2204,0
121165,0,2203,0
121167,0,2205,0
121169,0,2203,0
121171,0,2205,0
121173,0,2205,0
121175,0,2204,0
121177,0,2204,0
121179,0,2205,0
121181,0,2203,0
121183,0,2203,0
121185,0,2203,0
121187,67457,2202,1
121189,0,2203,0
121191,0,2205,0
121193,0,2203,0
121195,0,2203,0
121197,0,2203,0
121199,0,2205,0
121201,0,2203,0
121203,0,2203,0
121205,0,2205,0
121207,0,2203,0
121209,0,2204,0
121211,0,2205,0
121213,0,2203,0
121215,0,2203,0
121217,0,2204,0
121219,0,2203,0
121221,0,2203,0
121223,0,2205,0
121225,0,2204,0
121227,67445,2203,1
121229,0,2203,0
121231,0,2203,0
121233,0,2203,0
121235,0,2203,0
121237,0,2203,0
121239,0,2203,0
121241,0,2203,0
121243,0,2203,0
121245,0,2201,0
121247,0,2197,0
121249,0,2203,0
121251,0,2203,0
121253,0,2201,0
121255,0,2200,0
121257,0,2203,0
121259,0,2203,0
121261,0,2202,0
121263,0,2201,0
121265,0,2201,0
121267,67500,2203,1
121269,0,2201,0
121271,0,2200,0
121273,0,2201,0
121275,0,2200,0
121277,0,2200,0
121279,0,2201,0
121281,0,2201,0
121283,0,2201,0
121285,0,2203,0
121287,0,2200,0
121289,0,2201,0
121291,0,2199,0
121293,0,2201,0
121295,0,2201,0
121297,0,2200,0
121299,0,2201,0
121301,0,2201,0
121303,0,2200,0
121305,67559,2199,1
121307,0,2200,0
121309,0,2201,0
121311,0,2200,0
121313,0,2199,0
121315,0,2198,0
121317,0,2200,0
121319,0,2200,0
121321,0,2200,0
121323,0,2200,0
121325,0,2199,0
121327,0,2198,0
121329,0,2191,0
121331,0,2199,0
121333,0,2198,0
121335,0,2195,0
121337,0,2199,0
121339,0,2199,0
121341,0,2199,0
121343,0,2199,0
121345,67617,2197,1
121347,0,2198,0
121349,0,2195,0
121351,0,2197,0
121353,0,2197,0
121355,0,2197,0
121357,0,2196,0
121359,0,2197,0
121361,0,2195,0
121363,0,2196,0
121365,0,2195,0
121367,0,2187,0
121369,0,2195,0
121371,0,2193,0
121373,0,2193,0
121375,0,2193,0
121377,0,2194,0
121379,0,2191,0
121381,0,2197,0
121383,0,2193,0
121385,67697,2191,1
121387,0,2189,0
121389,0,2193,0
121391,0,2191,0
121393,0,2190,0
121395,0,2188,0
121397,0,2189,0
121399,0,2187,0
121401,0,2189,0
121403,0,2189,0
121405,0,2189,0
121407,0,2185,0
121409,0,2187,0
121411,0,2184,0
121413,0,2184,0
121415,0,2185,0
121417,0,2187,0
121419,0,2184,0
121421,0,2185,0
121423,0,2183,0
121425,67750,2183,1
121427,0,2183,0
121429,0,2183,0
121431,0,2183,0
121433,0,2182,0
121435,0,2175,0
121437,0,2181,0
121439,0,2175,0
121441,0,2175,0
121443,0,2173,0
121445,0,2173,0
121447,0,2171,0
121449,0,2173,0
121451,0,2171,0
121453,0,2173,0
121455,0,2171,0
121457,0,2173,0
121459,0,2172,0
121461,0,2170,0
121463,0,2156,0
121465,67780,2168,1
121467,0,2169,0
121469,0,2168,0
121471,0,2169,0
121473,0,2167,0
121475,0,2167,0
121477,0,2167,0
121479,0,2167,0
121481,0,2165,0
121483,0,2167,0
121485,0,2165,0
121487,0,2165,0
121489,0,2164,0
121491,0,2163,0
121493,0,2165,0
121495,0,2164,0
121497,0,2163,0
121499,0,2163,0
121501,0,2163,0
121503,0,2163,0
121505,67815,2159,1
121507,0,2163,0
121509,0,2159,0
121511,0,2159,0
121513,0,2164,0
121515,0,2159,0
121517,0,2159,0
121519,0,2157,0
121521,0,2158,0
121523,0,2157,0
121525,0,2143,0
121527,0,2159,0
121529,0,2158,0
121531,0,2155,0
121533,0,2156,0
121535,0,2153,0
121537,0,2155,0
121539,0,2155,0
121541,0,2155,0
121543,0,2156,0
121545,67848,2155,1
121547,0,2155,0
121549,0,2153,0
121551,0,2153,0
121553,0,2153,0
121555,0,2153,0
121557,0,2153,0
121559,0,2152,0
121561,0,2151,0
121563,0,2151,0
121565,0,2151,0
121567,0,2151,0
121569,0,2151,0
121571,0,2151,0
121573,0,2151,0
121575,0,2151,0
121577,0,2149,0
121579,0,2148,0
121581,0,2149,0
121583,0,2149,0
121585,67828,2149,1
121587,0,2146,0
121589,0,2149,0
121591,0,2147,0
121593,0,2149,0
121595,0,2147,0
121597,0,2147,0
121599,0,2147,0
121601,0,2145,0
121603,0,2147,0
121605,0,2143,0
121607,0,2143,0
121609,0,2143,0
121611,0,2141,0
121613,0,2148,0
121615,0,2157,0
121617,0,2147,0
121619,0,2142,0
121621,0,2140,0
121623,0,2139,0
121625,67788,2139,1
121627,0,2139,0
121629,0,2140,0
121631,0,2140,0
121633,0,2141,0
121635,0,2140,0
121637,0,2139,0
121639,0,2139,0
121641,0,2139,0
121643,0,2139,0
121645,0,2138,0
121647,0,2139,0
121649,0,2139,0
121651,0,2138,0
121653,0,2137,0
121655,0,2135,0
121658,0,2136,0
121660,0,2137,0
121662,0,2136,0
121664,67798,2137,1
121666,0,2137,0
121668,0,2137,0
121670,0,2135,0
121672,0,2135,0
121674,0,2136,0
121676,0,2134,0
121678,0,2135,0
121680,0,2135,0
121682,0,2135,0
121684,0,2133,0
121686,0,2133,0
121688,0,2135,0
121690,0,2134,0
121692,0,2133,0
121694,0,2133,0
121696,0,2135,0
121698,0,2133,0
121700,0,2133,0
121702,0,2133,0
121704,67808,2133,1
121706,0,2132,0
121708,0,2133,0
121710,0,2132,0
121712,0,2133,0
121714,0,2131,0
121716,0,2132,0
121718,0,2129,0
121720,0,2127,0
121722,0,2132,0
121724,0,2132,0
121726,0,2131,0
121728,0,2131,0
121730,0,2131,0
121732,0,2137,0
121734,0,2129,0
121736,0,2130,0
121738,0,2130,0
121740,0,2143,0
121742,0,2127,0
121744,67819,2131,1
121746,0,2129,0
121748,0,2127,0
121750,0,2131,0
121752,0,2127,0
121754,0,2127,0
121756,0,2130,0
121758,0,2131,0
121760,0,2127,0
121762,0,2127,0
121764,0,2127,0
121766,0,2126,0
121768,0,2126,0
121770,0,2127,0
121772,0,2127,0
121774,0,2127,0
121776,0,2125,0
121778,0,2125,0
121780,0,2126,0
121782,0,2125,0
121784,67840,2125,1
121786,0,2126,0
121788,0,2127,0
121790,0,2125,0
121792,0,2128,0
121794,0,2124,0
121796,0,2125,0
121798,0,2124,0
121800,0,2125,0
121802,0,2125,0
121804,0,2123,0
121806,0,2123,0
121808,0,2123,0
121810,0,2124,0
121812,0,2124,0
121814,0,2124,0
121816,0,2123,0
121818,0,2125,0
121820,0,2124,0
121822,0,2122,0
121824,67880,2123,1
121826,0,2123,0
121828,0,2123,0
121830,0,2123,0
121832,0,2121,0
121834,0,2123,0
121836,0,2121,0
121838,0,2122,0
121840,0,2121,0
121842,0,2122,0
121844,0,2121,0
121846,0,2121,0
121848,0,2120,0
121850,0,2123,0
121852,0,2121,0
121854,0,2121,0
121856,0,2123,0
121858,0,2121,0
121860,0,2121,0
121862,0,2120,0
121864,67910,2121,1
121866,0,2122,0
121868,0,2121,0
121870,0,2121,0
121872,0,2119,0
121874,0,2120,0
121876,0,2121,0
121878,0,2121,0
121880,0,2120,0
121882,0,2121,0
121884,0,2121,0
121886,0,2120,0
121888,0,2119,0
121890,0,2118,0
121892,0,2119,0
121894,0,2119,0
121896,0,2120,0
121898,0,2120,0
121900,0,2119,0
121902,0,2119,0
121904,67925,2119,1
121906,0,2119,0
121908,0,2120,0
121910,0,2119,0
121912,0,2119,0
121914,0,2119,0
121916,0,2119,0
121918,0,2119,0
121920,0,2119,0
121922,0,2119,0
121924,0,2119,0
121926,0,2118,0
121928,0,2119,0
121930,0,2111,0
121932,0,2117,0
121934,0,2119,0
121936,0,2116,0
121938,0,2117,0
121940,0,2117,0
121942,0,2116,0
121944,67995,2121,1
121946,0,2119,0
121948,0,2116,0
121950,0,2117,0
121952,0,2117,0
121954,0,2117,0
121956,0,2117,0
121958,0,2117,0
121960,0,2117,0
121962,0,2117,0
121964,0,2116,0
121966,0,2117,0
121968,0,2115,0
121970,0,2117,0
121972,0,2111,0
121974,0,2116,0
121976,0,2111,0
121978,0,2117,0
121980,0,2111,0
121982,0,2111,0
121984,68048,2117,1
121986,0,2112,0
121988,0,2111,0
121990,0,2111,0
121992,0,2111,0
121994,0,2115,0
121996,0,2109,0
121998,0,2111,0
122000,0,2111,0
122002,0,2111,0
122004,0,2111,0
122006,0,2110,0
122008,0,2108,0
122010,0,2109,0
122012,0,2111,0
122014,0,2110,0
122016,0,2111,0
122018,0,2107,0
122020,0,2111,0
122022,0,2109,0
122024,68068,2109,1
122026,0,2108,0
122028,0,2111,0
122030,0,2109,0
122032,0,2109,0
122034,0,2107,0
122036,0,2107,0
122038,0,2107,0
122040,0,2115,0
122042,0,2106,0
122044,0,2107,0
122046,0,2107,0
122048,0,2109,0
122050,0,2108,0
122052,0,2103,0
122054,0,2105,0
122056,0,2106,0
122058,0,2105,0
122060,0,2108,0
122062,68099,2103,1
122064,0,2107,0
122066,0,2105,0
122068,0,2103,0
122070,0,2103,0
122072,0,2102,0
122074,0,2103,0
122076,0,2102,0
122078,0,2103,0
122080,0,2103,0
122082,0,2100,0
122084,0,2099,0
122086,0,2099,0
122088,0,2095,0
122090,0,2099,0
122092,0,2091,0
122094,0,2095,0
122096,0,2095,0
122098,0,2095,0
122100,0,2092,0
122102,68119,2091,1
122104,0,2093,0
122106,0,2093,0
122108,0,2092,0
122110,0,2089,0
122112,0,2089,0
122114,0,2084,0
122116,0,2090,0
122118,0,2088,0
122120,0,2087,0
122122,0,2089,0
122124,0,2087,0
122126,0,2086,0
122128,0,2085,0
122130,0,2088,0
122132,0,2085,0
122134,0,2086,0
122136,0,2085,0
122138,0,2083,0
122140,0,2087,0
122142,68156,2085,1
122144,0,2083,0
122146,0,2080,0
122148,0,2083,0
122150,0,2079,0
122152,0,2079,0
122154,0,2079,0
122156,0,2079,0
122158,0,2078,0
122160,0,2079,0
122162,0,2077,0
122164,0,2078,0
122166,0,2077,0
122168,0,2075,0
122170,0,2077,0
122172,0,2076,0
122174,0,2076,0
122176,0,2075,0
122178,0,2075,0
122180,0,2075,0
122182,68213,2074,1
122184,0,2074,0
122186,0,2073,0
122188,0,2072,0
122190,0,2073,0
122192,0,2071,0
122194,0,2073,0
122196,0,2071,0
122198,0,2071,0
122200,0,2071,0
122202,0,2072,0
122204,0,2069,0
122206,0,2071,0
122208,0,2069,0
122210,0,2071,0
122212,0,2069,0
122214,0,2071,0
122216,0,2069,0
122218,0,2069,0
122220,0,2069,0
122222,68259,2069,1
122224,0,2067,0
122226,0,2067,0
122228,0,2067,0
122230,0,2067,0
122232,0,2065,0
122234,0,2067,0
122236,0,2067,0
122238,0,2067,0
122240,0,2065,0
122242,0,2067,0
122244,0,2065,0
122246,0,2065,0
122248,0,2065,0
122250,0,2063,0
122252,0,2063,0
122254,0,2065,0
122256,0,2065,0
122258,0,2065,0
122260,0,2063,0
122262,68295,2063,1
122264,0,2063,0
122266,0,2063,0
122268,0,2063,0
122270,0,2063,0
122272,0,2060,0
122274,0,2063,0
122276,0,2059,0
122278,0,2059,0
122280,0,2061,0
122282,0,2060,0
122284,0,2063,0
122286,0,2063,0
122288,0,2055,0
122290,0,2059,0
122292,0,2057,0
122294,0,2059,0
122296,0,2059,0
122298,0,2057,0
122300,0,2059,0
122302,68270,2057,1
122304,0,2057,0
122306,0,2057,0
122308,0,2057,0
122310,0,2059,0
122312,0,2057,0
122314,0,2059,0
122316,0,2057,0
122318,0,2056,0
122320,0,2063,0
122322,0,2057,0
122324,0,2057,0
122326,0,2055,0
122328,0,2056,0
122330,0,2057,0
122332,0,2040,0
122334,0,2055,0
122336,0,2055,0
122338,0,2056,0
122340,0,2055,0
122342,68229,2054,1
122344,0,2054,0
122346,0,2054,0
122348,0,2053,0
122350,0,2053,0
122352,0,2053,0
122354,0,2067,0
122356,0,2056,0
122358,0,2054,0
122360,0,2055,0
122362,0,2053,0
122364,0,2055,0
122366,0,2057,0
122368,0,2053,0
122370,0,2053,0
122372,0,2053,0
122374,0,2055,0
122376,0,2045,0
122378,0,2045,0
122380,0,2045,0
122382,68198,2053,1
122384,0,2045,0
122386,0,2044,0
122388,0,2045,0
122390,0,2045,0
122392,0,2045,0
122394,0,2044,0
122396,0,2045,0
122398,0,2044,0
122400,0,2045,0
122402,0,2043,0
122404,0,2044,0
122406,0,2045,0
122408,0,2043,0
122410,0,2043,0
122412,0,2045,0
122414,0,2045,0
122416,0,2043,0
122418,0,2043,0
122420,0,2043,0
122422,68175,2041,1
122424,0,2041,0
122426,0,2042,0
122428,0,2041,0
122430,0,2043,0
122432,0,2043,0
122434,0,2044,0
122436,0,2041,0
122438,0,2041,0
122440,0,2043,0
122442,0,2043,0
122444,0,2042,0
122446,0,2043,0
122448,0,2043,0
122450,0,2043,0
122452,0,2041,0
122454,0,2043,0
122456,0,2041,0
122458,0,2041,0
122460,68166,2041,1
122462,0,2042,0
122464,0,2041,0
122466,0,2041,0
122468,0,2042,0
122470,0,2043,0
122472,0,2040,0
122474,0,2041,0
122476,0,2040,0
122478,0,2042,0
122480,0,2041,0
122482,0,2044,0
122484,0,2040,0
122486,0,2041,0
122488,0,2040,0
122490,0,2041,0
122492,0,2041,0
122494,0,2040,0
122496,0,2041,0
122498,0,2041,0
122500,68145,2040,1
122502,0,2040,0
122504,0,2041,0
122506,0,2039,0
122508,0,2040,0
122510,0,2039,0
122512,0,2040,0
122514,0,2040,0
122516,0,2040,0
122518,0,2040,0
122520,0,2039,0
122522,0,2041,0
122524,0,2040,0
122526,0,2039,0
122528,0,2040,0
122530,0,2041,0
122532,0,2041,0
122534,0,2041,0
122536,0,2042,0
122538,0,2041,0
122540,68129,2041,1
122542,0,2043,0
122544,0,2041,0
122546,0,2043,0
122548,0,2043,0
122550,0,2043,0
122552,0,2043,0
122554,0,2039,0
122556,0,2044,0
122558,0,2044,0
122560,0,2044,0
122562,0,2045,0
122564,0,2055,0
122566,0,2045,0
122568,0,2043,0
122570,0,2043,0
122572,0,2045,0
122574,0,2044,0
122576,0,2055,0
122578,0,2045,0
122580,68132,2054,1
122582,0,2045,0
122584,0,2053,0
122586,0,2055,0
122588,0,2045,0
122590,0,2053,0
122592,0,2045,0
122594,0,2045,0
122596,0,2053,0
122598,0,2053,0
122600,0,2053,0
122602,0,2045,0
122604,0,2053,0
122606,0,2054,0
122608,0,2055,0
122610,0,2055,0
122612,0,2056,0
122614,0,2055,0
122616,0,2057,0
122618,0,2055,0
122620,68178,2056,1
122622,0,2056,0
122624,0,2056,0
122626,0,2056,0
122628,0,2056,0
122630,0,2056,0
122632,0,2055,0
122634,0,2057,0
122636,0,2057,0
122638,0,2055,0
122640,0,2058,0
122642,0,2057,0
122644,0,2057,0
122646,0,2055,0
122648,0,2057,0
122650,0,2057,0
122652,0,2056,0
122654,0,2059,0
122656,0,2063,0
122658,0,2057,0
122660,68196,2059,1
122662,0,2057,0
122664,0,2060,0
122666,0,2058,0
122668,0,2059,0
122670,0,2059,0
122672,0,2059,0
122674,0,2060,0
122676,0,2059,0
122678,0,2059,0
122680,0,2059,0
122682,0,2063,0
122684,0,2063,0
122686,0,2063,0
122688,0,2059,0
122690,0,2063,0
122692,0,2063,0
122694,0,2060,0
122696,0,2066,0
122698,0,2065,0
122700,68186,2059,1
122702,0,2063,0
122704,0,2059,0
122706,0,2063,0
122708,0,2063,0
122710,0,2063,0
122712,0,2063,0
122714,0,2063,0
122716,0,2060,0
122718,0,2063,0
122720,0,2067,0
122722,0,2061,0
122724,0,2063,0
122726,0,2063,0
122728,0,2063,0
122730,0,2063,0
122732,0,2063,0
122734,0,2063,0
122736,0,2063,0
122738,0,2065,0
122740,68180,2067,1
122742,0,2063,0
122744,0,2063,0
122746,0,2063,0
122748,0,2065,0
122750,0,2065,0
122752,0,2066,0
122754,0,2067,0
122756,0,2063,0
122758,0,2065,0
122760,0,2065,0
122762,0,2068,0
122764,0,2067,0
122766,0,2067,0
122768,0,2066,0
122770,0,2065,0
122772,0,2067,0
122774,0,2067,0
122776,0,2066,0
122778,0,2066,0
122780,68176,2067,1
122782,0,2066,0
122784,0,2067,0
122786,0,2065,0
122788,0,2065,0
122790,0,2066,0
122792,0,2067,0
122794,0,2069,0
122796,0,2069,0
122798,0,2067,0
122800,0,2067,0
122802,0,2068,0
122804,0,2067,0
122806,0,2067,0
122808,0,2069,0
122810,0,2069,0
122812,0,2067,0
122814,0,2067,0
122816,0,2067,0
122818,0,2069,0
122820,68157,2067,1
122822,0,2068,0
122824,0,2069,0
122826,0,2071,0
122828,0,2069,0
122830,0,2066,0
122832,0,2068,0
122834,0,2069,0
122836,0,2068,0
122838,0,2069,0
122840,0,2069,0
122842,0,2069,0
122844,0,2068,0
122846,0,2068,0
122848,0,2068,0
122850,0,2069,0
122852,0,2070,0
122854,0,2069,0
122856,0,2071,0
122858,68170,2069,1
122860,0,2067,0
122862,0,2067,0
122864,0,2069,0
122866,0,2069,0
122868,0,2068,0
122870,0,2069,0
122872,0,2069,0
122874,0,2071,0
122876,0,2071,0
122878,0,2071,0
122880,0,2067,0
122882,0,2068,0
122884,0,2067,0
122886,0,2069,0
122888,0,2071,0
122890,0,2069,0
122892,0,2069,0
122894,0,2071,0
122896,0,2072,0
122898,68185,2071,1
122900,0,2070,0
122902,0,2071,0
122904,0,2071,0
122906,0,2069,0
122908,0,2071,0
122910,0,2058,0
122912,0,2071,0
122914,0,2073,0
122916,0,2073,0
122918,0,2071,0
122920,0,2072,0
122922,0,2072,0
122924,0,2070,0
122926,0,2071,0
122928,0,2072,0
122930,0,2072,0
122932,0,2073,0
122934,0,2073,0
122936,0,2071,0
122938,68180,2073,1
122940,0,2073,0
122942,0,2073,0
122944,0,2073,0
122946,0,2072,0
122948,0,2074,0
122950,0,2080,0
122952,0,2073,0
122954,0,2075,0
122956,0,2074,0
122958,0,2073,0
122960,0,2072,0
122962,0,2073,0
122964,0,2073,0
122966,0,2073,0
122968,0,2073,0
122970,0,2073,0
122972,0,2073,0
122974,0,2075,0
122976,0,2075,0
122978,68193,2075,1
122980,0,2075,0
122982,0,2075,0
122984,0,2075,0
122986,0,2074,0
122988,0,2076,0
122990,0,2074,0
122992,0,2076,0
122994,0,2075,0
122996,0,2075,0
122998,0,2075,0
123000,0,2075,0
123002,0,2075,0
123004,0,2073,0
123006,0,2075,0
123008,0,2075,0
123010,0,2075,0
123012,0,2076,0
123014,0,2074,0
123016,0,2077,0
123018,68200,2077,1
123020,0,2077,0
123022,0,2076,0
123024,0,2075,0
123026,0,2075,0
123028,0,2077,0
123030,0,2077,0
123032,0,2075,0
123034,0,2077,0
123036,0,2077,0
123038,0,2078,0
123040,0,2077,0
123042,0,2077,0
123044,0,2076,0
123046,0,2077,0
123048,0,2075,0
123050,0,2078,0
123052,0,2079,0
123054,0,2075,0
123056,0,2076,0
123058,68186,2076,1
123060,0,2077,0
123062,0,2077,0
123064,0,2077,0
123066,0,2077,0
123068,0,2078,0
123070,0,2077,0
123072,0,2078,0
123074,0,2077,0
123076,0,2075,0
123078,0,2079,0
123080,0,2078,0
123082,0,2079,0
123084,0,2079,0
123086,0,2078,0
123088,0,2079,0
123090,0,2079,0
123092,0,2079,0
123094,0,2079,0
123096,0,2080,0
123098,68193,2079,1
123100,0,2079,0
123102,0,2079,0
123104,0,2079,0
123106,0,2079,0
123108,0,2079,0
123110,0,2080,0
123112,0,2080,0
123114,0,2079,0
123116,0,2079,0
123118,0,2079,0
123120,0,2079,0
123122,0,2083,0
123124,0,2080,0
123126,0,2077,0
123128,0,2080,0
123130,0,2081,0
123132,0,2079,0
123134,0,2080,0
123136,0,2080,0
123138,68216,2083,1
123140,0,2077,0
123142,0,2083,0
123144,0,2080,0
123146,0,2083,0
123148,0,2083,0
123150,0,2083,0
123152,0,2083,0
123154,0,2079,0
123156,0,2083,0
123158,0,2079,0
123160,0,2084,0
123162,0,2084,0
123164,0,2083,0
123166,0,2083,0
123168,0,2083,0
123170,0,2079,0
123172,0,2083,0
123174,0,2085,0
123176,0,2083,0
123178,68190,2085,1
123180,0,2079,0
123182,0,2080,0
123184,0,2085,0
123186,0,2085,0
123188,0,2085,0
123190,0,2085,0
123192,0,2085,0
123194,0,2085,0
123196,0,2085,0
123198,0,2085,0
123200,0,2085,0
123202,0,2085,0
123204,0,2080,0
123206,0,2087,0
123208,0,2086,0
123210,0,2087,0
123212,0,2086,0
123214,0,2087,0
123216,0,2087,0
123218,68138,2085,1
123220,0,2087,0
123222,0,2087,0
123224,0,2085,0
123226,0,2087,0
123228,0,2087,0
123230,0,2087,0
123232,0,2087,0
123234,0,2086,0
123236,0,2087,0
123238,0,2087,0
123240,0,2088,0
123242,0,2087,0
123244,0,2086,0
123246,0,2087,0
123248,0,2089,0
123250,0,2087,0
123252,0,2088,0
123254,0,2088,0
123256,68102,2087,1
123258,0,2088,0
123260,0,2087,0
123262,0,2089,0
123264,0,2088,0
123266,0,2089,0
123268,0,2087,0
123270,0,2089,0
123272,0,2087,0
123274,0,2090,0
123276,0,2091,0
123278,0,2089,0
123280,0,2089,0
123282,0,2091,0
123284,0,2091,0
123286,0,2091,0
123288,0,2091,0
123290,0,2087,0
123292,0,2089,0
123294,0,2089,0
123296,68117,2091,1
123298,0,2092,0
123300,0,2091,0
123302,0,2093,0
123304,0,2093,0
123306,0,2092,0
123308,0,2093,0
123310,0,2091,0
123312,0,2091,0
123314,0,2093,0
123316,0,2093,0
123318,0,2093,0
123320,0,2093,0
123322,0,2092,0
123324,0,2095,0
123326,0,2094,0
123328,0,2093,0
123330,0,2093,0
123332,0,2093,0
123334,0,2091,0
123336,68139,2093,1
123338,0,2093,0
123340,0,2095,0
123342,0,2093,0
123344,0,2094,0
123346,0,2093,0
123348,0,2095,0
123350,0,2095,0
123352,0,2094,0
123354,0,2095,0
123356,0,2095,0
123358,0,2095,0
123360,0,2095,0
123362,0,2095,0
123364,0,2099,0
123366,0,2099,0
123368,0,2095,0
123370,0,2095,0
123372,0,2099,0
123374,0,2098,0
123376,68106,2095,1
123378,0,2099,0
123380,0,2095,0
123382,0,2099,0
123384,0,2099,0
123386,0,2097,0
123388,0,2099,0
123390,0,2099,0
123392,0,2101,0
123394,0,2099,0
123396,0,2101,0
123398,0,2100,0
123400,0,2100,0
123402,0,2101,0
123404,0,2102,0
123406,0,2101,0
123408,0,2101,0
123410,0,2101,0
123412,0,2100,0
123414,0,2096,0
123416,68075,2101,1
123418,0,2103,0
123420,0,2101,0
123422,0,2101,0
123424,0,2103,0
123426,0,2103,0
123428,0,2103,0
123430,0,2103,0
123432,0,2104,0
123434,0,2101,0
123436,0,2104,0
123438,0,2104,0
123440,0,2104,0
123442,0,2105,0
123444,0,2105,0
123446,0,2105,0
123448,0,2105,0
123450,0,2103,0
123452,0,2107,0
123454,0,2105,0
123456,68046,2105,1
123458,0,2103,0
123460,0,2104,0
123462,0,2105,0
123464,0,2107,0
123466,0,2105,0
123468,0,2106,0
123470,0,2105,0
123472,0,2107,0
123474,0,2107,0
123476,0,2107,0
123478,0,2105,0
123480,0,2107,0
123482,0,2107,0
123484,0,2108,0
123486,0,2107,0
123488,0,2107,0
123490,0,2109,0
123492,0,2108,0
123494,0,2109,0
123496,68047,2107,1
123498,0,2108,0
123500,0,2107,0
123502,0,2109,0
123504,0,2109,0
123506,0,2109,0
123508,0,2109,0
123510,0,2109,0
123512,0,2109,0
123514,0,2107,0
123516,0,2111,0
123519,0,2111,0
123521,0,2111,0
123523,0,2108,0
123525,0,2110,0
123527,0,2111,0
123529,0,2111,0
123531,0,2109,0
123533,0,2111,0
123535,0,2111,0
123537,68091,2111,1
123539,0,2111,0
123541,0,2111,0
123543,0,2111,0
123545,0,2111,0
123547,0,2111,0
123549,0,2111,0
123551,0,2116,0
123553,0,2111,0
123555,0,2115,0
123557,0,2115,0
123559,0,2111,0
123561,0,2111,0
123563,0,2117,0
123565,0,2110,0
123567,0,2117,0
123569,0,2117,0
123571,0,2115,0
123573,0,2111,0
123575,0,2111,0
123577,68110,2117,1
123579,0,2111,0
123581,0,2117,0
123583,0,2117,0
123585,0,2116,0
123587,0,2117,0
123589,0,2118,0
123591,0,2118,0
123593,0,2117,0
123595,0,2117,0
123597,0,2117,0
123599,0,2116,0
123601,0,2117,0
123603,0,2118,0
123605,0,2117,0
123607,0,2116,0
123609,0,2119,0
123611,0,2119,0
123613,0,2119,0
123615,0,2117,0
123617,68084,2125,1
123619,0,2119,0
123621,0,2117,0
123623,0,2119,0
123625,0,2118,0
123627,0,2119,0
123629,0,2117,0
123631,0,2118,0
123633,0,2119,0
123635,0,2117,0
123637,0,2120,0
123639,0,2118,0
123641,0,2119,0
123643,0,2119,0
123645,0,2120,0
123647,0,2119,0
123649,0,2117,0
123651,0,2119,0
123653,0,2119,0
123655,68078,2119,1
123657,0,2119,0
123659,0,2104,0
123661,0,2121,0
123663,0,2120,0
123665,0,2119,0
123667,0,2120,0
123669,0,2125,0
123671,0,2119,0
123673,0,2120,0
123675,0,2121,0
123677,0,2119,0
123679,0,2121,0
123681,0,2121,0
123683,0,2119,0
123685,0,2121,0
123687,0,2119,0
123689,0,2118,0
123691,0,2121,0
123693,0,2120,0
123695,68096,2120,1
123697,0,2121,0
123699,0,2121,0
123701,0,2120,0
123703,0,2122,0
123705,0,2123,0
123707,0,2119,0
123709,0,2121,0
123711,0,2121,0
123713,0,2119,0
123715,0,2121,0
123717,0,2121,0
123719,0,2121,0
123721,0,2121,0
123723,0,2121,0
123725,0,2121,0
123727,0,2121,0
123729,0,2121,0
123731,0,2120,0
123733,0,2120,0
123735,68135,2123,1
123737,0,2121,0
123739,0,2122,0
123741,0,2122,0
123743,0,2122,0
123745,0,2123,0
123747,0,2121,0
123749,0,2123,0
123751,0,2121,0
123753,0,2120,0
123755,0,2121,0
123757,0,2121,0
123759,0,2120,0
123761,0,2122,0
123763,0,2121,0
123765,0,2121,0
123767,0,2121,0
123769,0,2122,0
123771,0,2122,0
123773,0,2123,0
123775,68166,2121,1
123777,0,2122,0
123779,0,2122,0
123781,0,2121,0
123783,0,2121,0
123785,0,2123,0
123787,0,2121,0
123789,0,2123,0
123791,0,2122,0
123793,0,2127,0
123795,0,2123,0
123797,0,2121,0
123799,0,2122,0
123801,0,2121,0
123803,0,2123,0
123805,0,2123,0
123807,0,2121,0
123809,0,2123,0
123811,0,2121,0
123813,0,2122,0
123815,68189,2123,1
123817,0,2121,0
123819,0,2121,0
123821,0,2122,0
123823,0,2123,0
123825,0,2121,0
123827,0,2121,0
123829,0,2121,0
123831,0,2121,0
123833,0,2123,0
123835,0,2121,0
123837,0,2121,0
123839,0,2121,0
123841,0,2121,0
123843,0,2122,0
123845,0,2121,0
123847,0,2122,0
123849,0,2119,0
123851,0,2122,0
123853,0,2121,0
123855,68221,2121,1
123857,0,2119,0
123859,0,2121,0
123861,0,2121,0
123863,0,2120,0
123865,0,2121,0
123867,0,2121,0
123869,0,2119,0
123871,0,2121,0
123873,0,2120,0
123875,0,2121,0
123877,0,2121,0
123879,0,2121,0
123881,0,2121,0
123883,0,2121,0
123885,0,2120,0
123887,0,2121,0
123889,0,2120,0
123891,0,2121,0
123893,0,2121,0
123895,68250,2120,1
123897,0,2119,0
123899,0,2121,0
123901,0,2119,0
123903,0,2121,0
123905,0,2120,0
123907,0,2117,0
123909,0,2119,0
123911,0,2120,0
123913,0,2121,0
123915,0,2119,0
123917,0,2119,0
123919,0,2119,0
123921,0,2119,0
123923,0,2121,0
123925,0,2119,0
123927,0,2120,0
123929,0,2121,0
123931,0,2120,0
123933,0,2121,0
123935,68285,2119,1
123937,0,2119,0
123939,0,2120,0
123941,0,2118,0
123943,0,2121,0
123945,0,2117,0
123947,0,2120,0
123949,0,2120,0
123951,0,2127,0
123953,0,2119,0
123955,0,2120,0
123957,0,2117,0
123959,0,2119,0
123961,0,2149,0
123963,0,2120,0
123965,0,2118,0
123967,0,2120,0
123969,0,2119,0
123971,0,2119,0
123973,0,2119,0
123975,68278,2118,1
123977,0,2117,0
123979,0,2119,0
123981,0,2119,0
123983,0,2120,0
123985,0,2120,0
123987,0,2117,0
123989,0,2119,0
123991,0,2123,0
123993,0,2119,0
123995,0,2119,0
123997,0,2119,0
123999,0,2117,0
124001,0,2119,0
124003,0,2117,0
124005,0,2120,0
124007,0,2120,0
124009,0,2119,0
124011,0,2117,0
124013,0,2125,0
124015,68273,2119,1
124017,0,2117,0
124019,0,2119,0
124021,0,2116,0
124023,0,2117,0
124025,0,2117,0
124027,0,2117,0
124029,0,2118,0
124031,0,2116,0
124033,0,2116,0
124035,0,2119,0
124037,0,2118,0
124039,0,2119,0
124041,0,2120,0
124043,0,2117,0
124045,0,2117,0
124047,0,2119,0
124049,0,2119,0
124051,0,2117,0
124053,68302,2135,1
124055,0,2118,0
124057,0,2117,0
124059,0,2118,0
124061,0,2119,0
124063,0,2119,0
124065,0,2119,0
124067,0,2117,0
124069,0,2117,0
124071,0,2119,0
124073,0,2117,0
124075,0,2117,0
124077,0,2119,0
124079,0,2119,0
124081,0,2119,0
124083,0,2118,0
124085,0,2119,0
124087,0,2117,0
124089,0,2119,0
124091,0,2119,0
124093,68309,2117,1
124095,0,2118,0
124097,0,2118,0
124099,0,2117,0
124101,0,2120,0
124103,0,2120,0
124105,0,2119,0
124107,0,2119,0
124109,0,2119,0
124111,0,2120,0
124113,0,2121,0
124115,0,2117,0
124117,0,2117,0
124119,0,2120,0
124121,0,2119,0
124123,0,2118,0
124125,0,2117,0
124127,0,2119,0
124129,0,2121,0
124131,0,2119,0
124133,68287,2119,1
124135,0,2119,0
124137,0,2121,0
124139,0,2120,0
124141,0,2119,0
124143,0,2119,0
124145,0,2121,0
124147,0,2120,0
124149,0,2119,0
124151,0,2119,0
124153,0,2121,0
124155,0,2121,0
124157,0,2119,0
124159,0,2120,0
124161,0,2121,0
124163,0,2121,0
124165,0,2121,0
124167,0,2121,0
124169,0,2121,0
124171,0,2121,0
124173,68278,2121,1
124175,0,2123,0
124177,0,2121,0
124179,0,2123,0
124181,0,2140,0
124183,0,2119,0
124185,0,2119,0
124187,0,2121,0
124189,0,2121,0
124191,0,2120,0
124193,0,2123,0
124195,0,2121,0
124197,0,2123,0
124199,0,2120,0
124201,0,2121,0
124203,0,2121,0
124205,0,2123,0
124207,0,2125,0
124209,0,2123,0
124211,0,2121,0
124213,68278,2122,1
124215,0,2123,0
124217,0,2120,0
124219,0,2123,0
124221,0,2122,0
124223,0,2122,0
124225,0,2123,0
124227,0,2123,0
124229,0,2123,0
124231,0,2123,0
124233,0,2123,0
124235,0,2123,0
124237,0,2123,0
124239,0,2125,0
124241,0,2123,0
124243,0,2121,0
124245,0,2123,0
124247,0,2124,0
124249,0,2123,0
124251,0,2123,0
124253,68274,2124,1
124255,0,2121,0
124257,0,2123,0
124259,0,2125,0
124261,0,2123,0
124263,0,2123,0
124265,0,2123,0
124267,0,2124,0
124269,0,2123,0
124271,0,2124,0
124273,0,2123,0
124275,0,2125,0
124277,0,2124,0
124279,0,2123,0
124281,0,2125,0
124283,0,2125,0
124285,0,2123,0
124287,0,2125,0
124289,0,2125,0
124291,0,2123,0
124293,68284,2124,1
124295,0,2125,0
124297,0,2127,0
124299,0,2124,0
124301,0,2123,0
124303,0,2125,0
124305,0,2123,0
124307,0,2127,0
124309,0,2125,0
124311,0,2125,0
124313,0,2125,0
124315,0,2125,0
124317,0,2125,0
124319,0,2126,0
124321,0,2126,0
124323,0,2126,0
124325,0,2125,0
124327,0,2125,0
124329,0,2125,0
124331,0,2125,0
124333,68296,2127,1
124335,0,2125,0
124337,0,2127,0
124339,0,2125,0
124341,0,2125,0
124343,0,2123,0
124345,0,2129,0
124347,0,2126,0
124349,0,2123,0
124351,0,2125,0
124353,0,2126,0
124355,0,2127,0
124357,0,2125,0
124359,0,2129,0
124361,0,2127,0
124363,0,2127,0
124365,0,2125,0
124367,0,2125,0
124369,0,2127,0
124371,0,2126,0
124373,68251,2124,1
124375,0,2125,0
124377,0,2127,0
124379,0,2125,0
124381,0,2127,0
124383,0,2129,0
124385,0,2130,0
124387,0,2125,0
124389,0,2127,0
124391,0,2129,0
124393,0,2126,0
124395,0,2129,0
124397,0,2125,0
124399,0,2126,0
124401,0,2129,0
124403,0,2127,0
124405,0,2127,0
124407,0,2133,0
124409,0,2127,0
124411,0,2127,0
124413,68201,2127,1
124415,0,2127,0
124417,0,2125,0
124419,0,2127,0
124421,0,2130,0
124423,0,2127,0
124425,0,2127,0
124427,0,2129,0
124429,0,2131,0
124431,0,2131,0
124433,0,2131,0
124435,0,2127,0
124437,0,2131,0
124439,0,2131,0
124441,0,2131,0
124443,0,2127,0
124445,0,2131,0
124447,0,2126,0
124449,0,2143,0
124451,68234,2131,1
124453,0,2129,0
124455,0,2131,0
124457,0,2130,0
124459,0,2128,0
124461,0,2129,0
124463,0,2130,0
124465,0,2129,0
124467,0,2127,0
124469,0,2131,0
124471,0,2131,0
124473,0,2129,0
124475,0,2130,0
124477,0,2133,0
124479,0,2130,0
124481,0,2131,0
124483,0,2131,0
124485,0,2131,0
124487,0,2127,0
124489,0,2131,0
124491,68256,2130,1
124493,0,2130,0
124495,0,2131,0
124497,0,2131,0
124499,0,2135,0
124501,0,2131,0
124503,0,2131,0
124505,0,2131,0
124507,0,2131,0
124509,0,2132,0
124511,0,2133,0
124513,0,2131,0
124515,0,2131,0
124517,0,2131,0
124519,0,2141,0
124521,0,2133,0
124523,0,2132,0
124525,0,2131,0
124527,0,2131,0
124529,0,2131,0
124531,68254,2131,1
124533,0,2131,0
124535,0,2133,0
124537,0,2132,0
124539,0,2130,0
124541,0,2133,0
124543,0,2131,0
124545,0,2131,0
124547,0,2133,0
124549,0,2132,0
124551,0,2133,0
124553,0,2133,0
124555,0,2133,0
124557,0,2131,0
124559,0,2132,0
124561,0,2133,0
124563,0,2131,0
124565,0,2132,0
124567,0,2132,0
124569,0,2133,0
124571,68256,2123,1
124573,0,2132,0
124575,0,2133,0
124577,0,2131,0
124579,0,2131,0
124581,0,2127,0
124583,0,2133,0
124585,0,2131,0
124587,0,2133,0
124589,0,2133,0
124591,0,2132,0
124593,0,2135,0
124595,0,2131,0
124597,0,2133,0
124599,0,2132,0
124601,0,2132,0
124603,0,2131,0
124605,0,2131,0
124607,0,2133,0
124609,0,2133,0
124611,68268,2131,1
124613,0,2131,0
124615,0,2133,0
124617,0,2133,0
124619,0,2133,0
124621,0,2133,0
124623,0,2133,0
124625,0,2133,0
124627,0,2133,0
124629,0,2131,0
124631,0,2133,0
124633,0,2133,0
124635,0,2133,0
124637,0,2133,0
124639,0,2133,0
124641,0,2135,0
124643,0,2131,0
124645,0,2133,0
124647,0,2131,0
124649,0,2133,0
124651,68267,2135,1
124653,0,2133,0
124655,0,2132,0
124657,0,2133,0
124659,0,2133,0
124661,0,2134,0
124663,0,2131,0
124665,0,2134,0
124667,0,2131,0
124669,0,2132,0
124671,0,2133,0
124673,0,2133,0
124675,0,2132,0
124677,0,2139,0
124679,0,2133,0
124681,0,2133,0
124683,0,2133,0
124685,0,2133,0
124687,0,2133,0
124689,0,2133,0
124691,68267,2132,1
124693,0,2133,0
124695,0,2134,0
124697,0,2133,0
124699,0,2133,0
124701,0,2131,0
124703,0,2132,0
124705,0,2131,0
124707,0,2135,0
124709,0,2132,0
124711,0,2133,0
124713,0,2131,0
124715,0,2133,0
124717,0,2137,0
124719,0,2133,0
124721,0,2133,0
124723,0,2133,0
124725,0,2133,0
124727,0,2133,0
124729,0,2133,0
124731,68271,2134,1
124733,0,2133,0
124735,0,2133,0
124737,0,2134,0
124739,0,2133,0
124741,0,2135,0
124743,0,2133,0
124745,0,2133,0
124747,0,2133,0
124749,0,2128,0
124751,0,2134,0
124753,0,2135,0
124755,0,2133,0
124757,0,2133,0
124759,0,2136,0
124761,0,2134,0
124763,0,2135,0
124765,0,2132,0
124767,0,2133,0
124769,0,2135,0
124771,68226,2133,1
124773,0,2126,0
124775,0,2131,0
124777,0,2134,0
124779,0,2132,0
124781,0,2132,0
124783,0,2133,0
124785,0,2133,0
124787,0,2133,0
124789,0,2133,0
124791,0,2133,0
124793,0,2133,0
124795,0,2133,0
124797,0,2133,0
124799,0,2134,0
124801,0,2132,0
124803,0,2134,0
124805,0,2133,0
124807,0,2133,0
124809,0,2133,0
124811,68208,2133,1
124813,0,2132,0
124815,0,2133,0
124817,0,2132,0
124819,0,2131,0
124821,0,2132,0
124823,0,2134,0
124825,0,2133,0
124827,0,2156,0
124829,0,2133,0
124831,0,2133,0
124833,0,2133,0
124835,0,2133,0
124837,0,2133,0
124839,0,2134,0
124841,0,2133,0
124843,0,2133,0
124845,0,2132,0
124847,0,2133,0
124849,68236,2133,1
124851,0,2133,0
124853,0,2135,0
124855,0,2132,0
124857,0,2131,0
124859,0,2134,0
124861,0,2133,0
124863,0,2133,0
124865,0,2131,0
124867,0,2133,0
124869,0,2128,0
124871,0,2133,0
124873,0,2133,0
124875,0,2134,0
124877,0,2135,0
124879,0,2134,0
124881,0,2133,0
124883,0,2133,0
124885,0,2133,0
124887,0,2133,0
124889,68262,2134,1
124891,0,2134,0
124893,0,2135,0
124895,0,2135,0
124897,0,2135,0
124899,0,2132,0
124901,0,2133,0
124903,0,2135,0
124905,0,2134,0
124907,0,2135,0
124909,0,2135,0
124911,0,2139,0
124913,0,2135,0
124915,0,2132,0
124917,0,2133,0
124919,0,2134,0
124921,0,2133,0
124923,0,2133,0
124925,0,2135,0
124927,0,2135,0
124929,68270,2135,1
124931,0,2135,0
124933,0,2129,0
124935,0,2133,0
124937,0,2134,0
124939,0,2133,0
124941,0,2135,0
124943,0,2131,0
124945,0,2135,0
124947,0,2133,0
124949,0,2135,0
124951,0,2133,0
124953,0,2135,0
124955,0,2133,0
124957,0,2135,0
124959,0,2133,0
124961,0,2133,0
124963,0,2134,0
124965,0,2135,0
124967,0,2135,0
124969,68278,2132,1
124971,0,2135,0
124973,0,2133,0
124975,0,2133,0
124977,0,2133,0
124979,0,2135,0
124981,0,2133,0
124983,0,2133,0
124985,0,2136,0
124987,0,2134,0
124989,0,2135,0
124991,0,2133,0
124993,0,2135,0
124995,0,2135,0
124997,0,2135,0
124999,0,2133,0
125001,0,2135,0
125003,0,2133,0
125005,0,2135,0
125007,0,2134,0
125009,68270,2131,1
125011,0,2135,0
125013,0,2133,0
125015,0,2135,0
125017,0,2134,0
125019,0,2133,0
125021,0,2132,0
125023,0,2134,0
125025,0,2135,0
125027,0,2135,0
125029,0,2135,0
125031,0,2133,0
125033,0,2133,0
125035,0,2135,0
125037,0,2135,0
125039,0,2135,0
125041,0,2135,0
125043,0,2133,0
125045,0,2136,0
125047,0,2133,0
125049,68259,2133,1
125051,0,2134,0
125053,0,2135,0
125055,0,2135,0
125057,0,2135,0
125059,0,2135,0
125061,0,2137,0
125063,0,2133,0
125065,0,2135,0
125067,0,2135,0
125069,0,2135,0
125071,0,2135,0
125073,0,2135,0
125075,0,2135,0
125077,0,2135,0
125079,0,2135,0
125081,0,2135,0
125083,0,2131,0
125085,0,2133,0
125087,0,2135,0
125089,68272,2135,1
125091,0,2135,0
125093,0,2131,0
125095,0,2135,0
125097,0,2133,0
125099,0,2135,0
125101,0,2135,0
125103,0,2136,0
125105,0,2133,0
125107,0,2134,0
125109,0,2133,0
125111,0,2135,0
125113,0,2135,0
125115,0,2135,0
125117,0,2135,0
125119,0,2136,0
125121,0,2135,0
125123,0,2133,0
125125,0,2135,0
125127,0,2134,0
125129,68219,2133,1
125131,0,2137,0
125133,0,2135,0
125135,0,2133,0
125137,0,2129,0
125139,0,2135,0
125141,0,2135,0
125143,0,2135,0
125145,0,2136,0
125147,0,2135,0
125149,0,2135,0
125151,0,2137,0
125153,0,2137,0
125155,0,2136,0
125157,0,2135,0
125159,0,2136,0
125161,0,2136,0
125163,0,2136,0
125165,0,2137,0
125167,0,2136,0
125169,68129,2137,1
125171,0,2138,0
125173,0,2137,0
125175,0,2135,0
125177,0,2135,0
125179,0,2138,0
125181,0,2136,0
125183,0,2137,0
125185,0,2136,0
125187,0,2137,0
125189,0,2137,0
125191,0,2137,0
125193,0,2137,0
125195,0,2136,0
125197,0,2136,0
125199,0,2137,0
125201,0,2137,0
125203,0,2137,0
125205,0,2138,0
125207,0,2139,0
125209,68188,2135,1
125211,0,2137,0
125213,0,2137,0
125215,0,2138,0
125217,0,2138,0
125219,0,2138,0
125221,0,2137,0
125223,0,2137,0
125225,0,2137,0
125227,0,2137,0
125229,0,2138,0
125231,0,2142,0
125233,0,2141,0
125235,0,2137,0
125237,0,2137,0
125239,0,2139,0
125241,0,2137,0
125243,0,2139,0
125245,0,2137,0
125247,68263,2138,1
125249,0,2137,0
125251,0,2137,0
125253,0,2139,0
125255,0,2139,0
125257,0,2138,0
125259,0,2139,0
125261,0,2139,0
125263,0,2139,0
125265,0,2137,0
125267,0,2137,0
125269,0,2136,0
125271,0,2139,0
125273,0,2139,0
125275,0,2139,0
125277,0,2139,0
125279,0,2139,0
125281,0,2139,0
125283,0,2138,0
125285,0,2139,0
125287,68173,2137,1
125289,0,2138,0
125291,0,2139,0
125293,0,2139,0
125295,0,2139,0
125297,0,2139,0
125299,0,2140,0
125301,0,2139,0
125303,0,2139,0
125305,0,2141,0
125307,0,2141,0
125309,0,2139,0
125311,0,2139,0
125313,0,2135,0
125315,0,2141,0
125317,0,2141,0
125319,0,2139,0
125321,0,2139,0
125323,0,2138,0
125325,0,2140,0
125327,68111,2135,1
125329,0,2140,0
125331,0,2139,0
125333,0,2139,0
125335,0,2139,0
125337,0,2139,0
125339,0,2141,0
125341,0,2141,0
125343,0,2139,0
125345,0,2140,0
125347,0,2139,0
125349,0,2141,0
125351,0,2141,0
125353,0,2141,0
125355,0,2141,0
125357,0,2139,0
125359,0,2141,0
125362,0,2143,0
125364,0,2141,0
125366,0,2140,0
125368,68078,2142,1
125370,0,2143,0
125372,0,2143,0
125374,0,2141,0
125376,0,2143,0
125378,0,2141,0
125380,0,2143,0
125382,0,2141,0
125384,0,2144,0
125386,0,2142,0
125388,0,2145,0
125390,0,2142,0
125392,0,2140,0
125394,0,2147,0
125396,0,2146,0
125398,0,2145,0
125400,0,2147,0
125402,0,2142,0
125404,0,2147,0
125406,0,2143,0
125408,68085,2147,1
125410,0,2147,0
125412,0,2147,0
125414,0,2147,0
125416,0,2147,0
125418,0,2147,0
125420,0,2143,0
125422,0,2147,0
125424,0,2146,0
125426,0,2145,0
125428,0,2148,0
125430,0,2147,0
125432,0,2147,0
125434,0,2147,0
125436,0,2143,0
125438,0,2148,0
125440,0,2147,0
125442,0,2147,0
125444,0,2147,0
125446,0,2146,0
125448,68123,2147,1
125450,0,2147,0
125452,0,2149,0
125454,0,2149,0
125456,0,2148,0
125458,0,2149,0
125460,0,2149,0
125462,0,2148,0
125464,0,2149,0
125466,0,2148,0
125468,0,2148,0
125470,0,2150,0
125472,0,2149,0
125474,0,2149,0
125476,0,2151,0
125478,0,2147,0
125480,0,2150,0
125482,0,2149,0
125484,0,2149,0
125486,0,2151,0
125488,68176,2147,1
125490,0,2147,0
125492,0,2151,0
125494,0,2147,0
125496,0,2147,0
125498,0,2148,0
125500,0,2151,0
125502,0,2149,0
125504,0,2149,0
125506,0,2149,0
125508,0,2151,0
125510,0,2151,0
125512,0,2151,0
125514,0,2149,0
125516,0,2150,0
125518,0,2149,0
125520,0,2151,0
125522,0,2151,0
125524,0,2149,0
125526,0,2151,0
125528,68148,2149,1
125530,0,2151,0
125532,0,2149,0
125534,0,2151,0
125536,0,2151,0
125538,0,2151,0
125540,0,2149,0
125542,0,2152,0
125544,0,2151,0
125546,0,2153,0
125548,0,2151,0
125550,0,2151,0
125552,0,2151,0
125554,0,2151,0
125556,0,2151,0
125558,0,2151,0
125560,0,2152,0
125562,0,2151,0
125564,0,2152,0
125566,0,2153,0
125568,68091,2151,1
125570,0,2153,0
125572,0,2151,0
125574,0,2152,0
125576,0,2152,0
125578,0,2151,0
125580,0,2151,0
125582,0,2152,0
125584,0,2152,0
125586,0,2151,0
125588,0,2151,0
125590,0,2152,0
125592,0,2152,0
125594,0,2153,0
125596,0,2151,0
125598,0,2153,0
125600,0,2152,0
125602,0,2151,0
125604,0,2153,0
125606,0,2151,0
125608,68097,2151,1
125610,0,2152,0
125612,0,2153,0
125614,0,2153,0
125616,0,2153,0
125618,0,2153,0
125620,0,2152,0
125622,0,2151,0
125624,0,2152,0
125626,0,2153,0
125628,0,2153,0
125630,0,2150,0
125632,0,2153,0
125634,0,2153,0
125636,0,2153,0
125638,0,2153,0
125640,0,2154,0
125642,0,2153,0
125644,0,2152,0
125646,68088,2155,1
125648,0,2155,0
125650,0,2153,0
125652,0,2151,0
125654,0,2153,0
125656,0,2153,0
125658,0,2153,0
125660,0,2153,0
125662,0,2152,0
125664,0,2155,0
125666,0,2153,0
125668,0,2155,0
125670,0,2155,0
125672,0,2154,0
125674,0,2156,0
125676,0,2153,0
125678,0,2155,0
125680,0,2156,0
125682,0,2154,0
125684,0,2155,0
125686,68077,2155,1
125688,0,2155,0
125690,0,2155,0
125692,0,2155,0
125694,0,2151,0
125696,0,2153,0
125698,0,2155,0
125700,0,2155,0
125702,0,2153,0
125704,0,2155,0
125706,0,2153,0
125708,0,2155,0
125710,0,2153,0
125712,0,2155,0
125714,0,2153,0
125716,0,2155,0
125718,0,2155,0
125720,0,2153,0
125722,0,2155,0
125724,0,2155,0
125726,68076,2155,1
125728,0,2152,0
125730,0,2156,0
125732,0,2155,0
125734,0,2156,0
125736,0,2155,0
125738,0,2155,0
125740,0,2156,0
125742,0,2155,0
125744,0,2155,0
125746,0,2153,0
125748,0,2155,0
125750,0,2155,0
125752,0,2156,0
125754,0,2156,0
125756,0,2155,0
125758,0,2155,0
125760,0,2159,0
125762,0,2155,0
125764,0,2158,0
125766,68076,2156,1
125768,0,2157,0
125770,0,2155,0
125772,0,2157,0
125774,0,2155,0
125776,0,2155,0
125778,0,2157,0
125780,0,2155,0
125782,0,2157,0
125784,0,2157,0
125786,0,2157,0
125788,0,2157,0
125790,0,2157,0
125792,0,2158,0
125794,0,2156,0
125796,0,2156,0
125798,0,2157,0
125800,0,2157,0
125802,0,2147,0
125804,0,2157,0
125806,68076,2157,1
125808,0,2157,0
125810,0,2155,0
125812,0,2155,0
125814,0,2157,0
125816,0,2158,0
125818,0,2157,0
125820,0,2155,0
125822,0,2157,0
125824,0,2159,0
125826,0,2157,0
125828,0,2157,0
125830,0,2157,0
125832,0,2157,0
125834,0,2156,0
125836,0,2158,0
125838,0,2157,0
125840,0,2157,0
125842,0,2158,0
125844,0,2157,0
125846,68065,2157,1
125848,0,2158,0
125850,0,2157,0
125852,0,2157,0
125854,0,2157,0
125856,0,2157,0
125858,0,2159,0
125860,0,2157,0
125862,0,2157,0
125864,0,2157,0
125866,0,2157,0
125868,0,2157,0
125870,0,2159,0
125872,0,2159,0
125874,0,2157,0
125876,0,2158,0
125878,0,2165,0
125880,0,2159,0
125882,0,2157,0
125884,0,2157,0
125886,68079,2157,1
125888,0,2156,0
125890,0,2159,0
125892,0,2158,0
125894,0,2159,0
125896,0,2157,0
125898,0,2157,0
125900,0,2157,0
125902,0,2158,0
125904,0,2159,0
125906,0,2156,0
125908,0,2159,0
125910,0,2156,0
125912,0,2157,0
125914,0,2158,0
125916,0,2157,0
125918,0,2158,0
125920,0,2157,0
125922,0,2156,0
125924,0,2157,0
125926,68063,2157,1
125928,0,2157,0
125930,0,2157,0
125932,0,2157,0
125934,0,2157,0
125936,0,2157,0
125938,0,2158,0
125940,0,2159,0
125942,0,2157,0
125944,0,2157,0
125946,0,2157,0
125948,0,2157,0
125950,0,2158,0
125952,0,2158,0
125954,0,2158,0
125956,0,2159,0
125958,0,2157,0
125960,0,2157,0
125962,0,2158,0
125964,0,2159,0
125966,68000,2159,1
125968,0,2157,0
125970,0,2159,0
125972,0,2157,0
125974,0,2157,0
125976,0,2157,0
125978,0,2157,0
125980,0,2157,0
125982,0,2157,0
125984,0,2157,0
125986,0,2157,0
125988,0,2158,0
125990,0,2159,0
125992,0,2159,0
125994,0,2158,0
125996,0,2157,0
125998,0,2157,0
126000,0,2157,0
126002,0,2159,0
126004,0,2158,0
126006,67988,2159,1
126008,0,2157,0
126010,0,2159,0
126012,0,2157,0
126014,0,2159,0
126016,0,2157,0
126018,0,2159,0
126020,0,2159,0
126022,0,2159,0
126024,0,2159,0
126026,0,2159,0
126028,0,2156,0
126030,0,2158,0
126032,0,2158,0
126034,0,2159,0
126036,0,2159,0
126038,0,2159,0
126040,0,2157,0
126042,0,2159,0
126044,67994,2159,1
126046,0,2159,0
126048,0,2158,0
126050,0,2159,0
126052,0,2159,0
126054,0,2157,0
126056,0,2159,0
126058,0,2156,0
126060,0,2159,0
126062,0,2158,0
126064,0,2158,0
126066,0,2157,0
126068,0,2159,0
126070,0,2159,0
126072,0,2161,0
126074,0,2157,0
126076,0,2159,0
126078,0,2159,0
126080,0,2159,0
126082,0,2161,0
126084,68014,2163,1
126086,0,2163,0
126088,0,2159,0
126090,0,2159,0
126092,0,2159,0
126094,0,2159,0
126096,0,2165,0
126098,0,2159,0
126100,0,2163,0
126102,0,2159,0
126104,0,2163,0
126106,0,2159,0
126108,0,2163,0
126110,0,2160,0
126112,0,2160,0
126114,0,2159,0
126116,0,2157,0
126118,0,2158,0
126120,0,2159,0
126122,0,2159,0
126124,68030,2158,1
126126,0,2159,0
126128,0,2159,0
126130,0,2159,0
126132,0,2163,0
126134,0,2159,0
126136,0,2163,0
126138,0,2149,0
126140,0,2159,0
126142,0,2162,0
126144,0,2163,0
126146,0,2163,0
126148,0,2165,0
126150,0,2159,0
126152,0,2159,0
126154,0,2163,0
126156,0,2159,0
126158,0,2163,0
126160,0,2159,0
126162,0,2162,0
126164,68059,2159,1
126166,0,2158,0
126168,0,2161,0
126170,0,2167,0
126172,0,2159,0
126174,0,2159,0
126176,0,2163,0
126178,0,2162,0
126180,0,2158,0
126182,0,2159,0
126184,0,2163,0
126186,0,2159,0
126188,0,2163,0
126190,0,2163,0
126192,0,2159,0
126194,0,2159,0
126196,0,2163,0
126198,0,2159,0
126200,0,2162,0
126202,0,2165,0
126204,68059,2159,1
126206,0,2159,0
126208,0,2163,0
126210,0,2162,0
126212,0,2163,0
126214,0,2159,0
126216,0,2160,0
126218,0,2164,0
126220,0,2159,0
126222,0,2159,0
126224,0,2159,0
126226,0,2163,0
126228,0,2163,0
126230,0,2159,0
126232,0,2163,0
126234,0,2164,0
126236,0,2164,0
126238,0,2163,0
126240,0,2159,0
126242,0,2159,0
126244,68050,2163,1
126246,0,2160,0
126248,0,2163,0
126250,0,2163,0
126252,0,2163,0
126254,0,2163,0
126256,0,2163,0
126258,0,2163,0
126260,0,2160,0
126262,0,2163,0
126264,0,2163,0
126266,0,2163,0
126268,0,2158,0
126270,0,2164,0
126272,0,2163,0
126274,0,2162,0
126276,0,2163,0
126278,0,2164,0
126280,0,2163,0
126282,0,2164,0
126284,68088,2159,1
126286,0,2164,0
126288,0,2164,0
126290,0,2165,0
126292,0,2163,0
126294,0,2163,0
126296,0,2159,0
126298,0,2164,0
126300,0,2163,0
126302,0,2163,0
126304,0,2162,0
126306,0,2163,0
126308,0,2163,0
126310,0,2163,0
126312,0,2163,0
126314,0,2163,0
126316,0,2159,0
126318,0,2163,0
126320,0,2160,0
126322,0,2163,0
126324,68089,2159,1
126326,0,2164,0
126328,0,2163,0
126330,0,2163,0
126332,0,2163,0
126334,0,2163,0
126336,0,2163,0
126338,0,2163,0
126340,0,2163,0
126342,0,2163,0
126344,0,2164,0
126346,0,2159,0
126348,0,2163,0
126350,0,2163,0
126352,0,2163,0
126354,0,2165,0
126356,0,2165,0
126358,0,2158,0
126360,0,2163,0
126362,0,2163,0
126364,68047,2163,1
126366,0,2159,0
126368,0,2164,0
126370,0,2165,0
126372,0,2163,0
126374,0,2163,0
126376,0,2164,0
126378,0,2163,0
126380,0,2164,0
126382,0,2165,0
126384,0,2163,0
126386,0,2165,0
126388,0,2165,0
126390,0,2160,0
126392,0,2165,0
126394,0,2165,0
126396,0,2165,0
126398,0,2165,0
126400,0,2164,0
126402,0,2165,0
126404,68054,2163,1
126406,0,2159,0
126408,0,2165,0
126410,0,2163,0
126412,0,2160,0
126414,0,2166,0
126416,0,2163,0
126418,0,2163,0
126420,0,2165,0
126422,0,2160,0
126424,0,2167,0
126426,0,2163,0
126428,0,2163,0
126430,0,2165,0
126432,0,2165,0
126434,0,2165,0
126436,0,2159,0
126438,0,2163,0
126440,0,2159,0
126442,68075,2164,1
126444,0,2159,0
126446,0,2165,0
126448,0,2164,0
126450,0,2165,0
126452,0,2163,0
126454,0,2160,0
126456,0,2164,0
126458,0,2165,0
126460,0,2165,0
126462,0,2164,0
126464,0,2165,0
126466,0,2163,0
126468,0,2167,0
126470,0,2163,0
126472,0,2163,0
126474,0,2163,0
126476,0,2163,0
126478,0,2163,0
126480,0,2165,0
126482,68088,2165,1
126484,0,2163,0
126486,0,2165,0
126488,0,2165,0
126490,0,2165,0
126492,0,2163,0
126494,0,2165,0
126496,0,2165,0
126498,0,2163,0
126500,0,2165,0
126502,0,2165,0
126504,0,2163,0
126506,0,2163,0
126508,0,2163,0
126510,0,2167,0
126512,0,2165,0
126514,0,2163,0
126516,0,2163,0
126518,0,2165,0
126520,0,2164,0
126522,68078,2163,1
126524,0,2165,0
126526,0,2163,0
126528,0,2165,0
126530,0,2165,0
126532,0,2163,0
126534,0,2164,0
126536,0,2163,0
126538,0,2166,0
126540,0,2165,0
126542,0,2165,0
126544,0,2165,0
126546,0,2165,0
126548,0,2165,0
126550,0,2165,0
126552,0,2165,0
126554,0,2166,0
126556,0,2165,0
126558,0,2165,0
126560,0,2165,0
126562,68062,2164,1
126564,0,2165,0
126566,0,2163,0
126568,0,2165,0
126570,0,2167,0
126572,0,2164,0
126574,0,2165,0
126576,0,2165,0
126578,0,2165,0
126580,0,2165,0
126582,0,2165,0
126584,0,2165,0
126586,0,2165,0
126588,0,2167,0
126590,0,2163,0
126592,0,2165,0
126594,0,2165,0
126596,0,2167,0
126598,0,2165,0
126600,0,2165,0
126602,68056,2167,1
126604,0,2164,0
126606,0,2167,0
126608,0,2166,0
126610,0,2165,0
126612,0,2164,0
126614,0,2164,0
126616,0,2167,0
126618,0,2165,0
126620,0,2165,0
126622,0,2167,0
126624,0,2166,0
126626,0,2165,0
126628,0,2165,0
126630,0,2167,0
126632,0,2167,0
126634,0,2165,0
126636,0,2163,0
126638,0,2159,0
126640,0,2166,0
126642,68071,2166,1
126644,0,2165,0
126646,0,2165,0
126648,0,2165,0
126650,0,2165,0
126652,0,2167,0
126654,0,2165,0
126656,0,2166,0
126658,0,2162,0
126660,0,2167,0
126662,0,2165,0
126664,0,2165,0
126666,0,2164,0
126668,0,2165,0
126670,0,2167,0
126672,0,2166,0
126674,0,2163,0
126676,0,2165,0
126678,0,2165,0
126680,0,2167,0
126682,68113,2165,1
126684,0,2165,0
126686,0,2165,0
126688,0,2167,0
126690,0,2167,0
126692,0,2163,0
126694,0,2165,0
126696,0,2165,0
126698,0,2168,0
126700,0,2165,0
126702,0,2167,0
126704,0,2164,0
126706,0,2165,0
126708,0,2167,0
126710,0,2167,0
126712,0,2164,0
126714,0,2169,0
126716,0,2164,0
126718,0,2165,0
126720,0,2166,0
126722,68080,2164,1
126724,0,2167,0
126726,0,2165,0
126728,0,2165,0
126730,0,2164,0
126732,0,2165,0
126734,0,2166,0
126736,0,2167,0
126738,0,2165,0
126740,0,2165,0
126742,0,2166,0
126744,0,2167,0
126746,0,2166,0
126748,0,2165,0
126750,0,2165,0
126752,0,2165,0
126754,0,2167,0
126756,0,2164,0
126758,0,2167,0
126760,0,2169,0
126762,68018,2164,1
126764,0,2164,0
126766,0,2165,0
126768,0,2159,0
126770,0,2166,0
126772,0,2165,0
126774,0,2165,0
126776,0,2165,0
126778,0,2167,0
126780,0,2167,0
126782,0,2167,0
126784,0,2165,0
126786,0,2165,0
126788,0,2165,0
126790,0,2165,0
126792,0,2167,0
126794,0,2165,0
126796,0,2165,0
126798,0,2165,0
126800,0,2166,0
126802,68036,2165,1
126804,0,2166,0
126806,0,2165,0
126808,0,2165,0
126810,0,2165,0
126812,0,2163,0
126814,0,2165,0
126816,0,2166,0
126818,0,2166,0
126820,0,2166,0
126822,0,2165,0
126824,0,2167,0
126826,0,2165,0
126828,0,2165,0
126830,0,2165,0
126832,0,2167,0
126834,0,2167,0
126836,0,2167,0
126838,0,2167,0
126840,68057,2165,1
126842,0,2168,0
126844,0,2167,0
126846,0,2167,0
126848,0,2165,0
126850,0,2167,0
126852,0,2165,0
126854,0,2165,0
126856,0,2167,0
126858,0,2165,0
126860,0,2167,0
126862,0,2165,0
126864,0,2167,0
126866,0,2167,0
126868,0,2167,0
126870,0,2167,0
126872,0,2166,0
126874,0,2160,0
126876,0,2167,0
126878,0,2168,0
126880,68064,2169,1
126882,0,2168,0
126884,0,2167,0
126886,0,2165,0
126888,0,2167,0
126890,0,2167,0
126892,0,2167,0
126894,0,2168,0
126896,0,2167,0
126898,0,2167,0
126900,0,2167,0
126902,0,2167,0
126904,0,2167,0
126906,0,2167,0
126908,0,2167,0
126910,0,2168,0
126912,0,2166,0
126914,0,2167,0
126916,0,2168,0
126918,0,2167,0
126920,68056,2167,1
126922,0,2167,0
126924,0,2167,0
126926,0,2167,0
126928,0,2165,0
126930,0,2158,0
126932,0,2165,0
126934,0,2167,0
126936,0,2167,0
126938,0,2167,0
126940,0,2168,0
126942,0,2165,0
126944,0,2167,0
126946,0,2167,0
126948,0,2167,0
126950,0,2169,0
126952,0,2169,0
126954,0,2169,0
126956,0,2167,0
126958,0,2167,0
126960,68062,2168,1
126962,0,2167,0
126964,0,2168,0
126966,0,2169,0
126968,0,2169,0
126970,0,2167,0
126972,0,2167,0
126974,0,2167,0
126976,0,2157,0
126978,0,2167,0
126980,0,2169,0
126982,0,2167,0
126984,0,2167,0
126986,0,2167,0
126988,0,2167,0
126990,0,2168,0
126992,0,2166,0
126994,0,2169,0
126996,0,2168,0
126998,0,2167,0
127000,68071,2167,1
127002,0,2168,0
127004,0,2167,0
127006,0,2167,0
127008,0,2168,0
127010,0,2167,0
127012,0,2168,0
127014,0,2169,0
127016,0,2167,0
127018,0,2168,0
127020,0,2167,0
127022,0,2169,0
127024,0,2168,0
127026,0,2169,0
127028,0,2167,0
127030,0,2169,0
127032,0,2169,0
127034,0,2168,0
127036,0,2168,0
127038,0,2167,0
127040,68059,2167,1
127042,0,2168,0
127044,0,2168,0
127046,0,2168,0
127048,0,2167,0
127050,0,2168,0
127052,0,2169,0
127054,0,2169,0
127056,0,2167,0
127058,0,2168,0
127060,0,2168,0
127062,0,2169,0
127064,0,2168,0
127066,0,2167,0
127068,0,2169,0
127070,0,2167,0
127072,0,2169,0
127074,0,2169,0
127076,0,2171,0
127078,0,2168,0
127080,68065,2168,1
127082,0,2169,0
127084,0,2168,0
127086,0,2169,0
127088,0,2169,0
127090,0,2168,0
127092,0,2168,0
127094,0,2169,0
127096,0,2168,0
127098,0,2168,0
127100,0,2168,0
127102,0,2169,0
127104,0,2169,0
127106,0,2168,0
127108,0,2169,0
127110,0,2171,0
127112,0,2167,0
127114,0,2171,0
127116,0,2172,0
127118,0,2171,0
127120,68048,2169,1
127122,0,2168,0
127124,0,2169,0
127126,0,2168,0
127128,0,2169,0
127130,0,2168,0
127132,0,2168,0
127134,0,2170,0
127136,0,2169,0
127138,0,2167,0
127140,0,2169,0
127142,0,2169,0
127144,0,2169,0
127146,0,2169,0
127148,0,2169,0
127150,0,2169,0
127152,0,2169,0
127154,0,2169,0
127156,0,2169,0
127158,0,2169,0
127160,68019,2169,1
127162,0,2169,0
127164,0,2169,0
127166,0,2169,0
127168,0,2169,0
127170,0,2168,0
127172,0,2169,0
127174,0,2168,0
127176,0,2159,0
127178,0,2169,0
127180,0,2169,0
127182,0,2171,0
127184,0,2172,0
127186,0,2169,0
127188,0,2169,0
127190,0,2169,0
127192,0,2169,0
127194,0,2169,0
127196,0,2173,0
127198,68051,2171,1
127200,0,2169,0
127202,0,2168,0
127204,0,2169,0
127206,0,2171,0
127209,0,2169,0
127211,0,2169,0
127213,0,2171,0
127215,0,2171,0
127217,0,2169,0
127219,0,2169,0
127221,0,2171,0
127223,0,2169,0
127225,0,2169,0
127227,0,2169,0
127229,0,2169,0
127231,0,2171,0
127233,0,2172,0
127235,0,2169,0
127237,0,2169,0
127239,68085,2169,1
127241,0,2170,0
127243,0,2170,0
127245,0,2169,0
127247,0,2171,0
127249,0,2171,0
127251,0,2171,0
127253,0,2169,0
127255,0,2171,0
127257,0,2171,0
127259,0,2171,0
127261,0,2169,0
127263,0,2169,0
127265,0,2171,0
127267,0,2171,0
127269,0,2171,0
127271,0,2171,0
127273,0,2169,0
127275,0,2171,0
127277,0,2169,0
127279,68093,2170,1
127281,0,2169,0
127283,0,2169,0
127285,0,2171,0
127287,0,2169,0
127289,0,2171,0
127291,0,2169,0
127293,0,2171,0
127295,0,2169,0
127297,0,2171,0
127299,0,2171,0
127301,0,2170,0
127303,0,2171,0
127305,0,2170,0
127307,0,2169,0
127309,0,2172,0
127311,0,2170,0
127313,0,2171,0
127315,0,2169,0
127317,0,2171,0
127319,68096,2170,1
127321,0,2170,0
127323,0,2171,0
127325,0,2169,0
127327,0,2172,0
127329,0,2170,0
127331,0,2171,0
127333,0,2171,0
127335,0,2171,0
127337,0,2171,0
127339,0,2171,0
127341,0,2170,0
127343,0,2170,0
127345,0,2169,0
127347,0,2171,0
127349,0,2171,0
127351,0,2169,0
127353,0,2171,0
127355,0,2173,0
127357,0,2171,0
127359,68105,2172,1
127361,0,2171,0
127363,0,2171,0
127365,0,2171,0
127367,0,2168,0
127369,0,2170,0
127371,0,2171,0
127373,0,2171,0
127375,0,2169,0
127377,0,2171,0
127379,0,2171,0
127381,0,2171,0
127383,0,2171,0
127385,0,2171,0
127387,0,2172,0
127389,0,2171,0
127391,0,2169,0
127393,0,2171,0
127395,0,2172,0
127397,0,2171,0
127399,68101,2171,1
127401,0,2167,0
127403,0,2171,0
127405,0,2170,0
127407,0,2169,0
127409,0,2171,0
127411,0,2169,0
127413,0,2173,0
127415,0,2169,0
127417,0,2172,0
127419,0,2169,0
127421,0,2170,0
127423,0,2171,0
127425,0,2170,0
127427,0,2171,0
127429,0,2171,0
127431,0,2169,0
127433,0,2172,0
127435,0,2171,0
127437,0,2172,0
127439,68106,2170,1
127441,0,2171,0
127443,0,2171,0
127445,0,2169,0
127447,0,2172,0
127449,0,2171,0
127451,0,2169,0
127453,0,2173,0
127455,0,2171,0
127457,0,2171,0
127459,0,2171,0
127461,0,2171,0
127463,0,2171,0
127465,0,2171,0
127467,0,2170,0
127469,0,2171,0
127471,0,2171,0
127473,0,2172,0
127475,0,2173,0
127477,0,2171,0
127479,68127,2171,1
127481,0,2175,0
127483,0,2171,0
127485,0,2171,0
127487,0,2171,0
127489,0,2171,0
127491,0,2171,0
127493,0,2171,0
127495,0,2171,0
127497,0,2171,0
127499,0,2170,0
127501,0,2169,0
127503,0,2171,0
127505,0,2172,0
127507,0,2171,0
127509,0,2171,0
127511,0,2172,0
127513,0,2171,0
127515,0,2171,0
127517,0,2172,0
127519,68100,2171,1
127521,0,2171,0
127523,0,2171,0
127525,0,2159,0
127527,0,2172,0
127529,0,2171,0
127531,0,2173,0
127533,0,2171,0
127535,0,2171,0
127537,0,2171,0
127539,0,2170,0
127541,0,2169,0
127543,0,2171,0
127545,0,2170,0
127547,0,2168,0
127549,0,2171,0
127551,0,2171,0
127553,0,2171,0
127555,0,2171,0
127557,0,2165,0
127559,68062,2173,1
127561,0,2171,0
127563,0,2171,0
127565,0,2181,0
127567,0,2171,0
127569,0,2171,0
127571,0,2170,0
127573,0,2171,0
127575,0,2169,0
127577,0,2172,0
127579,0,2171,0
127581,0,2171,0
127583,0,2171,0
127585,0,2171,0
127587,0,2171,0
127589,0,2171,0
127591,0,2171,0
127593,0,2171,0
127595,0,2171,0
127597,68070,2171,1
127599,0,2171,0
127601,0,2170,0
127603,0,2171,0
127605,0,2171,0
127607,0,2172,0
127609,0,2171,0
127611,0,2171,0
127613,0,2171,0
127615,0,2171,0
127617,0,2171,0
127619,0,2173,0
127621,0,2172,0
127623,0,2171,0
127625,0,2173,0
127627,0,2172,0
127629,0,2171,0
127631,0,2173,0
127633,0,2170,0
127635,0,2171,0
127637,68074,2171,1
127639,0,2171,0
127641,0,2171,0
127643,0,2171,0
127645,0,2171,0
127647,0,2173,0
127649,0,2171,0
127651,0,2172,0
127653,0,2172,0
127655,0,2173,0
127657,0,2171,0
127659,0,2171,0
127661,0,2169,0
127663,0,2171,0
127665,0,2171,0
127667,0,2173,0
127669,0,2171,0
127671,0,2172,0
127673,0,2171,0
127675,0,2171,0
127677,68070,2173,1
127679,0,2173,0
127681,0,2171,0
127683,0,2172,0
127685,0,2171,0
127687,0,2170,0
127689,0,2173,0
127691,0,2173,0
127693,0,2172,0
127695,0,2171,0
127697,0,2173,0
127699,0,2172,0
127701,0,2171,0
127703,0,2172,0
127705,0,2171,0
127707,0,2172,0
127709,0,2173,0
127711,0,2172,0
127713,0,2172,0
127715,0,2171,0
127717,68070,2169,1
127719,0,2171,0
127721,0,2171,0
127723,0,2173,0
127725,0,2173,0
127727,0,2171,0
127729,0,2173,0
127731,0,2181,0
127733,0,2172,0
127735,0,2173,0
127737,0,2171,0
127739,0,2173,0
127741,0,2171,0
127743,0,2172,0
127745,0,2171,0
127747,0,2172,0
127749,0,2172,0
127751,0,2171,0
127753,0,2173,0
127755,0,2171,0
127757,68065,2173,1
127759,0,2173,0
127761,0,2172,0
127763,0,2171,0
127765,0,2173,0
127767,0,2173,0
127769,0,2172,0
127771,0,2172,0
127773,0,2173,0
127775,0,2181,0
127777,0,2173,0
127779,0,2171,0
127781,0,2173,0
127783,0,2172,0
127785,0,2171,0
127787,0,2173,0
127789,0,2171,0
127791,0,2171,0
127793,0,2172,0
127795,0,2173,0
127797,68055,2172,1
127799,0,2172,0
127801,0,2171,0
127803,0,2171,0
127805,0,2174,0
127807,0,2170,0
127809,0,2172,0
127811,0,2173,0
127813,0,2173,0
127815,0,2171,0
127817,0,2171,0
127819,0,2173,0
127821,0,2173,0
127823,0,2174,0
127825,0,2173,0
127827,0,2175,0
127829,0,2173,0
127831,0,2171,0
127833,0,2173,0
127835,0,2173,0
127837,68080,2182,1
127839,0,2172,0
127841,0,2173,0
127843,0,2172,0
127845,0,2173,0
127847,0,2181,0
127849,0,2172,0
127851,0,2173,0
127853,0,2173,0
127855,0,2174,0
127857,0,2172,0
127859,0,2174,0
127861,0,2172,0
127863,0,2172,0
127865,0,2173,0
127867,0,2173,0
127869,0,2173,0
127871,0,2173,0
127873,0,2171,0
127875,0,2171,0
127877,68105,2167,1
127879,0,2173,0
127881,0,2173,0
127883,0,2171,0
127885,0,2172,0
127887,0,2172,0
127889,0,2175,0
127891,0,2173,0
127893,0,2174,0
127895,0,2173,0
127897,0,2173,0
127899,0,2173,0
127901,0,2172,0
127903,0,2172,0
127905,0,2171,0
127907,0,2173,0
127909,0,2171,0
127911,0,2173,0
127913,0,2172,0
127915,0,2172,0
127917,68074,2172,1
127919,0,2173,0
127921,0,2173,0
127923,0,2173,0
127925,0,2175,0
127927,0,2173,0
127929,0,2171,0
127931,0,2171,0
127933,0,2175,0
127935,0,2171,0
127937,0,2175,0
127939,0,2174,0
127941,0,2173,0
127943,0,2173,0
127945,0,2172,0
127947,0,2173,0
127949,0,2175,0
127951,0,2174,0
127953,0,2172,0
127955,0,2181,0
127957,68048,2172,1
127959,0,2171,0
127961,0,2173,0
127963,0,2172,0
127965,0,2174,0
127967,0,2173,0
127969,0,2173,0
127971,0,2173,0
127973,0,2171,0
127975,0,2172,0
127977,0,2172,0
127979,0,2175,0
127981,0,2173,0
127983,0,2171,0
127985,0,2173,0
127987,0,2175,0
127989,0,2174,0
127991,0,2175,0
127993,0,2175,0
127995,68066,2173,1
127997,0,2172,0
127999,0,2172,0
128001,0,2171,0
128003,0,2173,0
128005,0,2174,0
128007,0,2173,0
128009,0,2173,0
128011,0,2173,0
128013,0,2173,0
128015,0,2173,0
128017,0,2173,0
128019,0,2173,0
128021,0,2173,0
128023,0,2174,0
128025,0,2173,0
128027,0,2174,0
128029,0,2173,0
128031,0,2173,0
128033,0,2173,0
128035,68083,2181,1
128037,0,2174,0
128039,0,2173,0
128041,0,2173,0
128043,0,2173,0
128045,0,2175,0
128047,0,2171,0
128049,0,2173,0
128051,0,2173,0
128053,0,2173,0
128055,0,2175,0
128057,0,2173,0
128059,0,2173,0
128061,0,2173,0
128063,0,2173,0
128065,0,2173,0
128067,0,2185,0
128069,0,2173,0
128071,0,2175,0
128073,0,2175,0
128075,68091,2173,1
128077,0,2174,0
128079,0,2173,0
128081,0,2173,0
128083,0,2175,0
128085,0,2174,0
128087,0,2174,0
128089,0,2179,0
128091,0,2175,0
128093,0,2173,0
128095,0,2173,0
128097,0,2175,0
128099,0,2173,0
128101,0,2174,0
128103,0,2175,0
128105,0,2173,0
128107,0,2175,0
128109,0,2173,0
128111,0,2175,0
128113,0,2174,0
128115,68099,2175,1
128117,0,2181,0
128119,0,2173,0
128121,0,2173,0
128123,0,2174,0
128125,0,2179,0
128127,0,2183,0
128129,0,2174,0
128131,0,2173,0
128133,0,2173,0
128135,0,2173,0
128137,0,2173,0
128139,0,2175,0
128141,0,2173,0
128143,0,2175,0
128145,0,2175,0
128147,0,2173,0
128149,0,2175,0
128151,0,2173,0
128153,0,2175,0
128155,68102,2173,1
128157,0,2174,0
128159,0,2173,0
128161,0,2173,0
128163,0,2172,0
128165,0,2173,0
128167,0,2176,0
128169,0,2173,0
128171,0,2173,0
128173,0,2174,0
128175,0,2180,0
128177,0,2173,0
128179,0,2175,0
128181,0,2175,0
128183,0,2173,0
128185,0,2181,0
128187,0,2172,0
128189,0,2172,0
128191,0,2175,0
128193,0,2174,0
128195,68099,2181,1
128197,0,2173,0
128199,0,2173,0
128201,0,2174,0
128203,0,2173,0
128205,0,2175,0
128207,0,2173,0
128209,0,2174,0
128211,0,2167,0
128213,0,2173,0
128215,0,2172,0
128217,0,2173,0
128219,0,2173,0
128221,0,2172,0
128223,0,2173,0
128225,0,2174,0
128227,0,2174,0
128229,0,2175,0
128231,0,2185,0
128233,0,2175,0
128235,68118,2175,1
128237,0,2172,0
128239,0,2174,0
128241,0,2173,0
128243,0,2175,0
128245,0,2173,0
128247,0,2174,0
128249,0,2175,0
128251,0,2175,0
128253,0,2175,0
128255,0,2173,0
128257,0,2173,0
128259,0,2173,0
128261,0,2175,0
128263,0,2175,0
128265,0,2173,0
128267,0,2175,0
128269,0,2173,0
128271,0,2173,0
128273,0,2175,0
128275,68142,2173,1
128277,0,2175,0
128279,0,2175,0
128281,0,2174,0
128283,0,2173,0
128285,0,2173,0
128287,0,2173,0
128289,0,2171,0
128291,0,2174,0
128293,0,2173,0
128295,0,2173,0
128297,0,2175,0
128299,0,2174,0
128301,0,2175,0
128303,0,2181,0
128305,0,2175,0
128307,0,2173,0
128309,0,2173,0
128311,0,2174,0
128313,0,2175,0
128315,68099,2173,1
128317,0,2174,0
128319,0,2175,0
128321,0,2173,0
128323,0,2173,0
128325,0,2175,0
128327,0,2173,0
128329,0,2174,0
128331,0,2175,0
128333,0,2175,0
128335,0,2175,0
128337,0,2174,0
128339,0,2174,0
128341,0,2175,0
128343,0,2175,0
128345,0,2175,0
128347,0,2174,0
128349,0,2175,0
128351,0,2175,0
128353,0,2173,0
128355,68064,2173,1
128357,0,2175,0
128359,0,2175,0
128361,0,2173,0
128363,0,2175,0
128365,0,2171,0
128367,0,2173,0
128369,0,2173,0
128371,0,2173,0
128373,0,2173,0
128375,0,2179,0
128377,0,2175,0
128379,0,2175,0
128381,0,2174,0
128383,0,2175,0
128385,0,2174,0
128387,0,2174,0
128389,0,2181,0
128391,0,2175,0
128393,68086,2181,1
128395,0,2181,0
128397,0,2183,0
128399,0,2189,0
128401,0,2175,0
128403,0,2173,0
128405,0,2175,0
128407,0,2175,0
128409,0,2175,0
128411,0,2174,0
128413,0,2175,0
128415,0,2181,0
128417,0,2175,0
128419,0,2175,0
128421,0,2175,0
128423,0,2173,0
128425,0,2175,0
128427,0,2181,0
128429,0,2180,0
128431,0,2175,0
128433,68097,2169,1
128435,0,2181,0
128437,0,2175,0
128439,0,2175,0
128441,0,2175,0
128443,0,2175,0
128445,0,2175,0
128447,0,2181,0
128449,0,2175,0
128451,0,2181,0
128453,0,2181,0
128455,0,2181,0
128457,0,2181,0
128459,0,2175,0
128461,0,2173,0
128463,0,2181,0
128465,0,2175,0
128467,0,2175,0
128469,0,2181,0
128471,0,2181,0
128473,68094,2175,1
128475,0,2175,0
128477,0,2173,0
128479,0,2175,0
128481,0,2175,0
128483,0,2175,0
128485,0,2181,0
128487,0,2184,0
128489,0,2181,0
128491,0,2173,0
128493,0,2174,0
128495,0,2181,0
128497,0,2181,0
128499,0,2175,0
128501,0,2175,0
128503,0,2181,0
128505,0,2180,0
128507,0,2179,0
128509,0,2175,0
128511,0,2173,0
128513,68099,2175,1
128515,0,2183,0
128517,0,2174,0
128519,0,2175,0
128521,0,2174,0
128523,0,2175,0
128525,0,2181,0
128527,0,2175,0
128529,0,2175,0
128531,0,2185,0
128533,0,2175,0
128535,0,2175,0
128537,0,2175,0
128539,0,2175,0
128541,0,2172,0
128543,0,2175,0
128545,0,2181,0
128547,0,2181,0
128549,0,2181,0
128551,0,2181,0
128553,68102,2181,1
128555,0,2175,0
128557,0,2181,0
128559,0,2175,0
128561,0,2175,0
128563,0,2175,0
128565,0,2173,0
128567,0,2181,0
128569,0,2175,0
128571,0,2183,0
128573,0,2181,0
128575,0,2181,0
128577,0,2175,0
128579,0,2175,0
128581,0,2181,0
128583,0,2180,0
128585,0,2173,0
128587,0,2181,0
128589,0,2175,0
128591,0,2182,0
128593,68107,2181,1
128595,0,2175,0
128597,0,2181,0
128599,0,2175,0
128601,0,2175,0
128603,0,2175,0
128605,0,2181,0
128607,0,2175,0
128609,0,2175,0
128611,0,2175,0
128613,0,2175,0
128615,0,2175,0
128617,0,2194,0
128619,0,2175,0
128621,0,2175,0
128623,0,2181,0
128625,0,2180,0
128627,0,2181,0
128629,0,2181,0
128631,0,2175,0
128633,68136,2182,1
128635,0,2175,0
128637,0,2175,0
128639,0,2175,0
128641,0,2181,0
128643,0,2181,0
128645,0,2175,0
128647,0,2181,0
128649,0,2181,0
128651,0,2181,0
128653,0,2181,0
128655,0,2175,0
128657,0,2175,0
128659,0,2181,0
128661,0,2181,0
128663,0,2181,0
128665,0,2181,0
128667,0,2173,0
128669,0,2175,0
128671,0,2181,0
128673,68142,2181,1
128675,0,2175,0
128677,0,2181,0
128679,0,2183,0
128681,0,2173,0
128683,0,2183,0
128685,0,2181,0
128687,0,2181,0
128689,0,2181,0
128691,0,2181,0
128693,0,2183,0
128695,0,2181,0
128697,0,2175,0
128699,0,2181,0
128701,0,2175,0
128703,0,2182,0
128705,0,2175,0
128707,0,2181,0
128709,0,2181,0
128711,0,2180,0
128713,68098,2175,1
128715,0,2175,0
128717,0,2175,0
128719,0,2181,0
128721,0,2175,0
128723,0,2181,0
128725,0,2182,0
128727,0,2181,0
128729,0,2175,0
128731,0,2174,0
128733,0,2181,0
128735,0,2175,0
128737,0,2175,0
128739,0,2181,0
128741,0,2182,0
128743,0,2184,0
128745,0,2181,0
128747,0,2175,0
128749,0,2181,0
128751,0,2174,0
128753,68084,2182,1
128755,0,2181,0
128757,0,2181,0
128759,0,2181,0
128761,0,2181,0
128763,0,2175,0
128765,0,2175,0
128767,0,2175,0
128769,0,2181,0
128771,0,2174,0
128773,0,2173,0
128775,0,2175,0
128777,0,2175,0
128779,0,2181,0
128781,0,2181,0
128783,0,2181,0
128785,0,2181,0
128787,0,2181,0
128789,0,2175,0
128791,68106,2175,1
128793,0,2175,0
128795,0,2182,0
128797,0,2175,0
128799,0,2175,0
128801,0,2173,0
128803,0,2181,0
128805,0,2183,0
128807,0,2175,0
128809,0,2181,0
128811,0,2175,0
128813,0,2179,0
128815,0,2175,0
128817,0,2181,0
128819,0,2175,0
128821,0,2181,0
128823,0,2181,0
128825,0,2180,0
128827,0,2175,0
128829,0,2181,0
128831,68103,2175,1
128833,0,2175,0
128835,0,2182,0
128837,0,2175,0
128839,0,2181,0
128841,0,2181,0
128843,0,2181,0
128845,0,2176,0
128847,0,2175,0
128849,0,2181,0
128851,0,2181,0
128853,0,2181,0
128855,0,2181,0
128857,0,2175,0
128859,0,2181,0
128861,0,2181,0
128863,0,2174,0
128865,0,2181,0
128867,0,2175,0
128869,0,2181,0
128871,68092,2181,1
128873,0,2181,0
128875,0,2175,0
128877,0,2181,0
128879,0,2181,0
128881,0,2181,0
128883,0,2181,0
128885,0,2181,0
128887,0,2175,0
128889,0,2183,0
128891,0,2183,0
128893,0,2183,0
128895,0,2181,0
128897,0,2175,0
128899,0,2175,0
128901,0,2181,0
128903,0,2180,0
128905,0,2181,0
128907,0,2183,0
128909,0,2181,0
128911,68100,2181,1
128913,0,2181,0
128915,0,2181,0
128917,0,2181,0
128919,0,2181,0
128921,0,2175,0
128923,0,2182,0
128925,0,2181,0
128927,0,2181,0
128929,0,2181,0
128931,0,2181,0
128933,0,2181,0
128935,0,2182,0
128937,0,2175,0
128939,0,2181,0
128941,0,2183,0
128943,0,2181,0
128945,0,2183,0
128947,0,2181,0
128949,0,2183,0
128951,68104,2181,1
128953,0,2181,0
128955,0,2180,0
128957,0,2181,0
128959,0,2181,0
128961,0,2182,0
128963,0,2181,0
128965,0,2183,0
128967,0,2181,0
128969,0,2183,0
128971,0,2175,0
128973,0,2181,0
128975,0,2182,0
128977,0,2181,0
128979,0,2181,0
128981,0,2175,0
128983,0,2175,0
128985,0,2175,0
128987,0,2175,0
128989,0,2183,0
128991,68104,2181,1
128993,0,2181,0
128995,0,2182,0
128997,0,2181,0
128999,0,2181,0
129001,0,2183,0
129003,0,2181,0
129005,0,2181,0
129007,0,2182,0
129009,0,2181,0
129011,0,2183,0
129013,0,2181,0
129015,0,2183,0
129017,0,2183,0
129019,0,2184,0
129021,0,2182,0
129023,0,2183,0
129025,0,2183,0
129027,0,2180,0
129029,0,2183,0
129031,68130,2181,1
129033,0,2176,0
129035,0,2181,0
129037,0,2181,0
129039,0,2175,0
129041,0,2175,0
129043,0,2182,0
129045,0,2181,0
129047,0,2181,0
129049,0,2181,0
129051,0,2183,0
129053,0,2183,0
129055,0,2183,0
129057,0,2183,0
129059,0,2183,0
129061,0,2183,0
129063,0,2181,0
129065,0,2181,0
129067,0,2181,0
129069,0,2181,0
129071,68120,2181,1
129073,0,2175,0
129075,0,2181,0
129077,0,2183,0
129080,0,2171,0
129082,0,2183,0
129084,0,2183,0
129086,0,2181,0
129088,0,2181,0
129090,0,2181,0
129092,0,2183,0
129094,0,2183,0
129096,0,2181,0
129098,0,2181,0
129100,0,2175,0
129102,0,2181,0
129104,0,2183,0
129106,0,2183,0
129108,0,2183,0
129110,0,2182,0
129112,68054,2183,1
129114,0,2181,0
129116,0,2181,0
129118,0,2183,0
129120,0,2181,0
129122,0,2183,0
129124,0,2175,0
129126,0,2183,0
129128,0,2181,0
129130,0,2181,0
129132,0,2183,0
129134,0,2181,0
129136,0,2183,0
129138,0,2183,0
129140,0,2182,0
129142,0,2175,0
129144,0,2181,0
129146,0,2181,0
129148,0,2183,0
129150,0,2181,0
129152,68028,2181,1
129154,0,2181,0
129156,0,2181,0
129158,0,2182,0
129160,0,2181,0
129162,0,2181,0
129164,0,2183,0
129166,0,2181,0
129168,0,2181,0
129170,0,2181,0
129172,0,2173,0
129174,0,2183,0
129176,0,2183,0
129178,0,2181,0
129180,0,2183,0
129182,0,2183,0
129184,0,2184,0
129186,0,2181,0
129188,0,2183,0
129190,68031,2183,1
129192,0,2184,0
129194,0,2183,0
129196,0,2183,0
129198,0,2183,0
129200,0,2181,0
129202,0,2176,0
129204,0,2181,0
129206,0,2183,0
129208,0,2183,0
129210,0,2183,0
129212,0,2183,0
129214,0,2182,0
129216,0,2175,0
129218,0,2183,0
129220,0,2185,0
129222,0,2183,0
129224,0,2183,0
129226,0,2183,0
129228,0,2185,0
129230,68028,2183,1
129232,0,2183,0
129234,0,2183,0
129236,0,2181,0
129238,0,2184,0
129240,0,2183,0
129242,0,2175,0
129244,0,2183,0
129246,0,2181,0
129248,0,2183,0
129250,0,2183,0
129252,0,2181,0
129254,0,2183,0
129256,0,2183,0
129258,0,2183,0
129260,0,2183,0
129262,0,2185,0
129264,0,2183,0
129266,0,2183,0
129268,0,2183,0
129270,68023,2182,1
129272,0,2183,0
129274,0,2175,0
129276,0,2183,0
129278,0,2183,0
129280,0,2183,0
129282,0,2183,0
129284,0,2183,0
129286,0,2183,0
129288,0,2182,0
129290,0,2181,0
129292,0,2183,0
129294,0,2183,0
129296,0,2183,0
129298,0,2183,0
129300,0,2183,0
129302,0,2184,0
129304,0,2182,0
129306,0,2185,0
129308,0,2183,0
129310,68012,2183,1
129312,0,2185,0
129314,0,2183,0
129316,0,2175,0
129318,0,2183,0
129320,0,2183,0
129322,0,2183,0
129324,0,2183,0
129326,0,2183,0
129328,0,2183,0
129330,0,2183,0
129332,0,2183,0
129334,0,2183,0
129336,0,2184,0
129338,0,2183,0
129340,0,2184,0
129342,0,2183,0
129344,0,2184,0
129346,0,2185,0
129348,0,2184,0
129350,68005,2183,1
129352,0,2183,0
129354,0,2184,0
129356,0,2183,0
129358,0,2182,0
129360,0,2184,0
129362,0,2183,0
129364,0,2183,0
129366,0,2183,0
129368,0,2183,0
129370,0,2183,0
129372,0,2184,0
129374,0,2185,0
129376,0,2185,0
129378,0,2183,0
129380,0,2165,0
129382,0,2183,0
129384,0,2183,0
129386,0,2183,0
129388,0,2183,0
129390,67991,2183,1
129392,0,2184,0
129394,0,2184,0
129396,0,2183,0
129398,0,2183,0
129400,0,2189,0
129402,0,2181,0
129404,0,2183,0
129406,0,2184,0
129408,0,2183,0
129410,0,2184,0
129412,0,2182,0
129414,0,2183,0
129416,0,2185,0
129418,0,2183,0
129420,0,2185,0
129422,0,2181,0
129424,0,2187,0
129426,0,2183,0
129428,0,2183,0
129430,68020,2183,1
129432,0,2182,0
129434,0,2183,0
129436,0,2183,0
129438,0,2183,0
129440,0,2184,0
129442,0,2184,0
129444,0,2183,0
129446,0,2183,0
129448,0,2185,0
129450,0,2184,0
129452,0,2183,0
129454,0,2183,0
129456,0,2183,0
129458,0,2183,0
129460,0,2183,0
129462,0,2183,0
129464,0,2184,0
129466,0,2183,0
129468,0,2185,0
129470,68015,2184,1
129472,0,2183,0
129474,0,2183,0
129476,0,2183,0
129478,0,2184,0
129480,0,2183,0
129482,0,2183,0
129484,0,2182,0
129486,0,2175,0
129488,0,2184,0
129490,0,2185,0
129492,0,2183,0
129494,0,2184,0
129496,0,2183,0
129498,0,2182,0
129500,0,2184,0
129502,0,2185,0
129504,0,2185,0
129506,0,2185,0
129508,0,2185,0
129510,67964,2183,1
129512,0,2185,0
129514,0,2183,0
129516,0,2181,0
129518,0,2183,0
129520,0,2183,0
129522,0,2184,0
129524,0,2185,0
129526,0,2187,0
129528,0,2184,0
129530,0,2184,0
129532,0,2184,0
129534,0,2176,0
129536,0,2185,0
129538,0,2183,0
129540,0,2183,0
129542,0,2183,0
129544,0,2182,0
129546,0,2183,0
129548,0,2170,0
129550,67969,2185,1
129552,0,2185,0
129554,0,2184,0
129556,0,2185,0
129558,0,2184,0
129560,0,2185,0
129562,0,2183,0
129564,0,2185,0
129566,0,2185,0
129568,0,2183,0
129570,0,2183,0
129572,0,2184,0
129574,0,2183,0
129576,0,2183,0
129578,0,2184,0
129580,0,2175,0
129582,0,2183,0
129584,0,2184,0
129586,0,2185,0
129588,67978,2185,1
129590,0,2183,0
129592,0,2183,0
129594,0,2183,0
129596,0,2183,0
129598,0,2185,0
129600,0,2184,0
129602,0,2183,0
129604,0,2185,0
129606,0,2184,0
129608,0,2183,0
129610,0,2183,0
129612,0,2184,0
129614,0,2183,0
129616,0,2184,0
129618,0,2184,0
129620,0,2185,0
129622,0,2184,0
129624,0,2185,0
129626,0,2185,0
129628,67990,2185,1
129630,0,2186,0
129632,0,2183,0
129634,0,2185,0
129636,0,2184,0
129638,0,2185,0
129640,0,2187,0
129642,0,2185,0
129644,0,2185,0
129646,0,2185,0
129648,0,2185,0
129650,0,2185,0
129652,0,2185,0
129654,0,2183,0
129656,0,2186,0
129658,0,2185,0
129660,0,2185,0
129662,0,2185,0
129664,0,2185,0
129666,0,2187,0
129668,68001,2183,1
129670,0,2183,0
129672,0,2185,0
129674,0,2185,0
129676,0,2185,0
129678,0,2183,0
129680,0,2186,0
129682,0,2185,0
129684,0,2184,0
129686,0,2183,0
129688,0,2187,0
129690,0,2187,0
129692,0,2185,0
129694,0,2186,0
129696,0,2185,0
129698,0,2185,0
129700,0,2173,0
129702,0,2185,0
129704,0,2186,0
129706,0,2184,0
129708,68000,2191,1
129710,0,2183,0
129712,0,2185,0
129714,0,2183,0
129716,0,2185,0
129718,0,2184,0
129720,0,2185,0
129722,0,2184,0
129724,0,2185,0
129726,0,2183,0
129728,0,2184,0
129730,0,2185,0
129732,0,2185,0
129734,0,2186,0
129736,0,2185,0
129738,0,2185,0
129740,0,2185,0
129742,0,2185,0
129744,0,2185,0
129746,0,2184,0
129748,67994,2183,1
129750,0,2184,0
129752,0,2190,0
129754,0,2185,0
129756,0,2185,0
129758,0,2184,0
129760,0,2187,0
129762,0,2183,0
129764,0,2186,0
129766,0,2185,0
129768,0,2185,0
129770,0,2185,0
129772,0,2187,0
129774,0,2185,0
129776,0,2185,0
129778,0,2187,0
129780,0,2183,0
129782,0,2183,0
129784,0,2184,0
129786,0,2185,0
129788,68007,2185,1
129790,0,2184,0
129792,0,2183,0
129794,0,2185,0
129796,0,2185,0
129798,0,2185,0
129800,0,2185,0
129802,0,2186,0
129804,0,2183,0
129806,0,2185,0
129808,0,2184,0
129810,0,2185,0
129812,0,2186,0
129814,0,2183,0
129816,0,2184,0
129818,0,2185,0
129820,0,2184,0
129822,0,2185,0
129824,0,2185,0
129826,0,2167,0
129828,68027,2185,1
129830,0,2185,0
129832,0,2185,0
129834,0,2186,0
129836,0,2187,0
129838,0,2185,0
129840,0,2185,0
129842,0,2186,0
129844,0,2187,0
129846,0,2184,0
129848,0,2185,0
129850,0,2187,0
129852,0,2185,0
129854,0,2185,0
129856,0,2187,0
129858,0,2185,0
129860,0,2185,0
129862,0,2187,0
129864,0,2186,0
129866,0,2184,0
129868,68042,2185,1
129870,0,2175,0
129872,0,2185,0
129874,0,2187,0
129876,0,2185,0
129878,0,2185,0
129880,0,2187,0
129882,0,2189,0
129884,0,2183,0
129886,0,2187,0
129888,0,2185,0
129890,0,2185,0
129892,0,2189,0
129894,0,2187,0
129896,0,2185,0
129898,0,2186,0
129900,0,2185,0
129902,0,2185,0
129904,0,2187,0
129906,0,2187,0
129908,68005,2185,1
129910,0,2184,0
129912,0,2185,0
129914,0,2185,0
129916,0,2185,0
129918,0,2187,0
129920,0,2185,0
129922,0,2185,0
129924,0,2187,0
129926,0,2186,0
129928,0,2185,0
129930,0,2185,0
129932,0,2187,0
129934,0,2186,0
129936,0,2185,0
129938,0,2185,0
129940,0,2185,0
129942,0,2187,0
129944,0,2187,0
129946,0,2181,0
129948,68015,2185,1
129950,0,2185,0
129952,0,2187,0
129954,0,2185,0
129956,0,2185,0
129958,0,2185,0
129960,0,2187,0
129962,0,2187,0
129964,0,2186,0
129966,0,2187,0
129968,0,2185,0
129970,0,2187,0
129972,0,2187,0
129974,0,2187,0
129976,0,2185,0
129978,0,2187,0
129980,0,2185,0
129982,0,2187,0
129984,0,2187,0
129986,68035,2184,1
129988,0,2187,0
129990,0,2185,0
129992,0,2185,0
129994,0,2185,0
129996,0,2187,0
129998,0,2185,0
130000,0,2186,0
130002,0,2185,0
130004,0,2185,0
130006,0,2187,0
130008,0,2185,0
130010,0,2191,0
130012,0,2184,0
130014,0,2187,0
130016,0,2187,0
130018,0,2188,0
130020,0,2185,0
130022,0,2187,0
130024,0,2186,0
130026,68042,2185,1
130028,0,2187,0
130030,0,2187,0
130032,0,2185,0
130034,0,2185,0
130036,0,2185,0
130038,0,2187,0
130040,0,2187,0
130042,0,2184,0
130044,0,2185,0
130046,0,2186,0
130048,0,2187,0
130050,0,2187,0
130052,0,2187,0
130054,0,2185,0
130056,0,2185,0
130058,0,2188,0
130060,0,2187,0
130062,0,2185,0
130064,0,2187,0
130066,68045,2185,1
130068,0,2187,0
130070,0,2184,0
130072,0,2187,0
130074,0,2187,0
130076,0,2187,0
130078,0,2186,0
130080,0,2187,0
130082,0,2187,0
130084,0,2187,0
130086,0,2187,0
130088,0,2187,0
130090,0,2186,0
130092,0,2188,0
130094,0,2187,0
130096,0,2187,0
130098,0,2187,0
130100,0,2187,0
130102,0,2185,0
130104,0,2187,0
130106,68048,2188,1
130108,0,2187,0
130110,0,2184,0
130112,0,2187,0
130114,0,2185,0
130116,0,2187,0
130118,0,2187,0
130120,0,2187,0
130122,0,2187,0
130124,0,2187,0
130126,0,2187,0
130128,0,2187,0
130130,0,2187,0
130132,0,2186,0
130134,0,2187,0
130136,0,2187,0
130138,0,2187,0
130140,0,2189,0
130142,0,2172,0
130144,0,2187,0
130146,68043,2185,1
130148,0,2193,0
130150,0,2186,0
130152,0,2187,0
130154,0,2187,0
130156,0,2187,0
130158,0,2187,0
130160,0,2185,0
130162,0,2185,0
130164,0,2187,0
130166,0,2188,0
130168,0,2188,0
130170,0,2185,0
130172,0,2185,0
130174,0,2185,0
130176,0,2187,0
130178,0,2188,0
130180,0,2186,0
130182,0,2187,0
130184,0,2187,0
130186,68058,2185,1
130188,0,2186,0
130190,0,2187,0
130192,0,2188,0
130194,0,2187,0
130196,0,2187,0
130198,0,2187,0
130200,0,2187,0
130202,0,2187,0
130204,0,2187,0
130206,0,2187,0
130208,0,2187,0
130210,0,2187,0
130212,0,2189,0
130214,0,2187,0
130216,0,2188,0
130218,0,2187,0
130220,0,2187,0
130222,0,2187,0
130224,0,2187,0
130226,68085,2186,1
130228,0,2185,0
130230,0,2187,0
130232,0,2188,0
130234,0,2185,0
130236,0,2186,0
130238,0,2187,0
130240,0,2187,0
130242,0,2187,0
130244,0,2187,0
130246,0,2185,0
130248,0,2187,0
130250,0,2187,0
130252,0,2187,0
130254,0,2187,0
130256,0,2186,0
130258,0,2187,0
130260,0,2186,0
130262,0,2189,0
130264,0,2187,0
130266,68080,2185,1
130268,0,2186,0
130270,0,2185,0
130272,0,2185,0
130274,0,2187,0
130276,0,2187,0
130278,0,2187,0
130280,0,2187,0
130282,0,2187,0
130284,0,2187,0
130286,0,2185,0
130288,0,2187,0
130290,0,2187,0
130292,0,2187,0
130294,0,2185,0
130296,0,2185,0
130298,0,2187,0
130300,0,2187,0
130302,0,2186,0
130304,0,2187,0
130306,68032,2188,1
130308,0,2185,0
130310,0,2185,0
130312,0,2187,0
130314,0,2187,0
130316,0,2187,0
130318,0,2187,0
130320,0,2187,0
130322,0,2187,0
130324,0,2186,0
130326,0,2184,0
130328,0,2187,0
130330,0,2187,0
130332,0,2187,0
130334,0,2186,0
130336,0,2187,0
130338,0,2187,0
130340,0,2187,0
130342,0,2187,0
130344,0,2187,0
130346,68048,2187,1
130348,0,2187,0
130350,0,2187,0
130352,0,2187,0
130354,0,2187,0
130356,0,2186,0
130358,0,2186,0
130360,0,2185,0
130362,0,2187,0
130364,0,2187,0
130366,0,2186,0
130368,0,2186,0
130370,0,2187,0
130372,0,2187,0
130374,0,2187,0
130376,0,2187,0
130378,0,2187,0
130380,0,2187,0
130382,0,2186,0
130384,68074,2187,1
130386,0,2187,0
130388,0,2185,0
130390,0,2185,0
130392,0,2189,0
130394,0,2185,0
130396,0,2189,0
130398,0,2186,0
130400,0,2187,0
130402,0,2187,0
130404,0,2185,0
130406,0,2187,0
130408,0,2187,0
130410,0,2187,0
130412,0,2187,0
130414,0,2187,0
130416,0,2189,0
130418,0,2188,0
130420,0,2187,0
130422,0,2188,0
130424,68070,2187,1
130426,0,2186,0
130428,0,2187,0
130430,0,2191,0
130432,0,2187,0
130434,0,2187,0
130436,0,2187,0
130438,0,2187,0
130440,0,2187,0
130442,0,2187,0
130444,0,2191,0
130446,0,2187,0
130448,0,2189,0
130450,0,2187,0
130452,0,2187,0
130454,0,2189,0
130456,0,2187,0
130458,0,2189,0
130460,0,2186,0
130462,0,2189,0
130464,68078,2189,1
130466,0,2187,0
130468,0,2187,0
130470,0,2186,0
130472,0,2189,0
130474,0,2187,0
130476,0,2187,0
130478,0,2189,0
130480,0,2189,0
130482,0,2188,0
130484,0,2187,0
130486,0,2187,0
130488,0,2189,0
130490,0,2187,0
130492,0,2189,0
130494,0,2188,0
130496,0,2187,0
130498,0,2187,0
130500,0,2188,0
130502,0,2189,0
130504,68085,2188,1
130506,0,2187,0
130508,0,2189,0
130510,0,2187,0
130512,0,2186,0
130514,0,2187,0
130516,0,2187,0
130518,0,2189,0
130520,0,2187,0
130522,0,2187,0
130524,0,2188,0
130526,0,2189,0
130528,0,2187,0
130530,0,2187,0
130532,0,2197,0
130534,0,2187,0
130536,0,2189,0
130538,0,2189,0
130540,0,2185,0
130542,0,2186,0
130544,68094,2189,1
130546,0,2187,0
130548,0,2183,0
130550,0,2188,0
130552,0,2189,0
130554,0,2187,0
130556,0,2187,0
130558,0,2189,0
130560,0,2187,0
130562,0,2187,0
130564,0,2188,0
130566,0,2187,0
130568,0,2187,0
130570,0,2186,0
130572,0,2187,0
130574,0,2187,0
130576,0,2188,0
130578,0,2187,0
130580,0,2189,0
130582,0,2185,0
130584,68095,2187,1
130586,0,2185,0
130588,0,2188,0
130590,0,2189,0
130592,0,2187,0
130594,0,2189,0
130596,0,2187,0
130598,0,2187,0
130600,0,2187,0
130602,0,2188,0
130604,0,2187,0
130606,0,2187,0
130608,0,2186,0
130610,0,2188,0
130612,0,2186,0
130614,0,2187,0
130616,0,2189,0
130618,0,2187,0
130620,0,2187,0
130622,0,2188,0
130624,68103,2187,1
130626,0,2187,0
130628,0,2186,0
130630,0,2187,0
130632,0,2187,0
130634,0,2189,0
130636,0,2187,0
130638,0,2185,0
130640,0,2187,0
130642,0,2187,0
130644,0,2187,0
130646,0,2187,0
130648,0,2187,0
130650,0,2187,0
130652,0,2187,0
130654,0,2186,0
130656,0,2187,0
130658,0,2188,0
130660,0,2187,0
130662,0,2185,0
130664,68099,2187,1
130666,0,2187,0
130668,0,2188,0
130670,0,2188,0
130672,0,2187,0
130674,0,2187,0
130676,0,2187,0
130678,0,2186,0
130680,0,2189,0
130682,0,2187,0
130684,0,2188,0
130686,0,2188,0
130688,0,2187,0
130690,0,2188,0
130692,0,2188,0
130694,0,2187,0
130696,0,2186,0
130698,0,2189,0
130700,0,2187,0
130702,0,2187,0
130704,68069,2188,1
130706,0,2187,0
130708,0,2187,0
130710,0,2189,0
130712,0,2187,0
130714,0,2185,0
130716,0,2189,0
130718,0,2189,0
130720,0,2185,0
130722,0,2183,0
130724,0,2187,0
130726,0,2189,0
130728,0,2187,0
130730,0,2189,0
130732,0,2187,0
130734,0,2189,0
130736,0,2189,0
130738,0,2188,0
130740,0,2187,0
130742,68088,2187,1
130744,0,2187,0
130746,0,2188,0
130748,0,2189,0
130750,0,2189,0
130752,0,2187,0
130754,0,2188,0
130756,0,2189,0
130758,0,2187,0
130760,0,2187,0
130762,0,2190,0
130764,0,2188,0
130766,0,2191,0
130768,0,2187,0
130770,0,2187,0
130772,0,2189,0
130774,0,2189,0
130776,0,2189,0
130778,0,2189,0
130780,0,2190,0
130782,68113,2190,1
130784,0,2187,0
130786,0,2188,0
130788,0,2189,0
130790,0,2189,0
130792,0,2189,0
130794,0,2189,0
130796,0,2189,0
130798,0,2188,0
130800,0,2188,0
130802,0,2189,0
130804,0,2188,0
130806,0,2189,0
130808,0,2189,0
130810,0,2189,0
130812,0,2187,0
130814,0,2184,0
130816,0,2188,0
130818,0,2189,0
130820,0,2189,0
130822,68120,2188,1
130824,0,2187,0
130826,0,2189,0
130828,0,2190,0
130830,0,2187,0
130832,0,2189,0
130834,0,2190,0
130836,0,2189,0
130838,0,2201,0
130840,0,2189,0
130842,0,2189,0
130844,0,2189,0
130846,0,2188,0
130848,0,2188,0
130850,0,2173,0
130852,0,2188,0
130854,0,2187,0
130856,0,2189,0
130858,0,2189,0
130860,0,2189,0
130862,68130,2187,1
130864,0,2187,0
130866,0,2187,0
130868,0,2188,0
130870,0,2188,0
130872,0,2189,0
130874,0,2188,0
130876,0,2189,0
130878,0,2188,0
130880,0,2189,0
130882,0,2189,0
130884,0,2188,0
130886,0,2189,0
130888,0,2189,0
130890,0,2188,0
130892,0,2189,0
130894,0,2188,0
130896,0,2190,0
130898,0,2190,0
130900,0,2188,0
130902,68127,2187,1
130904,0,2189,0
130906,0,2188,0
130908,0,2187,0
130911,0,2187,0
130913,0,2187,0
130915,0,2187,0
130917,0,2187,0
130919,0,2191,0
130921,0,2189,0
130923,0,2191,0
130925,0,2185,0
130927,0,2189,0
130929,0,2189,0
130931,0,2189,0
130933,0,2189,0
130935,0,2188,0
130937,0,2189,0
130939,0,2189,0
130941,0,2190,0
130943,68124,2187,1
130945,0,2189,0
130947,0,2194,0
130949,0,2189,0
130951,0,2191,0
130953,0,2188,0
130955,0,2189,0
130957,0,2189,0
130959,0,2189,0
130961,0,2189,0
130963,0,2189,0
130965,0,2190,0
130967,0,2189,0
130969,0,2189,0
130971,0,2189,0
130973,0,2189,0
130975,0,2193,0
130977,0,2189,0
130979,0,2189,0
130981,0,2189,0
130983,68139,2189,1
130985,0,2189,0
130987,0,2189,0
130989,0,2189,0
130991,0,2189,0
130993,0,2189,0
130995,0,2189,0
130997,0,2189,0
130999,0,2189,0
131001,0,2188,0
131003,0,2187,0
131005,0,2189,0
131007,0,2189,0
131009,0,2189,0
131011,0,2188,0
131013,0,2188,0
131015,0,2188,0
131017,0,2187,0
131019,0,2189,0
131021,0,2189,0
131023,68143,2189,1
131025,0,2188,0
131027,0,2189,0
131029,0,2187,0
131031,0,2187,0
131033,0,2189,0
131035,0,2187,0
131037,0,2189,0
131039,0,2193,0
131041,0,2189,0
131043,0,2189,0
131045,0,2189,0
131047,0,2189,0
131049,0,2193,0
131051,0,2188,0
131053,0,2189,0
131055,0,2189,0
131057,0,2188,0
131059,0,2189,0
131061,0,2191,0
131063,68118,2189,1
131065,0,2190,0
131067,0,2190,0
131069,0,2189,0
131071,0,2188,0
131073,0,2189,0
131075,0,2189,0
131077,0,2189,0
131079,0,2189,0
131081,0,2189,0
131083,0,2189,0
131085,0,2189,0
131087,0,2189,0
131089,0,2193,0
131091,0,2189,0
131093,0,2186,0
131095,0,2189,0
131097,0,2189,0
131099,0,2189,0
131101,0,2188,0
131103,68103,2189,1
131105,0,2188,0
131107,0,2190,0
131109,0,2189,0
131111,0,2189,0
131113,0,2190,0
131115,0,2189,0
131117,0,2189,0
131119,0,2189,0
131121,0,2187,0
131123,0,2191,0
131125,0,2191,0
131127,0,2190,0
131129,0,2190,0
131131,0,2189,0
131133,0,2189,0
131135,0,2190,0
131137,0,2189,0
131139,0,2188,0
131141,68139,2189,1
131143,0,2189,0
131145,0,2189,0
131147,0,2189,0
131149,0,2190,0
131151,0,2189,0
131153,0,2187,0
131155,0,2189,0
131157,0,2189,0
131159,0,2193,0
131161,0,2189,0
131163,0,2189,0
131165,0,2191,0
131167,0,2190,0
131169,0,2191,0
131171,0,2191,0
131173,0,2195,0
131175,0,2191,0
131177,0,2189,0
131179,0,2191,0
131181,68157,2191,1
131183,0,2188,0
131185,0,2189,0
131187,0,2189,0
131189,0,2189,0
131191,0,2188,0
131193,0,2188,0
131195,0,2189,0
131197,0,2190,0
131199,0,2189,0
131201,0,2189,0
131203,0,2188,0
131205,0,2189,0
131207,0,2189,0
131209,0,2191,0
131211,0,2189,0
131213,0,2189,0
131215,0,2191,0
131217,0,2191,0
131219,0,2189,0
131221,68160,2189,1
131223,0,2189,0
131225,0,2190,0
131227,0,2190,0
131229,0,2190,0
131231,0,2190,0
131233,0,2191,0
131235,0,2190,0
131237,0,2191,0
131239,0,2190,0
131241,0,2189,0
131243,0,2189,0
131245,0,2191,0
