# synthetic capture -- parity fixture, NOT a signal-quality reference
# bpm=64.0 seconds=60.0 seed=12345
Timestamp_ms,RawIr,RawGSR,IrNew
0,79941,1298,1
2,0,1308,0
4,0,1313,0
6,0,1314,0
8,0,1307,0
10,0,1299,0
12,0,1291,0
14,0,1286,0
16,0,1287,0
18,0,1290,0
20,0,1300,0
22,0,1309,0
24,0,1312,0
26,0,1313,0
28,0,1308,0
30,0,1299,0
32,0,1293,0
34,0,1286,0
36,0,1288,0
38,0,1293,0
40,80413,1300,1
42,0,1308,0
44,0,1312,0
46,0,1313,0
48,0,1308,0
50,0,1298,0
52,0,1290,0
54,0,1287,0
56,0,1286,0
58,0,1290,0
60,0,1299,0
62,0,1307,0
64,0,1313,0
66,0,1314,0
68,0,1306,0
70,0,1300,0
72,0,1291,0
74,0,1286,0
76,0,1287,0
78,0,1291,0
80,80794,1300,1
82,0,1308,0
84,0,1312,0
86,0,1314,0
88,0,1308,0
90,0,1299,0
92,0,1292,0
94,0,1286,0
96,0,1287,0
98,0,1291,0
100,0,1300,0
102,0,1307,0
104,0,1312,0
106,0,1313,0
108,0,1308,0
110,0,1299,0
112,0,1292,0
114,0,1286,0
116,0,1287,0
118,0,1292,0
120,81030,1298,1
122,0,1307,0
124,0,1312,0
126,0,1314,0
128,0,1309,0
130,0,1298,0
132,0,1290,0
134,0,1286,0
136,0,1287,0
138,0,1292,0
140,0,1299,0
142,0,1307,0
144,0,1312,0
146,0,1314,0
148,0,1309,0
150,0,1299,0
152,0,1292,0
154,0,1287,0
156,0,1286,0
158,0,1292,0
160,81143,1300,1
162,0,1307,0
164,0,1314,0
166,0,1314,0
168,0,1306,0
170,0,1300,0
172,0,1291,0
174,0,1285,0
176,0,1286,0
178,0,1292,0
180,0,1298,0
182,0,1307,0
184,0,1313,0
186,0,1313,0
188,0,1307,0
190,0,1298,0
192,0,1290,0
194,0,1287,0
196,0,1286,0
198,0,1292,0
200,80987,1300,1
202,0,1308,0
204,0,1314,0
206,0,1313,0
208,0,1307,0
210,0,1301,0
212,0,1291,0
214,0,1285,0
216,0,1287,0
218,0,1292,0
220,0,1301,0
222,0,1306,0
224,0,1313,0
226,0,1311,0
228,0,1307,0
230,0,1298,0
232,0,1291,0
234,0,1287,0
236,0,1287,0
238,0,1290,0
240,80923,1299,1
242,0,1309,0
244,0,1312,0
246,0,1313,0
248,0,1308,0
250,0,1299,0
252,0,1291,0
254,0,1287,0
256,0,1287,0
258,0,1292,0
260,0,1299,0
262,0,1307,0
264,0,1313,0
266,0,1312,0
268,0,1307,0
270,0,1301,0
272,0,1291,0
274,0,1285,0
276,0,1286,0
278,0,1292,0
280,80693,1299,1
282,0,1306,0
284,0,1311,0
286,0,1313,0
288,0,1308,0
290,0,1300,0
292,0,1291,0
294,0,1286,0
296,0,1286,0
298,0,1291,0
300,0,1300,0
302,0,1306,0
304,0,1312,0
306,0,1312,0
308,0,1308,0
310,0,1298,0
312,0,1290,0
314,0,1287,0
316,0,1285,0
318,0,1292,0
320,80410,1298,1
322,0,1308,0
324,0,1311,0
326,0,1312,0
328,0,1306,0
330,0,1300,0
332,0,1290,0
334,0,1284,0
336,0,1285,0
338,0,1291,0
340,0,1299,0
342,0,1308,0
344,0,1313,0
346,0,1311,0
348,0,1306,0
350,0,1300,0
352,0,1290,0
354,0,1286,0
356,0,1285,0
358,0,1290,0
360,80213,1300,1
362,0,1307,0
364,0,1312,0
366,0,1312,0
368,0,1308,0
370,0,1300,0
372,0,1290,0
374,0,1286,0
376,0,1287,0
378,0,1290,0
380,0,1298,0
382,0,1307,0
384,0,1314,0
386,0,1314,0
388,0,1307,0
390,0,1299,0
392,0,1291,0
394,0,1285,0
396,0,1285,0
398,0,1292,0
400,80156,1300,1
402,0,1307,0
404,0,1312,0
406,0,1312,0
408,0,1309,0
410,0,1298,0
412,0,1291,0
414,0,1287,0
416,0,1286,0
418,0,1290,0
420,0,1299,0
422,0,1308,0
424,0,1312,0
426,0,1313,0
428,0,1307,0
430,0,1300,0
432,0,1291,0
434,0,1287,0
436,0,1286,0
438,0,1292,0
440,80077,1299,1
442,0,1306,0
444,0,1313,0
446,0,1311,0
448,0,1308,0
450,0,1298,0
452,0,1291,0
454,0,1286,0
456,0,1287,0
458,0,1290,0
460,0,1299,0
462,0,1308,0
464,0,1314,0
466,0,1311,0
468,0,1306,0
470,0,1299,0
472,0,1291,0
474,0,1285,0
476,0,1286,0
478,0,1291,0
480,79995,1300,1
482,0,1307,0
484,0,1312,0
486,0,1313,0
488,0,1306,0
490,0,1300,0
492,0,1290,0
494,0,1286,0
496,0,1285,0
498,0,1290,0
500,0,1298,0
502,0,1306,0
504,0,1311,0
506,0,1314,0
508,0,1307,0
510,0,1298,0
512,0,1292,0
514,0,1287,0
516,0,1287,0
518,0,1290,0
520,79970,1298,1
522,0,1308,0
524,0,1314,0
526,0,1311,0
528,0,1306,0
530,0,1298,0
532,0,1291,0
534,0,1286,0
536,0,1285,0
538,0,1291,0
540,0,1299,0
542,0,1308,0
544,0,1312,0
546,0,1312,0
548,0,1307,0
550,0,1298,0
552,0,1291,0
554,0,1285,0
556,0,1285,0
558,0,1290,0
560,79864,1300,1
562,0,1306,0
564,0,1312,0
566,0,1312,0
568,0,1308,0
570,0,1298,0
572,0,1292,0
574,0,1286,0
576,0,1284,0
578,0,1292,0
580,0,1298,0
582,0,1307,0
584,0,1313,0
586,0,1311,0
588,0,1308,0
590,0,1299,0
592,0,1292,0
594,0,1285,0
596,0,1286,0
598,0,1292,0
600,79712,1299,1
602,0,1306,0
604,0,1312,0
606,0,1311,0
608,0,1307,0
610,0,1300,0
612,0,1290,0
614,0,1287,0
616,0,1285,0
618,0,1289,0
620,0,1299,0
622,0,1308,0
624,0,1312,0
626,0,1313,0
628,0,1306,0
630,0,1299,0
632,0,1292,0
634,0,1287,0
636,0,1287,0
638,0,1291,0
640,79439,1300,1
642,0,1307,0
644,0,1312,0
646,0,1313,0
648,0,1308,0
650,0,1299,0
652,0,1291,0
654,0,1286,0
656,0,1286,0
658,0,1291,0
660,0,1300,0
662,0,1306,0
664,0,1312,0
666,0,1312,0
668,0,1306,0
670,0,1299,0
672,0,1290,0
674,0,1286,0
676,0,1285,0
678,0,1290,0
680,79253,1297,1
682,0,1306,0
684,0,1312,0
686,0,1313,0
688,0,1308,0
690,0,1298,0
692,0,1291,0
694,0,1285,0
696,0,1287,0
698,0,1289,0
700,0,1300,0
702,0,1307,0
704,0,1311,0
706,0,1313,0
708,0,1307,0
710,0,1298,0
712,0,1291,0
714,0,1285,0
716,0,1285,0
718,0,1289,0
720,78971,1300,1
722,0,1308,0
724,0,1312,0
726,0,1313,0
728,0,1307,0
730,0,1300,0
732,0,1289,0
734,0,1285,0
736,0,1286,0
738,0,1289,0
740,0,1299,0
742,0,1308,0
744,0,1311,0
746,0,1312,0
748,0,1307,0
750,0,1299,0
752,0,1292,0
754,0,1286,0
756,0,1285,0
758,0,1292,0
760,78931,1299,1
762,0,1306,0
764,0,1311,0
766,0,1312,0
768,0,1307,0
770,0,1298,0
772,0,1290,0
774,0,1284,0
776,0,1286,0
778,0,1292,0
780,0,1299,0
782,0,1306,0
784,0,1313,0
786,0,1312,0
788,0,1308,0
790,0,1298,0
792,0,1291,0
794,0,1284,0
796,0,1287,0
798,0,1290,0
800,78879,1299,1
802,0,1306,0
804,0,1313,0
806,0,1312,0
808,0,1306,0
810,0,1300,0
812,0,1290,0
814,0,1286,0
816,0,1287,0
818,0,1290,0
820,0,1298,0
822,0,1307,0
824,0,1312,0
826,0,1311,0
828,0,1306,0
830,0,1299,0
832,0,1291,0
834,0,1285,0
836,0,1285,0
838,0,1291,0
840,79076,1300,1
842,0,1308,0
844,0,1313,0
846,0,1311,0
848,0,1306,0
850,0,1297,0
852,0,1291,0
854,0,1286,0
856,0,1286,0
858,0,1292,0
860,0,1299,0
862,0,1307,0
864,0,1313,0
866,0,1312,0
868,0,1307,0
870,0,1298,0
872,0,1291,0
874,0,1286,0
876,0,1284,0
878,0,1289,0
880,79368,1300,1
882,0,1307,0
884,0,1312,0
886,0,1311,0
888,0,1307,0
890,0,1299,0
892,0,1291,0
894,0,1287,0
896,0,1286,0
898,0,1291,0
900,0,1298,0
902,0,1306,0
904,0,1311,0
906,0,1313,0
908,0,1306,0
910,0,1299,0
912,0,1290,0
914,0,1287,0
916,0,1285,0
918,0,1292,0
920,79851,1298,1
922,0,1307,0
924,0,1313,0
926,0,1311,0
928,0,1306,0
930,0,1299,0
932,0,1292,0
934,0,1285,0
936,0,1286,0
938,0,1290,0
940,0,1299,0
942,0,1306,0
944,0,1311,0
946,0,1311,0
948,0,1308,0
950,0,1299,0
952,0,1291,0
954,0,1287,0
956,0,1285,0
958,0,1291,0
960,80185,1298,1
962,0,1306,0
964,0,1313,0
966,0,1311,0
968,0,1308,0
970,0,1298,0
972,0,1292,0
974,0,1285,0
976,0,1284,0
978,0,1289,0
980,0,1299,0
982,0,1307,0
984,0,1313,0
986,0,1311,0
988,0,1306,0
990,0,1298,0
992,0,1290,0
994,0,1286,0
996,0,1286,0
998,0,1291,0
1000,80666,1299,1
1002,0,1308,0
1004,0,1313,0
1006,0,1312,0
1008,0,1305,0
1010,0,1299,0
1012,0,1292,0
1014,0,1285,0
1016,0,1285,0
1018,0,1291,0
1020,0,1298,0
1022,0,1308,0
1024,0,1310,0
1026,0,1312,0
1028,0,1308,0
1030,0,1299,0
1032,0,1291,0
1034,0,1286,0
1036,0,1286,0
1038,0,1290,0
1040,80957,1299,1
1042,0,1307,0
1044,0,1312,0
1046,0,1313,0
1048,0,1305,0
1050,0,1300,0
1052,0,1289,0
1054,0,1285,0
1056,0,1287,0
1058,0,1290,0
1060,0,1299,0
1062,0,1307,0
1064,0,1311,0
1066,0,1313,0
1068,0,1307,0
1070,0,1297,0
1072,0,1290,0
1074,0,1286,0
1076,0,1287,0
1078,0,1290,0
1080,81092,1300,1
1082,0,1306,0
1084,0,1311,0
1086,0,1312,0
1088,0,1308,0
1090,0,1300,0
1092,0,1292,0
1094,0,1286,0
1096,0,1286,0
1098,0,1290,0
1100,0,1300,0
1102,0,1306,0
1104,0,1311,0
1106,0,1312,0
1108,0,1306,0
1110,0,1299,0
1112,0,1289,0
1114,0,1285,0
1116,0,1286,0
1118,0,1289,0
1120,81118,1299,1
1122,0,1306,0
1124,0,1313,0
1126,0,1313,0
1128,0,1306,0
1130,0,1299,0
1132,0,1290,0
1134,0,1286,0
1136,0,1284,0
1138,0,1290,0
1140,0,1299,0
1142,0,1308,0
1144,0,1310,0
1146,0,1313,0
1148,0,1308,0
1150,0,1298,0
1152,0,1290,0
1154,0,1286,0
1156,0,1286,0
1158,0,1291,0
1160,80952,1299,1
1162,0,1306,0
1164,0,1313,0
1166,0,1311,0
1168,0,1305,0
1170,0,1299,0
1172,0,1291,0
1174,0,1285,0
1176,0,1286,0
1178,0,1292,0
1180,0,1298,0
1182,0,1308,0
1184,0,1312,0
1186,0,1312,0
1188,0,1307,0
1190,0,1298,0
1192,0,1291,0
1194,0,1285,0
1196,0,1284,0
1198,0,1289,0
1200,80766,1299,1
1202,0,1306,0
1204,0,1311,0
1206,0,1312,0
1208,0,1307,0
1210,0,1298,0
1212,0,1289,0
1214,0,1285,0
1216,0,1286,0
1218,0,1290,0
1220,0,1298,0
1222,0,1308,0
1224,0,1312,0
1226,0,1311,0
1228,0,1308,0
1230,0,1297,0
1232,0,1289,0
1234,0,1286,0
1236,0,1286,0
1238,0,1290,0
1240,80500,1300,1
1242,0,1305,0
1244,0,1310,0
1246,0,1313,0
1248,0,1306,0
1250,0,1298,0
1252,0,1290,0
1254,0,1285,0
1256,0,1285,0
1258,0,1290,0
1260,0,1299,0
1262,0,1305,0
1264,0,1311,0
1266,0,1313,0
1268,0,1308,0
1270,0,1299,0
1272,0,1291,0
1274,0,1284,0
1276,0,1286,0
1278,0,1291,0
1280,80361,1298,1
1282,0,1307,0
1284,0,1312,0
1286,0,1313,0
1288,0,1306,0
1290,0,1298,0
1292,0,1290,0
1294,0,1284,0
1296,0,1285,0
1298,0,1291,0
1300,0,1299,0
1302,0,1307,0
1304,0,1312,0
1306,0,1312,0
1308,0,1305,0
1310,0,1298,0
1312,0,1290,0
1314,0,1284,0
1316,0,1286,0
1318,0,1289,0
1320,80208,1299,1
1322,0,1307,0
1324,0,1313,0
1326,0,1313,0
1328,0,1305,0
1330,0,1298,0
1332,0,1289,0
1334,0,1284,0
1336,0,1285,0
1338,0,1291,0
1340,0,1299,0
1342,0,1308,0
1344,0,1311,0
1346,0,1313,0
1348,0,1306,0
1350,0,1298,0
1352,0,1290,0
1354,0,1284,0
1356,0,1285,0
1358,0,1290,0
1360,80077,1297,1
1362,0,1305,0
1364,0,1312,0
1366,0,1310,0
1368,0,1307,0
1370,0,1298,0
1372,0,1291,0
1374,0,1285,0
1376,0,1285,0
1378,0,1290,0
1380,0,1299,0
1382,0,1306,0
1384,0,1310,0
1386,0,1312,0
1388,0,1306,0
1390,0,1297,0
1392,0,1289,0
1394,0,1286,0
1396,0,1284,0
1398,0,1289,0
1400,80022,1298,1
1402,0,1306,0
1404,0,1313,0
1406,0,1312,0
1408,0,1306,0
1410,0,1299,0
1412,0,1289,0
1414,0,1286,0
1416,0,1286,0
1418,0,1291,0
1420,0,1299,0
1422,0,1306,0
1424,0,1311,0
1426,0,1312,0
1428,0,1306,0
1430,0,1298,0
1432,0,1290,0
1434,0,1284,0
1436,0,1286,0
1438,0,1291,0
1440,79964,1297,1
1442,0,1307,0
1444,0,1310,0
1446,0,1311,0
1448,0,1307,0
1450,0,1299,0
1452,0,1289,0
1454,0,1285,0
1456,0,1286,0
1458,0,1291,0
1460,0,1298,0
1462,0,1306,0
1464,0,1313,0
1466,0,1311,0
1468,0,1305,0
1470,0,1299,0
1472,0,1290,0
1474,0,1285,0
1476,0,1285,0
1478,0,1289,0
1480,79890,1299,1
1482,0,1308,0
1484,0,1312,0
1486,0,1312,0
1488,0,1306,0
1490,0,1299,0
1492,0,1289,0
1494,0,1285,0
1496,0,1285,0
1498,0,1291,0
1500,0,1297,0
1502,0,1308,0
1504,0,1311,0
1506,0,1313,0
1508,0,1307,0
1510,0,1298,0
1512,0,1291,0
1514,0,1285,0
1516,0,1286,0
1518,0,1291,0
1520,79796,1298,1
1522,0,1308,0
1524,0,1313,0
1526,0,1311,0
1528,0,1307,0
1530,0,1299,0
1532,0,1288,0
1534,0,1285,0
1536,0,1285,0
1538,0,1289,0
1540,0,1299,0
1542,0,1308,0
1544,0,1313,0
1546,0,1312,0
1548,0,1307,0
1550,0,1297,0
1552,0,1291,0
1554,0,1283,0
1556,0,1284,0
1558,0,1291,0
1560,79515,1298,1
1562,0,1306,0
1564,0,1311,0
1566,0,1311,0
1568,0,1306,0
1570,0,1297,0
1572,0,1290,0
1574,0,1284,0
1576,0,1284,0
1578,0,1289,0
1580,0,1297,0
1582,0,1305,0
1584,0,1310,0
1586,0,1310,0
1588,0,1307,0
1590,0,1299,0
1592,0,1289,0
1594,0,1283,0
1596,0,1285,0
1598,0,1291,0
1600,79262,1298,1
1602,0,1306,0
1604,0,1312,0
1606,0,1313,0
1608,0,1305,0
1610,0,1297,0
1612,0,1291,0
1614,0,1286,0
1616,0,1285,0
1618,0,1290,0
1620,0,1297,0
1622,0,1306,0
1624,0,1310,0
1626,0,1310,0
1628,0,1306,0
1630,0,1297,0
1632,0,1290,0
1634,0,1286,0
1636,0,1285,0
1638,0,1289,0
1640,79047,1298,1
1642,0,1306,0
1644,0,1311,0
1646,0,1312,0
1648,0,1308,0
1650,0,1299,0
1652,0,1289,0
1654,0,1286,0
1656,0,1285,0
1658,0,1290,0
1660,0,1297,0
1662,0,1307,0
1664,0,1313,0
1666,0,1313,0
1668,0,1305,0
1670,0,1299,0
1672,0,1289,0
1674,0,1284,0
1676,0,1285,0
1678,0,1291,0
1680,78928,1299,1
1682,0,1307,0
1684,0,1313,0
1686,0,1310,0
1688,0,1305,0
1690,0,1298,0
1692,0,1291,0
1694,0,1286,0
1696,0,1285,0
1698,0,1289,0
1700,0,1297,0
1702,0,1305,0
1704,0,1313,0
1706,0,1312,0
1708,0,1305,0
1710,0,1298,0
1712,0,1289,0
1714,0,1285,0
1716,0,1285,0
1718,0,1289,0
1720,78891,1299,1
1722,0,1307,0
1724,0,1312,0
1726,0,1311,0
1728,0,1306,0
1730,0,1297,0
1732,0,1289,0
1734,0,1284,0
1736,0,1285,0
1738,0,1288,0
1740,0,1299,0
1742,0,1306,0
1744,0,1312,0
1746,0,1312,0
1748,0,1307,0
1750,0,1299,0
1752,0,1291,0
1754,0,1286,0
1756,0,1286,0
1758,0,1289,0
1760,78976,1297,1
1762,0,1305,0
1764,0,1310,0
1766,0,1311,0
1768,0,1307,0
1770,0,1298,0
1772,0,1289,0
1774,0,1285,0
1776,0,1284,0
1778,0,1289,0
1780,0,1298,0
1782,0,1306,0
1784,0,1310,0
1786,0,1312,0
1788,0,1307,0
1790,0,1296,0
1792,0,1290,0
1794,0,1286,0
1796,0,1286,0
1798,0,1288,0
1800,79220,1297,1
1802,0,1306,0
1804,0,1310,0
1806,0,1310,0
1808,0,1307,0
1810,0,1297,0
1812,0,1289,0
1814,0,1283,0
1816,0,1286,0
1818,0,1289,0
1820,0,1299,0
1822,0,1307,0
1824,0,1310,0
1826,0,1310,0
1828,0,1305,0
1830,0,1298,0
1832,0,1289,0
1834,0,1284,0
1836,0,1284,0
1838,0,1291,0
1840,79605,1299,1
1842,0,1305,0
1844,0,1310,0
1846,0,1311,0
1848,0,1305,0
1850,0,1298,0
1852,0,1289,0
1854,0,1284,0
1856,0,1286,0
1858,0,1288,0
1860,0,1297,0
1862,0,1306,0
1864,0,1310,0
1866,0,1312,0
1868,0,1305,0
1870,0,1297,0
1872,0,1289,0
1874,0,1284,0
1876,0,1285,0
1878,0,1288,0
1880,80084,1298,1
1882,0,1305,0
1884,0,1311,0
1886,0,1312,0
1888,0,1305,0
1890,0,1298,0
1892,0,1289,0
1894,0,1283,0
1896,0,1286,0
1898,0,1289,0
1900,0,1298,0
1902,0,1305,0
1904,0,1311,0
1906,0,1311,0
1908,0,1306,0
1910,0,1299,0
1912,0,1289,0
1914,0,1286,0
1916,0,1284,0
1918,0,1288,0
1920,80414,1298,1
1922,0,1306,0
1924,0,1311,0
1926,0,1310,0
1928,0,1305,0
1930,0,1299,0
1932,0,1290,0
1934,0,1283,0
1936,0,1283,0
1938,0,1291,0
1940,0,1298,0
1942,0,1306,0
1944,0,1310,0
1946,0,1312,0
1948,0,1305,0
1950,0,1298,0
1952,0,1290,0
1954,0,1285,0
1956,0,1284,0
1958,0,1290,0
1960,80790,1298,1
1962,0,1306,0
1964,0,1311,0
1966,0,1313,0
1968,0,1305,0
1970,0,1296,0
1972,0,1289,0
1974,0,1286,0
1976,0,1285,0
1978,0,1289,0
1980,0,1298,0
1982,0,1305,0
1984,0,1311,0
1986,0,1311,0
1988,0,1305,0
1990,0,1298,0
1992,0,1290,0
1994,0,1284,0
1996,0,1284,0
1998,0,1289,0
2000,80996,1297,1
2001,0,1307,0
2004,0,1312,0
2005,0,1312,0
2008,0,1305,0
2009,0,1297,0
2012,0,1289,0
2013,0,1285,0
2016,0,1286,0
2017,0,1289,0
2020,0,1298,0
2021,0,1307,0
2024,0,1312,0
2025,0,1312,0
2028,0,1305,0
2029,0,1298,0
2032,0,1288,0
2033,0,1283,0
2036,0,1285,0
2037,0,1289,0
2040,81085,1297,1
2041,0,1305,0
2044,0,1311,0
2045,0,1312,0
2048,0,1305,0
2050,0,1297,0
2052,0,1291,0
2054,0,1284,0
2056,0,1283,0
2058,0,1288,0
2060,0,1298,0
2062,0,1304,0
2064,0,1311,0
2066,0,1310,0
2068,0,1305,0
2070,0,1297,0
2072,0,1289,0
2074,0,1283,0
2076,0,1283,0
2078,0,1290,0
2080,80994,1297,1
2082,0,1307,0
2084,0,1309,0
2086,0,1312,0
2088,0,1305,0
2090,0,1297,0
2092,0,1290,0
2094,0,1283,0
2096,0,1284,0
2098,0,1291,0
2100,0,1297,0
2102,0,1306,0
2104,0,1311,0
2106,0,1311,0
2108,0,1305,0
2110,0,1298,0
2112,0,1289,0
2114,0,1286,0
2116,0,1283,0
2118,0,1290,0
2120,80850,1296,1
2122,0,1307,0
2124,0,1310,0
2126,0,1311,0
2128,0,1306,0
2130,0,1297,0
2132,0,1288,0
2134,0,1284,0
2136,0,1286,0
2138,0,1289,0
2140,0,1298,0
2142,0,1305,0
2144,0,1310,0
2146,0,1311,0
2148,0,1307,0
2150,0,1297,0
2152,0,1289,0
2154,0,1285,0
2156,0,1284,0
2158,0,1290,0
2160,80631,1299,1
2162,0,1304,0
2164,0,1311,0
2166,0,1310,0
2168,0,1305,0
2170,0,1296,0
2172,0,1290,0
2174,0,1285,0
2176,0,1284,0
2178,0,1290,0
2180,0,1296,0
2182,0,1307,0
2184,0,1312,0
2186,0,1311,0
2188,0,1307,0
2190,0,1297,0
2192,0,1290,0
2194,0,1284,0
2196,0,1283,0
2198,0,1290,0
2200,80346,1298,1
2202,0,1306,0
2204,0,1311,0
2206,0,1310,0
2208,0,1307,0
2210,0,1296,0
2212,0,1288,0
2214,0,1285,0
2216,0,1285,0
2218,0,1289,0
2220,0,1298,0
2222,0,1307,0
2224,0,1311,0
2226,0,1310,0
2228,0,1306,0
2230,0,1298,0
2232,0,1291,0
2234,0,1283,0
2236,0,1285,0
2238,0,1290,0
2240,80221,1298,1
2242,0,1306,0
2244,0,1310,0
2246,0,1312,0
2248,0,1305,0
2250,0,1298,0
2252,0,1290,0
2254,0,1284,0
2256,0,1285,0
2258,0,1288,0
2260,0,1296,0
2262,0,1307,0
2264,0,1312,0
2266,0,1310,0
2268,0,1307,0
2270,0,1296,0
2272,0,1288,0
2274,0,1286,0
2276,0,1285,0
2278,0,1290,0
2280,80054,1296,1
2282,0,1306,0
2284,0,1311,0
2286,0,1312,0
2288,0,1305,0
2290,0,1296,0
2292,0,1290,0
2294,0,1285,0
2296,0,1285,0
2298,0,1290,0
2300,0,1297,0
2302,0,1305,0
2304,0,1310,0
2306,0,1311,0
2308,0,1307,0
2310,0,1299,0
2312,0,1289,0
2314,0,1285,0
2316,0,1285,0
2318,0,1288,0
2320,80036,1297,1
2322,0,1306,0
2324,0,1310,0
2326,0,1309,0
2328,0,1306,0
2330,0,1297,0
2332,0,1290,0
2334,0,1283,0
2336,0,1283,0
2338,0,1289,0
2340,0,1297,0
2342,0,1306,0
2344,0,1312,0
2346,0,1312,0
2348,0,1306,0
2350,0,1297,0
2352,0,1290,0
2354,0,1283,0
2356,0,1283,0
2358,0,1290,0
2360,80020,1296,1
2362,0,1304,0
2364,0,1311,0
2366,0,1311,0
2368,0,1306,0
2370,0,1297,0
2372,0,1289,0
2374,0,1284,0
2376,0,1284,0
2378,0,1288,0
2380,0,1297,0
2382,0,1306,0
2384,0,1311,0
2386,0,1312,0
2388,0,1305,0
2390,0,1298,0
2392,0,1290,0
2394,0,1284,0
2396,0,1283,0
2398,0,1288,0
2400,79932,1298,1
2402,0,1306,0
2404,0,1311,0
2406,0,1312,0
2408,0,1304,0
2410,0,1297,0
2412,0,1289,0
2414,0,1284,0
2416,0,1284,0
2418,0,1290,0
2420,0,1298,0
2422,0,1305,0
2424,0,1311,0
2426,0,1311,0
2428,0,1306,0
2430,0,1298,0
2432,0,1288,0
2434,0,1284,0
2436,0,1284,0
2438,0,1289,0
2440,79793,1298,1
2442,0,1306,0
2444,0,1310,0
2446,0,1310,0
2448,0,1306,0
2450,0,1298,0
2452,0,1291,0
2454,0,1283,0
2456,0,1285,0
2458,0,1290,0
2460,0,1298,0
2462,0,1305,0
2464,0,1309,0
2466,0,1310,0
2468,0,1305,0
2470,0,1298,0
2472,0,1289,0
2474,0,1283,0
2476,0,1283,0
2478,0,1288,0
2480,79614,1299,1
2482,0,1306,0
2484,0,1311,0
2486,0,1310,0
2488,0,1307,0
2490,0,1296,0
2492,0,1290,0
2494,0,1285,0
2496,0,1283,0
2498,0,1288,0
2500,0,1296,0
2502,0,1305,0
2504,0,1312,0
2506,0,1312,0
2508,0,1305,0
2510,0,1296,0
2512,0,1288,0
2514,0,1284,0
2516,0,1284,0
2518,0,1288,0
2520,79377,1297,1
2522,0,1304,0
2524,0,1312,0
2526,0,1310,0
2528,0,1305,0
2530,0,1297,0
2532,0,1288,0
2534,0,1284,0
2536,0,1283,0
2538,0,1289,0
2540,0,1298,0
2542,0,1306,0
2544,0,1309,0
2546,0,1311,0
2548,0,1305,0
2550,0,1298,0
2552,0,1288,0
2554,0,1284,0
2556,0,1283,0
2558,0,1288,0
2560,79173,1298,1
2562,0,1305,0
2564,0,1310,0
2566,0,1309,0
2568,0,1305,0
2570,0,1297,0
2572,0,1289,0
2574,0,1284,0
2576,0,1283,0
2578,0,1290,0
2580,0,1299,0
2582,0,1305,0
2584,0,1309,0
2586,0,1310,0
2588,0,1305,0
2590,0,1298,0
2592,0,1289,0
2594,0,1285,0
2596,0,1284,0
2598,0,1288,0
2600,79018,1298,1
2602,0,1307,0
2604,0,1309,0
2606,0,1311,0
2608,0,1306,0
2610,0,1298,0
2612,0,1288,0
2614,0,1284,0
2616,0,1283,0
2618,0,1288,0
2620,0,1298,0
2622,0,1304,0
2624,0,1310,0
2626,0,1311,0
2628,0,1304,0
2630,0,1297,0
2632,0,1290,0
2634,0,1285,0
2636,0,1284,0
2638,0,1287,0
2640,78930,1297,1
2642,0,1304,0
2644,0,1309,0
2646,0,1309,0
2648,0,1307,0
2650,0,1297,0
2652,0,1290,0
2654,0,1283,0
2656,0,1284,0
2658,0,1287,0
2660,0,1296,0
2662,0,1306,0
2664,0,1312,0
2666,0,1311,0
2668,0,1306,0
2670,0,1297,0
2672,0,1289,0
2674,0,1285,0
2676,0,1283,0
2678,0,1288,0
2680,78919,1298,1
2682,0,1307,0
2684,0,1310,0
2686,0,1310,0
2688,0,1304,0
2690,0,1298,0
2692,0,1289,0
2694,0,1283,0
2696,0,1283,0
2698,0,1288,0
2700,0,1297,0
2702,0,1305,0
2704,0,1312,0
2706,0,1309,0
2708,0,1305,0
2710,0,1298,0
2712,0,1290,0
2714,0,1284,0
2716,0,1284,0
2718,0,1290,0
2720,79145,1296,1
2722,0,1304,0
2724,0,1312,0
2726,0,1311,0
2728,0,1304,0
2730,0,1298,0
2732,0,1288,0
2734,0,1284,0
2736,0,1284,0
2738,0,1289,0
2740,0,1298,0
2742,0,1305,0
2744,0,1311,0
2746,0,1311,0
2748,0,1304,0
2750,0,1296,0
2752,0,1288,0
2754,0,1284,0
2756,0,1285,0
2758,0,1290,0
2760,79507,1297,1
2762,0,1305,0
2764,0,1310,0
2766,0,1310,0
2768,0,1304,0
2770,0,1297,0
2772,0,1289,0
2774,0,1283,0
2776,0,1285,0
2778,0,1290,0
2780,0,1297,0
2782,0,1304,0
2784,0,1310,0
2786,0,1311,0
2788,0,1307,0
2790,0,1298,0
2792,0,1287,0
2794,0,1283,0
2796,0,1283,0
2798,0,1289,0
2800,79842,1297,1
2802,0,1304,0
2804,0,1310,0
2806,0,1310,0
2808,0,1304,0
2810,0,1298,0
2812,0,1290,0
2814,0,1284,0
2816,0,1284,0
2818,0,1288,0
2820,0,1298,0
2822,0,1304,0
2824,0,1311,0
2826,0,1309,0
2828,0,1306,0
2830,0,1296,0
2832,0,1290,0
2834,0,1283,0
2836,0,1282,0
2838,0,1289,0
2840,80282,1297,1
2842,0,1306,0
2844,0,1310,0
2846,0,1312,0
2848,0,1306,0
2850,0,1298,0
2852,0,1289,0
2854,0,1285,0
2856,0,1283,0
2858,0,1289,0
2860,0,1297,0
2862,0,1305,0
2864,0,1310,0
2866,0,1310,0
2868,0,1305,0
2870,0,1296,0
2872,0,1289,0
2874,0,1282,0
2876,0,1283,0
2878,0,1290,0
2880,80678,1298,1
2882,0,1306,0
2884,0,1309,0
2886,0,1311,0
2888,0,1306,0
2890,0,1298,0
2892,0,1289,0
2894,0,1285,0
2896,0,1282,0
2898,0,1289,0
2900,0,1295,0
2902,0,1305,0
2904,0,1311,0
2906,0,1310,0
2908,0,1304,0
2910,0,1296,0
2912,0,1288,0
2914,0,1282,0
2916,0,1283,0
2918,0,1288,0
2920,80958,1298,1
2922,0,1306,0
2924,0,1311,0
2926,0,1310,0
2928,0,1305,0
2930,0,1296,0
2932,0,1289,0
2934,0,1282,0
2936,0,1285,0
2938,0,1290,0
2940,0,1296,0
2942,0,1306,0
2944,0,1309,0
2946,0,1312,0
2948,0,1306,0
2950,0,1296,0
2952,0,1289,0
2954,0,1285,0
2956,0,1283,0
2958,0,1289,0
2960,81107,1297,1
2962,0,1305,0
2964,0,1309,0
2966,0,1309,0
2968,0,1305,0
2970,0,1296,0
2972,0,1288,0
2974,0,1284,0
2976,0,1283,0
2978,0,1290,0
2980,0,1296,0
2982,0,1306,0
2984,0,1310,0
2986,0,1310,0
2988,0,1306,0
2990,0,1296,0
2992,0,1287,0
2994,0,1283,0
2996,0,1282,0
2998,0,1288,0
3000,81035,1297,1
3002,0,1306,0
3004,0,1310,0
3006,0,1311,0
3008,0,1304,0
3010,0,1298,0
3012,0,1289,0
3014,0,1283,0
3016,0,1284,0
3018,0,1288,0
3020,0,1296,0
3022,0,1305,0
3024,0,1312,0
3026,0,1309,0
3028,0,1304,0
3030,0,1297,0
3032,0,1289,0
3034,0,1282,0
3036,0,1282,0
3038,0,1290,0
3040,80948,1297,1
3042,0,1305,0
3044,0,1311,0
3046,0,1311,0
3048,0,1306,0
3050,0,1297,0
3052,0,1290,0
3054,0,1283,0
3056,0,1284,0
3058,0,1289,0
3060,0,1295,0
3062,0,1306,0
3064,0,1309,0
3066,0,1310,0
3068,0,1306,0
3070,0,1298,0
3072,0,1290,0
3074,0,1284,0
3076,0,1285,0
3078,0,1288,0
3080,80715,1296,1
3082,0,1305,0
3084,0,1310,0
3086,0,1310,0
3088,0,1306,0
3090,0,1296,0
3092,0,1288,0
3094,0,1284,0
3096,0,1283,0
3098,0,1287,0
3100,0,1295,0
3102,0,1306,0
3104,0,1309,0
3106,0,1310,0
3108,0,1305,0
3110,0,1298,0
3112,0,1289,0
3114,0,1285,0
3116,0,1283,0
3118,0,1287,0
3120,80471,1298,1
3122,0,1306,0
3124,0,1310,0
3126,0,1310,0
3128,0,1305,0
3130,0,1298,0
3132,0,1289,0
3134,0,1284,0
3136,0,1282,0
3138,0,1288,0
3140,0,1295,0
3142,0,1304,0
3144,0,1311,0
3146,0,1310,0
3148,0,1305,0
3150,0,1297,0
3152,0,1289,0
3154,0,1283,0
3156,0,1285,0
3158,0,1288,0
3160,80332,1296,1
3162,0,1305,0
3164,0,1310,0
3166,0,1311,0
3168,0,1306,0
3170,0,1296,0
3172,0,1289,0
3174,0,1284,0
3176,0,1283,0
3178,0,1290,0
3180,0,1298,0
3182,0,1305,0
3184,0,1310,0
3186,0,1311,0
3188,0,1304,0
3190,0,1296,0
3192,0,1289,0
3194,0,1282,0
3196,0,1285,0
3198,0,1289,0
3200,80130,1296,1
3202,0,1303,0
3204,0,1310,0
3206,0,1308,0
3208,0,1304,0
3210,0,1298,0
3212,0,1288,0
3214,0,1283,0
3216,0,1284,0
3218,0,1288,0
3220,0,1297,0
3222,0,1304,0
3224,0,1311,0
3226,0,1310,0
3228,0,1304,0
3230,0,1298,0
3232,0,1288,0
3234,0,1284,0
3236,0,1283,0
3238,0,1288,0
3240,80044,1295,1
3242,0,1304,0
3244,0,1309,0
3246,0,1310,0
3248,0,1305,0
3250,0,1296,0
3252,0,1289,0
3254,0,1283,0
3256,0,1284,0
3258,0,1289,0
3260,0,1295,0
3262,0,1305,0
3264,0,1309,0
3266,0,1311,0
3268,0,1304,0
3270,0,1298,0
3272,0,1289,0
3274,0,1282,0
3276,0,1285,0
3278,0,1290,0
3280,79951,1295,1
3282,0,1305,0
3284,0,1309,0
3286,0,1309,0
3288,0,1304,0
3290,0,1297,0
3292,0,1288,0
3294,0,1282,0
3296,0,1284,0
3298,0,1289,0
3300,0,1296,0
3302,0,1304,0
3304,0,1311,0
3306,0,1311,0
3308,0,1305,0
3310,0,1296,0
3312,0,1287,0
3314,0,1284,0
3316,0,1283,0
3318,0,1287,0
3320,79916,1297,1
3322,0,1304,0
3324,0,1309,0
3326,0,1310,0
3328,0,1305,0
3330,0,1296,0
3332,0,1287,0
3334,0,1283,0
3336,0,1282,0
3338,0,1289,0
3340,0,1297,0
3342,0,1304,0
3344,0,1309,0
3346,0,1308,0
3348,0,1303,0
3350,0,1295,0
3352,0,1288,0
3354,0,1284,0
3356,0,1283,0
3358,0,1287,0
3360,79918,1297,1
3362,0,1304,0
3364,0,1310,0
3366,0,1308,0
3368,0,1306,0
3370,0,1295,0
3372,0,1287,0
3374,0,1282,0
3376,0,1285,0
3378,0,1287,0
3380,0,1297,0
3382,0,1306,0
3384,0,1310,0
3386,0,1311,0
3388,0,1304,0
3390,0,1296,0
3392,0,1290,0
3394,0,1283,0
3396,0,1282,0
3398,0,1287,0
3400,79716,1298,1
3402,0,1306,0
3404,0,1311,0
3406,0,1310,0
3408,0,1304,0
3410,0,1298,0
3412,0,1287,0
3414,0,1283,0
3416,0,1282,0
3418,0,1289,0
3420,0,1295,0
3422,0,1305,0
3424,0,1309,0
3426,0,1309,0
3428,0,1306,0
3430,0,1296,0
3432,0,1287,0
3434,0,1284,0
3436,0,1283,0
3438,0,1287,0
3440,79553,1295,1
3442,0,1303,0
3444,0,1310,0
3446,0,1309,0
3448,0,1304,0
3450,0,1296,0
3452,0,1287,0
3454,0,1282,0
3456,0,1284,0
3458,0,1287,0
3460,0,1296,0
3462,0,1304,0
3464,0,1308,0
3466,0,1309,0
3468,0,1305,0
3470,0,1297,0
3472,0,1289,0
3474,0,1282,0
3476,0,1282,0
3478,0,1289,0
3480,79258,1295,1
3482,0,1304,0
3484,0,1309,0
3486,0,1310,0
3488,0,1306,0
3490,0,1295,0
3492,0,1287,0
3494,0,1283,0
3496,0,1283,0
3498,0,1289,0
3500,0,1296,0
3502,0,1303,0
3504,0,1311,0
3506,0,1309,0
3508,0,1303,0
3510,0,1298,0
3512,0,1287,0
3514,0,1283,0
3516,0,1283,0
3518,0,1287,0
3520,79073,1298,1
3522,0,1304,0
3524,0,1311,0
3526,0,1310,0
3528,0,1305,0
3530,0,1297,0
3532,0,1288,0
3534,0,1282,0
3536,0,1284,0
3538,0,1289,0
3540,0,1296,0
3542,0,1304,0
3544,0,1310,0
3546,0,1310,0
3548,0,1304,0
3550,0,1296,0
3552,0,1287,0
3554,0,1282,0
3556,0,1283,0
3558,0,1288,0
3560,78949,1296,1
3562,0,1305,0
3564,0,1309,0
3566,0,1310,0
3568,0,1304,0
3570,0,1296,0
3572,0,1287,0
3574,0,1282,0
3576,0,1283,0
3578,0,1287,0
3580,0,1297,0
3582,0,1306,0
3584,0,1308,0
3586,0,1310,0
3588,0,1305,0
3590,0,1297,0
3592,0,1287,0
3594,0,1284,0
3596,0,1283,0
3598,0,1288,0
3600,78972,1297,1
3602,0,1305,0
3604,0,1310,0
3606,0,1310,0
3608,0,1304,0
3610,0,1297,0
3612,0,1288,0
3614,0,1284,0
3616,0,1283,0
3618,0,1289,0
3620,0,1297,0
3622,0,1305,0
3624,0,1310,0
3626,0,1311,0
3628,0,1305,0
3630,0,1298,0
3632,0,1289,0
3634,0,1281,0
3636,0,1282,0
3638,0,1287,0
3640,79026,1297,1
3642,0,1305,0
3644,0,1310,0
3646,0,1311,0
3648,0,1305,0
3650,0,1295,0
3652,0,1289,0
3654,0,1284,0
3656,0,1283,0
3658,0,1287,0
3660,0,1297,0
3662,0,1304,0
3664,0,1310,0
3666,0,1309,0
3668,0,1305,0
3670,0,1296,0
3672,0,1287,0
3674,0,1282,0
3676,0,1284,0
3678,0,1288,0
3680,79283,1296,1
3682,0,1305,0
3684,0,1309,0
3686,0,1310,0
3688,0,1303,0
3690,0,1295,0
3692,0,1287,0
3694,0,1283,0
3696,0,1283,0
3698,0,1289,0
3700,0,1295,0
3702,0,1304,0
3704,0,1309,0
3706,0,1308,0
3708,0,1303,0
3710,0,1297,0
3712,0,1288,0
3714,0,1284,0
3716,0,1283,0
3718,0,1289,0
3720,79642,1297,1
3722,0,1303,0
3724,0,1309,0
3726,0,1308,0
3728,0,1304,0
3730,0,1298,0
3732,0,1289,0
3734,0,1282,0
3736,0,1283,0
3738,0,1289,0
3740,0,1297,0
3742,0,1305,0
3744,0,1308,0
3746,0,1310,0
3748,0,1304,0
3750,0,1297,0
3752,0,1288,0
3754,0,1281,0
3756,0,1283,0
3758,0,1287,0
3760,80161,1297,1
3762,0,1304,0
3764,0,1309,0
3766,0,1309,0
3768,0,1305,0
3770,0,1296,0
3772,0,1288,0
3774,0,1282,0
3776,0,1282,0
3778,0,1288,0
3780,0,1296,0
3782,0,1305,0
3784,0,1308,0
3786,0,1309,0
3788,0,1305,0
3790,0,1295,0
3792,0,1289,0
3794,0,1284,0
3796,0,1283,0
3798,0,1288,0
3800,80481,1295,1
3802,0,1304,0
3804,0,1310,0
3806,0,1310,0
3808,0,1304,0
3810,0,1297,0
3812,0,1289,0
3814,0,1282,0
3816,0,1282,0
3818,0,1289,0
3820,0,1296,0
3822,0,1304,0
3824,0,1309,0
3826,0,1308,0
3828,0,1306,0
3830,0,1297,0
3832,0,1288,0
3834,0,1284,0
3836,0,1283,0
3838,0,1287,0
3840,80796,1298,1
3842,0,1304,0
3844,0,1309,0
3846,0,1310,0
3848,0,1305,0
3850,0,1295,0
3852,0,1287,0
3854,0,1284,0
3856,0,1283,0
3858,0,1289,0
3860,0,1297,0
3862,0,1303,0
3864,0,1310,0
3866,0,1310,0
3868,0,1303,0
3870,0,1295,0
3872,0,1289,0
3874,0,1284,0
3876,0,1284,0
3878,0,1287,0
3880,81037,1296,1
3882,0,1305,0
3884,0,1309,0
3886,0,1310,0
3888,0,1303,0
3890,0,1296,0
3892,0,1287,0
3894,0,1283,0
3896,0,1283,0
3898,0,1288,0
3900,0,1296,0
3902,0,1304,0
3904,0,1310,0
3906,0,1310,0
3908,0,1305,0
3910,0,1296,0
3912,0,1287,0
3914,0,1284,0
3916,0,1283,0
3918,0,1287,0
3920,81043,1296,1
3922,0,1304,0
3924,0,1310,0
3926,0,1309,0
3928,0,1305,0
3930,0,1295,0
3932,0,1287,0
3934,0,1282,0
3936,0,1284,0
3938,0,1286,0
3940,0,1297,0
3942,0,1305,0
3944,0,1308,0
3946,0,1311,0
3948,0,1303,0
3950,0,1297,0
3952,0,1288,0
3954,0,1281,0
3956,0,1283,0
3958,0,1286,0
3960,80962,1295,1
3962,0,1304,0
3964,0,1310,0
3966,0,1310,0
3968,0,1305,0
3970,0,1297,0
3972,0,1289,0
3974,0,1283,0
3976,0,1283,0
3978,0,1289,0
3980,0,1296,0
3982,0,1304,0
3984,0,1308,0
3986,0,1309,0
3988,0,1303,0
3990,0,1295,0
3992,0,1288,0
3994,0,1281,0
3996,0,1281,0
3998,0,1289,0
4000,80808,1295,1
4002,0,1305,0
4003,0,1309,0
4006,0,1309,0
4008,0,1305,0
4010,0,1296,0
4011,0,1288,0
4014,0,1284,0
4016,0,1282,0
4018,0,1288,0
4019,0,1295,0
4022,0,1305,0
4024,0,1308,0
4026,0,1308,0
4027,0,1304,0
4030,0,1295,0
4032,0,1286,0
4034,0,1281,0
4035,0,1282,0
4038,0,1288,0
4040,80622,1295,1
4042,0,1304,0
4043,0,1311,0
4046,0,1308,0
4048,0,1303,0
4050,0,1296,0
4051,0,1286,0
4054,0,1283,0
4056,0,1282,0
4058,0,1286,0
4059,0,1295,0
4062,0,1305,0
4064,0,1309,0
4066,0,1310,0
4067,0,1305,0
4070,0,1295,0
4072,0,1289,0
4074,0,1283,0
4075,0,1283,0
4078,0,1288,0
4080,80376,1295,1
4082,0,1303,0
4083,0,1309,0
4086,0,1310,0
4088,0,1304,0
4090,0,1294,0
4091,0,1287,0
4094,0,1283,0
4096,0,1283,0
4098,0,1286,0
4100,0,1296,0
4102,0,1305,0
4104,0,1310,0
4106,0,1309,0
4108,0,1303,0
4110,0,1296,0
4112,0,1289,0
4114,0,1282,0
4116,0,1282,0
4118,0,1288,0
4120,80237,1297,1
4122,0,1305,0
4124,0,1309,0
4126,0,1308,0
4128,0,1304,0
4130,0,1296,0
4132,0,1288,0
4134,0,1283,0
4136,0,1281,0
4138,0,1289,0
4140,0,1295,0
4142,0,1305,0
4144,0,1310,0
4146,0,1310,0
4148,0,1303,0
4150,0,1295,0
4152,0,1287,0
4154,0,1283,0
4156,0,1283,0
4158,0,1288,0
4160,80059,1297,1
4162,0,1304,0
4164,0,1308,0
4166,0,1308,0
4168,0,1303,0
4170,0,1296,0
4172,0,1289,0
4174,0,1282,0
4176,0,1283,0
4178,0,1289,0
4180,0,1296,0
4182,0,1303,0
4184,0,1310,0
4186,0,1310,0
4188,0,1304,0
4190,0,1297,0
4192,0,1289,0
4194,0,1283,0
4196,0,1281,0
4198,0,1288,0
4200,79971,1296,1
4202,0,1305,0
4204,0,1308,0
4206,0,1310,0
4208,0,1305,0
4210,0,1294,0
4212,0,1286,0
4214,0,1283,0
4216,0,1282,0
4218,0,1286,0
4220,0,1296,0
4222,0,1304,0
4224,0,1310,0
4226,0,1310,0
4228,0,1304,0
4230,0,1296,0
4232,0,1287,0
4234,0,1281,0
4236,0,1281,0
4238,0,1289,0
4240,79953,1296,1
4242,0,1305,0
4244,0,1308,0
4246,0,1308,0
4248,0,1303,0
4250,0,1296,0
4252,0,1287,0
4254,0,1282,0
4256,0,1283,0
4258,0,1286,0
4260,0,1296,0
4262,0,1304,0
4264,0,1309,0
4266,0,1308,0
4268,0,1304,0
4270,0,1296,0
4272,0,1288,0
4274,0,1284,0
4276,0,1282,0
4278,0,1288,0
4280,79916,1295,1
4282,0,1303,0
4284,0,1309,0
4286,0,1310,0
4288,0,1305,0
4290,0,1297,0
4292,0,1288,0
4294,0,1282,0
4296,0,1284,0
4298,0,1288,0
4300,0,1296,0
4302,0,1304,0
4304,0,1309,0
4306,0,1308,0
4308,0,1304,0
4310,0,1297,0
4312,0,1286,0
4314,0,1282,0
4316,0,1281,0
4318,0,1288,0
4320,79839,1295,1
4322,0,1304,0
4324,0,1310,0
4326,0,1308,0
4328,0,1305,0
4330,0,1294,0
4332,0,1288,0
4334,0,1281,0
4336,0,1282,0
4338,0,1289,0
4340,0,1294,0
4342,0,1303,0
4344,0,1310,0
4346,0,1309,0
4348,0,1304,0
4350,0,1296,0
4352,0,1286,0
4354,0,1281,0
4356,0,1283,0
4358,0,1289,0
4360,79603,1297,1
4362,0,1303,0
4364,0,1308,0
4366,0,1310,0
4368,0,1304,0
4370,0,1296,0
4372,0,1286,0
4374,0,1283,0
4376,0,1282,0
4378,0,1288,0
4380,0,1295,0
4382,0,1305,0
4384,0,1308,0
4386,0,1309,0
4388,0,1304,0
4390,0,1294,0
4392,0,1286,0
4394,0,1283,0
4396,0,1282,0
4398,0,1287,0
4400,79425,1296,1
4402,0,1303,0
4404,0,1309,0
4406,0,1308,0
4408,0,1303,0
4410,0,1295,0
4412,0,1288,0
4414,0,1281,0
4416,0,1283,0
4418,0,1287,0
4420,0,1295,0
4422,0,1302,0
4424,0,1310,0
4426,0,1307,0
4428,0,1304,0
4430,0,1296,0
4432,0,1287,0
4434,0,1283,0
4436,0,1282,0
4438,0,1286,0
4440,79131,1296,1
4442,0,1305,0
4444,0,1308,0
4446,0,1310,0
4448,0,1305,0
4450,0,1296,0
4452,0,1287,0
4454,0,1281,0
4456,0,1282,0
4458,0,1288,0
4460,0,1297,0
4462,0,1303,0
4464,0,1308,0
4466,0,1309,0
4468,0,1305,0
4470,0,1296,0
4472,0,1288,0
4474,0,1282,0
4476,0,1282,0
4478,0,1288,0
4480,78955,1295,1
4482,0,1303,0
4484,0,1309,0
4486,0,1308,0
4488,0,1305,0
4490,0,1296,0
4492,0,1287,0
4494,0,1282,0
4496,0,1281,0
4498,0,1287,0
4500,0,1295,0
4502,0,1304,0
4504,0,1310,0
4506,0,1308,0
4508,0,1305,0
4510,0,1296,0
4512,0,1286,0
4514,0,1283,0
4516,0,1281,0
4518,0,1287,0
4520,78936,1295,1
4522,0,1303,0
4524,0,1310,0
4526,0,1308,0
4528,0,1305,0
4530,0,1295,0
4532,0,1288,0
4534,0,1282,0
4536,0,1283,0
4538,0,1288,0
4540,0,1296,0
4542,0,1303,0
4544,0,1310,0
4546,0,1310,0
4548,0,1302,0
4550,0,1295,0
4552,0,1288,0
4554,0,1283,0
4556,0,1283,0
4558,0,1287,0
4560,78967,1295,1
4562,0,1302,0
4564,0,1310,0
4566,0,1309,0
4568,0,1304,0
4570,0,1297,0
4572,0,1287,0
4574,0,1282,0
4576,0,1282,0
4578,0,1286,0
4580,0,1296,0
4582,0,1304,0
4584,0,1309,0
4586,0,1310,0
4588,0,1304,0
4590,0,1296,0
4592,0,1287,0
4594,0,1281,0
4596,0,1282,0
4598,0,1286,0
4600,79209,1296,1
4602,0,1305,0
4604,0,1309,0
4606,0,1310,0
4608,0,1302,0
4610,0,1296,0
4612,0,1287,0
4614,0,1283,0
4616,0,1284,0
4618,0,1288,0
4620,0,1294,0
4622,0,1305,0
4624,0,1310,0
4626,0,1309,0
4628,0,1303,0
4630,0,1295,0
4632,0,1287,0
4634,0,1281,0
4636,0,1281,0
4638,0,1286,0
4640,79491,1294,1
4642,0,1304,0
4644,0,1309,0
4646,0,1308,0
4648,0,1303,0
4650,0,1295,0
4652,0,1286,0
4654,0,1282,0
4656,0,1282,0
4658,0,1287,0
4660,0,1295,0
4662,0,1302,0
4664,0,1308,0
4666,0,1310,0
4668,0,1305,0
4670,0,1294,0
4672,0,1288,0
4674,0,1281,0
4676,0,1281,0
4678,0,1288,0
4680,79970,1296,1
4682,0,1303,0
4684,0,1308,0
4686,0,1307,0
4688,0,1304,0
4690,0,1295,0
4692,0,1287,0
4694,0,1282,0
4696,0,1282,0
4698,0,1288,0
4700,0,1294,0
4702,0,1304,0
4704,0,1307,0
4706,0,1308,0
4708,0,1304,0
4710,0,1295,0
4712,0,1286,0
4714,0,1283,0
4716,0,1281,0
4718,0,1288,0
4720,80372,1297,1
4722,0,1303,0
4724,0,1308,0
4726,0,1308,0
4728,0,1303,0
4730,0,1294,0
4732,0,1288,0
4734,0,1282,0
4736,0,1283,0
4738,0,1286,0
4740,0,1296,0
4742,0,1302,0
4744,0,1309,0
4746,0,1307,0
4748,0,1304,0
4750,0,1295,0
4752,0,1286,0
4754,0,1283,0
4756,0,1282,0
4758,0,1288,0
4760,80676,1296,1
4762,0,1302,0
4764,0,1308,0
4766,0,1309,0
4768,0,1304,0
4770,0,1295,0
4772,0,1285,0
4774,0,1282,0
4776,0,1281,0
4778,0,1286,0
4780,0,1296,0
4782,0,1304,0
4784,0,1308,0
4786,0,1308,0
4788,0,1304,0
4790,0,1294,0
4792,0,1287,0
4794,0,1281,0
4796,0,1281,0
4798,0,1288,0
4800,81002,1294,1
4802,0,1305,0
4804,0,1309,0
4806,0,1309,0
4808,0,1303,0
4810,0,1295,0
4812,0,1287,0
4814,0,1283,0
4816,0,1281,0
4818,0,1286,0
4820,0,1296,0
4822,0,1303,0
4824,0,1307,0
4826,0,1307,0
4828,0,1302,0
4830,0,1294,0
4832,0,1287,0
4834,0,1282,0
4836,0,1282,0
4838,0,1286,0
4840,81097,1296,1
4842,0,1302,0
4844,0,1309,0
4846,0,1307,0
4848,0,1303,0
4850,0,1295,0
4852,0,1287,0
4854,0,1282,0
4856,0,1282,0
4858,0,1287,0
4860,0,1297,0
4862,0,1303,0
4864,0,1308,0
4866,0,1308,0
4868,0,1302,0
4870,0,1296,0
4872,0,1288,0
4874,0,1281,0
4876,0,1281,0
4878,0,1288,0
4880,81035,1294,1
4882,0,1304,0
4884,0,1309,0
4886,0,1309,0
4888,0,1304,0
4890,0,1296,0
4892,0,1285,0
4894,0,1282,0
4896,0,1283,0
4898,0,1285,0
4900,0,1295,0
4902,0,1303,0
4904,0,1307,0
4906,0,1308,0
4908,0,1304,0
4910,0,1296,0
4912,0,1288,0
4914,0,1282,0
4916,0,1281,0
4918,0,1287,0
4920,80958,1295,1
4922,0,1304,0
4924,0,1308,0
4926,0,1308,0
4928,0,1302,0
4930,0,1295,0
4932,0,1286,0
4934,0,1280,0
4936,0,1282,0
4938,0,1287,0
4940,0,1295,0
4942,0,1305,0
4944,0,1307,0
4946,0,1308,0
4948,0,1302,0
4950,0,1296,0
4952,0,1288,0
4954,0,1282,0
4956,0,1281,0
4958,0,1287,0
4960,80753,1295,1
4962,0,1303,0
4964,0,1309,0
4966,0,1308,0
4968,0,1302,0
4970,0,1294,0
4972,0,1287,0
4974,0,1282,0
4976,0,1281,0
4978,0,1286,0
4980,0,1295,0
4982,0,1302,0
4984,0,1308,0
4986,0,1310,0
4988,0,1304,0
4990,0,1294,0
4992,0,1287,0
4994,0,1281,0
4996,0,1283,0
4998,0,1287,0
5000,80502,1295,1
5002,0,1278,0
5004,0,1282,0
5006,0,1282,0
5008,0,1278,0
5010,0,1269,0
5012,0,1262,0
5014,0,1256,0
5016,0,1257,0
5018,0,1261,0
5020,0,1270,0
5022,0,1278,0
5024,0,1284,0
5026,0,1283,0
5028,0,1279,0
5030,0,1271,0
5032,0,1261,0
5034,0,1257,0
5036,0,1256,0
5038,0,1263,0
5040,80214,1270,1
5042,0,1277,0
5044,0,1284,0
5046,0,1283,0
5048,0,1279,0
5050,0,1269,0
5052,0,1262,0
5054,0,1258,0
5056,0,1256,0
5058,0,1260,0
5060,0,1270,0
5062,0,1278,0
5064,0,1282,0
5066,0,1285,0
5068,0,1280,0
5070,0,1270,0
5072,0,1262,0
5074,0,1256,0
5076,0,1257,0
5078,0,1262,0
5080,80077,1269,1
5082,0,1280,0
5084,0,1284,0
5086,0,1283,0
5088,0,1280,0
5090,0,1269,0
5092,0,1261,0
5094,0,1258,0
5096,0,1256,0
5098,0,1260,0
5100,0,1269,0
5102,0,1277,0
5104,0,1282,0
5106,0,1282,0
5108,0,1278,0
5110,0,1269,0
5112,0,1262,0
5114,0,1256,0
5116,0,1255,0
5118,0,1263,0
5120,80056,1269,1
5122,0,1279,0
5124,0,1283,0
5126,0,1282,0
5128,0,1280,0
5130,0,1269,0
5132,0,1260,0
5134,0,1255,0
5136,0,1256,0
5138,0,1261,0
5140,0,1271,0
5142,0,1279,0
5144,0,1283,0
5146,0,1283,0
5148,0,1277,0
5150,0,1271,0
5152,0,1260,0
5154,0,1258,0
5156,0,1256,0
5158,0,1263,0
5160,79995,1269,1
5162,0,1278,0
5164,0,1285,0
5166,0,1285,0
5168,0,1279,0
5170,0,1269,0
5172,0,1262,0
5174,0,1256,0
5176,0,1256,0
5178,0,1263,0
5180,0,1271,0
5182,0,1278,0
5184,0,1285,0
5186,0,1285,0
5188,0,1278,0
5190,0,1269,0
5192,0,1262,0
5194,0,1258,0
5196,0,1257,0
5198,0,1261,0
5200,79892,1271,1
5202,0,1280,0
5204,0,1284,0
5206,0,1283,0
5208,0,1280,0
5210,0,1270,0
5212,0,1264,0
5214,0,1258,0
5216,0,1257,0
5218,0,1263,0
5220,0,1269,0
5222,0,1280,0
5224,0,1283,0
5226,0,1285,0
5228,0,1280,0
5230,0,1270,0
5232,0,1263,0
5234,0,1256,0
5236,0,1258,0
5238,0,1262,0
5240,79879,1269,1
5242,0,1279,0
5244,0,1285,0
5246,0,1282,0
5248,0,1278,0
5250,0,1269,0
5252,0,1261,0
5254,0,1257,0
5256,0,1256,0
5258,0,1262,0
5260,0,1272,0
5262,0,1280,0
5264,0,1283,0
5266,0,1285,0
5268,0,1280,0
5270,0,1271,0
5272,0,1263,0
5274,0,1258,0
5276,0,1258,0
5278,0,1261,0
5280,79699,1269,1
5282,0,1278,0
5284,0,1285,0
5286,0,1283,0
5288,0,1280,0
5290,0,1270,0
5292,0,1262,0
5294,0,1258,0
5296,0,1258,0
5298,0,1263,0
5300,0,1270,0
5302,0,1279,0
5304,0,1284,0
5306,0,1284,0
5308,0,1280,0
5310,0,1271,0
5312,0,1263,0
5314,0,1258,0
5316,0,1258,0
5318,0,1262,0
5320,79469,1272,1
5322,0,1279,0
5324,0,1284,0
5326,0,1284,0
5328,0,1278,0
5330,0,1272,0
5332,0,1263,0
5334,0,1258,0
5336,0,1259,0
5338,0,1262,0
5340,0,1271,0
5342,0,1280,0
5344,0,1284,0
5346,0,1283,0
5348,0,1278,0
5350,0,1270,0
5352,0,1264,0
5354,0,1258,0
5356,0,1259,0
5358,0,1262,0
5360,79236,1272,1
5362,0,1279,0
5364,0,1286,0
5366,0,1285,0
5368,0,1278,0
5370,0,1272,0
5372,0,1262,0
5374,0,1259,0
5376,0,1258,0
5378,0,1264,0
5380,0,1270,0
5382,0,1279,0
5384,0,1285,0
5386,0,1285,0
5388,0,1280,0
5390,0,1272,0
5392,0,1262,0
5394,0,1259,0
5396,0,1259,0
5398,0,1263,0
5400,79109,1270,1
5402,0,1278,0
5404,0,1286,0
5406,0,1285,0
5408,0,1281,0
5410,0,1272,0
5412,0,1264,0
5414,0,1259,0
5416,0,1257,0
5418,0,1264,0
5420,0,1273,0
5422,0,1279,0
5424,0,1285,0
5426,0,1285,0
5428,0,1281,0
5430,0,1270,0
5432,0,1264,0
5434,0,1258,0
5436,0,1259,0
5438,0,1263,0
5440,78979,1272,1
5442,0,1280,0
5444,0,1286,0
5446,0,1286,0
5448,0,1279,0
5450,0,1272,0
5452,0,1265,0
5454,0,1260,0
5456,0,1259,0
5458,0,1265,0
5460,0,1272,0
5462,0,1280,0
5464,0,1285,0
5466,0,1284,0
5468,0,1279,0
5470,0,1273,0
5472,0,1265,0
5474,0,1260,0
5476,0,1258,0
5478,0,1265,0
5480,78921,1271,1
5482,0,1282,0
5484,0,1284,0
5486,0,1286,0
5488,0,1281,0
5490,0,1273,0
5492,0,1265,0
5494,0,1258,0
5496,0,1258,0
5498,0,1263,0
5500,0,1273,0
5502,0,1281,0
5504,0,1286,0
5506,0,1286,0
5508,0,1280,0
5510,0,1274,0
5512,0,1263,0
5514,0,1260,0
5516,0,1260,0
5518,0,1266,0
5520,79111,1271,1
5522,0,1281,0
5524,0,1285,0
5526,0,1285,0
5528,0,1281,0
5530,0,1273,0
5532,0,1265,0
5534,0,1261,0
5536,0,1260,0
5538,0,1265,0
5540,0,1272,0
5542,0,1280,0
5544,0,1286,0
5546,0,1287,0
5548,0,1280,0
5550,0,1273,0
5552,0,1266,0
5554,0,1258,0
5556,0,1259,0
5558,0,1264,0
5560,79394,1274,1
5562,0,1283,0
5564,0,1285,0
5566,0,1286,0
5568,0,1281,0
5570,0,1272,0
5572,0,1265,0
5574,0,1260,0
5576,0,1261,0
5578,0,1265,0
5580,0,1274,0
5582,0,1282,0
5584,0,1288,0
5586,0,1287,0
5588,0,1281,0
5590,0,1275,0
5592,0,1264,0
5594,0,1260,0
5596,0,1259,0
5598,0,1264,0
5600,79752,1273,1
5602,0,1281,0
5604,0,1288,0
5606,0,1286,0
5608,0,1283,0
5610,0,1274,0
5612,0,1266,0
5614,0,1260,0
5616,0,1260,0
5618,0,1266,0
5620,0,1273,0
5622,0,1283,0
5624,0,1286,0
5626,0,1288,0
5628,0,1281,0
5630,0,1275,0
5632,0,1267,0
5634,0,1260,0
5636,0,1261,0
5638,0,1265,0
5640,80200,1275,1
5642,0,1282,0
5644,0,1287,0
5646,0,1287,0
5648,0,1281,0
5650,0,1273,0
5652,0,1265,0
5654,0,1260,0
5656,0,1262,0
5658,0,1266,0
5660,0,1273,0
5662,0,1283,0
5664,0,1286,0
5666,0,1288,0
5668,0,1283,0
5670,0,1275,0
5672,0,1268,0
5674,0,1262,0
5676,0,1261,0
5678,0,1265,0
5680,80545,1274,1
5682,0,1282,0
5684,0,1289,0
5686,0,1288,0
5688,0,1283,0
5690,0,1275,0
5692,0,1266,0
5694,0,1261,0
5696,0,1261,0
5698,0,1267,0
5700,0,1276,0
5702,0,1282,0
5704,0,1287,0
5706,0,1288,0
5708,0,1283,0
5710,0,1276,0
5712,0,1266,0
5714,0,1262,0
5716,0,1262,0
5718,0,1268,0
5720,80884,1274,1
5722,0,1285,0
5724,0,1287,0
5726,0,1289,0
5728,0,1283,0
5730,0,1277,0
5732,0,1268,0
5734,0,1261,0
5736,0,1261,0
5738,0,1267,0
5740,0,1274,0
5742,0,1284,0
5744,0,1289,0
5746,0,1290,0
5748,0,1285,0
5750,0,1276,0
5752,0,1267,0
5754,0,1261,0
5756,0,1263,0
5758,0,1267,0
5760,81023,1275,1
5762,0,1285,0
5764,0,1288,0
5766,0,1288,0
5768,0,1285,0
5770,0,1275,0
5772,0,1267,0
5774,0,1262,0
5776,0,1262,0
5778,0,1268,0
5780,0,1275,0
5782,0,1284,0
5784,0,1288,0
5786,0,1290,0
5788,0,1284,0
5790,0,1276,0
5792,0,1268,0
5794,0,1264,0
5796,0,1264,0
5798,0,1267,0
5800,81059,1276,1
5802,0,1284,0
5804,0,1288,0
5806,0,1290,0
5808,0,1285,0
5810,0,1277,0
5812,0,1267,0
5814,0,1263,0
5816,0,1263,0
5818,0,1267,0
5820,0,1277,0
5822,0,1286,0
5824,0,1289,0
5826,0,1288,0
5828,0,1286,0
5830,0,1275,0
5832,0,1268,0
5834,0,1264,0
5836,0,1264,0
5838,0,1268,0
5840,80978,1277,1
5842,0,1286,0
5844,0,1289,0
5846,0,1290,0
5848,0,1284,0
5850,0,1277,0
5852,0,1268,0
5854,0,1264,0
5856,0,1264,0
5858,0,1268,0
5860,0,1276,0
5862,0,1287,0
5864,0,1291,0
5866,0,1290,0
5868,0,1286,0
5870,0,1276,0
5872,0,1270,0
5874,0,1264,0
5876,0,1264,0
5878,0,1268,0
5880,80827,1276,1
5882,0,1286,0
5884,0,1289,0
5886,0,1291,0
5888,0,1286,0
5890,0,1278,0
5892,0,1269,0
5894,0,1266,0
5896,0,1264,0
5898,0,1268,0
5900,0,1278,0
5902,0,1285,0
5904,0,1291,0
5906,0,1291,0
5908,0,1287,0
5910,0,1277,0
5912,0,1271,0
5914,0,1265,0
5916,0,1266,0
5918,0,1270,0
5920,80593,1276,1
5922,0,1287,0
5924,0,1290,0
5926,0,1292,0
5928,0,1287,0
5930,0,1277,0
5932,0,1271,0
5934,0,1265,0
5936,0,1264,0
5938,0,1270,0
5940,0,1277,0
5942,0,1286,0
5944,0,1293,0
5946,0,1293,0
5948,0,1285,0
5950,0,1278,0
5952,0,1269,0
5954,0,1264,0
5956,0,1266,0
5958,0,1269,0
5960,80298,1279,1
5962,0,1287,0
5964,0,1293,0
5966,0,1292,0
5968,0,1287,0
5970,0,1278,0
5972,0,1272,0
5974,0,1265,0
5976,0,1265,0
5978,0,1271,0
5980,0,1279,0
5982,0,1287,0
5984,0,1292,0
5986,0,1292,0
5988,0,1286,0
5990,0,1278,0
5992,0,1271,0
5994,0,1267,0
5996,0,1264,0
5998,0,1269,0
6000,80176,1280,1
6002,0,1287,0
6004,0,1291,0
6006,0,1291,0
6008,0,1286,0
6010,0,1280,0
6012,0,1272,0
6014,0,1265,0
6016,0,1267,0
6018,0,1270,0
6020,0,1278,0
6022,0,1288,0
6024,0,1292,0
6026,0,1293,0
6028,0,1289,0
6030,0,1281,0
6032,0,1272,0
6034,0,1266,0
6036,0,1267,0
6038,0,1272,0
6040,80102,1278,1
6042,0,1289,0
6044,0,1293,0
6046,0,1292,0
6048,0,1289,0
6050,0,1279,0
6052,0,1271,0
6054,0,1268,0
6056,0,1267,0
6058,0,1271,0
6060,0,1281,0
6062,0,1289,0
6064,0,1295,0
6066,0,1294,0
6068,0,1288,0
6070,0,1279,0
6072,0,1273,0
6074,0,1266,0
6076,0,1266,0
6078,0,1271,0
6080,80004,1279,1
6082,0,1290,0
6084,0,1292,0
6086,0,1294,0
6088,0,1288,0
6090,0,1280,0
6092,0,1271,0
6094,0,1268,0
6096,0,1268,0
6098,0,1273,0
6100,0,1280,0
6102,0,1289,0
6104,0,1294,0
6106,0,1293,0
6108,0,1287,0
6110,0,1279,0
6112,0,1274,0
6114,0,1268,0
6116,0,1268,0
6118,0,1272,0
6120,79917,1280,1
6122,0,1290,0
6124,0,1293,0
6126,0,1295,0
6128,0,1289,0
6130,0,1282,0
6132,0,1272,0
6134,0,1268,0
6136,0,1269,0
6138,0,1274,0
6140,0,1281,0
6142,0,1288,0
6144,0,1293,0
6146,0,1294,0
6148,0,1289,0
6150,0,1281,0
6152,0,1273,0
6154,0,1267,0
6156,0,1267,0
6158,0,1274,0
6160,79861,1281,1
6162,0,1290,0
6164,0,1295,0
6166,0,1295,0
6168,0,1289,0
6170,0,1283,0
6172,0,1273,0
6174,0,1267,0
6176,0,1268,0
6178,0,1272,0
6180,0,1281,0
6182,0,1291,0
6184,0,1295,0
6186,0,1295,0
6188,0,1291,0
6190,0,1282,0
6192,0,1273,0
6194,0,1268,0
6196,0,1268,0
6198,0,1273,0
6200,79732,1280,1
6202,0,1289,0
6204,0,1296,0
6206,0,1296,0
6208,0,1290,0
6210,0,1281,0
6212,0,1273,0
6214,0,1269,0
6216,0,1270,0
6218,0,1274,0
6220,0,1282,0
6222,0,1291,0
6224,0,1295,0
6226,0,1295,0
6228,0,1290,0
6230,0,1281,0
6232,0,1273,0
6234,0,1268,0
6236,0,1270,0
6238,0,1273,0
6240,79545,1281,1
6242,0,1290,0
6244,0,1297,0
6246,0,1296,0
6248,0,1290,0
6250,0,1281,0
6252,0,1273,0
6254,0,1268,0
6256,0,1269,0
6258,0,1273,0
6260,0,1283,0
6262,0,1292,0
6264,0,1297,0
6266,0,1296,0
6268,0,1291,0
6270,0,1283,0
6272,0,1274,0
6274,0,1269,0
6276,0,1271,0
6278,0,1274,0
6280,79312,1282,1
6282,0,1290,0
6284,0,1296,0
6286,0,1295,0
6288,0,1292,0
6290,0,1284,0
6292,0,1276,0
6294,0,1269,0
6296,0,1270,0
6298,0,1276,0
6300,0,1282,0
6302,0,1290,0
6304,0,1297,0
6306,0,1295,0
6308,0,1290,0
6310,0,1283,0
6312,0,1275,0
6314,0,1271,0
6316,0,1269,0
6318,0,1276,0
6320,79161,1284,1
6322,0,1291,0
6324,0,1296,0
6326,0,1297,0
6328,0,1291,0
6330,0,1284,0
6332,0,1275,0
6334,0,1271,0
6336,0,1270,0
6338,0,1277,0
6340,0,1284,0
6342,0,1292,0
6344,0,1296,0
6346,0,1298,0
6348,0,1291,0
6350,0,1285,0
6352,0,1275,0
6354,0,1269,0
6356,0,1271,0
6358,0,1277,0
6360,79016,1283,1
6362,0,1291,0
6364,0,1296,0
6366,0,1298,0
6368,0,1293,0
6370,0,1285,0
6372,0,1275,0
6374,0,1271,0
6376,0,1271,0
6378,0,1277,0
6380,0,1283,0
6382,0,1293,0
6384,0,1298,0
6386,0,1298,0
6388,0,1292,0
6390,0,1284,0
6392,0,1276,0
6394,0,1272,0
6396,0,1270,0
6398,0,1276,0
6400,78965,1284,1
6402,0,1292,0
6404,0,1298,0
6406,0,1298,0
6408,0,1294,0
6410,0,1284,0
6412,0,1277,0
6414,0,1273,0
6416,0,1272,0
6418,0,1276,0
6420,0,1283,0
6422,0,1294,0
6424,0,1299,0
6426,0,1299,0
6428,0,1293,0
6430,0,1285,0
6432,0,1275,0
6434,0,1272,0
6436,0,1272,0
6438,0,1277,0
6440,78924,1286,1
6442,0,1293,0
6444,0,1300,0
6446,0,1299,0
6448,0,1293,0
6450,0,1284,0
6452,0,1278,0
6454,0,1272,0
6456,0,1273,0
6458,0,1278,0
6460,0,1285,0
6462,0,1292,0
6464,0,1298,0
6466,0,1299,0
6468,0,1292,0
6470,0,1284,0
6472,0,1276,0
6474,0,1272,0
6476,0,1272,0
6478,0,1276,0
6480,79233,1286,1
6482,0,1294,0
6484,0,1297,0
6486,0,1298,0
6488,0,1294,0
6490,0,1286,0
6492,0,1276,0
6494,0,1271,0
6496,0,1273,0
6498,0,1276,0
6500,0,1286,0
6502,0,1294,0
6504,0,1299,0
6506,0,1299,0
6508,0,1293,0
6510,0,1285,0
6512,0,1278,0
6514,0,1272,0
6516,0,1272,0
6518,0,1276,0
6520,79540,1285,1
6522,0,1293,0
6524,0,1300,0
6526,0,1299,0
6528,0,1293,0
6530,0,1286,0
6532,0,1277,0
6534,0,1274,0
6536,0,1273,0
6538,0,1278,0
6540,0,1287,0
6542,0,1293,0
6544,0,1298,0
6546,0,1301,0
6548,0,1293,0
6550,0,1287,0
6552,0,1278,0
6554,0,1272,0
6556,0,1274,0
6558,0,1278,0
6560,79972,1287,1
6562,0,1295,0
6564,0,1299,0
6566,0,1301,0
6568,0,1295,0
6570,0,1287,0
6572,0,1279,0
6574,0,1274,0
6576,0,1272,0
6578,0,1279,0
6580,0,1285,0
6582,0,1294,0
6584,0,1299,0
6586,0,1299,0
6588,0,1296,0
6590,0,1288,0
6592,0,1279,0
6594,0,1272,0
6596,0,1275,0
6598,0,1280,0
6600,80380,1285,1
6602,0,1294,0
6604,0,1301,0
6606,0,1299,0
6608,0,1296,0
6610,0,1288,0
6612,0,1279,0
6614,0,1274,0
6616,0,1274,0
6618,0,1279,0
6620,0,1285,0
6622,0,1294,0
6624,0,1301,0
6626,0,1301,0
6628,0,1295,0
6630,0,1286,0
6632,0,1279,0
6634,0,1272,0
6636,0,1273,0
6638,0,1278,0
6640,80760,1288,1
6642,0,1294,0
6644,0,1300,0
6646,0,1300,0
6648,0,1296,0
6650,0,1287,0
6652,0,1280,0
6654,0,1275,0
6656,0,1274,0
6658,0,1278,0
6660,0,1286,0
6662,0,1294,0
6664,0,1300,0
6666,0,1302,0
6668,0,1296,0
6670,0,1288,0
6672,0,1280,0
6674,0,1275,0
6676,0,1274,0
6678,0,1279,0
6680,81001,1287,1
6682,0,1296,0
6684,0,1301,0
6686,0,1301,0
6688,0,1295,0
6690,0,1287,0
6692,0,1279,0
6694,0,1275,0
6696,0,1274,0
6698,0,1279,0
6700,0,1288,0
6702,0,1295,0
6704,0,1301,0
6706,0,1301,0
6708,0,1296,0
6710,0,1287,0
6712,0,1280,0
6714,0,1275,0
6716,0,1274,0
6718,0,1281,0
6720,81094,1287,1
6722,0,1297,0
6724,0,1302,0
6726,0,1302,0
6728,0,1295,0
6730,0,1287,0
6732,0,1279,0
6734,0,1275,0
6736,0,1275,0
6738,0,1279,0
6740,0,1288,0
6742,0,1295,0
6744,0,1303,0
6746,0,1302,0
6748,0,1297,0
6750,0,1287,0
6752,0,1279,0
6754,0,1274,0
6756,0,1275,0
6758,0,1281,0
6760,81043,1287,1
6762,0,1297,0
6764,0,1303,0
6766,0,1301,0
6768,0,1295,0
6770,0,1288,0
6772,0,1280,0
6774,0,1274,0
6776,0,1274,0
6778,0,1281,0
6780,0,1287,0
6782,0,1296,0
6784,0,1303,0
6786,0,1302,0
6788,0,1296,0
6790,0,1289,0
6792,0,1280,0
6794,0,1276,0
6796,0,1275,0
6798,0,1281,0
6800,80886,1288,1
6802,0,1296,0
6804,0,1300,0
6806,0,1300,0
6808,0,1298,0
6810,0,1287,0
6812,0,1280,0
6814,0,1275,0
6816,0,1275,0
6818,0,1280,0
6820,0,1289,0
6822,0,1296,0
6824,0,1302,0
6826,0,1301,0
6828,0,1296,0
6830,0,1289,0
6832,0,1281,0
6834,0,1275,0
6836,0,1277,0
6838,0,1280,0
6840,80720,1288,1
6842,0,1297,0
6844,0,1302,0
6846,0,1302,0
6848,0,1296,0
6850,0,1289,0
6852,0,1282,0
6854,0,1276,0
6856,0,1274,0
6858,0,1279,0
6860,0,1290,0
6862,0,1298,0
6864,0,1302,0
6866,0,1303,0
6868,0,1298,0
6870,0,1288,0
6872,0,1280,0
6874,0,1275,0
6876,0,1275,0
6878,0,1282,0
6880,80489,1289,1
6882,0,1297,0
6884,0,1302,0
6886,0,1302,0
6888,0,1297,0
6890,0,1290,0
6892,0,1281,0
6894,0,1277,0
6896,0,1277,0
6898,0,1282,0
6900,0,1290,0
6902,0,1297,0
6904,0,1303,0
6906,0,1301,0
6908,0,1297,0
6910,0,1289,0
6912,0,1280,0
6914,0,1276,0
6916,0,1277,0
6918,0,1281,0
6920,80216,1288,1
6922,0,1299,0
6924,0,1302,0
6926,0,1303,0
6928,0,1298,0
6930,0,1289,0
6932,0,1282,0
6934,0,1277,0
6936,0,1276,0
6938,0,1282,0
6940,0,1290,0
6942,0,1297,0
6944,0,1303,0
6946,0,1304,0
6948,0,1298,0
6950,0,1290,0
6952,0,1280,0
6954,0,1277,0
6956,0,1276,0
6958,0,1281,0
6960,80077,1289,1
6962,0,1297,0
6964,0,1303,0
6966,0,1303,0
6968,0,1299,0
6970,0,1289,0
6972,0,1282,0
6974,0,1277,0
6976,0,1277,0
6978,0,1281,0
6980,0,1289,0
6982,0,1297,0
6984,0,1303,0
6986,0,1304,0
6988,0,1299,0
6990,0,1289,0
6992,0,1280,0
6994,0,1277,0
6996,0,1275,0
6998,0,1282,0
7000,79986,1291,1
7002,0,1299,0
7004,0,1303,0
7006,0,1305,0
7008,0,1299,0
7010,0,1291,0
7012,0,1281,0
7014,0,1276,0
7016,0,1277,0
7018,0,1282,0
7020,0,1289,0
7022,0,1300,0
7024,0,1303,0
7026,0,1303,0
7028,0,1299,0
7030,0,1291,0
7032,0,1280,0
7034,0,1277,0
7036,0,1276,0
7038,0,1283,0
7040,80008,1291,1
7042,0,1299,0
7044,0,1302,0
7046,0,1304,0
7048,0,1297,0
7050,0,1290,0
7052,0,1283,0
7054,0,1277,0
7056,0,1278,0
7058,0,1282,0
7060,0,1291,0
7062,0,1298,0
7064,0,1303,0
7066,0,1302,0
7068,0,1298,0
7070,0,1289,0
7072,0,1282,0
7074,0,1276,0
7076,0,1276,0
7078,0,1283,0
7080,79885,1291,1
7082,0,1298,0
7084,0,1304,0
7086,0,1303,0
7088,0,1299,0
7090,0,1290,0
7092,0,1281,0
7094,0,1276,0
7096,0,1278,0
7098,0,1282,0
7100,0,1289,0
7102,0,1298,0
7104,0,1302,0
7106,0,1303,0
7108,0,1299,0
7110,0,1289,0
7112,0,1282,0
7114,0,1276,0
7116,0,1278,0
7118,0,1283,0
7120,79841,1291,1
7122,0,1299,0
7124,0,1304,0
7126,0,1304,0
7128,0,1300,0
7130,0,1292,0
7132,0,1284,0
7134,0,1276,0
7136,0,1277,0
7138,0,1283,0
7140,0,1289,0
7142,0,1300,0
7144,0,1304,0
7146,0,1304,0
7148,0,1299,0
7150,0,1290,0
7152,0,1282,0
7154,0,1276,0
7156,0,1277,0
7158,0,1283,0
7160,79677,1289,1
7162,0,1298,0
7164,0,1304,0
7166,0,1304,0
7168,0,1299,0
7170,0,1291,0
7172,0,1283,0
7174,0,1279,0
7176,0,1279,0
7178,0,1282,0
7180,0,1292,0
7182,0,1299,0
7184,0,1304,0
7186,0,1303,0
7188,0,1300,0
7190,0,1291,0
7192,0,1284,0
7194,0,1278,0
7196,0,1276,0
7198,0,1282,0
7200,79437,1291,1
7202,0,1299,0
7204,0,1304,0
7206,0,1305,0
7208,0,1300,0
7210,0,1290,0
7212,0,1282,0
7214,0,1277,0
7216,0,1278,0
7218,0,1282,0
7220,0,1291,0
7222,0,1298,0
7224,0,1305,0
7226,0,1304,0
7228,0,1299,0
7230,0,1292,0
7232,0,1284,0
7234,0,1279,0
7236,0,1279,0
7238,0,1284,0
7240,79238,1290,1
7242,0,1298,0
7244,0,1304,0
7246,0,1306,0
7248,0,1299,0
7250,0,1290,0
7252,0,1283,0
7254,0,1279,0
7256,0,1278,0
7258,0,1284,0
7260,0,1290,0
7262,0,1299,0
7264,0,1304,0
7266,0,1304,0
7268,0,1298,0
7270,0,1291,0
7272,0,1282,0
7274,0,1278,0
7276,0,1279,0
7278,0,1282,0
7280,78982,1291,1
7282,0,1298,0
7284,0,1306,0
7286,0,1306,0
7288,0,1299,0
7290,0,1292,0
7292,0,1284,0
7294,0,1277,0
7296,0,1279,0
7298,0,1282,0
7300,0,1291,0
7302,0,1300,0
7304,0,1305,0
7306,0,1304,0
7308,0,1299,0
7310,0,1291,0
7312,0,1282,0
7314,0,1279,0
7316,0,1277,0
7318,0,1282,0
7320,78946,1292,1
7322,0,1301,0
7324,0,1305,0
7326,0,1304,0
7328,0,1299,0
7330,0,1292,0
7332,0,1283,0
7334,0,1277,0
7336,0,1278,0
7338,0,1282,0
7340,0,1290,0
7342,0,1300,0
7344,0,1303,0
7346,0,1303,0
7348,0,1300,0
7350,0,1292,0
7352,0,1282,0
7354,0,1277,0
7356,0,1277,0
7358,0,1282,0
7360,78968,1290,1
7362,0,1300,0
7364,0,1306,0
7366,0,1303,0
7368,0,1300,0
7370,0,1292,0
7372,0,1283,0
7374,0,1278,0
7376,0,1277,0
7378,0,1283,0
7380,0,1291,0
7382,0,1301,0
7384,0,1305,0
7386,0,1304,0
7388,0,1300,0
7390,0,1291,0
7392,0,1284,0
7394,0,1278,0
7396,0,1277,0
7398,0,1283,0
7400,79135,1292,1
7402,0,1301,0
7404,0,1304,0
7406,0,1304,0
7408,0,1301,0
7410,0,1291,0
7412,0,1282,0
7414,0,1278,0
7416,0,1277,0
7418,0,1283,0
7420,0,1291,0
7422,0,1300,0
7424,0,1304,0
7426,0,1306,0
7428,0,1301,0
7430,0,1292,0
7432,0,1284,0
7434,0,1277,0
7436,0,1278,0
7438,0,1284,0
7440,79419,1292,1
7442,0,1301,0
7444,0,1304,0
7446,0,1306,0
7448,0,1301,0
7450,0,1293,0
7452,0,1283,0
7454,0,1279,0
7456,0,1278,0
7458,0,1282,0
7460,0,1292,0
7462,0,1301,0
7464,0,1304,0
7466,0,1303,0
7468,0,1300,0
7470,0,1292,0
7472,0,1284,0
7474,0,1280,0
7476,0,1277,0
7478,0,1284,0
7480,79783,1291,1
7482,0,1300,0
7484,0,1306,0
7486,0,1304,0
7488,0,1299,0
7490,0,1292,0
7492,0,1282,0
7494,0,1279,0
7496,0,1278,0
7498,0,1285,0
7500,0,1290,0
7502,0,1300,0
7504,0,1306,0
7506,0,1306,0
7508,0,1298,0
7510,0,1291,0
7512,0,1283,0
7514,0,1279,0
7516,0,1278,0
7518,0,1283,0
7520,80269,1293,1
7522,0,1299,0
7524,0,1306,0
7526,0,1305,0
7528,0,1300,0
7530,0,1291,0
7532,0,1282,0
7534,0,1278,0
7536,0,1278,0
7538,0,1285,0
7540,0,1292,0
7542,0,1299,0
7544,0,1304,0
7546,0,1306,0
7548,0,1301,0
7550,0,1290,0
7552,0,1284,0
7554,0,1277,0
7556,0,1277,0
7558,0,1284,0
7560,80662,1293,1
7562,0,1301,0
7564,0,1304,0
7566,0,1304,0
7568,0,1301,0
7570,0,1290,0
7572,0,1284,0
7574,0,1279,0
7576,0,1279,0
7578,0,1284,0
7580,0,1293,0
7582,0,1301,0
7584,0,1305,0
7586,0,1304,0
7588,0,1301,0
7590,0,1290,0
7592,0,1284,0
7594,0,1278,0
7596,0,1278,0
7598,0,1285,0
7600,80936,1292,1
7602,0,1300,0
7604,0,1304,0
7606,0,1305,0
7608,0,1301,0
7610,0,1291,0
7612,0,1285,0
7614,0,1278,0
7616,0,1279,0
7618,0,1282,0
7620,0,1291,0
7622,0,1301,0
7624,0,1306,0
7626,0,1304,0
7628,0,1301,0
7630,0,1292,0
7632,0,1284,0
7634,0,1280,0
7636,0,1278,0
7638,0,1283,0
7640,81064,1291,1
7642,0,1299,0
7644,0,1306,0
7646,0,1306,0
7648,0,1300,0
7650,0,1292,0
7652,0,1283,0
7654,0,1280,0
7656,0,1278,0
7658,0,1284,0
7660,0,1293,0
7662,0,1300,0
7664,0,1306,0
7666,0,1305,0
7668,0,1301,0
7670,0,1291,0
7672,0,1285,0
7674,0,1280,0
7676,0,1277,0
7678,0,1283,0
7680,81059,1291,1
7682,0,1301,0
7684,0,1305,0
7686,0,1304,0
7688,0,1300,0
7690,0,1293,0
7692,0,1284,0
7694,0,1279,0
7696,0,1280,0
7698,0,1283,0
7700,0,1292,0
7702,0,1300,0
7704,0,1305,0
7706,0,1306,0
7708,0,1301,0
7710,0,1291,0
7712,0,1283,0
7714,0,1277,0
7716,0,1280,0
7718,0,1283,0
7720,80965,1291,1
7722,0,1301,0
7724,0,1306,0
7726,0,1305,0
7728,0,1300,0
7730,0,1292,0
7732,0,1283,0
7734,0,1278,0
7736,0,1279,0
7738,0,1285,0
7740,0,1291,0
7742,0,1301,0
7744,0,1305,0
7746,0,1306,0
7748,0,1300,0
7750,0,1291,0
7752,0,1284,0
7754,0,1278,0
7756,0,1278,0
7758,0,1284,0
7760,80815,1292,1
7762,0,1301,0
7764,0,1306,0
7766,0,1306,0
7768,0,1300,0
7770,0,1292,0
7772,0,1284,0
7774,0,1279,0
7776,0,1278,0
7778,0,1285,0
7780,0,1291,0
7782,0,1300,0
7784,0,1305,0
7786,0,1305,0
7788,0,1299,0
7790,0,1293,0
7792,0,1284,0
7794,0,1280,0
7796,0,1278,0
7798,0,1283,0
7800,80488,1291,1
7802,0,1300,0
7804,0,1305,0
7806,0,1306,0
7808,0,1302,0
7810,0,1293,0
7812,0,1285,0
7814,0,1280,0
7816,0,1280,0
7818,0,1285,0
7820,0,1293,0
7822,0,1300,0
7824,0,1306,0
7826,0,1305,0
7828,0,1301,0
7830,0,1293,0
7832,0,1285,0
7834,0,1280,0
7836,0,1278,0
7838,0,1282,0
7840,80365,1292,1
7842,0,1299,0
7844,0,1306,0
7846,0,1307,0
7848,0,1300,0
7850,0,1292,0
7852,0,1283,0
7854,0,1278,0
7856,0,1278,0
7858,0,1284,0
7860,0,1293,0
7862,0,1301,0
7864,0,1304,0
7866,0,1306,0
7868,0,1300,0
7870,0,1291,0
7872,0,1283,0
7874,0,1277,0
7876,0,1278,0
7878,0,1282,0
7880,80112,1293,1
7882,0,1301,0
7884,0,1306,0
7886,0,1307,0
7888,0,1300,0
7890,0,1293,0
7892,0,1283,0
7894,0,1278,0
7896,0,1278,0
7898,0,1284,0
7900,0,1293,0
7902,0,1300,0
7904,0,1306,0
7906,0,1305,0
7908,0,1299,0
7910,0,1293,0
7912,0,1284,0
7914,0,1280,0
7916,0,1280,0
7918,0,1283,0
7920,80040,1291,1
7922,0,1300,0
7924,0,1304,0
7926,0,1305,0
7928,0,1301,0
7930,0,1293,0
7932,0,1284,0
7934,0,1277,0
7936,0,1278,0
7938,0,1284,0
7940,0,1293,0
7942,0,1299,0
7944,0,1305,0
7946,0,1305,0
7948,0,1299,0
7950,0,1292,0
7952,0,1285,0
7954,0,1280,0
7956,0,1280,0
7958,0,1285,0
7960,79979,1291,1
7962,0,1301,0
7964,0,1304,0
7966,0,1304,0
7968,0,1300,0
7970,0,1291,0
7972,0,1284,0
7974,0,1277,0
7976,0,1278,0
7978,0,1284,0
7980,0,1292,0
7982,0,1299,0
7984,0,1307,0
7986,0,1306,0
7988,0,1300,0
7990,0,1292,0
7992,0,1284,0
7994,0,1278,0
7996,0,1279,0
7998,0,1282,0
8000,79929,1291,1
8002,0,1299,0
8004,0,1304,0
8006,0,1306,0
8007,0,1300,0
8010,0,1293,0
8012,0,1283,0
8013,0,1278,0
8016,0,1279,0
8018,0,1285,0
8020,0,1292,0
8022,0,1300,0
8023,0,1305,0
8026,0,1305,0
8028,0,1301,0
8029,0,1292,0
8032,0,1285,0
8034,0,1279,0
8036,0,1278,0
8038,0,1284,0
8039,79868,1291,1
8042,0,1300,0
8044,0,1306,0
8045,0,1306,0
8048,0,1299,0
8050,0,1294,0
8052,0,1284,0
8054,0,1279,0
8055,0,1278,0
8058,0,1284,0
8060,0,1291,0
8061,0,1300,0
8064,0,1306,0
8066,0,1306,0
8068,0,1299,0
8070,0,1293,0
8071,0,1285,0
8074,0,1278,0
8076,0,1277,0
8077,0,1283,0
8080,79765,1291,1
8082,0,1301,0
8084,0,1306,0
8086,0,1305,0
8087,0,1301,0
8090,0,1291,0
8092,0,1285,0
8093,0,1278,0
8096,0,1280,0
8098,0,1285,0
8100,0,1291,0
8102,0,1300,0
8103,0,1307,0
8106,0,1306,0
8108,0,1300,0
8109,0,1291,0
8112,0,1284,0
8114,0,1280,0
8116,0,1279,0
8118,0,1285,0
8119,79599,1293,1
8122,0,1300,0
8124,0,1304,0
8125,0,1305,0
8128,0,1301,0
8130,0,1291,0
8132,0,1283,0
8134,0,1279,0
8135,0,1278,0
8138,0,1284,0
8140,0,1293,0
8141,0,1301,0
8144,0,1306,0
8146,0,1306,0
8148,0,1301,0
8150,0,1292,0
8151,0,1284,0
8154,0,1279,0
8156,0,1278,0
8157,0,1285,0
8160,79302,1291,1
8162,0,1301,0
8164,0,1304,0
8166,0,1305,0
8167,0,1300,0
8170,0,1291,0
8172,0,1283,0
8173,0,1277,0
8176,0,1279,0
8178,0,1284,0
8180,0,1291,0
8182,0,1302,0
8183,0,1304,0
8186,0,1305,0
8188,0,1301,0
8189,0,1291,0
8192,0,1283,0
8194,0,1279,0
8196,0,1279,0
8198,0,1283,0
8200,79076,1293,1
8202,0,1300,0
8204,0,1307,0
8206,0,1306,0
8208,0,1299,0
8210,0,1291,0
8212,0,1283,0
8214,0,1280,0
8216,0,1280,0
8218,0,1284,0
8220,0,1291,0
8222,0,1301,0
8224,0,1305,0
8226,0,1306,0
8228,0,1299,0
8230,0,1293,0
8232,0,1283,0
8234,0,1280,0
8236,0,1278,0
8238,0,1283,0
8240,78911,1291,1
8242,0,1300,0
8244,0,1305,0
8246,0,1305,0
8248,0,1301,0
8250,0,1293,0
8252,0,1283,0
8254,0,1279,0
8256,0,1278,0
8258,0,1283,0
8260,0,1291,0
8262,0,1301,0
8264,0,1305,0
8266,0,1306,0
8268,0,1299,0
8270,0,1293,0
8272,0,1284,0
8274,0,1279,0
8276,0,1278,0
8278,0,1283,0
8280,78909,1293,1
8282,0,1301,0
8284,0,1305,0
8286,0,1306,0
8288,0,1301,0
8290,0,1293,0
8292,0,1285,0
8294,0,1278,0
8296,0,1278,0
8298,0,1283,0
8300,0,1291,0
8302,0,1300,0
8304,0,1305,0
8306,0,1307,0
8308,0,1301,0
8310,0,1291,0
8312,0,1283,0
8314,0,1279,0
8316,0,1277,0
8318,0,1285,0
8320,79023,1293,1
8322,0,1299,0
8324,0,1304,0
8326,0,1306,0
8328,0,1299,0
8330,0,1291,0
8332,0,1282,0
8334,0,1278,0
8336,0,1277,0
8338,0,1284,0
8340,0,1292,0
8342,0,1299,0
8344,0,1306,0
8346,0,1306,0
8348,0,1300,0
8350,0,1291,0
8352,0,1284,0
8354,0,1279,0
8356,0,1280,0
8358,0,1285,0
8360,79259,1292,1
8362,0,1301,0
8364,0,1306,0
8366,0,1305,0
8368,0,1299,0
8370,0,1291,0
8372,0,1284,0
8374,0,1278,0
8376,0,1278,0
8378,0,1285,0
8380,0,1291,0
8382,0,1299,0
8384,0,1304,0
8386,0,1307,0
8388,0,1299,0
8390,0,1292,0
8392,0,1284,0
8394,0,1279,0
8396,0,1277,0
8398,0,1284,0
8400,79617,1293,1
8402,0,1301,0
8404,0,1304,0
8406,0,1305,0
8408,0,1300,0
8410,0,1292,0
8412,0,1283,0
8414,0,1277,0
8416,0,1277,0
8418,0,1284,0
8420,0,1292,0
8422,0,1299,0
8424,0,1305,0
8426,0,1304,0
8428,0,1300,0
8430,0,1293,0
8432,0,1282,0
8434,0,1279,0
8436,0,1279,0
8438,0,1283,0
8440,80011,1293,1
8442,0,1300,0
8444,0,1305,0
8446,0,1305,0
8448,0,1301,0
8450,0,1293,0
8452,0,1285,0
8454,0,1279,0
8456,0,1279,0
8458,0,1284,0
8460,0,1292,0
8462,0,1300,0
8464,0,1304,0
8466,0,1305,0
8468,0,1300,0
8470,0,1292,0
8472,0,1282,0
8474,0,1278,0
8476,0,1279,0
8478,0,1285,0
8480,80427,1292,1
8482,0,1301,0
8484,0,1304,0
8486,0,1306,0
8488,0,1299,0
8490,0,1291,0
8492,0,1282,0
8494,0,1280,0
8496,0,1279,0
8498,0,1284,0
8500,0,1292,0
8502,0,1301,0
8504,0,1306,0
8506,0,1305,0
8508,0,1300,0
8510,0,1293,0
8512,0,1285,0
8514,0,1279,0
8516,0,1280,0
8518,0,1284,0
8520,80793,1292,1
8522,0,1300,0
8524,0,1304,0
8526,0,1304,0
8528,0,1299,0
8530,0,1293,0
8532,0,1283,0
8534,0,1279,0
8536,0,1279,0
8538,0,1284,0
8540,0,1292,0
8542,0,1299,0
8544,0,1304,0
8546,0,1304,0
8548,0,1301,0
8550,0,1291,0
8552,0,1285,0
8554,0,1279,0
8556,0,1278,0
8558,0,1284,0
8560,81077,1293,1
8562,0,1299,0
8564,0,1306,0
8566,0,1305,0
8568,0,1300,0
8570,0,1291,0
8572,0,1283,0
8574,0,1278,0
8576,0,1277,0
8578,0,1283,0
8580,0,1291,0
8582,0,1301,0
8584,0,1306,0
8586,0,1305,0
8588,0,1301,0
8590,0,1291,0
8592,0,1285,0
8594,0,1277,0
8596,0,1278,0
8598,0,1282,0
8600,81067,1292,1
8602,0,1299,0
8604,0,1305,0
8606,0,1304,0
8608,0,1300,0
8610,0,1291,0
8612,0,1283,0
8614,0,1278,0
8616,0,1279,0
8618,0,1285,0
8620,0,1292,0
8622,0,1301,0
8624,0,1304,0
8626,0,1304,0
8628,0,1301,0
8630,0,1293,0
8632,0,1284,0
8634,0,1278,0
8636,0,1278,0
8638,0,1282,0
8640,81038,1291,1
8642,0,1301,0
8644,0,1304,0
8646,0,1306,0
8648,0,1301,0
8650,0,1291,0
8652,0,1284,0
8654,0,1278,0
8656,0,1277,0
8658,0,1283,0
8660,0,1290,0
8662,0,1301,0
8664,0,1304,0
8666,0,1305,0
8668,0,1300,0
8670,0,1293,0
8672,0,1283,0
8674,0,1279,0
8676,0,1278,0
8678,0,1285,0
8680,80844,1293,1
8682,0,1301,0
8684,0,1305,0
8686,0,1306,0
8688,0,1300,0
8690,0,1292,0
8692,0,1282,0
8694,0,1279,0
8696,0,1279,0
8698,0,1283,0
8700,0,1293,0
8702,0,1301,0
8704,0,1304,0
8706,0,1305,0
8708,0,1299,0
8710,0,1293,0
8712,0,1282,0
8714,0,1279,0
8716,0,1279,0
8718,0,1285,0
8720,80613,1291,1
8722,0,1300,0
8724,0,1306,0
8726,0,1306,0
8728,0,1300,0
8730,0,1291,0
8732,0,1283,0
8734,0,1280,0
8736,0,1277,0
8738,0,1283,0
8740,0,1292,0
8742,0,1300,0
8744,0,1305,0
8746,0,1304,0
8748,0,1301,0
8750,0,1292,0
8752,0,1284,0
8754,0,1277,0
8756,0,1279,0
8758,0,1284,0
8760,80390,1291,1
8762,0,1300,0
8764,0,1306,0
8766,0,1305,0
8768,0,1299,0
8770,0,1292,0
8772,0,1284,0
8774,0,1278,0
8776,0,1277,0
8778,0,1283,0
8780,0,1292,0
8782,0,1300,0
8784,0,1304,0
8786,0,1305,0
8788,0,1299,0
8790,0,1291,0
8792,0,1283,0
8794,0,1279,0
8796,0,1278,0
8798,0,1285,0
8800,80284,1291,1
8802,0,1300,0
8804,0,1305,0
8806,0,1305,0
8808,0,1300,0
8810,0,1291,0
8812,0,1284,0
8814,0,1279,0
8816,0,1279,0
8818,0,1285,0
8820,0,1291,0
8822,0,1300,0
8824,0,1303,0
8826,0,1304,0
8828,0,1299,0
8830,0,1291,0
8832,0,1283,0
8834,0,1278,0
8836,0,1278,0
8838,0,1285,0
8840,80061,1291,1
8842,0,1300,0
8844,0,1305,0
8846,0,1304,0
8848,0,1301,0
8850,0,1291,0
8852,0,1282,0
8854,0,1279,0
8856,0,1279,0
8858,0,1284,0
8860,0,1292,0
8862,0,1300,0
8864,0,1304,0
8866,0,1306,0
8868,0,1299,0
8870,0,1291,0
8872,0,1284,0
8874,0,1278,0
8876,0,1278,0
8878,0,1284,0
8880,80044,1292,1
8882,0,1299,0
8884,0,1305,0
8886,0,1305,0
8888,0,1300,0
8890,0,1290,0
8892,0,1283,0
8894,0,1280,0
8896,0,1279,0
8898,0,1284,0
8900,0,1292,0
8902,0,1299,0
8904,0,1305,0
8906,0,1304,0
8908,0,1300,0
8910,0,1292,0
8912,0,1284,0
8914,0,1278,0
8916,0,1277,0
8918,0,1284,0
8920,79937,1291,1
8922,0,1300,0
8924,0,1306,0
8926,0,1304,0
8928,0,1300,0
8930,0,1291,0
8932,0,1284,0
8934,0,1277,0
8936,0,1277,0
8938,0,1283,0
8940,0,1290,0
8942,0,1300,0
8944,0,1305,0
8946,0,1306,0
8948,0,1300,0
8950,0,1291,0
8952,0,1283,0
8954,0,1277,0
8956,0,1277,0
8958,0,1284,0
8960,79899,1290,1
8962,0,1300,0
8964,0,1304,0
8966,0,1305,0
8968,0,1301,0
8970,0,1292,0
8972,0,1282,0
8974,0,1278,0
8976,0,1279,0
8978,0,1282,0
8980,0,1292,0
8982,0,1301,0
8984,0,1304,0
8986,0,1306,0
8988,0,1299,0
8990,0,1291,0
8992,0,1284,0
8994,0,1277,0
8996,0,1279,0
8998,0,1284,0
9000,79829,1291,1
9002,0,1298,0
9004,0,1305,0
9006,0,1306,0
9008,0,1300,0
9010,0,1291,0
9012,0,1282,0
9014,0,1279,0
9016,0,1279,0
9018,0,1284,0
9020,0,1290,0
9022,0,1301,0
9024,0,1304,0
9026,0,1306,0
9028,0,1299,0
9030,0,1292,0
9032,0,1283,0
9034,0,1279,0
9036,0,1277,0
9038,0,1284,0
9040,79649,1290,1
9042,0,1301,0
9044,0,1304,0
9046,0,1306,0
9048,0,1299,0
9050,0,1292,0
9052,0,1282,0
9054,0,1278,0
9056,0,1279,0
9058,0,1283,0
9060,0,1293,0
9062,0,1300,0
9064,0,1303,0
9066,0,1305,0
9068,0,1299,0
9070,0,1290,0
9072,0,1284,0
9074,0,1278,0
9076,0,1279,0
9078,0,1284,0
9080,79468,1290,1
9082,0,1299,0
9084,0,1304,0
9086,0,1304,0
9088,0,1300,0
9090,0,1290,0
9092,0,1282,0
9094,0,1278,0
9096,0,1277,0
9098,0,1284,0
9100,0,1290,0
9102,0,1300,0
9104,0,1305,0
9106,0,1306,0
9108,0,1298,0
9110,0,1290,0
9112,0,1283,0
9114,0,1277,0
9116,0,1277,0
9118,0,1283,0
9120,79148,1292,1
9122,0,1299,0
9124,0,1304,0
9126,0,1306,0
9128,0,1300,0
9130,0,1292,0
9132,0,1282,0
9134,0,1279,0
9136,0,1277,0
9138,0,1284,0
9140,0,1291,0
9142,0,1299,0
9144,0,1305,0
9146,0,1303,0
9148,0,1300,0
9150,0,1290,0
9152,0,1283,0
9154,0,1278,0
9156,0,1279,0
9158,0,1284,0
9160,79061,1290,1
9162,0,1299,0
9164,0,1304,0
9166,0,1305,0
9168,0,1300,0
9170,0,1292,0
9172,0,1283,0
9174,0,1278,0
9176,0,1279,0
9178,0,1283,0
9180,0,1293,0
9182,0,1299,0
9184,0,1304,0
9186,0,1305,0
9188,0,1301,0
9190,0,1291,0
9192,0,1284,0
9194,0,1277,0
9196,0,1279,0
9198,0,1282,0
9200,78926,1292,1
9202,0,1299,0
9204,0,1304,0
9206,0,1303,0
9208,0,1299,0
9210,0,1291,0
9212,0,1284,0
9214,0,1278,0
9216,0,1277,0
9218,0,1282,0
9220,0,1290,0
9222,0,1300,0
9224,0,1303,0
9226,0,1305,0
9228,0,1299,0
9230,0,1290,0
9232,0,1283,0
9234,0,1278,0
9236,0,1277,0
9238,0,1282,0
9240,78987,1291,1
9242,0,1299,0
9244,0,1305,0
9246,0,1305,0
9248,0,1300,0
9250,0,1292,0
9252,0,1282,0
9254,0,1279,0
9256,0,1278,0
9258,0,1284,0
9260,0,1293,0
9262,0,1301,0
9264,0,1306,0
9266,0,1306,0
9268,0,1299,0
9270,0,1292,0
9272,0,1282,0
9274,0,1277,0
9276,0,1277,0
9278,0,1283,0
9280,79135,1291,1
9282,0,1298,0
9284,0,1304,0
9286,0,1305,0
9288,0,1299,0
9290,0,1291,0
9292,0,1282,0
9294,0,1276,0
9296,0,1277,0
9298,0,1282,0
9300,0,1291,0
9302,0,1298,0
9304,0,1303,0
9306,0,1303,0
9308,0,1301,0
9310,0,1290,0
9312,0,1282,0
9314,0,1278,0
9316,0,1277,0
9318,0,1282,0
9320,79405,1292,1
9322,0,1300,0
9324,0,1305,0
9326,0,1305,0
9328,0,1300,0
9330,0,1291,0
9332,0,1282,0
9334,0,1278,0
9336,0,1279,0
9338,0,1283,0
9340,0,1290,0
9342,0,1301,0
9344,0,1305,0
9346,0,1303,0
9348,0,1298,0
9350,0,1290,0
9352,0,1284,0
9354,0,1277,0
9356,0,1279,0
9358,0,1284,0
9360,79797,1290,1
9362,0,1300,0
9364,0,1304,0
9366,0,1304,0
9368,0,1299,0
9370,0,1292,0
9372,0,1283,0
9374,0,1277,0
9376,0,1279,0
9378,0,1284,0
9380,0,1291,0
9382,0,1298,0
9384,0,1304,0
9386,0,1304,0
9388,0,1299,0
9390,0,1290,0
9392,0,1283,0
9394,0,1278,0
9396,0,1279,0
9398,0,1283,0
9400,80328,1290,1
9402,0,1299,0
9404,0,1304,0
9406,0,1304,0
9408,0,1298,0
9410,0,1291,0
9412,0,1283,0
9414,0,1277,0
9416,0,1277,0
9418,0,1283,0
9420,0,1291,0
9422,0,1300,0
9424,0,1303,0
9426,0,1304,0
9428,0,1299,0
9430,0,1292,0
9432,0,1282,0
9434,0,1277,0
9436,0,1278,0
9438,0,1281,0
9440,80686,1290,1
9442,0,1298,0
9444,0,1304,0
9446,0,1303,0
9448,0,1298,0
9450,0,1291,0
9452,0,1282,0
9454,0,1278,0
9456,0,1279,0
9458,0,1283,0
9460,0,1290,0
9462,0,1298,0
9464,0,1306,0
9466,0,1303,0
9468,0,1298,0
9470,0,1289,0
9472,0,1281,0
9474,0,1279,0
9476,0,1276,0
9478,0,1283,0
9480,80906,1292,1
9482,0,1300,0
9484,0,1303,0
9486,0,1304,0
9488,0,1298,0
9490,0,1291,0
9492,0,1282,0
9494,0,1278,0
9496,0,1277,0
9498,0,1282,0
9500,0,1292,0
9502,0,1300,0
9504,0,1304,0
9506,0,1305,0
9508,0,1300,0
9510,0,1291,0
9512,0,1283,0
9514,0,1279,0
9516,0,1278,0
9518,0,1284,0
9520,81107,1292,1
9522,0,1299,0
9524,0,1305,0
9526,0,1303,0
9528,0,1300,0
9530,0,1290,0
9532,0,1283,0
9534,0,1276,0
9536,0,1276,0
9538,0,1283,0
9540,0,1292,0
9542,0,1299,0
9544,0,1305,0
9546,0,1304,0
9548,0,1300,0
9550,0,1291,0
9552,0,1284,0
9554,0,1276,0
9556,0,1277,0
9558,0,1282,0
9560,81049,1291,1
9562,0,1300,0
9564,0,1305,0
9566,0,1304,0
9568,0,1300,0
9570,0,1290,0
9572,0,1283,0
9574,0,1278,0
9576,0,1277,0
9578,0,1284,0
9580,0,1292,0
9582,0,1299,0
9584,0,1304,0
9586,0,1304,0
9588,0,1298,0
9590,0,1291,0
9592,0,1282,0
9594,0,1279,0
9596,0,1279,0
9598,0,1282,0
9600,80899,1290,1
9602,0,1299,0
9604,0,1304,0
9606,0,1306,0
9608,0,1298,0
9610,0,1292,0
9612,0,1282,0
9614,0,1278,0
9616,0,1276,0
9618,0,1281,0
9620,0,1291,0
9622,0,1300,0
9624,0,1305,0
9626,0,1305,0
9628,0,1299,0
9630,0,1290,0
9632,0,1283,0
9634,0,1276,0
9636,0,1279,0
9638,0,1284,0
9640,80716,1292,1
9642,0,1299,0
9644,0,1303,0
9646,0,1305,0
9648,0,1300,0
9650,0,1292,0
9652,0,1281,0
9654,0,1278,0
9656,0,1276,0
9658,0,1283,0
9660,0,1292,0
9662,0,1299,0
9664,0,1305,0
9666,0,1304,0
9668,0,1300,0
9670,0,1291,0
9672,0,1282,0
9674,0,1277,0
9676,0,1278,0
9678,0,1282,0
9680,80456,1289,1
9682,0,1298,0
9684,0,1303,0
9686,0,1303,0
9688,0,1298,0
9690,0,1290,0
9692,0,1281,0
9694,0,1277,0
9696,0,1278,0
9698,0,1281,0
9700,0,1290,0
9702,0,1299,0
9704,0,1303,0
9706,0,1303,0
9708,0,1298,0
9710,0,1292,0
9712,0,1283,0
9714,0,1278,0
9716,0,1276,0
9718,0,1284,0
9720,80285,1292,1
9722,0,1299,0
9724,0,1304,0
9726,0,1303,0
9728,0,1299,0
9730,0,1291,0
9732,0,1282,0
9734,0,1279,0
9736,0,1277,0
9738,0,1283,0
9740,0,1291,0
9742,0,1300,0
9744,0,1305,0
9746,0,1304,0
9748,0,1299,0
9750,0,1292,0
9752,0,1284,0
9754,0,1276,0
9756,0,1276,0
9758,0,1282,0
9760,80116,1292,1
9762,0,1299,0
9764,0,1304,0
9766,0,1304,0
9768,0,1299,0
9770,0,1290,0
9772,0,1283,0
9774,0,1278,0
9776,0,1276,0
9778,0,1281,0
9780,0,1291,0
9782,0,1299,0
9784,0,1304,0
9786,0,1304,0
9788,0,1299,0
9790,0,1290,0
9792,0,1283,0
9794,0,1278,0
9796,0,1278,0
9798,0,1281,0
9800,80061,1291,1
9802,0,1299,0
9804,0,1303,0
9806,0,1303,0
9808,0,1300,0
9810,0,1290,0
9812,0,1282,0
9814,0,1278,0
9816,0,1277,0
9818,0,1283,0
9820,0,1290,0
9822,0,1298,0
9824,0,1303,0
9826,0,1305,0
9828,0,1298,0
9830,0,1289,0
9832,0,1283,0
9834,0,1278,0
9836,0,1278,0
9838,0,1283,0
9840,80028,1289,1
9842,0,1298,0
9844,0,1304,0
9846,0,1305,0
9848,0,1300,0
9850,0,1291,0
9852,0,1282,0
9854,0,1279,0
9856,0,1276,0
9858,0,1283,0
9860,0,1290,0
9862,0,1299,0
9864,0,1305,0
9866,0,1305,0
9868,0,1300,0
9870,0,1291,0
9872,0,1281,0
9874,0,1278,0
9876,0,1276,0
9878,0,1281,0
9880,79943,1290,1
9882,0,1299,0
9884,0,1305,0
9886,0,1304,0
9888,0,1299,0
9890,0,1291,0
9892,0,1282,0
9894,0,1278,0
9896,0,1278,0
9898,0,1282,0
9900,0,1290,0
9902,0,1299,0
9904,0,1303,0
9906,0,1303,0
9908,0,1299,0
9910,0,1291,0
9912,0,1283,0
9914,0,1277,0
9916,0,1278,0
9918,0,1283,0
9920,79877,1291,1
9922,0,1297,0
9924,0,1304,0
9926,0,1303,0
9928,0,1299,0
9930,0,1289,0
9932,0,1282,0
9934,0,1278,0
9936,0,1276,0
9938,0,1283,0
9940,0,1292,0
9942,0,1299,0
9944,0,1304,0
9946,0,1304,0
9948,0,1299,0
9950,0,1291,0
9952,0,1283,0
9954,0,1276,0
9956,0,1277,0
9958,0,1282,0
9960,79758,1292,1
9962,0,1299,0
9964,0,1303,0
9966,0,1305,0
9968,0,1300,0
9970,0,1291,0
9972,0,1283,0
9974,0,1277,0
9976,0,1276,0
9978,0,1282,0
9980,0,1291,0
9982,0,1300,0
9984,0,1302,0
9986,0,1305,0
9988,0,1299,0
9990,0,1290,0
9992,0,1283,0
9994,0,1276,0
9996,0,1278,0
9998,0,1283,0
10000,79557,1291,1
10002,0,1299,0
10004,0,1303,0
10006,0,1305,0
10008,0,1299,0
10010,0,1290,0
10012,0,1281,0
10014,0,1277,0
10016,0,1278,0
10018,0,1281,0
10020,0,1291,0
10022,0,1298,0
10024,0,1305,0
10026,0,1303,0
10028,0,1298,0
10030,0,1289,0
10032,0,1284,0
10034,0,1277,0
10036,0,1277,0
10038,0,1282,0
10040,79302,1292,1
10042,0,1298,0
10044,0,1303,0
10046,0,1305,0
10048,0,1298,0
10050,0,1292,0
10052,0,1282,0
10054,0,1278,0
10056,0,1278,0
10058,0,1282,0
10060,0,1289,0
10062,0,1299,0
10064,0,1304,0
10066,0,1304,0
10068,0,1298,0
10070,0,1290,0
10072,0,1282,0
10074,0,1278,0
10076,0,1276,0
10078,0,1282,0
10080,79061,1291,1
10082,0,1299,0
10084,0,1304,0
10086,0,1303,0
10088,0,1300,0
10090,0,1291,0
10092,0,1281,0
10094,0,1278,0
10096,0,1277,0
10098,0,1281,0
10100,0,1291,0
10102,0,1300,0
10104,0,1304,0
10106,0,1303,0
10108,0,1297,0
10110,0,1291,0
10112,0,1284,0
10114,0,1277,0
10116,0,1276,0
10118,0,1282,0
10120,78932,1289,1
10122,0,1299,0
10124,0,1304,0
10126,0,1305,0
10128,0,1299,0
10130,0,1291,0
10132,0,1281,0
10134,0,1278,0
10136,0,1276,0
10138,0,1283,0
10140,0,1291,0
10142,0,1299,0
10144,0,1304,0
10146,0,1302,0
10148,0,1299,0
10150,0,1289,0
10152,0,1283,0
10154,0,1277,0
10156,0,1276,0
10158,0,1282,0
10160,78893,1291,1
10162,0,1298,0
10164,0,1305,0
10166,0,1305,0
10168,0,1299,0
10170,0,1291,0
10172,0,1282,0
10174,0,1278,0
10176,0,1278,0
10178,0,1283,0
10180,0,1289,0
10182,0,1297,0
10184,0,1302,0
10186,0,1305,0
10188,0,1299,0
10190,0,1289,0
10192,0,1282,0
10194,0,1278,0
10196,0,1277,0
10198,0,1283,0
10200,79055,1289,1
10202,0,1297,0
10204,0,1305,0
10206,0,1305,0
10208,0,1298,0
10210,0,1289,0
10212,0,1284,0
10214,0,1278,0
10216,0,1277,0
10218,0,1283,0
10220,0,1289,0
10222,0,1298,0
10224,0,1303,0
10226,0,1304,0
10228,0,1298,0
10230,0,1290,0
10232,0,1281,0
10234,0,1275,0
10236,0,1278,0
10238,0,1283,0
10240,79281,1291,1
10242,0,1298,0
10244,0,1304,0
10246,0,1303,0
10248,0,1299,0
10250,0,1290,0
10252,0,1283,0
10254,0,1276,0
10256,0,1276,0
10258,0,1284,0
10260,0,1291,0
10262,0,1299,0
10264,0,1305,0
10266,0,1305,0
10268,0,1298,0
10270,0,1291,0
10272,0,1282,0
10274,0,1278,0
10276,0,1278,0
10278,0,1281,0
10280,79629,1289,1
10282,0,1298,0
10284,0,1305,0
10286,0,1304,0
10288,0,1297,0
10290,0,1289,0
10292,0,1281,0
10294,0,1278,0
10296,0,1276,0
10298,0,1282,0
10300,0,1291,0
10302,0,1298,0
10304,0,1304,0
10306,0,1304,0
10308,0,1298,0
10310,0,1291,0
10312,0,1282,0
10314,0,1277,0
10316,0,1278,0
10318,0,1281,0
10320,80050,1291,1
10322,0,1299,0
10324,0,1304,0
10326,0,1304,0
10328,0,1299,0
10330,0,1289,0
10332,0,1282,0
10334,0,1276,0
10336,0,1277,0
10338,0,1281,0
10340,0,1291,0
10342,0,1300,0
10344,0,1302,0
10346,0,1304,0
10348,0,1299,0
10350,0,1290,0
10352,0,1282,0
10354,0,1278,0
10356,0,1278,0
10358,0,1283,0
10360,80462,1290,1
10362,0,1297,0
10364,0,1302,0
10366,0,1302,0
10368,0,1298,0
10370,0,1291,0
10372,0,1281,0
10374,0,1276,0
10376,0,1277,0
10378,0,1282,0
10380,0,1291,0
10382,0,1298,0
10384,0,1305,0
10386,0,1304,0
10388,0,1297,0
10390,0,1291,0
10392,0,1280,0
10394,0,1276,0
10396,0,1277,0
10398,0,1283,0
10400,80850,1290,1
10402,0,1297,0
10404,0,1303,0
10406,0,1303,0
10408,0,1297,0
10410,0,1289,0
10412,0,1282,0
10414,0,1276,0
10416,0,1277,0
10418,0,1283,0
10420,0,1289,0
10422,0,1300,0
10424,0,1304,0
10426,0,1303,0
10428,0,1298,0
10430,0,1291,0
10432,0,1283,0
10434,0,1277,0
10436,0,1276,0
10438,0,1281,0
10440,80978,1289,1
10442,0,1297,0
10444,0,1304,0
10446,0,1302,0
10448,0,1297,0
10450,0,1291,0
10452,0,1282,0
10454,0,1276,0
10456,0,1278,0
10458,0,1283,0
10460,0,1290,0
10462,0,1298,0
10464,0,1303,0
10466,0,1302,0
10468,0,1299,0
10470,0,1290,0
10472,0,1281,0
10474,0,1277,0
10476,0,1277,0
10478,0,1282,0
10480,81140,1291,1
10482,0,1299,0
10484,0,1303,0
10486,0,1303,0
10488,0,1297,0
10490,0,1289,0
10492,0,1281,0
10494,0,1278,0
10496,0,1276,0
10498,0,1282,0
10500,0,1289,0
10502,0,1298,0
10504,0,1303,0
10506,0,1303,0
10508,0,1297,0
10510,0,1289,0
10512,0,1283,0
10514,0,1275,0
10516,0,1277,0
10518,0,1282,0
10520,80988,1289,1
10522,0,1298,0
10524,0,1303,0
10526,0,1302,0
10528,0,1298,0
10530,0,1291,0
10532,0,1282,0
10534,0,1275,0
10536,0,1276,0
10538,0,1281,0
10540,0,1291,0
10542,0,1298,0
10544,0,1304,0
10546,0,1304,0
10548,0,1297,0
10550,0,1290,0
10552,0,1282,0
10554,0,1278,0
10556,0,1276,0
10558,0,1282,0
10560,80820,1289,1
10562,0,1297,0
10564,0,1305,0
10566,0,1304,0
10568,0,1299,0
10570,0,1290,0
10572,0,1282,0
10574,0,1276,0
10576,0,1276,0
10578,0,1283,0
10580,0,1289,0
10582,0,1299,0
10584,0,1303,0
10586,0,1303,0
10588,0,1297,0
10590,0,1289,0
10592,0,1282,0
10594,0,1277,0
10596,0,1276,0
10598,0,1283,0
10600,80648,1291,1
10602,0,1299,0
10604,0,1303,0
10606,0,1304,0
10608,0,1299,0
10610,0,1289,0
10612,0,1282,0
10614,0,1275,0
10616,0,1277,0
10618,0,1281,0
10620,0,1291,0
10622,0,1298,0
10624,0,1304,0
10626,0,1303,0
10628,0,1300,0
10630,0,1289,0
10632,0,1281,0
10634,0,1277,0
10636,0,1278,0
10638,0,1282,0
10640,80371,1288,1
10642,0,1298,0
10644,0,1304,0
10646,0,1303,0
10648,0,1298,0
10650,0,1289,0
10652,0,1281,0
10654,0,1276,0
10656,0,1277,0
10658,0,1282,0
10660,0,1289,0
10662,0,1297,0
10664,0,1302,0
10666,0,1302,0
10668,0,1299,0
10670,0,1291,0
10672,0,1282,0
10674,0,1276,0
10676,0,1277,0
10678,0,1283,0
10680,80177,1291,1
10682,0,1297,0
10684,0,1304,0
10686,0,1303,0
10688,0,1299,0
10690,0,1289,0
10692,0,1280,0
10694,0,1276,0
10696,0,1278,0
10698,0,1282,0
10700,0,1291,0
10702,0,1298,0
10704,0,1304,0
10706,0,1304,0
10708,0,1298,0
10710,0,1289,0
10712,0,1282,0
10714,0,1277,0
10716,0,1277,0
10718,0,1283,0
10720,80049,1291,1
10722,0,1298,0
10724,0,1302,0
10726,0,1304,0
10728,0,1299,0
10730,0,1291,0
10732,0,1280,0
10734,0,1276,0
10736,0,1276,0
10738,0,1280,0
10740,0,1291,0
10742,0,1298,0
10744,0,1303,0
10746,0,1304,0
10748,0,1300,0
10750,0,1289,0
10752,0,1280,0
10754,0,1278,0
10756,0,1277,0
10758,0,1282,0
10760,80074,1291,1
10762,0,1299,0
10764,0,1304,0
10766,0,1302,0
10768,0,1299,0
10770,0,1289,0
10772,0,1282,0
10774,0,1278,0
10776,0,1276,0
10778,0,1281,0
10780,0,1290,0
10782,0,1299,0
10784,0,1302,0
10786,0,1302,0
10788,0,1299,0
10790,0,1290,0
10792,0,1283,0
10794,0,1275,0
10796,0,1275,0
10798,0,1282,0
10800,79935,1291,1
10802,0,1297,0
10804,0,1302,0
10806,0,1303,0
10808,0,1297,0
10810,0,1291,0
10812,0,1280,0
10814,0,1276,0
10816,0,1277,0
10818,0,1283,0
10820,0,1291,0
10822,0,1298,0
10824,0,1304,0
10826,0,1304,0
10828,0,1298,0
10830,0,1289,0
10832,0,1283,0
10834,0,1278,0
10836,0,1277,0
10838,0,1282,0
10840,79896,1290,1
10842,0,1299,0
10844,0,1304,0
10846,0,1303,0
10848,0,1297,0
10850,0,1289,0
10852,0,1283,0
10854,0,1275,0
10856,0,1277,0
10858,0,1280,0
10860,0,1289,0
10862,0,1297,0
10864,0,1302,0
10866,0,1302,0
10868,0,1298,0
10870,0,1290,0
10872,0,1281,0
10874,0,1276,0
10876,0,1276,0
10878,0,1281,0
10880,79817,1291,1
10882,0,1298,0
10884,0,1302,0
10886,0,1302,0
10888,0,1299,0
10890,0,1291,0
10892,0,1281,0
10894,0,1276,0
10896,0,1278,0
10898,0,1282,0
10900,0,1290,0
10902,0,1297,0
10904,0,1303,0
10906,0,1304,0
10908,0,1299,0
10910,0,1289,0
10912,0,1281,0
10914,0,1278,0
10916,0,1275,0
10918,0,1282,0
10920,79677,1288,1
10922,0,1299,0
10924,0,1302,0
10926,0,1303,0
10928,0,1298,0
10930,0,1290,0
10932,0,1282,0
10934,0,1276,0
10936,0,1275,0
10938,0,1281,0
10940,0,1290,0
10942,0,1297,0
10944,0,1304,0
10946,0,1302,0
10948,0,1299,0
10950,0,1289,0
10952,0,1281,0
10954,0,1277,0
10956,0,1277,0
10958,0,1282,0
10960,79386,1290,1
10962,0,1297,0
10964,0,1303,0
10966,0,1302,0
10968,0,1298,0
10970,0,1291,0
10972,0,1282,0
10974,0,1276,0
10976,0,1277,0
10978,0,1281,0
10980,0,1290,0
10982,0,1297,0
10984,0,1302,0
10986,0,1304,0
10988,0,1299,0
10990,0,1290,0
10992,0,1282,0
10994,0,1275,0
10996,0,1275,0
10998,0,1281,0
11000,79162,1288,1
11002,0,1298,0
11004,0,1304,0
11006,0,1304,0
11008,0,1298,0
11010,0,1290,0
11012,0,1280,0
11014,0,1277,0
11016,0,1275,0
11018,0,1282,0
11020,0,1289,0
11022,0,1299,0
11024,0,1302,0
11026,0,1303,0
11028,0,1298,0
11030,0,1290,0
11032,0,1280,0
11034,0,1276,0
11036,0,1277,0
11038,0,1280,0
11040,78951,1291,1
11042,0,1299,0
11044,0,1303,0
11046,0,1303,0
11048,0,1298,0
11050,0,1290,0
11052,0,1282,0
11054,0,1278,0
11056,0,1277,0
11058,0,1282,0
11060,0,1288,0
11062,0,1297,0
11064,0,1304,0
11066,0,1303,0
11068,0,1299,0
11070,0,1290,0
11072,0,1282,0
11074,0,1275,0
11076,0,1276,0
11078,0,1282,0
11080,78921,1291,1
11082,0,1298,0
11084,0,1304,0
11086,0,1303,0
11088,0,1299,0
11090,0,1290,0
11092,0,1281,0
11094,0,1275,0
11096,0,1277,0
11098,0,1281,0
11100,0,1291,0
11102,0,1297,0
11104,0,1303,0
11106,0,1302,0
11108,0,1296,0
11110,0,1289,0
11112,0,1281,0
11114,0,1277,0
11116,0,1277,0
11118,0,1280,0
11120,78990,1289,1
11122,0,1299,0
11124,0,1303,0
11126,0,1303,0
11128,0,1298,0
11130,0,1289,0
11132,0,1280,0
11134,0,1275,0
11136,0,1276,0
11138,0,1282,0
11140,0,1289,0
11142,0,1299,0
11144,0,1302,0
11146,0,1302,0
11148,0,1299,0
11150,0,1290,0
11152,0,1281,0
11154,0,1275,0
11156,0,1277,0
11158,0,1282,0
11160,79132,1289,1
11162,0,1297,0
11164,0,1304,0
11166,0,1302,0
11168,0,1299,0
11170,0,1291,0
11172,0,1280,0
11174,0,1275,0
11176,0,1275,0
11178,0,1280,0
11180,0,1291,0
11182,0,1296,0
11184,0,1302,0
11186,0,1302,0
11188,0,1298,0
11190,0,1288,0
11192,0,1280,0
11194,0,1275,0
11196,0,1275,0
11198,0,1281,0
11200,79537,1289,1
11202,0,1297,0
11204,0,1301,0
11206,0,1303,0
11208,0,1299,0
11210,0,1290,0
11212,0,1281,0
11214,0,1275,0
11216,0,1276,0
11218,0,1282,0
11220,0,1289,0
11222,0,1298,0
11224,0,1304,0
11226,0,1304,0
11228,0,1297,0
11230,0,1288,0
11232,0,1281,0
11234,0,1278,0
11236,0,1275,0
11238,0,1281,0
11240,79933,1290,1
11242,0,1297,0
11244,0,1303,0
11246,0,1303,0
11248,0,1299,0
11250,0,1288,0
11252,0,1282,0
11254,0,1275,0
11256,0,1275,0
11258,0,1282,0
11260,0,1288,0
11262,0,1298,0
11264,0,1302,0
11266,0,1303,0
11268,0,1299,0
11270,0,1290,0
11272,0,1281,0
11274,0,1277,0
11276,0,1277,0
11278,0,1282,0
11280,80283,1289,1
11282,0,1297,0
11284,0,1301,0
11286,0,1304,0
11288,0,1297,0
11290,0,1289,0
11292,0,1280,0
11294,0,1277,0
11296,0,1275,0
11298,0,1280,0
11300,0,1290,0
11302,0,1297,0
11304,0,1302,0
11306,0,1304,0
11308,0,1299,0
11310,0,1288,0
11312,0,1280,0
11314,0,1277,0
11316,0,1275,0
11318,0,1281,0
11320,80661,1291,1
11322,0,1299,0
11324,0,1301,0
11326,0,1303,0
11328,0,1299,0
11330,0,1289,0
11332,0,1282,0
11334,0,1276,0
11336,0,1277,0
11338,0,1280,0
11340,0,1289,0
11342,0,1298,0
11344,0,1303,0
11346,0,1302,0
11348,0,1299,0
11350,0,1289,0
11352,0,1282,0
11354,0,1277,0
11356,0,1276,0
11358,0,1280,0
11360,80965,1289,1
11362,0,1298,0
11364,0,1304,0
11366,0,1302,0
11368,0,1298,0
11370,0,1288,0
11372,0,1280,0
11374,0,1275,0
11376,0,1277,0
11378,0,1280,0
11380,0,1288,0
11382,0,1297,0
11384,0,1301,0
11386,0,1302,0
11388,0,1298,0
11390,0,1290,0
11392,0,1280,0
11394,0,1277,0
11396,0,1277,0
11398,0,1280,0
11400,81086,1291,1
11402,0,1297,0
11404,0,1303,0
11406,0,1304,0
11408,0,1299,0
11410,0,1289,0
11412,0,1280,0
11414,0,1276,0
11416,0,1277,0
11418,0,1280,0
11420,0,1288,0
11422,0,1297,0
11424,0,1302,0
11426,0,1303,0
11428,0,1296,0
11430,0,1290,0
11432,0,1282,0
11434,0,1277,0
11436,0,1276,0
11438,0,1280,0
11440,81087,1288,1
11442,0,1299,0
11444,0,1303,0
11446,0,1301,0
11448,0,1297,0
11450,0,1290,0
11452,0,1280,0
11454,0,1276,0
11456,0,1275,0
11458,0,1282,0
11460,0,1290,0
11462,0,1298,0
11464,0,1304,0
11466,0,1301,0
11468,0,1298,0
11470,0,1288,0
11472,0,1281,0
11474,0,1275,0
11476,0,1275,0
11478,0,1281,0
11480,80965,1290,1
11482,0,1297,0
11484,0,1301,0
11486,0,1304,0
11488,0,1297,0
11490,0,1289,0
11492,0,1282,0
11494,0,1276,0
11496,0,1277,0
11498,0,1281,0
11500,0,1290,0
11502,0,1297,0
11504,0,1303,0
11506,0,1302,0
11508,0,1296,0
11510,0,1289,0
11512,0,1279,0
11514,0,1275,0
11516,0,1276,0
11518,0,1280,0
11520,80661,1288,1
11522,0,1298,0
11524,0,1303,0
11526,0,1303,0
11528,0,1298,0
11530,0,1289,0
11532,0,1282,0
11534,0,1276,0
11536,0,1276,0
11538,0,1281,0
11540,0,1288,0
11542,0,1297,0
11544,0,1301,0
11546,0,1302,0
11548,0,1297,0
11550,0,1290,0
11552,0,1281,0
11554,0,1276,0
11556,0,1275,0
11558,0,1280,0
11560,80491,1289,1
11562,0,1297,0
11564,0,1303,0
11566,0,1303,0
11568,0,1297,0
11570,0,1289,0
11572,0,1282,0
11574,0,1274,0
11576,0,1275,0
11578,0,1280,0
11580,0,1288,0
11582,0,1297,0
11584,0,1302,0
11586,0,1302,0
11588,0,1296,0
11590,0,1288,0
11592,0,1281,0
11594,0,1277,0
11596,0,1277,0
11598,0,1281,0
11600,80311,1288,1
11602,0,1297,0
11604,0,1302,0
11606,0,1301,0
11608,0,1297,0
11610,0,1290,0
11612,0,1280,0
11614,0,1275,0
11616,0,1276,0
11618,0,1282,0
11620,0,1288,0
11622,0,1298,0
11624,0,1302,0
11626,0,1301,0
11628,0,1296,0
11630,0,1289,0
11632,0,1281,0
11634,0,1275,0
11636,0,1277,0
11638,0,1282,0
11640,80197,1290,1
11642,0,1296,0
11644,0,1303,0
11646,0,1302,0
11648,0,1297,0
11650,0,1290,0
11652,0,1281,0
11654,0,1276,0
11656,0,1274,0
11658,0,1280,0
11660,0,1290,0
11662,0,1297,0
11664,0,1303,0
11666,0,1301,0
11668,0,1297,0
11670,0,1288,0
11672,0,1280,0
11674,0,1275,0
11676,0,1275,0
11678,0,1280,0
11680,80032,1289,1
11682,0,1298,0
11684,0,1302,0
11686,0,1302,0
11688,0,1297,0
11690,0,1290,0
11692,0,1280,0
11694,0,1275,0
11696,0,1276,0
11698,0,1281,0
11700,0,1288,0
11702,0,1296,0
11704,0,1301,0
11706,0,1303,0
11708,0,1297,0
11710,0,1288,0
11712,0,1282,0
11714,0,1275,0
11716,0,1276,0
11718,0,1282,0
11720,80050,1290,1
11722,0,1297,0
11724,0,1303,0
11726,0,1303,0
11728,0,1297,0
11730,0,1290,0
11732,0,1280,0
11734,0,1277,0
11736,0,1275,0
11738,0,1280,0
11740,0,1289,0
11742,0,1298,0
11744,0,1304,0
11746,0,1303,0
11748,0,1296,0
11750,0,1288,0
11752,0,1281,0
11754,0,1274,0
11756,0,1275,0
11758,0,1280,0
11760,79950,1290,1
11762,0,1296,0
11764,0,1302,0
11766,0,1301,0
11768,0,1298,0
11770,0,1289,0
11772,0,1281,0
11774,0,1276,0
11776,0,1275,0
11778,0,1282,0
11780,0,1289,0
11782,0,1297,0
11784,0,1302,0
11786,0,1301,0
11788,0,1298,0
11790,0,1288,0
11792,0,1282,0
11794,0,1276,0
11796,0,1275,0
11798,0,1282,0
11800,79846,1289,1
11802,0,1296,0
11804,0,1302,0
11806,0,1301,0
11808,0,1297,0
11810,0,1290,0
11812,0,1281,0
11814,0,1277,0
11816,0,1276,0
11818,0,1281,0
11820,0,1290,0
11822,0,1298,0
11824,0,1302,0
11826,0,1301,0
11828,0,1298,0
11830,0,1290,0
11832,0,1281,0
11834,0,1277,0
11836,0,1277,0
11838,0,1281,0
11840,79716,1289,1
11842,0,1296,0
11844,0,1301,0
11846,0,1303,0
11848,0,1296,0
11850,0,1288,0
11852,0,1282,0
11854,0,1275,0
11856,0,1276,0
11858,0,1280,0
11860,0,1289,0
11862,0,1298,0
11864,0,1302,0
11866,0,1303,0
11868,0,1297,0
11870,0,1290,0
11872,0,1280,0
11874,0,1277,0
11876,0,1276,0
11878,0,1281,0
11880,79513,1290,1
11882,0,1299,0
11884,0,1303,0
11886,0,1303,0
11888,0,1298,0
11890,0,1288,0
11892,0,1281,0
11894,0,1276,0
11896,0,1275,0
11898,0,1282,0
11900,0,1289,0
11902,0,1297,0
11904,0,1301,0
11906,0,1304,0
11908,0,1296,0
11910,0,1290,0
11912,0,1280,0
11914,0,1275,0
11916,0,1275,0
11918,0,1280,0
11920,79319,1289,1
11922,0,1296,0
11924,0,1301,0
11926,0,1303,0
11928,0,1298,0
11930,0,1288,0
11932,0,1280,0
11934,0,1276,0
11936,0,1275,0
11938,0,1281,0
11940,0,1290,0
11942,0,1298,0
11944,0,1303,0
11946,0,1301,0
11948,0,1297,0
11950,0,1290,0
11952,0,1280,0
11954,0,1274,0
11956,0,1274,0
11958,0,1279,0
11960,79074,1287,1
11962,0,1297,0
11964,0,1301,0
11966,0,1301,0
11968,0,1297,0
11970,0,1288,0
11972,0,1282,0
11974,0,1277,0
11976,0,1276,0
11978,0,1279,0
11980,0,1288,0
11982,0,1298,0
11984,0,1301,0
11986,0,1302,0
11988,0,1297,0
11990,0,1289,0
11992,0,1279,0
11994,0,1274,0
11996,0,1276,0
11998,0,1281,0
12000,78923,1288,1
12002,0,1297,0
12004,0,1301,0
12006,0,1301,0
12008,0,1296,0
12010,0,1290,0
12012,0,1279,0
12014,0,1275,0
12016,0,1276,0
12018,0,1282,0
12020,0,1289,0
12022,0,1297,0
12024,0,1303,0
12026,0,1303,0
12028,0,1298,0
12030,0,1289,0
12032,0,1279,0
12034,0,1275,0
12036,0,1275,0
12038,0,1281,0
12040,78926,1290,1
12042,0,1298,0
12044,0,1302,0
12046,0,1301,0
12048,0,1296,0
12050,0,1289,0
12052,0,1280,0
12054,0,1276,0
12056,0,1275,0
12058,0,1282,0
12060,0,1288,0
12062,0,1296,0
12064,0,1303,0
12066,0,1302,0
12068,0,1296,0
12070,0,1289,0
12072,0,1280,0
12074,0,1275,0
12076,0,1275,0
12078,0,1281,0
12080,79006,1289,1
12082,0,1296,0
12084,0,1302,0
12086,0,1303,0
12088,0,1296,0
12090,0,1288,0
12092,0,1279,0
12094,0,1274,0
12096,0,1275,0
12098,0,1280,0
12100,0,1288,0
12102,0,1298,0
12104,0,1301,0
12106,0,1300,0
12108,0,1296,0
12110,0,1290,0
12112,0,1280,0
12114,0,1276,0
12116,0,1276,0
12118,0,1279,0
12120,79296,1289,1
12122,0,1296,0
12124,0,1300,0
12126,0,1302,0
12128,0,1296,0
12130,0,1288,0
12132,0,1282,0
12134,0,1275,0
12136,0,1274,0
12138,0,1280,0
12140,0,1288,0
12142,0,1297,0
12144,0,1303,0
12146,0,1303,0
12148,0,1298,0
12150,0,1287,0
12152,0,1279,0
12154,0,1276,0
12156,0,1275,0
12158,0,1280,0
12160,79730,1288,1
12162,0,1296,0
12164,0,1300,0
12166,0,1301,0
12168,0,1298,0
12170,0,1289,0
12172,0,1281,0
12174,0,1276,0
12176,0,1277,0
12178,0,1279,0
12180,0,1288,0
12182,0,1296,0
12184,0,1301,0
12186,0,1303,0
12188,0,1297,0
12190,0,1288,0
12192,0,1279,0
12194,0,1275,0
12196,0,1275,0
12198,0,1280,0
12200,80128,1289,1
12202,0,1297,0
12204,0,1302,0
12206,0,1302,0
12208,0,1297,0
12210,0,1290,0
12212,0,1279,0
12214,0,1274,0
12216,0,1276,0
12218,0,1281,0
12220,0,1288,0
12222,0,1297,0
12224,0,1301,0
12226,0,1302,0
12228,0,1297,0
12230,0,1289,0
12232,0,1279,0
12234,0,1275,0
12236,0,1274,0
12238,0,1279,0
12240,80575,1289,1
12242,0,1296,0
12244,0,1303,0
12246,0,1302,0
12248,0,1297,0
12250,0,1288,0
12252,0,1280,0
12254,0,1274,0
12256,0,1274,0
12258,0,1280,0
12260,0,1289,0
12262,0,1298,0
12264,0,1303,0
12266,0,1303,0
12268,0,1298,0
12270,0,1288,0
12272,0,1279,0
12274,0,1276,0
12276,0,1275,0
12278,0,1280,0
12280,80824,1289,1
12282,0,1296,0
12284,0,1303,0
12286,0,1303,0
12288,0,1296,0
12290,0,1289,0
12292,0,1280,0
12294,0,1276,0
12296,0,1275,0
12298,0,1281,0
12300,0,1289,0
12302,0,1297,0
12304,0,1302,0
12306,0,1303,0
12308,0,1296,0
12310,0,1290,0
12312,0,1280,0
12314,0,1276,0
12316,0,1274,0
12318,0,1281,0
12320,81051,1289,1
12322,0,1296,0
12324,0,1303,0
12326,0,1303,0
12328,0,1296,0
12330,0,1288,0
12332,0,1281,0
12334,0,1274,0
12336,0,1274,0
12338,0,1279,0
12340,0,1287,0
12342,0,1297,0
12344,0,1300,0
12346,0,1302,0
12348,0,1296,0
12350,0,1287,0
12352,0,1279,0
12354,0,1274,0
12356,0,1274,0
12358,0,1280,0
12360,81062,1288,1
12362,0,1296,0
12364,0,1301,0
12366,0,1303,0
12368,0,1296,0
12370,0,1289,0
12372,0,1279,0
12374,0,1275,0
12376,0,1276,0
12378,0,1281,0
12380,0,1288,0
12382,0,1296,0
12384,0,1302,0
12386,0,1301,0
12388,0,1295,0
12390,0,1289,0
12392,0,1281,0
12394,0,1274,0
12396,0,1277,0
12398,0,1280,0
12400,80934,1288,1
12402,0,1295,0
12404,0,1303,0
12406,0,1303,0
12408,0,1297,0
12410,0,1288,0
12412,0,1280,0
12414,0,1275,0
12416,0,1275,0
12418,0,1281,0
12420,0,1289,0
12422,0,1298,0
12424,0,1302,0
12426,0,1301,0
12428,0,1296,0
12430,0,1287,0
12432,0,1279,0
12434,0,1275,0
12436,0,1276,0
12438,0,1281,0
12440,80772,1289,1
12442,0,1296,0
12444,0,1303,0
12446,0,1302,0
12448,0,1296,0
12450,0,1289,0
12452,0,1281,0
12454,0,1276,0
12456,0,1276,0
12458,0,1280,0
12460,0,1289,0
12462,0,1297,0
12464,0,1300,0
12466,0,1302,0
12468,0,1298,0
12470,0,1287,0
12472,0,1280,0
12474,0,1276,0
12476,0,1276,0
12478,0,1280,0
12480,80537,1289,1
12482,0,1295,0
12484,0,1301,0
12486,0,1303,0
12488,0,1298,0
12490,0,1289,0
12492,0,1280,0
12494,0,1276,0
12496,0,1276,0
12498,0,1279,0
12500,0,1288,0
12502,0,1296,0
12504,0,1301,0
12506,0,1301,0
12508,0,1296,0
12510,0,1289,0
12512,0,1279,0
12514,0,1274,0
12516,0,1275,0
12518,0,1281,0
12520,80331,1288,1
12522,0,1296,0
12524,0,1301,0
12526,0,1302,0
12528,0,1297,0
12530,0,1289,0
12532,0,1279,0
12534,0,1274,0
12536,0,1274,0
12538,0,1281,0
12540,0,1287,0
12542,0,1296,0
12544,0,1303,0
12546,0,1301,0
12548,0,1296,0
12550,0,1288,0
12552,0,1279,0
12554,0,1274,0
12556,0,1275,0
12558,0,1279,0
12560,80175,1289,1
12562,0,1295,0
12564,0,1300,0
12566,0,1300,0
12568,0,1296,0
12570,0,1287,0
12572,0,1281,0
12574,0,1276,0
12576,0,1274,0
12578,0,1280,0
12580,0,1288,0
12582,0,1296,0
12584,0,1301,0
12586,0,1302,0
12588,0,1297,0
12590,0,1287,0
12592,0,1281,0
12594,0,1273,0
12596,0,1274,0
12598,0,1280,0
12600,80144,1288,1
12602,0,1296,0
12604,0,1301,0
12606,0,1302,0
12608,0,1295,0
12610,0,1287,0
12612,0,1281,0
12614,0,1274,0
12616,0,1274,0
12618,0,1279,0
12620,0,1289,0
12622,0,1296,0
12624,0,1302,0
12626,0,1302,0
12628,0,1296,0
12630,0,1288,0
12632,0,1278,0
12634,0,1276,0
12636,0,1274,0
12638,0,1279,0
12640,80065,1289,1
12642,0,1297,0
12644,0,1301,0
12646,0,1302,0
12648,0,1296,0
12650,0,1287,0
12652,0,1280,0
12654,0,1275,0
12656,0,1274,0
12658,0,1279,0
12660,0,1287,0
12662,0,1296,0
12664,0,1303,0
12666,0,1300,0
12668,0,1296,0
12670,0,1287,0
12672,0,1280,0
12674,0,1274,0
12676,0,1274,0
12678,0,1281,0
12680,79918,1288,1
12682,0,1297,0
12684,0,1303,0
12686,0,1302,0
12688,0,1297,0
12690,0,1289,0
12692,0,1279,0
12694,0,1276,0
12696,0,1275,0
12698,0,1281,0
12700,0,1287,0
12702,0,1296,0
12704,0,1301,0
12706,0,1303,0
12708,0,1296,0
12710,0,1288,0
12712,0,1279,0
12714,0,1276,0
12716,0,1274,0
12718,0,1279,0
12720,79841,1288,1
12722,0,1297,0
12724,0,1303,0
12726,0,1301,0
12728,0,1296,0
12730,0,1289,0
12732,0,1279,0
12734,0,1275,0
12736,0,1276,0
12738,0,1280,0
12740,0,1287,0
12742,0,1295,0
12744,0,1301,0
12746,0,1302,0
12748,0,1295,0
12750,0,1287,0
12752,0,1281,0
12754,0,1274,0
12756,0,1275,0
12758,0,1279,0
12760,79780,1288,1
12762,0,1296,0
12764,0,1301,0
12766,0,1301,0
12768,0,1298,0
12770,0,1289,0
12772,0,1280,0
12774,0,1275,0
12776,0,1274,0
12778,0,1278,0
12780,0,1289,0
12782,0,1296,0
12784,0,1300,0
12786,0,1300,0
12788,0,1296,0
12790,0,1289,0
12792,0,1280,0
12794,0,1274,0
12796,0,1273,0
12798,0,1279,0
12800,79561,1287,1
12802,0,1297,0
12804,0,1301,0
12806,0,1302,0
12808,0,1296,0
12810,0,1289,0
12812,0,1278,0
12814,0,1276,0
12816,0,1274,0
12818,0,1279,0
12820,0,1287,0
12822,0,1296,0
12824,0,1302,0
12826,0,1302,0
12828,0,1297,0
12830,0,1287,0
12832,0,1279,0
12834,0,1274,0
12836,0,1275,0
12838,0,1279,0
12840,79412,1289,1
12842,0,1295,0
12844,0,1300,0
12846,0,1301,0
12848,0,1295,0
12850,0,1288,0
12852,0,1280,0
12854,0,1274,0
12856,0,1274,0
12858,0,1280,0
12860,0,1289,0
12862,0,1297,0
12864,0,1303,0
12866,0,1302,0
12868,0,1295,0
12870,0,1289,0
12872,0,1279,0
12874,0,1275,0
12876,0,1274,0
12878,0,1280,0
12880,79153,1288,1
12882,0,1295,0
12884,0,1300,0
12886,0,1300,0
12888,0,1297,0
12890,0,1287,0
12892,0,1278,0
12894,0,1274,0
12896,0,1275,0
12898,0,1281,0
12900,0,1286,0
12902,0,1297,0
12904,0,1302,0
12906,0,1300,0
12908,0,1297,0
12910,0,1288,0
12912,0,1278,0
12914,0,1275,0
12916,0,1276,0
12918,0,1281,0
12920,78975,1287,1
12922,0,1295,0
12924,0,1300,0
12926,0,1301,0
12928,0,1296,0
12930,0,1287,0
12932,0,1280,0
12934,0,1274,0
12936,0,1275,0
12938,0,1280,0
12940,0,1288,0
12942,0,1295,0
12944,0,1303,0
12946,0,1300,0
12948,0,1295,0
12950,0,1288,0
12952,0,1279,0
12954,0,1275,0
12956,0,1275,0
12958,0,1279,0
12960,78920,1289,1
12962,0,1297,0
12964,0,1302,0
12966,0,1302,0
12968,0,1296,0
12970,0,1287,0
12972,0,1280,0
12974,0,1275,0
12976,0,1276,0
12978,0,1279,0
12980,0,1288,0
12982,0,1297,0
12984,0,1302,0
12986,0,1300,0
12988,0,1295,0
12990,0,1288,0
12992,0,1279,0
12994,0,1274,0
12996,0,1275,0
12998,0,1280,0
13000,78981,1287,1
13002,0,1297,0
13004,0,1301,0
13006,0,1301,0
13008,0,1295,0
13010,0,1289,0
13012,0,1280,0
13014,0,1274,0
13016,0,1275,0
13018,0,1278,0
13020,0,1287,0
13022,0,1296,0
13024,0,1302,0
13026,0,1300,0
13028,0,1296,0
13030,0,1288,0
13032,0,1281,0
13034,0,1276,0
13036,0,1274,0
13038,0,1280,0
13040,79147,1288,1
13042,0,1295,0
13044,0,1301,0
13046,0,1302,0
13048,0,1296,0
13050,0,1288,0
13052,0,1280,0
13054,0,1273,0
13056,0,1276,0
13058,0,1280,0
13060,0,1287,0
13062,0,1295,0
13064,0,1301,0
13066,0,1302,0
13068,0,1295,0
13070,0,1289,0
13072,0,1280,0
13074,0,1275,0
13076,0,1273,0
13078,0,1281,0
13080,79511,1287,1
13082,0,1295,0
13084,0,1301,0
13086,0,1302,0
13088,0,1295,0
13090,0,1287,0
13092,0,1281,0
13094,0,1274,0
13096,0,1276,0
13098,0,1280,0
13100,0,1289,0
13102,0,1295,0
13104,0,1300,0
13106,0,1302,0
13108,0,1297,0
13110,0,1287,0
13112,0,1281,0
13114,0,1273,0
13116,0,1275,0
13118,0,1280,0
13120,79945,1288,1
13122,0,1295,0
13124,0,1300,0
13126,0,1301,0
13128,0,1296,0
13130,0,1287,0
13132,0,1280,0
13134,0,1273,0
13136,0,1274,0
13138,0,1281,0
13140,0,1289,0
13142,0,1295,0
13144,0,1300,0
13146,0,1301,0
13148,0,1295,0
13150,0,1287,0
13152,0,1279,0
13154,0,1275,0
13156,0,1274,0
13158,0,1278,0
13160,80386,1286,1
13162,0,1296,0
13164,0,1302,0
13166,0,1302,0
13168,0,1295,0
13170,0,1288,0
13172,0,1280,0
13174,0,1276,0
13176,0,1274,0
13178,0,1279,0
13180,0,1287,0
13182,0,1296,0
13184,0,1300,0
13186,0,1302,0
13188,0,1295,0
13190,0,1289,0
13192,0,1278,0
13194,0,1274,0
13196,0,1273,0
13198,0,1279,0
13200,80765,1286,1
13202,0,1297,0
13204,0,1299,0
13206,0,1302,0
13208,0,1296,0
13210,0,1289,0
13212,0,1279,0
13214,0,1275,0
13216,0,1275,0
13218,0,1280,0
13220,0,1289,0
13222,0,1296,0
13224,0,1301,0
13226,0,1302,0
13228,0,1297,0
13230,0,1288,0
13232,0,1279,0
13234,0,1274,0
13236,0,1273,0
13238,0,1280,0
13240,80983,1287,1
13242,0,1296,0
13244,0,1302,0
13246,0,1302,0
13248,0,1297,0
13250,0,1287,0
13252,0,1279,0
13254,0,1274,0
13256,0,1273,0
13258,0,1278,0
13260,0,1286,0
13262,0,1295,0
13264,0,1302,0
13266,0,1300,0
13268,0,1296,0
13270,0,1288,0
13272,0,1280,0
13274,0,1274,0
13276,0,1275,0
13278,0,1279,0
13280,81072,1288,1
13282,0,1294,0
13284,0,1302,0
13286,0,1302,0
13288,0,1295,0
13290,0,1287,0
13292,0,1280,0
13294,0,1274,0
13296,0,1274,0
13298,0,1279,0
13300,0,1287,0
13302,0,1295,0
13304,0,1301,0
13306,0,1300,0
13308,0,1297,0
13310,0,1289,0
13312,0,1280,0
13314,0,1275,0
13316,0,1275,0
13318,0,1279,0
13320,81068,1287,1
13322,0,1296,0
13324,0,1300,0
13326,0,1301,0
13328,0,1297,0
13330,0,1287,0
13332,0,1279,0
13334,0,1273,0
13336,0,1274,0
13338,0,1279,0
13340,0,1289,0
13342,0,1296,0
13344,0,1302,0
13346,0,1301,0
13348,0,1295,0
13350,0,1286,0
13352,0,1279,0
13354,0,1275,0
13356,0,1275,0
13358,0,1280,0
13360,80853,1287,1
13362,0,1297,0
13364,0,1302,0
13366,0,1302,0
13368,0,1295,0
13370,0,1289,0
13372,0,1278,0
13374,0,1274,0
13376,0,1273,0
13378,0,1278,0
13380,0,1287,0
13382,0,1295,0
13384,0,1300,0
13386,0,1300,0
13388,0,1297,0
13390,0,1289,0
13392,0,1279,0
13394,0,1274,0
13396,0,1273,0
13398,0,1280,0
13400,80628,1286,1
13402,0,1295,0
13404,0,1300,0
13406,0,1299,0
13408,0,1297,0
13410,0,1287,0
13412,0,1278,0
13414,0,1275,0
13416,0,1273,0
13418,0,1278,0
13420,0,1289,0
13422,0,1294,0
13424,0,1299,0
13426,0,1301,0
13428,0,1296,0
13430,0,1286,0
13432,0,1278,0
13434,0,1275,0
13436,0,1274,0
13438,0,1279,0
13440,80441,1287,1
13442,0,1295,0
13444,0,1302,0
13446,0,1300,0
13448,0,1294,0
13450,0,1287,0
13452,0,1279,0
13454,0,1276,0
13456,0,1275,0
13458,0,1279,0
13460,0,1286,0
13462,0,1296,0
13464,0,1300,0
13466,0,1301,0
13468,0,1295,0
13470,0,1288,0
13472,0,1279,0
13474,0,1275,0
13476,0,1274,0
13478,0,1279,0
13480,80316,1288,1
13482,0,1296,0
13484,0,1300,0
13486,0,1302,0
13488,0,1296,0
13490,0,1286,0
13492,0,1280,0
13494,0,1276,0
13496,0,1275,0
13498,0,1280,0
13500,0,1286,0
13502,0,1295,0
13504,0,1300,0
13506,0,1299,0
13508,0,1295,0
13510,0,1286,0
13512,0,1279,0
13514,0,1274,0
13516,0,1274,0
13518,0,1280,0
13520,80133,1287,1
13522,0,1295,0
13524,0,1302,0
13526,0,1301,0
13528,0,1295,0
13530,0,1286,0
13532,0,1278,0
13534,0,1273,0
13536,0,1273,0
13538,0,1278,0
13540,0,1288,0
13542,0,1296,0
13544,0,1301,0
13546,0,1301,0
13548,0,1294,0
13550,0,1288,0
13552,0,1278,0
13554,0,1274,0
13556,0,1275,0
13558,0,1280,0
13560,80027,1289,1
13562,0,1294,0
13564,0,1299,0
13566,0,1301,0
13568,0,1295,0
13570,0,1286,0
13572,0,1280,0
13574,0,1274,0
13576,0,1273,0
13578,0,1280,0
13580,0,1288,0
13582,0,1294,0
13584,0,1299,0
13586,0,1300,0
13588,0,1295,0
13590,0,1286,0
13592,0,1279,0
13594,0,1273,0
13596,0,1273,0
13598,0,1278,0
13600,80013,1288,1
13602,0,1295,0
13604,0,1300,0
13606,0,1301,0
13608,0,1296,0
13610,0,1288,0
13612,0,1279,0
13614,0,1273,0
13616,0,1273,0
13618,0,1279,0
13620,0,1288,0
13622,0,1297,0
13624,0,1300,0
13626,0,1299,0
13628,0,1297,0
13630,0,1286,0
13632,0,1279,0
13634,0,1274,0
13636,0,1275,0
13638,0,1279,0
13640,79929,1286,1
13642,0,1297,0
13644,0,1300,0
13646,0,1301,0
13648,0,1297,0
13650,0,1287,0
13652,0,1280,0
13654,0,1273,0
13656,0,1273,0
13658,0,1280,0
13660,0,1288,0
13662,0,1297,0
13664,0,1300,0
13666,0,1300,0
13668,0,1296,0
13670,0,1287,0
13672,0,1280,0
13674,0,1273,0
13676,0,1274,0
13678,0,1278,0
13680,79808,1288,1
13682,0,1295,0
13684,0,1301,0
13686,0,1301,0
13688,0,1296,0
13690,0,1287,0
13692,0,1279,0
13694,0,1273,0
13696,0,1274,0
13698,0,1277,0
13700,0,1288,0
13702,0,1297,0
13704,0,1302,0
13706,0,1301,0
13708,0,1294,0
13710,0,1288,0
13712,0,1279,0
13714,0,1275,0
13716,0,1274,0
13718,0,1280,0
13720,79670,1286,1
13722,0,1296,0
13724,0,1302,0
13726,0,1299,0
13728,0,1295,0
13730,0,1286,0
13732,0,1277,0
13734,0,1273,0
13736,0,1275,0
13738,0,1280,0
13740,0,1287,0
13742,0,1296,0
13744,0,1300,0
13746,0,1299,0
13748,0,1294,0
13750,0,1287,0
13752,0,1279,0
13754,0,1273,0
13756,0,1274,0
13758,0,1278,0
13760,79510,1286,1
13762,0,1294,0
13764,0,1301,0
13766,0,1299,0
13768,0,1296,0
13770,0,1286,0
13772,0,1279,0
13774,0,1275,0
13776,0,1274,0
13778,0,1279,0
13780,0,1286,0
13782,0,1295,0
13784,0,1299,0
13786,0,1300,0
13788,0,1296,0
13790,0,1286,0
13792,0,1280,0
13794,0,1273,0
13796,0,1274,0
13798,0,1279,0
13800,79205,1288,1
13802,0,1296,0
13804,0,1301,0
13806,0,1300,0
13808,0,1294,0
13810,0,1287,0
13812,0,1280,0
13814,0,1274,0
13816,0,1274,0
13818,0,1279,0
13820,0,1287,0
13822,0,1296,0
13824,0,1299,0
13826,0,1299,0
13828,0,1296,0
13830,0,1286,0
13832,0,1278,0
13834,0,1274,0
13836,0,1275,0
13838,0,1280,0
13840,79002,1288,1
13842,0,1294,0
13844,0,1300,0
13846,0,1302,0
13848,0,1294,0
13850,0,1288,0
13852,0,1277,0
13854,0,1274,0
13856,0,1274,0
13858,0,1279,0
13860,0,1288,0
13862,0,1296,0
13864,0,1301,0
13866,0,1300,0
13868,0,1296,0
13870,0,1288,0
13872,0,1279,0
13874,0,1273,0
13876,0,1275,0
13878,0,1280,0
13880,78946,1287,1
13882,0,1294,0
13884,0,1299,0
13886,0,1300,0
13888,0,1294,0
13890,0,1288,0
13892,0,1279,0
13894,0,1275,0
13896,0,1275,0
13898,0,1279,0
13900,0,1286,0
13902,0,1297,0
13904,0,1301,0
13906,0,1301,0
13908,0,1296,0
13910,0,1286,0
13912,0,1279,0
13914,0,1274,0
13916,0,1275,0
13918,0,1279,0
13920,78866,1287,1
13922,0,1296,0
13924,0,1301,0
13926,0,1302,0
13928,0,1295,0
13930,0,1288,0
13932,0,1278,0
13934,0,1274,0
13936,0,1273,0
13938,0,1280,0
13940,0,1286,0
13942,0,1296,0
13944,0,1301,0
13946,0,1301,0
13948,0,1295,0
13950,0,1288,0
13952,0,1278,0
13954,0,1275,0
13956,0,1275,0
13958,0,1278,0
13960,79101,1288,1
13962,0,1295,0
13964,0,1301,0
13966,0,1302,0
13968,0,1296,0
13970,0,1286,0
13972,0,1278,0
13974,0,1274,0
13976,0,1272,0
13978,0,1280,0
13980,0,1288,0
13982,0,1295,0
13984,0,1301,0
13986,0,1299,0
13988,0,1294,0
13990,0,1287,0
13992,0,1278,0
13994,0,1273,0
13996,0,1273,0
13998,0,1280,0
14000,79342,1287,1
14002,0,1295,0
14004,0,1300,0
14006,0,1301,0
14008,0,1296,0
14010,0,1286,0
14012,0,1278,0
14014,0,1275,0
14016,0,1274,0
14018,0,1278,0
14020,0,1288,0
14022,0,1296,0
14024,0,1300,0
14026,0,1299,0
14028,0,1295,0
14030,0,1288,0
14032,0,1280,0
14034,0,1275,0
14036,0,1274,0
14038,0,1279,0
14040,79741,1287,1
14042,0,1294,0
14044,0,1300,0
14046,0,1299,0
14048,0,1295,0
14050,0,1286,0
14052,0,1278,0
14054,0,1275,0
14056,0,1272,0
14058,0,1278,0
14060,0,1287,0
14062,0,1294,0
14064,0,1301,0
14066,0,1300,0
14068,0,1296,0
14070,0,1288,0
14072,0,1280,0
14074,0,1275,0
14076,0,1274,0
14078,0,1280,0
14080,80197,1287,1
14082,0,1294,0
14084,0,1299,0
14086,0,1299,0
14088,0,1295,0
14090,0,1288,0
14092,0,1279,0
14094,0,1272,0
14096,0,1274,0
14098,0,1279,0
14100,0,1287,0
14102,0,1296,0
14104,0,1299,0
14106,0,1300,0
14108,0,1294,0
14110,0,1287,0
14112,0,1278,0
14114,0,1275,0
14116,0,1272,0
14118,0,1280,0
14120,80578,1286,1
14122,0,1295,0
14124,0,1301,0
14126,0,1299,0
14128,0,1295,0
14130,0,1286,0
14132,0,1278,0
14134,0,1273,0
14136,0,1274,0
14138,0,1280,0
14140,0,1286,0
14142,0,1295,0
14144,0,1301,0
14146,0,1300,0
14148,0,1294,0
14150,0,1288,0
14152,0,1279,0
14154,0,1272,0
14156,0,1273,0
14158,0,1278,0
14160,80947,1287,1
14162,0,1295,0
14164,0,1300,0
14166,0,1300,0
14168,0,1296,0
14170,0,1287,0
14172,0,1279,0
14174,0,1272,0
14176,0,1273,0
14178,0,1279,0
14180,0,1287,0
14182,0,1296,0
14184,0,1301,0
14186,0,1300,0
14188,0,1296,0
14190,0,1287,0
14192,0,1279,0
14194,0,1274,0
14196,0,1272,0
14198,0,1278,0
14200,81112,1286,1
14202,0,1295,0
14204,0,1299,0
14206,0,1299,0
14208,0,1295,0
14210,0,1288,0
14212,0,1279,0
14214,0,1274,0
14216,0,1273,0
14218,0,1277,0
14220,0,1287,0
14222,0,1296,0
14224,0,1299,0
14226,0,1299,0
14228,0,1296,0
14230,0,1288,0
14232,0,1279,0
14234,0,1275,0
14236,0,1274,0
14238,0,1279,0
14240,81035,1287,1
14242,0,1295,0
14244,0,1299,0
14246,0,1301,0
14248,0,1295,0
14250,0,1287,0
14252,0,1278,0
14254,0,1273,0
14256,0,1272,0
14258,0,1277,0
14260,0,1287,0
14262,0,1295,0
14264,0,1299,0
14266,0,1299,0
14268,0,1294,0
14270,0,1288,0
14272,0,1280,0
14274,0,1275,0
14276,0,1275,0
14278,0,1279,0
14280,80957,1287,1
14282,0,1293,0
14284,0,1301,0
14286,0,1300,0
14288,0,1295,0
14290,0,1288,0
14292,0,1277,0
14294,0,1273,0
14296,0,1274,0
14298,0,1279,0
14300,0,1286,0
14302,0,1295,0
14304,0,1300,0
14306,0,1299,0
14308,0,1295,0
14310,0,1287,0
14312,0,1279,0
14314,0,1274,0
14316,0,1273,0
14318,0,1278,0
14320,80770,1287,1
14322,0,1295,0
14324,0,1301,0
14326,0,1298,0
14328,0,1296,0
14330,0,1286,0
14332,0,1278,0
14334,0,1275,0
14336,0,1274,0
14338,0,1278,0
14340,0,1287,0
14342,0,1296,0
14344,0,1300,0
14346,0,1299,0
14348,0,1295,0
14350,0,1286,0
14352,0,1279,0
14354,0,1274,0
14356,0,1275,0
14358,0,1278,0
14360,80506,1287,1
14362,0,1295,0
14364,0,1300,0
14366,0,1300,0
14368,0,1295,0
14370,0,1286,0
14372,0,1278,0
14374,0,1272,0
14376,0,1275,0
14378,0,1279,0
14380,0,1285,0
14382,0,1295,0
14384,0,1301,0
14386,0,1301,0
14388,0,1295,0
14390,0,1285,0
14392,0,1277,0
14394,0,1273,0
14396,0,1273,0
14398,0,1279,0
14400,80362,1285,1
14402,0,1296,0
14404,0,1301,0
14406,0,1301,0
14408,0,1293,0
14410,0,1287,0
14412,0,1277,0
14414,0,1272,0
14416,0,1274,0
14418,0,1278,0
14420,0,1287,0
14422,0,1293,0
14424,0,1301,0
14426,0,1300,0
14428,0,1294,0
14430,0,1287,0
14432,0,1277,0
14434,0,1273,0
14436,0,1272,0
14438,0,1278,0
14440,80221,1285,1
14442,0,1296,0
14444,0,1299,0
14446,0,1300,0
14448,0,1293,0
14450,0,1287,0
14452,0,1278,0
14454,0,1274,0
14456,0,1273,0
14458,0,1277,0
14460,0,1287,0
14462,0,1295,0
14464,0,1301,0
14466,0,1301,0
14468,0,1294,0
14470,0,1286,0
14472,0,1277,0
14474,0,1274,0
14476,0,1272,0
14478,0,1278,0
14480,80064,1286,1
14482,0,1295,0
14484,0,1300,0
14486,0,1301,0
14488,0,1294,0
14490,0,1288,0
14492,0,1280,0
14494,0,1272,0
14496,0,1272,0
14498,0,1277,0
14500,0,1287,0
14502,0,1295,0
14504,0,1301,0
14506,0,1300,0
14508,0,1294,0
14510,0,1286,0
14512,0,1279,0
14514,0,1274,0
14516,0,1272,0
14518,0,1278,0
14520,80038,1286,1
14522,0,1294,0
14524,0,1301,0
14526,0,1299,0
14528,0,1293,0
14530,0,1286,0
14532,0,1278,0
14534,0,1274,0
14536,0,1274,0
14538,0,1277,0
14540,0,1287,0
14542,0,1294,0
14544,0,1298,0
14546,0,1301,0
14548,0,1294,0
14550,0,1286,0
14552,0,1278,0
14554,0,1273,0
14556,0,1275,0
14558,0,1278,0
14560,79910,1287,1
14562,0,1295,0
14564,0,1300,0
14566,0,1299,0
14568,0,1295,0
14570,0,1288,0
14572,0,1277,0
14574,0,1273,0
14576,0,1272,0
14578,0,1277,0
14580,0,1286,0
14582,0,1295,0
14584,0,1300,0
14586,0,1299,0
14588,0,1295,0
14590,0,1287,0
14592,0,1277,0
14594,0,1274,0
14596,0,1273,0
14598,0,1278,0
14600,79882,1285,1
14602,0,1294,0
14604,0,1300,0
14606,0,1299,0
14608,0,1295,0
14610,0,1285,0
14612,0,1277,0
14614,0,1272,0
14616,0,1272,0
14618,0,1277,0
14620,0,1285,0
14622,0,1293,0
14624,0,1298,0
14626,0,1299,0
14628,0,1296,0
14630,0,1287,0
14632,0,1277,0
14634,0,1272,0
14636,0,1274,0
14638,0,1279,0
14640,79721,1287,1
14642,0,1294,0
14644,0,1300,0
14646,0,1301,0
14648,0,1294,0
14650,0,1285,0
14652,0,1278,0
14654,0,1273,0
14656,0,1273,0
14658,0,1279,0
14660,0,1286,0
14662,0,1296,0
14664,0,1301,0
14666,0,1300,0
14668,0,1295,0
14670,0,1285,0
14672,0,1280,0
14674,0,1273,0
14676,0,1272,0
14678,0,1279,0
14680,79568,1288,1
14682,0,1295,0
14684,0,1301,0
14686,0,1299,0
14688,0,1293,0
14690,0,1286,0
14692,0,1279,0
14694,0,1274,0
14696,0,1272,0
14698,0,1279,0
14700,0,1285,0
14702,0,1296,0
14704,0,1299,0
14706,0,1299,0
14708,0,1295,0
14710,0,1286,0
14712,0,1279,0
14714,0,1272,0
14716,0,1273,0
14718,0,1279,0
14720,79370,1286,1
14722,0,1293,0
14724,0,1300,0
14726,0,1298,0
14728,0,1296,0
14730,0,1285,0
14732,0,1279,0
14734,0,1274,0
14736,0,1273,0
14738,0,1279,0
14740,0,1287,0
14742,0,1295,0
14744,0,1300,0
14746,0,1300,0
14748,0,1293,0
14750,0,1288,0
14752,0,1277,0
14754,0,1273,0
14756,0,1272,0
14758,0,1277,0
14760,79167,1286,1
14762,0,1295,0
14764,0,1299,0
14766,0,1301,0
14768,0,1293,0
14770,0,1286,0
14772,0,1277,0
14774,0,1274,0
14776,0,1273,0
14778,0,1279,0
14780,0,1285,0
14782,0,1294,0
14784,0,1298,0
14786,0,1299,0
14788,0,1294,0
14790,0,1287,0
14792,0,1279,0
14794,0,1272,0
14796,0,1272,0
14798,0,1278,0
14800,79000,1285,1
14802,0,1294,0
14804,0,1300,0
14806,0,1300,0
14808,0,1295,0
14810,0,1287,0
14812,0,1278,0
14814,0,1274,0
14816,0,1272,0
14818,0,1278,0
14820,0,1287,0
14822,0,1293,0
14824,0,1299,0
14826,0,1301,0
14828,0,1294,0
14830,0,1286,0
14832,0,1278,0
14834,0,1273,0
14836,0,1274,0
14838,0,1279,0
14840,78883,1288,1
14842,0,1294,0
14844,0,1299,0
14846,0,1299,0
14848,0,1293,0
14850,0,1287,0
14852,0,1279,0
14854,0,1271,0
14856,0,1273,0
14858,0,1278,0
14860,0,1287,0
14862,0,1294,0
14864,0,1301,0
14866,0,1299,0
14868,0,1294,0
14870,0,1286,0
14872,0,1279,0
14874,0,1272,0
14876,0,1273,0
14878,0,1279,0
14880,79049,1285,1
14882,0,1294,0
14884,0,1299,0
14886,0,1299,0
14888,0,1296,0
14890,0,1286,0
14892,0,1279,0
14894,0,1272,0
14896,0,1274,0
14898,0,1278,0
14900,0,1287,0
14902,0,1294,0
14904,0,1298,0
14906,0,1300,0
14908,0,1294,0
14910,0,1285,0
14912,0,1278,0
14914,0,1271,0
14916,0,1272,0
14918,0,1279,0
14920,79228,1287,1
14922,0,1293,0
14924,0,1300,0
14926,0,1300,0
14928,0,1293,0
14930,0,1287,0
14932,0,1276,0
14934,0,1272,0
14936,0,1272,0
14938,0,1276,0
14940,0,1286,0
14942,0,1294,0
14944,0,1299,0
14946,0,1300,0
14948,0,1293,0
14950,0,1285,0
14952,0,1279,0
14954,0,1273,0
14956,0,1271,0
14958,0,1278,0
14960,79587,1286,1
14962,0,1296,0
14964,0,1299,0
14966,0,1300,0
14968,0,1296,0
14970,0,1287,0
14972,0,1277,0
14974,0,1273,0
14976,0,1273,0
14978,0,1277,0
14980,0,1285,0
14982,0,1294,0
14984,0,1298,0
14986,0,1301,0
14988,0,1294,0
14990,0,1285,0
14992,0,1277,0
14994,0,1273,0
14996,0,1273,0
14998,0,1279,0
15000,79970,1286,1
15002,0,1295,0
15004,0,1299,0
15006,0,1300,0
15008,0,1293,0
15010,0,1287,0
15012,0,1279,0
15014,0,1274,0
15016,0,1274,0
15018,0,1277,0
15020,0,1287,0
15022,0,1295,0
15024,0,1298,0
15026,0,1300,0
15028,0,1295,0
15030,0,1287,0
15032,0,1278,0
15034,0,1272,0
15036,0,1273,0
15038,0,1279,0
15040,80461,1287,1
15042,0,1295,0
15044,0,1300,0
15046,0,1299,0
15048,0,1296,0
15050,0,1286,0
15052,0,1277,0
15054,0,1272,0
15056,0,1274,0
15058,0,1277,0
15060,0,1287,0
15062,0,1293,0
15064,0,1299,0
15066,0,1300,0
15068,0,1295,0
15070,0,1285,0
15072,0,1276,0
15074,0,1273,0
15076,0,1272,0
15078,0,1278,0
15080,80783,1285,1
15082,0,1294,0
15084,0,1300,0
15086,0,1300,0
15088,0,1294,0
15090,0,1286,0
15092,0,1277,0
15094,0,1273,0
15096,0,1273,0
15098,0,1278,0
15100,0,1285,0
15102,0,1294,0
15104,0,1300,0
15106,0,1298,0
15108,0,1293,0
15110,0,1285,0
15112,0,1278,0
15114,0,1272,0
15116,0,1273,0
15118,0,1278,0
15120,81067,1285,1
15122,0,1295,0
15124,0,1299,0
15126,0,1298,0
15128,0,1293,0
15130,0,1286,0
15132,0,1278,0
15134,0,1274,0
15136,0,1271,0
15138,0,1276,0
15140,0,1285,0
15142,0,1293,0
15144,0,1301,0
15146,0,1301,0
15148,0,1295,0
15150,0,1284,0
15152,0,1277,0
15154,0,1273,0
15156,0,1272,0
15158,0,1278,0
15160,81087,1285,1
15162,0,1293,0
15164,0,1300,0
15166,0,1300,0
15168,0,1295,0
15170,0,1287,0
15172,0,1277,0
15174,0,1274,0
15176,0,1274,0
15178,0,1279,0
15180,0,1286,0
15182,0,1293,0
15184,0,1299,0
15186,0,1300,0
15188,0,1295,0
15190,0,1287,0
15192,0,1278,0
15194,0,1272,0
15196,0,1273,0
15198,0,1278,0
15200,80984,1285,1
15202,0,1295,0
15204,0,1300,0
15206,0,1300,0
15208,0,1294,0
15210,0,1286,0
15212,0,1278,0
15214,0,1272,0
15216,0,1274,0
15218,0,1277,0
15220,0,1285,0
15222,0,1295,0
15224,0,1298,0
15226,0,1298,0
15228,0,1295,0
15230,0,1285,0
15232,0,1278,0
15234,0,1273,0
15236,0,1273,0
15238,0,1278,0
15240,80812,1286,1
15242,0,1294,0
15244,0,1300,0
15246,0,1298,0
15248,0,1295,0
15250,0,1286,0
15252,0,1278,0
15254,0,1273,0
15256,0,1272,0
15258,0,1278,0
15260,0,1286,0
15262,0,1294,0
15264,0,1298,0
15266,0,1299,0
15268,0,1293,0
15270,0,1286,0
15272,0,1277,0
15274,0,1272,0
15276,0,1271,0
15278,0,1277,0
15280,80610,1287,1
15282,0,1294,0
15284,0,1300,0
15286,0,1298,0
15288,0,1293,0
15290,0,1286,0
15292,0,1277,0
15294,0,1273,0
15296,0,1271,0
15298,0,1279,0
15300,0,1286,0
15302,0,1293,0
15304,0,1299,0
15306,0,1298,0
15308,0,1293,0
15310,0,1285,0
15312,0,1278,0
15314,0,1273,0
15316,0,1272,0
15318,0,1279,0
15320,80440,1286,1
15322,0,1293,0
15324,0,1298,0
15326,0,1298,0
15328,0,1295,0
15330,0,1285,0
15332,0,1279,0
15334,0,1271,0
15336,0,1273,0
15338,0,1277,0
15340,0,1285,0
15342,0,1294,0
15344,0,1299,0
15346,0,1300,0
15348,0,1294,0
15350,0,1286,0
15352,0,1277,0
15354,0,1273,0
15356,0,1272,0
15358,0,1276,0
15360,80276,1286,1
15362,0,1293,0
15364,0,1300,0
15366,0,1298,0
15368,0,1294,0
15370,0,1285,0
15372,0,1278,0
15374,0,1273,0
15376,0,1272,0
15378,0,1278,0
15380,0,1287,0
15382,0,1295,0
15384,0,1299,0
15386,0,1298,0
15388,0,1295,0
15390,0,1286,0
15392,0,1276,0
15394,0,1271,0
15396,0,1273,0
15398,0,1278,0
15400,80071,1286,1
15402,0,1293,0
15404,0,1299,0
15406,0,1298,0
15408,0,1293,0
15410,0,1285,0
15412,0,1278,0
15414,0,1273,0
15416,0,1273,0
15418,0,1278,0
15420,0,1284,0
15422,0,1294,0
15424,0,1299,0
15426,0,1300,0
15428,0,1295,0
15430,0,1287,0
15432,0,1278,0
15434,0,1272,0
15436,0,1273,0
15438,0,1276,0
15440,80018,1287,1
15442,0,1295,0
15444,0,1299,0
15446,0,1298,0
15448,0,1294,0
15450,0,1285,0
15452,0,1276,0
15454,0,1274,0
15456,0,1272,0
15458,0,1276,0
15460,0,1287,0
15462,0,1293,0
15464,0,1298,0
15466,0,1298,0
15468,0,1294,0
15470,0,1285,0
15472,0,1277,0
15474,0,1272,0
15476,0,1273,0
15478,0,1278,0
15480,79971,1284,1
15482,0,1294,0
15484,0,1299,0
15486,0,1298,0
15488,0,1293,0
15490,0,1286,0
15492,0,1277,0
15494,0,1272,0
15496,0,1273,0
15498,0,1277,0
15500,0,1286,0
15502,0,1295,0
15504,0,1298,0
15506,0,1297,0
15508,0,1293,0
15510,0,1286,0
15512,0,1276,0
15514,0,1273,0
15516,0,1272,0
15518,0,1277,0
15520,79914,1287,1
15522,0,1293,0
15524,0,1298,0
15526,0,1300,0
15528,0,1293,0
15530,0,1284,0
15532,0,1278,0
15534,0,1271,0
15536,0,1273,0
15538,0,1279,0
15540,0,1284,0
15542,0,1295,0
15544,0,1298,0
15546,0,1300,0
15548,0,1293,0
15550,0,1286,0
15552,0,1278,0
15554,0,1271,0
15556,0,1272,0
15558,0,1277,0
15560,79780,1285,1
15562,0,1292,0
15564,0,1297,0
15566,0,1300,0
15568,0,1294,0
15570,0,1285,0
15572,0,1278,0
15574,0,1273,0
15576,0,1274,0
15578,0,1278,0
15580,0,1287,0
15582,0,1295,0
15584,0,1298,0
15586,0,1298,0
15588,0,1295,0
15590,0,1286,0
15592,0,1278,0
15594,0,1273,0
15596,0,1274,0
15598,0,1277,0
15600,79625,1285,1
15602,0,1294,0
15604,0,1297,0
15606,0,1300,0
15608,0,1295,0
15610,0,1286,0
15612,0,1277,0
15614,0,1274,0
15616,0,1272,0
15618,0,1276,0
15620,0,1284,0
15622,0,1293,0
15624,0,1299,0
15626,0,1299,0
15628,0,1295,0
15630,0,1287,0
15632,0,1278,0
15634,0,1274,0
15636,0,1272,0
15638,0,1276,0
15640,79500,1285,1
15642,0,1294,0
15644,0,1300,0
15646,0,1299,0
15648,0,1294,0
15650,0,1285,0
15652,0,1277,0
15654,0,1271,0
15656,0,1272,0
15658,0,1276,0
15660,0,1285,0
15662,0,1294,0
15664,0,1299,0
15666,0,1299,0
15668,0,1295,0
15670,0,1284,0
15672,0,1277,0
15674,0,1271,0
15676,0,1273,0
15678,0,1277,0
15680,79278,1284,1
15682,0,1294,0
15684,0,1299,0
15686,0,1299,0
15688,0,1295,0
15690,0,1286,0
15692,0,1278,0
15694,0,1271,0
15696,0,1271,0
15698,0,1278,0
15700,0,1285,0
15702,0,1295,0
15704,0,1300,0
15706,0,1298,0
15708,0,1293,0
15710,0,1286,0
15712,0,1278,0
15714,0,1272,0
15716,0,1273,0
15718,0,1278,0
15720,79065,1286,1
15722,0,1293,0
15724,0,1300,0
15726,0,1299,0
15728,0,1293,0
15730,0,1286,0
15732,0,1278,0
15734,0,1273,0
15736,0,1273,0
15738,0,1276,0
15740,0,1285,0
15742,0,1294,0
15744,0,1298,0
15746,0,1297,0
15748,0,1294,0
15750,0,1286,0
15752,0,1277,0
15754,0,1271,0
15756,0,1272,0
15758,0,1278,0
15760,78943,1286,1
15762,0,1294,0
15764,0,1298,0
15766,0,1299,0
15768,0,1295,0
15770,0,1287,0
15772,0,1276,0
15774,0,1273,0
15776,0,1271,0
15778,0,1277,0
15780,0,1287,0
15782,0,1294,0
15784,0,1297,0
15786,0,1298,0
15788,0,1293,0
15790,0,1285,0
15792,0,1278,0
15794,0,1273,0
15796,0,1271,0
15798,0,1277,0
15800,78917,1284,1
15802,0,1294,0
15804,0,1298,0
15806,0,1298,0
15808,0,1294,0
15810,0,1285,0
15812,0,1276,0
15814,0,1272,0
15816,0,1273,0
15818,0,1276,0
15820,0,1286,0
15822,0,1294,0
15824,0,1300,0
15826,0,1299,0
15828,0,1295,0
15830,0,1286,0
15832,0,1278,0
15834,0,1272,0
15836,0,1273,0
15838,0,1279,0
15840,79074,1285,1
15842,0,1295,0
15844,0,1297,0
15846,0,1298,0
15848,0,1293,0
15850,0,1284,0
15852,0,1277,0
15854,0,1273,0
15856,0,1272,0
15858,0,1278,0
15860,0,1285,0
15862,0,1295,0
15864,0,1298,0
15866,0,1298,0
15868,0,1293,0
15870,0,1284,0
15872,0,1277,0
15874,0,1272,0
15876,0,1271,0
15878,0,1277,0
15880,79389,1285,1
15882,0,1295,0
15884,0,1299,0
15886,0,1300,0
15888,0,1294,0
15890,0,1287,0
15892,0,1276,0
15894,0,1273,0
15896,0,1272,0
15898,0,1278,0
15900,0,1285,0
15902,0,1295,0
15904,0,1299,0
15906,0,1299,0
15908,0,1294,0
15910,0,1286,0
15912,0,1277,0
15914,0,1271,0
15916,0,1272,0
15918,0,1276,0
15920,79753,1285,1
15922,0,1294,0
15924,0,1298,0
15926,0,1299,0
15928,0,1292,0
15930,0,1286,0
15932,0,1276,0
15934,0,1271,0
15936,0,1273,0
15938,0,1277,0
15940,0,1284,0
15942,0,1294,0
15944,0,1298,0
15946,0,1299,0
15948,0,1294,0
15950,0,1285,0
15952,0,1277,0
15954,0,1272,0
15956,0,1273,0
15958,0,1277,0
15960,80269,1285,1
15962,0,1295,0
15964,0,1300,0
15966,0,1299,0
15968,0,1293,0
15970,0,1284,0
15972,0,1276,0
15974,0,1272,0
15976,0,1273,0
15978,0,1276,0
15980,0,1284,0
15982,0,1294,0
15984,0,1299,0
15986,0,1300,0
15988,0,1293,0
15990,0,1287,0
15992,0,1276,0
15994,0,1273,0
15996,0,1271,0
15998,0,1277,0
16000,80606,1284,1
16001,0,1293,0
16004,0,1297,0
16006,0,1298,0
16008,0,1294,0
16010,0,1286,0
16012,0,1277,0
16014,0,1272,0
16015,0,1271,0
16018,0,1278,0
16020,0,1284,0
16021,0,1293,0
16024,0,1297,0
16026,0,1298,0
16027,0,1294,0
16030,0,1284,0
16032,0,1277,0
16033,0,1272,0
16036,0,1271,0
16038,0,1278,0
16040,80938,1285,1
16042,0,1292,0
16044,0,1297,0
16046,0,1299,0
16047,0,1293,0
16050,0,1286,0
16052,0,1278,0
16053,0,1272,0
16056,0,1271,0
16058,0,1276,0
16059,0,1286,0
16062,0,1295,0
16064,0,1298,0
16065,0,1297,0
16068,0,1293,0
16070,0,1286,0
16072,0,1276,0
16074,0,1273,0
16076,0,1273,0
16078,0,1277,0
16079,81075,1284,1
16082,0,1294,0
16084,0,1297,0
16085,0,1299,0
16088,0,1295,0
16090,0,1284,0
16091,0,1276,0
16094,0,1273,0
16096,0,1271,0
16097,0,1278,0
16100,0,1285,0
16102,0,1294,0
16104,0,1297,0
16106,0,1299,0
16108,0,1294,0
16110,0,1286,0
16111,0,1277,0
16114,0,1272,0
16116,0,1272,0
16117,0,1278,0
16120,81044,1286,1
16122,0,1294,0
16123,0,1297,0
16126,0,1299,0
16128,0,1292,0
16129,0,1284,0
16132,0,1276,0
16134,0,1271,0
16136,0,1271,0
16138,0,1277,0
16140,0,1284,0
16142,0,1292,0
16143,0,1298,0
16146,0,1297,0
16148,0,1294,0
16149,0,1285,0
16152,0,1277,0
16154,0,1272,0
16155,0,1273,0
16158,0,1277,0
16160,80990,1285,1
16161,0,1293,0
16164,0,1298,0
16166,0,1299,0
16168,0,1293,0
16170,0,1284,0
16172,0,1276,0
16174,0,1271,0
16175,0,1273,0
16178,0,1277,0
16180,0,1286,0
16181,0,1292,0
16184,0,1300,0
16186,0,1299,0
16187,0,1293,0
16190,0,1284,0
16192,0,1276,0
16193,0,1273,0
16196,0,1270,0
16198,0,1277,0
16200,80733,1285,1
16202,0,1292,0
16204,0,1297,0
16206,0,1298,0
16207,0,1292,0
16210,0,1284,0
16212,0,1278,0
16213,0,1272,0
16216,0,1272,0
16218,0,1276,0
16219,0,1285,0
16222,0,1292,0
16224,0,1299,0
16226,0,1299,0
16228,0,1293,0
16230,0,1285,0
16232,0,1278,0
16234,0,1271,0
16236,0,1272,0
16238,0,1275,0
16239,80482,1286,1
16242,0,1293,0
16244,0,1297,0
16245,0,1299,0
16248,0,1294,0
16250,0,1285,0
16251,0,1277,0
16254,0,1270,0
16256,0,1271,0
16258,0,1277,0
16260,0,1285,0
16262,0,1293,0
16264,0,1298,0
16265,0,1298,0
16268,0,1293,0
16270,0,1284,0
16271,0,1276,0
16274,0,1270,0
16276,0,1272,0
16277,0,1275,0
16280,80289,1285,1
16282,0,1293,0
16283,0,1297,0
16286,0,1298,0
16288,0,1294,0
16290,0,1286,0
16292,0,1276,0
16294,0,1272,0
16296,0,1271,0
16297,0,1277,0
16300,0,1284,0
16302,0,1294,0
16303,0,1298,0
16306,0,1299,0
16308,0,1293,0
16309,0,1284,0
16312,0,1276,0
16314,0,1272,0
16315,0,1271,0
16318,0,1278,0
16320,80159,1283,1
16322,0,1292,0
16324,0,1298,0
16326,0,1299,0
16328,0,1292,0
16329,0,1285,0
16332,0,1275,0
16334,0,1273,0
16335,0,1271,0
16338,0,1277,0
16340,0,1285,0
16341,0,1292,0
16344,0,1298,0
16346,0,1298,0
16347,0,1294,0
16350,0,1286,0
16352,0,1276,0
16354,0,1272,0
16356,0,1270,0
16358,0,1276,0
16360,80022,1284,1
16361,0,1292,0
16364,0,1298,0
16366,0,1297,0
16367,0,1293,0
16370,0,1286,0
16372,0,1277,0
16373,0,1270,0
16376,0,1272,0
16378,0,1277,0
16379,0,1286,0
16382,0,1293,0
16384,0,1297,0
16386,0,1300,0
16388,0,1293,0
16390,0,1286,0
16392,0,1275,0
16394,0,1271,0
16396,0,1270,0
16398,0,1275,0
16400,80027,1283,1
16402,0,1294,0
16404,0,1298,0
16406,0,1299,0
16408,0,1294,0
16410,0,1285,0
16412,0,1277,0
16414,0,1270,0
16416,0,1271,0
16418,0,1276,0
16420,0,1284,0
16422,0,1292,0
16424,0,1298,0
16426,0,1298,0
16428,0,1294,0
16430,0,1283,0
16432,0,1277,0
16434,0,1272,0
16436,0,1272,0
16438,0,1277,0
16440,79989,1284,1
16442,0,1292,0
16444,0,1299,0
16446,0,1297,0
16448,0,1292,0
16450,0,1285,0
16452,0,1277,0
16454,0,1271,0
16456,0,1273,0
16458,0,1275,0
16460,0,1285,0
16462,0,1292,0
16464,0,1297,0
16466,0,1298,0
16468,0,1293,0
16470,0,1286,0
16472,0,1276,0
16474,0,1272,0
16476,0,1270,0
16478,0,1277,0
16480,79905,1284,1
16482,0,1292,0
16484,0,1298,0
16486,0,1297,0
16488,0,1293,0
16490,0,1285,0
16492,0,1276,0
16494,0,1271,0
16496,0,1272,0
16498,0,1277,0
16500,0,1283,0
16502,0,1292,0
16504,0,1298,0
16506,0,1298,0
16508,0,1293,0
16510,0,1283,0
16512,0,1277,0
16514,0,1271,0
16516,0,1272,0
16518,0,1277,0
16520,79731,1284,1
16522,0,1293,0
16524,0,1297,0
16526,0,1299,0
16528,0,1292,0
16530,0,1284,0
16532,0,1276,0
16534,0,1270,0
16536,0,1270,0
16538,0,1276,0
16540,0,1284,0
16542,0,1293,0
16544,0,1297,0
16546,0,1299,0
16548,0,1293,0
16550,0,1286,0
16552,0,1278,0
16554,0,1272,0
16556,0,1271,0
16558,0,1276,0
16560,79591,1286,1
16562,0,1292,0
16564,0,1297,0
16566,0,1298,0
16568,0,1291,0
16570,0,1285,0
16572,0,1276,0
16574,0,1272,0
16576,0,1272,0
16578,0,1277,0
16580,0,1284,0
16582,0,1292,0
16584,0,1299,0
16586,0,1299,0
16588,0,1294,0
16590,0,1285,0
16592,0,1275,0
16594,0,1272,0
16596,0,1270,0
16598,0,1276,0
16600,79266,1285,1
16602,0,1292,0
16604,0,1298,0
16606,0,1297,0
16608,0,1294,0
16610,0,1283,0
16612,0,1277,0
16614,0,1270,0
16616,0,1271,0
16618,0,1276,0
16620,0,1284,0
16622,0,1294,0
16624,0,1297,0
16626,0,1297,0
16628,0,1292,0
16630,0,1285,0
16632,0,1276,0
16634,0,1270,0
16636,0,1272,0
16638,0,1277,0
16640,79067,1285,1
16642,0,1292,0
16644,0,1297,0
16646,0,1298,0
16648,0,1292,0
16650,0,1286,0
16652,0,1277,0
16654,0,1271,0
16656,0,1271,0
16658,0,1275,0
16660,0,1284,0
16662,0,1293,0
16664,0,1299,0
16666,0,1297,0
16668,0,1293,0
16670,0,1286,0
16672,0,1277,0
16674,0,1273,0
16676,0,1271,0
16678,0,1275,0
16680,78998,1285,1
16682,0,1293,0
16684,0,1299,0
16686,0,1297,0
16688,0,1292,0
16690,0,1286,0
16692,0,1277,0
16694,0,1271,0
16696,0,1271,0
16698,0,1277,0
16700,0,1284,0
16702,0,1293,0
16704,0,1298,0
16706,0,1299,0
16708,0,1292,0
16710,0,1286,0
16712,0,1275,0
16714,0,1270,0
16716,0,1272,0
16718,0,1277,0
16720,78958,1285,1
16722,0,1294,0
16724,0,1298,0
16726,0,1297,0
16728,0,1293,0
16730,0,1283,0
16732,0,1277,0
16734,0,1272,0
16736,0,1270,0
16738,0,1275,0
16740,0,1284,0
16742,0,1293,0
16744,0,1299,0
16746,0,1297,0
16748,0,1293,0
16750,0,1284,0
16752,0,1277,0
16754,0,1272,0
16756,0,1272,0
16758,0,1275,0
16760,79042,1286,1
16762,0,1293,0
16764,0,1298,0
16766,0,1297,0
16768,0,1292,0
16770,0,1284,0
16772,0,1275,0
16774,0,1272,0
16776,0,1272,0
16778,0,1275,0
16780,0,1285,0
16782,0,1294,0
16784,0,1298,0
16786,0,1296,0
16788,0,1293,0
16790,0,1285,0
16792,0,1278,0
16794,0,1271,0
16796,0,1270,0
16798,0,1277,0
16800,79224,1286,1
16802,0,1293,0
16804,0,1299,0
16806,0,1297,0
16808,0,1293,0
16810,0,1285,0
16812,0,1276,0
16814,0,1271,0
16816,0,1271,0
16818,0,1276,0
16820,0,1285,0
16822,0,1292,0
16824,0,1299,0
16826,0,1296,0
16828,0,1292,0
16830,0,1286,0
16832,0,1276,0
16834,0,1272,0
16836,0,1272,0
16838,0,1278,0
16840,79602,1285,1
16842,0,1293,0
16844,0,1299,0
16846,0,1299,0
16848,0,1292,0
16850,0,1285,0
16852,0,1276,0
16854,0,1271,0
16856,0,1272,0
16858,0,1275,0
16860,0,1285,0
16862,0,1292,0
16864,0,1298,0
16866,0,1298,0
16868,0,1291,0
16870,0,1285,0
16872,0,1276,0
16874,0,1271,0
16876,0,1272,0
16878,0,1277,0
16880,80055,1284,1
16882,0,1293,0
16884,0,1297,0
16886,0,1299,0
16888,0,1291,0
16890,0,1283,0
16892,0,1277,0
16894,0,1270,0
16896,0,1272,0
16898,0,1276,0
16900,0,1283,0
16902,0,1293,0
16904,0,1297,0
16906,0,1298,0
16908,0,1292,0
16910,0,1283,0
16912,0,1275,0
16914,0,1270,0
16916,0,1270,0
16918,0,1277,0
16920,80414,1284,1
16922,0,1291,0
16924,0,1299,0
16926,0,1298,0
16928,0,1293,0
16930,0,1285,0
16932,0,1275,0
16934,0,1271,0
16936,0,1270,0
16938,0,1275,0
16940,0,1285,0
16942,0,1293,0
16944,0,1297,0
16946,0,1298,0
16948,0,1293,0
16950,0,1285,0
16952,0,1275,0
16954,0,1271,0
16956,0,1271,0
16958,0,1277,0
16960,80807,1283,1
16962,0,1294,0
16964,0,1298,0
16966,0,1298,0
16968,0,1293,0
16970,0,1284,0
16972,0,1277,0
16974,0,1272,0
16976,0,1272,0
16978,0,1277,0
16980,0,1285,0
16982,0,1292,0
16984,0,1299,0
16986,0,1297,0
16988,0,1294,0
16990,0,1284,0
16992,0,1276,0
16994,0,1271,0
16996,0,1272,0
16998,0,1275,0
17000,81066,1283,1
17002,0,1293,0
17004,0,1299,0
17006,0,1296,0
17008,0,1294,0
17010,0,1284,0
17012,0,1275,0
17014,0,1272,0
17016,0,1271,0
17018,0,1277,0
17020,0,1284,0
17022,0,1292,0
17024,0,1296,0
17026,0,1297,0
17028,0,1293,0
17030,0,1284,0
17032,0,1275,0
17034,0,1271,0
17036,0,1271,0
17038,0,1277,0
17040,81140,1283,1
17042,0,1293,0
17044,0,1298,0
17046,0,1297,0
17048,0,1294,0
17050,0,1284,0
17052,0,1277,0
17054,0,1270,0
17056,0,1272,0
17058,0,1275,0
17060,0,1286,0
17062,0,1293,0
17064,0,1298,0
17066,0,1296,0
17068,0,1292,0
17070,0,1283,0
17072,0,1277,0
17074,0,1270,0
17076,0,1271,0
17078,0,1277,0
17080,81054,1283,1
17082,0,1292,0
17084,0,1298,0
17086,0,1296,0
17088,0,1293,0
17090,0,1283,0
17092,0,1275,0
17094,0,1271,0
17096,0,1271,0
17098,0,1276,0
17100,0,1285,0
17102,0,1291,0
17104,0,1298,0
17106,0,1299,0
17108,0,1293,0
17110,0,1283,0
17112,0,1277,0
17114,0,1270,0
17116,0,1270,0
17118,0,1275,0
17120,80797,1286,1
17122,0,1293,0
17124,0,1297,0
17126,0,1299,0
17128,0,1292,0
17130,0,1285,0
17132,0,1276,0
17134,0,1271,0
17136,0,1272,0
17138,0,1277,0
17140,0,1283,0
17142,0,1292,0
17144,0,1297,0
17146,0,1298,0
17148,0,1291,0
17150,0,1285,0
17152,0,1277,0
17154,0,1269,0
17156,0,1272,0
17158,0,1276,0
17160,80617,1283,1
17162,0,1294,0
17164,0,1296,0
17166,0,1297,0
17168,0,1293,0
17170,0,1283,0
17172,0,1276,0
17174,0,1269,0
17176,0,1270,0
17178,0,1276,0
17180,0,1285,0
17182,0,1293,0
17184,0,1297,0
17186,0,1298,0
17188,0,1294,0
17190,0,1286,0
17192,0,1277,0
17194,0,1270,0
17196,0,1271,0
17198,0,1276,0
17200,80457,1285,1
17202,0,1292,0
17204,0,1299,0
17206,0,1297,0
17208,0,1292,0
17210,0,1284,0
17212,0,1274,0
17214,0,1271,0
17216,0,1271,0
17218,0,1275,0
17220,0,1285,0
17222,0,1293,0
17224,0,1297,0
17226,0,1298,0
17228,0,1293,0
17230,0,1285,0
17232,0,1275,0
17234,0,1271,0
17236,0,1272,0
17238,0,1275,0
17240,80244,1283,1
17242,0,1292,0
17244,0,1297,0
17246,0,1298,0
17248,0,1292,0
17250,0,1284,0
17252,0,1276,0
17254,0,1270,0
17256,0,1272,0
17258,0,1276,0
17260,0,1284,0
17262,0,1292,0
17264,0,1296,0
17266,0,1297,0
17268,0,1292,0
17270,0,1283,0
17272,0,1275,0
17274,0,1271,0
17276,0,1272,0
17278,0,1276,0
17280,80117,1285,1
17282,0,1292,0
17284,0,1297,0
17286,0,1297,0
17288,0,1293,0
17290,0,1283,0
17292,0,1274,0
17294,0,1269,0
17296,0,1270,0
17298,0,1275,0
17300,0,1284,0
17302,0,1293,0
17304,0,1297,0
17306,0,1297,0
17308,0,1291,0
17310,0,1283,0
17312,0,1276,0
17314,0,1270,0
17316,0,1271,0
17318,0,1276,0
17320,79980,1283,1
17322,0,1291,0
17324,0,1298,0
17326,0,1298,0
17328,0,1292,0
17330,0,1284,0
17332,0,1277,0
17334,0,1272,0
17336,0,1270,0
17338,0,1276,0
17340,0,1283,0
17342,0,1291,0
17344,0,1299,0
17346,0,1296,0
17348,0,1291,0
17350,0,1284,0
17352,0,1275,0
17354,0,1270,0
17356,0,1270,0
17358,0,1277,0
17360,79985,1285,1
17362,0,1293,0
17364,0,1298,0
17366,0,1296,0
17368,0,1292,0
17370,0,1285,0
17372,0,1275,0
17374,0,1271,0
17376,0,1272,0
17378,0,1276,0
17380,0,1285,0
17382,0,1292,0
17384,0,1297,0
17386,0,1298,0
17388,0,1291,0
17390,0,1284,0
17392,0,1277,0
17394,0,1270,0
17396,0,1270,0
17398,0,1276,0
17400,79878,1284,1
17402,0,1292,0
17404,0,1297,0
17406,0,1297,0
17408,0,1292,0
17410,0,1285,0
17412,0,1276,0
17414,0,1270,0
17416,0,1269,0
17418,0,1275,0
17420,0,1284,0
17422,0,1291,0
17424,0,1298,0
17426,0,1298,0
17428,0,1293,0
17430,0,1282,0
17432,0,1276,0
17434,0,1272,0
17436,0,1271,0
17438,0,1276,0
17440,79809,1283,1
17442,0,1293,0
17444,0,1297,0
17446,0,1296,0
17448,0,1292,0
17450,0,1283,0
17452,0,1275,0
17454,0,1271,0
17456,0,1272,0
17458,0,1275,0
17460,0,1283,0
17462,0,1292,0
17464,0,1296,0
17466,0,1296,0
17468,0,1293,0
17470,0,1282,0
17472,0,1277,0
17474,0,1270,0
17476,0,1271,0
17478,0,1274,0
17480,79600,1285,1
17482,0,1291,0
17484,0,1296,0
17486,0,1297,0
17488,0,1291,0
17490,0,1283,0
17492,0,1276,0
17494,0,1269,0
17496,0,1269,0
17498,0,1276,0
17500,0,1282,0
17502,0,1291,0
17504,0,1297,0
17506,0,1298,0
17508,0,1293,0
17510,0,1282,0
17512,0,1275,0
17514,0,1270,0
17516,0,1270,0
17518,0,1275,0
17520,79397,1285,1
17522,0,1293,0
17524,0,1297,0
17526,0,1296,0
17528,0,1291,0
17530,0,1284,0
17532,0,1277,0
17534,0,1269,0
17536,0,1270,0
17538,0,1276,0
17540,0,1283,0
17542,0,1292,0
17544,0,1298,0
17546,0,1297,0
17548,0,1291,0
17550,0,1284,0
17552,0,1276,0
17554,0,1269,0
17556,0,1269,0
17558,0,1275,0
17560,79133,1283,1
17562,0,1292,0
17564,0,1298,0
17566,0,1296,0
17568,0,1293,0
17570,0,1285,0
17572,0,1276,0
17574,0,1271,0
17576,0,1270,0
17578,0,1275,0
17580,0,1282,0
17582,0,1293,0
17584,0,1297,0
17586,0,1296,0
17588,0,1291,0
17590,0,1285,0
17592,0,1274,0
17594,0,1270,0
17596,0,1271,0
17598,0,1276,0
17600,78971,1283,1
17602,0,1291,0
17604,0,1297,0
17606,0,1297,0
17608,0,1291,0
17610,0,1284,0
17612,0,1275,0
17614,0,1270,0
17616,0,1271,0
17618,0,1275,0
17620,0,1285,0
17622,0,1291,0
17624,0,1297,0
17626,0,1296,0
17628,0,1292,0
17630,0,1282,0
17632,0,1274,0
17634,0,1269,0
17636,0,1272,0
17638,0,1276,0
17640,78880,1283,1
17642,0,1291,0
17644,0,1297,0
17646,0,1297,0
17648,0,1293,0
17650,0,1283,0
17652,0,1276,0
17654,0,1270,0
17656,0,1269,0
17658,0,1275,0
17660,0,1283,0
17662,0,1291,0
17664,0,1298,0
17666,0,1296,0
17668,0,1291,0
17670,0,1285,0
17672,0,1277,0
17674,0,1271,0
17676,0,1270,0
17678,0,1275,0
17680,78928,1284,1
17682,0,1292,0
17684,0,1296,0
17686,0,1298,0
17688,0,1292,0
17690,0,1284,0
17692,0,1276,0
17694,0,1270,0
17696,0,1270,0
17698,0,1274,0
17700,0,1285,0
17702,0,1293,0
17704,0,1298,0
17706,0,1297,0
17708,0,1291,0
17710,0,1284,0
17712,0,1275,0
17714,0,1270,0
17716,0,1271,0
17718,0,1276,0
17720,79135,1284,1
17722,0,1291,0
17724,0,1298,0
17726,0,1298,0
17728,0,1292,0
17730,0,1285,0
17732,0,1277,0
17734,0,1271,0
17736,0,1271,0
17738,0,1274,0
17740,0,1282,0
17742,0,1292,0
17744,0,1297,0
17746,0,1297,0
17748,0,1293,0
17750,0,1285,0
17752,0,1275,0
17754,0,1269,0
17756,0,1269,0
17758,0,1277,0
17760,79432,1285,1
17762,0,1293,0
17764,0,1296,0
17766,0,1297,0
17768,0,1291,0
17770,0,1283,0
17772,0,1274,0
17774,0,1271,0
17776,0,1269,0
17778,0,1275,0
17780,0,1282,0
17782,0,1292,0
17784,0,1297,0
17786,0,1296,0
17788,0,1291,0
17790,0,1282,0
17792,0,1277,0
17794,0,1271,0
17796,0,1270,0
17798,0,1275,0
17800,79868,1284,1
17802,0,1290,0
17804,0,1298,0
17806,0,1298,0
17808,0,1291,0
17810,0,1284,0
17812,0,1274,0
17814,0,1270,0
17816,0,1270,0
17818,0,1275,0
17820,0,1282,0
17822,0,1291,0
17824,0,1296,0
17826,0,1297,0
17828,0,1291,0
17830,0,1284,0
17832,0,1274,0
17834,0,1270,0
17836,0,1271,0
17838,0,1276,0
17840,80281,1284,1
17842,0,1292,0
17844,0,1298,0
17846,0,1295,0
17848,0,1290,0
17850,0,1284,0
17852,0,1276,0
17854,0,1270,0
17856,0,1271,0
17858,0,1275,0
17860,0,1284,0
17862,0,1292,0
17864,0,1297,0
17866,0,1298,0
17868,0,1291,0
17870,0,1283,0
17872,0,1276,0
17874,0,1271,0
17876,0,1270,0
17878,0,1276,0
17880,80627,1284,1
17882,0,1292,0
17884,0,1298,0
17886,0,1296,0
17888,0,1291,0
17890,0,1283,0
17892,0,1274,0
17894,0,1269,0
17896,0,1271,0
17898,0,1276,0
17900,0,1283,0
17902,0,1291,0
17904,0,1298,0
17906,0,1296,0
17908,0,1291,0
17910,0,1283,0
17912,0,1275,0
17914,0,1269,0
17916,0,1271,0
17918,0,1275,0
17920,81000,1284,1
17922,0,1291,0
17924,0,1295,0
17926,0,1297,0
17928,0,1291,0
17930,0,1283,0
17932,0,1274,0
17934,0,1271,0
17936,0,1271,0
17938,0,1274,0
17940,0,1282,0
17942,0,1292,0
17944,0,1296,0
17946,0,1298,0
17948,0,1290,0
17950,0,1282,0
17952,0,1274,0
17954,0,1271,0
17956,0,1269,0
17958,0,1274,0
17960,81116,1283,1
17962,0,1293,0
17964,0,1298,0
17966,0,1298,0
17968,0,1292,0
17970,0,1283,0
17972,0,1274,0
17974,0,1269,0
17976,0,1271,0
17978,0,1274,0
17980,0,1284,0
17982,0,1292,0
17984,0,1297,0
17986,0,1297,0
17988,0,1290,0
17990,0,1282,0
17992,0,1276,0
17994,0,1269,0
17996,0,1271,0
17998,0,1276,0
18000,81090,1283,1
18002,0,1291,0
18004,0,1297,0
18006,0,1297,0
18008,0,1290,0
18010,0,1283,0
18012,0,1275,0
18014,0,1269,0
18016,0,1269,0
18018,0,1274,0
18020,0,1285,0
18022,0,1291,0
18024,0,1296,0
18026,0,1296,0
18028,0,1292,0
18030,0,1283,0
18032,0,1276,0
18034,0,1271,0
18036,0,1271,0
18038,0,1276,0
18040,80961,1284,1
18042,0,1293,0
18044,0,1298,0
18046,0,1296,0
18048,0,1290,0
18050,0,1284,0
18052,0,1276,0
18054,0,1269,0
18056,0,1270,0
18058,0,1275,0
18060,0,1283,0
18062,0,1290,0
18064,0,1298,0
18066,0,1297,0
18068,0,1291,0
18070,0,1282,0
18072,0,1276,0
18074,0,1271,0
18076,0,1270,0
18078,0,1275,0
18080,80672,1282,1
18082,0,1292,0
18084,0,1297,0
18086,0,1296,0
18088,0,1292,0
18090,0,1283,0
18092,0,1276,0
18094,0,1269,0
18096,0,1269,0
18098,0,1274,0
18100,0,1284,0
18102,0,1293,0
18104,0,1295,0
18106,0,1298,0
18108,0,1292,0
18110,0,1283,0
18112,0,1274,0
18114,0,1270,0
18116,0,1269,0
18118,0,1274,0
18120,80497,1284,1
18122,0,1292,0
18124,0,1297,0
18126,0,1297,0
18128,0,1293,0
18130,0,1284,0
18132,0,1274,0
18134,0,1269,0
18136,0,1269,0
18138,0,1275,0
18140,0,1284,0
18142,0,1292,0
18144,0,1298,0
18146,0,1295,0
18148,0,1293,0
18150,0,1283,0
18152,0,1276,0
18154,0,1270,0
18156,0,1270,0
18158,0,1276,0
18160,80289,1284,1
18162,0,1290,0
18164,0,1296,0
18166,0,1296,0
18168,0,1291,0
18170,0,1283,0
18172,0,1276,0
18174,0,1270,0
18176,0,1270,0
18178,0,1276,0
18180,0,1283,0
18182,0,1290,0
18184,0,1297,0
18186,0,1297,0
18188,0,1292,0
18190,0,1283,0
18192,0,1276,0
18194,0,1271,0
18196,0,1269,0
18198,0,1276,0
18200,80177,1282,1
18202,0,1291,0
18204,0,1296,0
18206,0,1298,0
18208,0,1293,0
18210,0,1283,0
18212,0,1276,0
18214,0,1271,0
18216,0,1271,0
18218,0,1275,0
18220,0,1283,0
18222,0,1293,0
18224,0,1298,0
18226,0,1297,0
18228,0,1293,0
18230,0,1283,0
18232,0,1275,0
18234,0,1269,0
18236,0,1268,0
18238,0,1276,0
18240,80054,1284,1
18242,0,1292,0
18244,0,1295,0
18246,0,1296,0
18248,0,1291,0
18250,0,1284,0
18252,0,1276,0
18254,0,1269,0
18256,0,1271,0
18258,0,1274,0
18260,0,1282,0
18262,0,1292,0
18264,0,1296,0
18266,0,1297,0
18268,0,1292,0
18270,0,1282,0
18272,0,1274,0
18274,0,1271,0
18276,0,1269,0
18278,0,1276,0
18280,80037,1282,1
18282,0,1292,0
18284,0,1295,0
18286,0,1297,0
18288,0,1290,0
18290,0,1284,0
18292,0,1275,0
18294,0,1269,0
18296,0,1269,0
18298,0,1275,0
18300,0,1283,0
18302,0,1291,0
18304,0,1296,0
18306,0,1297,0
18308,0,1290,0
18310,0,1283,0
18312,0,1276,0
18314,0,1268,0
18316,0,1271,0
18318,0,1274,0
18320,79950,1283,1
18322,0,1290,0
18324,0,1296,0
18326,0,1297,0
18328,0,1291,0
18330,0,1282,0
18332,0,1275,0
18334,0,1270,0
18336,0,1270,0
18338,0,1274,0
18340,0,1282,0
18342,0,1292,0
18344,0,1296,0
18346,0,1296,0
18348,0,1290,0
18350,0,1282,0
18352,0,1276,0
18354,0,1271,0
18356,0,1268,0
18358,0,1274,0
18360,79892,1284,1
18362,0,1291,0
18364,0,1296,0
18366,0,1295,0
18368,0,1292,0
18370,0,1283,0
18372,0,1276,0
18374,0,1270,0
18376,0,1271,0
18378,0,1274,0
18380,0,1283,0
18382,0,1291,0
18384,0,1297,0
18386,0,1296,0
18388,0,1290,0
18390,0,1284,0
18392,0,1275,0
18394,0,1269,0
18396,0,1270,0
18398,0,1276,0
18400,79696,1284,1
18402,0,1291,0
18404,0,1298,0
18406,0,1295,0
18408,0,1292,0
18410,0,1283,0
18412,0,1274,0
18414,0,1271,0
18416,0,1268,0
18418,0,1274,0
18420,0,1283,0
18422,0,1291,0
18424,0,1297,0
18426,0,1296,0
18428,0,1292,0
18430,0,1282,0
18432,0,1273,0
18434,0,1270,0
18436,0,1269,0
18438,0,1274,0
18440,79466,1281,1
18442,0,1291,0
18444,0,1295,0
18446,0,1297,0
18448,0,1291,0
18450,0,1283,0
18452,0,1276,0
18454,0,1269,0
18456,0,1269,0
18458,0,1275,0
18460,0,1283,0
18462,0,1290,0
18464,0,1295,0
18466,0,1296,0
18468,0,1290,0
18470,0,1283,0
18472,0,1274,0
18474,0,1268,0
18476,0,1270,0
18478,0,1276,0
18480,79232,1283,1
18482,0,1292,0
18484,0,1297,0
18486,0,1296,0
18488,0,1290,0
18490,0,1282,0
18492,0,1274,0
18494,0,1270,0
18496,0,1269,0
18498,0,1274,0
18500,0,1283,0
18502,0,1291,0
18504,0,1295,0
18506,0,1295,0
18508,0,1292,0
18510,0,1282,0
18512,0,1275,0
18514,0,1269,0
18516,0,1269,0
18518,0,1275,0
18520,79110,1282,1
18522,0,1291,0
18524,0,1297,0
18526,0,1295,0
18528,0,1291,0
18530,0,1284,0
18532,0,1276,0
18534,0,1271,0
18536,0,1268,0
18538,0,1275,0
18540,0,1282,0
18542,0,1291,0
18544,0,1297,0
18546,0,1297,0
18548,0,1290,0
18550,0,1283,0
18552,0,1276,0
18554,0,1269,0
18556,0,1270,0
18558,0,1274,0
18560,78997,1284,1
18562,0,1292,0
18564,0,1295,0
18566,0,1297,0
18568,0,1292,0
18570,0,1283,0
18572,0,1276,0
18574,0,1269,0
18576,0,1270,0
18578,0,1273,0
18580,0,1283,0
18582,0,1291,0
18584,0,1296,0
18586,0,1295,0
18588,0,1292,0
18590,0,1283,0
18592,0,1273,0
18594,0,1268,0
18596,0,1269,0
18598,0,1275,0
18600,78875,1282,1
18602,0,1290,0
18604,0,1298,0
18606,0,1296,0
18608,0,1292,0
18610,0,1282,0
18612,0,1276,0
18614,0,1270,0
18616,0,1270,0
18618,0,1275,0
18620,0,1284,0
18622,0,1290,0
18624,0,1295,0
18626,0,1296,0
18628,0,1290,0
18630,0,1284,0
18632,0,1273,0
18634,0,1269,0
18636,0,1269,0
18638,0,1274,0
18640,79057,1282,1
18642,0,1291,0
18644,0,1295,0
18646,0,1297,0
18648,0,1290,0
18650,0,1282,0
18652,0,1274,0
18654,0,1270,0
18656,0,1269,0
18658,0,1276,0
18660,0,1282,0
18662,0,1291,0
18664,0,1296,0
18666,0,1296,0
18668,0,1289,0
18670,0,1284,0
18672,0,1274,0
18674,0,1270,0
18676,0,1269,0
18678,0,1274,0
18680,79252,1283,1
18682,0,1291,0
18684,0,1296,0
18686,0,1296,0
18688,0,1292,0
18690,0,1284,0
18692,0,1275,0
18694,0,1270,0
18696,0,1269,0
18698,0,1274,0
18700,0,1282,0
18702,0,1290,0
18704,0,1296,0
18706,0,1296,0
18708,0,1291,0
18710,0,1281,0
18712,0,1276,0
18714,0,1269,0
18716,0,1271,0
18718,0,1274,0
18720,79690,1281,1
18722,0,1292,0
18724,0,1297,0
18726,0,1297,0
18728,0,1291,0
18730,0,1281,0
18732,0,1273,0
18734,0,1270,0
18736,0,1270,0
18738,0,1276,0
18740,0,1282,0
18742,0,1290,0
18744,0,1297,0
18746,0,1296,0
18748,0,1290,0
18750,0,1282,0
18752,0,1275,0
18754,0,1268,0
18756,0,1268,0
18758,0,1273,0
18760,80150,1282,1
18762,0,1290,0
18764,0,1295,0
18766,0,1294,0
18768,0,1290,0
18770,0,1281,0
18772,0,1274,0
18774,0,1271,0
18776,0,1268,0
18778,0,1276,0
18780,0,1282,0
18782,0,1289,0
18784,0,1296,0
18786,0,1297,0
18788,0,1291,0
18790,0,1282,0
18792,0,1275,0
18794,0,1270,0
18796,0,1268,0
18798,0,1274,0
18800,80518,1282,1
18802,0,1292,0
18804,0,1295,0
18806,0,1296,0
18808,0,1290,0
18810,0,1282,0
18812,0,1276,0
18814,0,1268,0
18816,0,1268,0
18818,0,1275,0
18820,0,1283,0
18822,0,1290,0
18824,0,1296,0
18826,0,1296,0
18828,0,1291,0
18830,0,1284,0
18832,0,1274,0
18834,0,1270,0
18836,0,1270,0
18838,0,1274,0
18840,80793,1282,1
18842,0,1292,0
18844,0,1295,0
18846,0,1295,0
18848,0,1290,0
18850,0,1283,0
18852,0,1273,0
18854,0,1270,0
18856,0,1269,0
18858,0,1274,0
18860,0,1283,0
18862,0,1291,0
18864,0,1297,0
18866,0,1297,0
18868,0,1291,0
18870,0,1282,0
18872,0,1276,0
18874,0,1268,0
18876,0,1269,0
18878,0,1274,0
18880,81075,1282,1
18882,0,1290,0
18884,0,1296,0
18886,0,1296,0
18888,0,1290,0
18890,0,1284,0
18892,0,1275,0
18894,0,1271,0
18896,0,1269,0
18898,0,1275,0
18900,0,1282,0
18902,0,1292,0
18904,0,1297,0
18906,0,1296,0
18908,0,1289,0
18910,0,1282,0
18912,0,1275,0
18914,0,1270,0
18916,0,1270,0
18918,0,1273,0
18920,81147,1281,1
18922,0,1292,0
18924,0,1295,0
18926,0,1295,0
18928,0,1291,0
18930,0,1284,0
18932,0,1273,0
18934,0,1270,0
18936,0,1269,0
18938,0,1274,0
18940,0,1282,0
18942,0,1292,0
18944,0,1295,0
18946,0,1294,0
18948,0,1291,0
18950,0,1281,0
18952,0,1274,0
18954,0,1268,0
18956,0,1269,0
18958,0,1275,0
18960,81006,1284,1
18962,0,1292,0
18964,0,1296,0
18966,0,1295,0
18968,0,1290,0
18970,0,1283,0
18972,0,1275,0
18974,0,1268,0
18976,0,1268,0
18978,0,1273,0
18980,0,1282,0
18982,0,1290,0
18984,0,1296,0
18986,0,1295,0
18988,0,1292,0
18990,0,1284,0
18992,0,1273,0
18994,0,1270,0
18996,0,1270,0
18998,0,1275,0
19000,80848,1281,1
19002,0,1289,0
19004,0,1295,0
19006,0,1297,0
19008,0,1291,0
19010,0,1283,0
19012,0,1275,0
19014,0,1270,0
19016,0,1270,0
19018,0,1275,0
19020,0,1282,0
19022,0,1290,0
19024,0,1295,0
19026,0,1297,0
19028,0,1291,0
19030,0,1283,0
19032,0,1274,0
19034,0,1270,0
19036,0,1270,0
19038,0,1276,0
19040,80580,1283,1
19042,0,1289,0
19044,0,1296,0
19046,0,1297,0
19048,0,1290,0
19050,0,1281,0
19052,0,1275,0
19054,0,1270,0
19056,0,1268,0
19058,0,1273,0
19060,0,1281,0
19062,0,1289,0
19064,0,1295,0
19066,0,1297,0
19068,0,1289,0
19070,0,1283,0
19072,0,1273,0
19074,0,1270,0
19076,0,1269,0
19078,0,1276,0
19080,80397,1283,1
19082,0,1290,0
19084,0,1296,0
19086,0,1296,0
19088,0,1290,0
19090,0,1281,0
19092,0,1275,0
19094,0,1268,0
19096,0,1269,0
19098,0,1274,0
19100,0,1282,0
19102,0,1291,0
19104,0,1296,0
19106,0,1295,0
19108,0,1291,0
19110,0,1283,0
19112,0,1275,0
19114,0,1269,0
19116,0,1268,0
19118,0,1273,0
19120,80171,1282,1
19122,0,1291,0
19124,0,1295,0
19126,0,1294,0
19128,0,1291,0
19130,0,1282,0
19132,0,1274,0
19134,0,1269,0
19136,0,1269,0
19138,0,1275,0
19140,0,1283,0
19142,0,1289,0
19144,0,1295,0
19146,0,1297,0
19148,0,1292,0
19150,0,1284,0
19152,0,1275,0
19154,0,1269,0
19156,0,1269,0
19158,0,1275,0
19160,80111,1281,1
19162,0,1292,0
19164,0,1295,0
19166,0,1294,0
19168,0,1292,0
19170,0,1282,0
19172,0,1274,0
19174,0,1270,0
19176,0,1268,0
19178,0,1275,0
19180,0,1283,0
19182,0,1290,0
19184,0,1297,0
19186,0,1295,0
19188,0,1291,0
19190,0,1283,0
19192,0,1274,0
19194,0,1269,0
19196,0,1268,0
19198,0,1275,0
19200,80056,1282,1
19202,0,1291,0
19204,0,1294,0
19206,0,1296,0
19208,0,1291,0
19210,0,1282,0
19212,0,1274,0
19214,0,1270,0
19216,0,1270,0
19218,0,1275,0
19220,0,1282,0
19222,0,1290,0
19224,0,1295,0
19226,0,1295,0
19228,0,1292,0
19230,0,1283,0
19232,0,1274,0
19234,0,1269,0
19236,0,1267,0
19238,0,1275,0
19240,79925,1283,1
19242,0,1289,0
19244,0,1296,0
19246,0,1295,0
19248,0,1292,0
19250,0,1282,0
19252,0,1274,0
19254,0,1269,0
19256,0,1269,0
19258,0,1274,0
19260,0,1283,0
19262,0,1292,0
19264,0,1295,0
19266,0,1296,0
19268,0,1290,0
19270,0,1282,0
19272,0,1274,0
19274,0,1269,0
19276,0,1269,0
19278,0,1274,0
19280,79925,1281,1
19282,0,1291,0
19284,0,1296,0
19286,0,1296,0
19288,0,1290,0
19290,0,1282,0
19292,0,1273,0
19294,0,1268,0
19296,0,1270,0
19298,0,1275,0
19300,0,1281,0
19302,0,1291,0
19304,0,1297,0
19306,0,1295,0
19308,0,1290,0
19310,0,1281,0
19312,0,1274,0
19314,0,1269,0
19316,0,1268,0
19318,0,1275,0
19320,79836,1282,1
19322,0,1291,0
19324,0,1296,0
19326,0,1294,0
19328,0,1291,0
19330,0,1281,0
19332,0,1273,0
19334,0,1268,0
19336,0,1268,0
19338,0,1274,0
19340,0,1283,0
19342,0,1292,0
19344,0,1296,0
19346,0,1297,0
19348,0,1292,0
19350,0,1281,0
19352,0,1275,0
19354,0,1269,0
19356,0,1270,0
19358,0,1275,0
19360,79640,1283,1
19362,0,1290,0
19364,0,1295,0
19366,0,1296,0
19368,0,1291,0
19370,0,1284,0
19372,0,1272,0
19374,0,1269,0
19376,0,1269,0
19378,0,1274,0
19380,0,1282,0
19382,0,1289,0
19384,0,1297,0
19386,0,1296,0
19388,0,1291,0
19390,0,1282,0
19392,0,1274,0
19394,0,1270,0
19396,0,1269,0
19398,0,1275,0
19400,79342,1282,1
19402,0,1292,0
19404,0,1296,0
19406,0,1295,0
19408,0,1291,0
19410,0,1283,0
19412,0,1272,0
19414,0,1268,0
19416,0,1268,0
19418,0,1273,0
19420,0,1282,0
19422,0,1290,0
19424,0,1297,0
19426,0,1297,0
19428,0,1291,0
19430,0,1281,0
19432,0,1273,0
19434,0,1270,0
19436,0,1267,0
19438,0,1273,0
19440,79149,1283,1
19442,0,1290,0
19444,0,1297,0
19446,0,1295,0
19448,0,1290,0
19450,0,1281,0
19452,0,1275,0
19454,0,1267,0
19456,0,1269,0
19458,0,1273,0
19460,0,1282,0
19462,0,1289,0
19464,0,1294,0
19466,0,1296,0
19468,0,1291,0
19470,0,1282,0
19472,0,1273,0
19474,0,1269,0
19476,0,1268,0
19478,0,1273,0
19480,78990,1282,1
19482,0,1289,0
19484,0,1294,0
19486,0,1296,0
19488,0,1290,0
19490,0,1283,0
19492,0,1274,0
19494,0,1270,0
19496,0,1268,0
19498,0,1275,0
19500,0,1281,0
19502,0,1291,0
19504,0,1296,0
19506,0,1294,0
19508,0,1291,0
19510,0,1281,0
19512,0,1274,0
19514,0,1270,0
19516,0,1269,0
19518,0,1273,0
19520,78928,1281,1
19522,0,1291,0
19524,0,1296,0
19526,0,1294,0
19528,0,1291,0
19530,0,1281,0
19532,0,1275,0
19534,0,1269,0
19536,0,1267,0
19538,0,1275,0
19540,0,1282,0
19542,0,1291,0
19544,0,1296,0
19546,0,1294,0
19548,0,1291,0
19550,0,1282,0
19552,0,1273,0
19554,0,1269,0
19556,0,1267,0
19558,0,1275,0
19560,78955,1281,1
19562,0,1291,0
19564,0,1296,0
19566,0,1294,0
19568,0,1290,0
19570,0,1283,0
19572,0,1275,0
19574,0,1267,0
19576,0,1268,0
19578,0,1273,0
19580,0,1283,0
19582,0,1289,0
19584,0,1295,0
19586,0,1294,0
19588,0,1289,0
19590,0,1282,0
19592,0,1273,0
19594,0,1270,0
19596,0,1267,0
19598,0,1275,0
19600,79184,1281,1
19602,0,1290,0
19604,0,1295,0
19606,0,1295,0
19608,0,1291,0
19610,0,1283,0
19612,0,1272,0
19614,0,1269,0
19616,0,1267,0
19618,0,1274,0
19620,0,1281,0
19622,0,1289,0
19624,0,1295,0
19626,0,1296,0
19628,0,1291,0
19630,0,1283,0
19632,0,1274,0
19634,0,1270,0
19636,0,1268,0
19638,0,1275,0
19640,79487,1282,1
19642,0,1289,0
19644,0,1295,0
19646,0,1296,0
19648,0,1290,0
19650,0,1281,0
19652,0,1273,0
19654,0,1267,0
19656,0,1268,0
19658,0,1272,0
19660,0,1281,0
19662,0,1289,0
19664,0,1294,0
19666,0,1297,0
19668,0,1291,0
19670,0,1282,0
19672,0,1272,0
19674,0,1268,0
19676,0,1268,0
19678,0,1275,0
19680,79881,1281,1
19682,0,1290,0
19684,0,1295,0
19686,0,1296,0
19688,0,1290,0
19690,0,1282,0
19692,0,1272,0
19694,0,1268,0
19696,0,1269,0
19698,0,1272,0
19700,0,1282,0
19702,0,1291,0
19704,0,1296,0
19706,0,1294,0
19708,0,1291,0
19710,0,1283,0
19712,0,1273,0
19714,0,1269,0
19716,0,1268,0
19718,0,1272,0
19720,80322,1283,1
19722,0,1291,0
19724,0,1295,0
19726,0,1295,0
19728,0,1291,0
19730,0,1280,0
19732,0,1272,0
19734,0,1270,0
19736,0,1270,0
19738,0,1273,0
19740,0,1283,0
19742,0,1289,0
19744,0,1294,0
19746,0,1296,0
19748,0,1290,0
19750,0,1282,0
19752,0,1273,0
19754,0,1268,0
19756,0,1269,0
19758,0,1273,0
19760,80752,1281,1
19762,0,1289,0
19764,0,1296,0
19766,0,1295,0
19768,0,1290,0
19770,0,1281,0
19772,0,1273,0
19774,0,1269,0
19776,0,1269,0
19778,0,1273,0
19780,0,1283,0
19782,0,1289,0
19784,0,1294,0
19786,0,1296,0
19788,0,1290,0
19790,0,1281,0
19792,0,1273,0
19794,0,1268,0
19796,0,1268,0
19798,0,1272,0
19800,81029,1280,1
19802,0,1290,0
19804,0,1295,0
19806,0,1295,0
19808,0,1291,0
19810,0,1281,0
19812,0,1274,0
19814,0,1268,0
19816,0,1268,0
19818,0,1274,0
19820,0,1282,0
19822,0,1290,0
19824,0,1295,0
19826,0,1294,0
19828,0,1289,0
19830,0,1282,0
19832,0,1273,0
19834,0,1269,0
19836,0,1268,0
19838,0,1274,0
19840,81071,1280,1
19842,0,1289,0
19844,0,1295,0
19846,0,1295,0
19848,0,1291,0
19850,0,1281,0
19852,0,1274,0
19854,0,1270,0
19856,0,1267,0
19858,0,1274,0
19860,0,1283,0
19862,0,1291,0
19864,0,1294,0
19866,0,1295,0
19868,0,1290,0
19870,0,1283,0
19872,0,1274,0
19874,0,1269,0
19876,0,1269,0
19878,0,1273,0
19880,81004,1282,1
19882,0,1290,0
19884,0,1294,0
19886,0,1296,0
19888,0,1289,0
19890,0,1282,0
19892,0,1275,0
19894,0,1268,0
19896,0,1267,0
19898,0,1274,0
19900,0,1281,0
19902,0,1290,0
19904,0,1296,0
19906,0,1294,0
19908,0,1290,0
19910,0,1281,0
19912,0,1272,0
19914,0,1267,0
19916,0,1269,0
19918,0,1272,0
19920,80916,1280,1
19922,0,1290,0
19924,0,1294,0
19926,0,1296,0
19928,0,1288,0
19930,0,1280,0
19932,0,1273,0
19934,0,1269,0
19936,0,1268,0
19938,0,1275,0
19940,0,1280,0
19942,0,1290,0
19944,0,1294,0
19946,0,1295,0
19948,0,1290,0
19950,0,1282,0
19952,0,1272,0
19954,0,1270,0
19956,0,1269,0
19958,0,1273,0
19960,80706,1281,1
19962,0,1289,0
19964,0,1293,0
19966,0,1296,0
19968,0,1291,0
19970,0,1281,0
19972,0,1274,0
19974,0,1268,0
19976,0,1269,0
19978,0,1272,0
19980,0,1280,0
19982,0,1289,0
19984,0,1295,0
19986,0,1295,0
19988,0,1291,0
19990,0,1280,0
19992,0,1274,0
19994,0,1269,0
19996,0,1269,0
19998,0,1272,0
20000,80454,1282,1
20002,0,1289,0
20004,0,1294,0
20006,0,1296,0
20008,0,1291,0
20010,0,1280,0
20012,0,1273,0
20014,0,1267,0
20016,0,1269,0
20018,0,1274,0
20020,0,1282,0
20022,0,1291,0
20024,0,1294,0
20026,0,1296,0
20028,0,1289,0
20030,0,1280,0
20032,0,1273,0
20034,0,1269,0
20036,0,1267,0
20038,0,1274,0
20040,80269,1282,1
20042,0,1290,0
20044,0,1295,0
20046,0,1294,0
20048,0,1288,0
20050,0,1283,0
20052,0,1273,0
20054,0,1269,0
20056,0,1268,0
20058,0,1273,0
20060,0,1281,0
20062,0,1289,0
20064,0,1295,0
20066,0,1293,0
20068,0,1291,0
20070,0,1281,0
20072,0,1274,0
20074,0,1267,0
20076,0,1267,0
20078,0,1274,0
20080,80108,1282,1
20082,0,1290,0
20084,0,1295,0
20086,0,1294,0
20088,0,1290,0
20090,0,1283,0
20092,0,1272,0
20094,0,1267,0
20096,0,1267,0
20098,0,1274,0
20100,0,1282,0
20102,0,1288,0
20104,0,1295,0
20106,0,1293,0
20108,0,1289,0
20110,0,1282,0
20112,0,1274,0
20114,0,1269,0
20116,0,1267,0
20118,0,1272,0
20120,80005,1282,1
20122,0,1289,0
20124,0,1296,0
20126,0,1296,0
20128,0,1291,0
20130,0,1282,0
20132,0,1274,0
20134,0,1269,0
20136,0,1269,0
20138,0,1274,0
20140,0,1280,0
20142,0,1289,0
20144,0,1296,0
20146,0,1295,0
20148,0,1291,0
20150,0,1281,0
20152,0,1274,0
20154,0,1269,0
20156,0,1269,0
20158,0,1274,0
20160,79954,1280,1
20162,0,1289,0
20164,0,1296,0
20166,0,1295,0
20168,0,1288,0
20170,0,1282,0
20172,0,1274,0
20174,0,1269,0
20176,0,1267,0
20178,0,1274,0
20180,0,1283,0
20182,0,1290,0
20184,0,1295,0
20186,0,1296,0
20188,0,1289,0
20190,0,1281,0
20192,0,1274,0
20194,0,1268,0
20196,0,1269,0
20198,0,1272,0
20200,79886,1280,1
20202,0,1289,0
20204,0,1295,0
20206,0,1294,0
20208,0,1290,0
20210,0,1281,0
20212,0,1274,0
20214,0,1269,0
20216,0,1269,0
20218,0,1274,0
20220,0,1283,0
20222,0,1289,0
20224,0,1295,0
20226,0,1296,0
20228,0,1291,0
20230,0,1281,0
20232,0,1273,0
20234,0,1269,0
20236,0,1269,0
20238,0,1272,0
20240,79810,1280,1
20242,0,1288,0
20244,0,1293,0
20246,0,1294,0
20248,0,1290,0
20250,0,1281,0
20252,0,1272,0
20254,0,1267,0
20256,0,1267,0
20258,0,1273,0
20260,0,1282,0
20262,0,1289,0
20264,0,1295,0
20266,0,1295,0
20268,0,1290,0
20270,0,1282,0
20272,0,1273,0
20274,0,1269,0
20276,0,1268,0
20278,0,1273,0
20280,79754,1283,1
20282,0,1289,0
20284,0,1295,0
20286,0,1296,0
20288,0,1291,0
20290,0,1283,0
20292,0,1273,0
20294,0,1268,0
20296,0,1268,0
20298,0,1274,0
20300,0,1281,0
20302,0,1288,0
20304,0,1294,0
20306,0,1295,0
20308,0,1290,0
20310,0,1282,0
20312,0,1274,0
20314,0,1269,0
20316,0,1268,0
20318,0,1272,0
20320,79465,1280,1
20322,0,1291,0
20324,0,1296,0
20326,0,1296,0
20328,0,1289,0
20330,0,1282,0
20332,0,1274,0
20334,0,1267,0
20336,0,1269,0
20338,0,1273,0
20340,0,1280,0
20342,0,1289,0
20344,0,1293,0
20346,0,1295,0
20348,0,1289,0
20350,0,1282,0
20352,0,1273,0
20354,0,1268,0
20356,0,1267,0
20358,0,1274,0
20360,79233,1280,1
20362,0,1288,0
20364,0,1295,0
20366,0,1295,0
20368,0,1291,0
20370,0,1280,0
20372,0,1274,0
20374,0,1268,0
20376,0,1269,0
20378,0,1272,0
20380,0,1281,0
20382,0,1291,0
20384,0,1295,0
20386,0,1295,0
20388,0,1289,0
20390,0,1280,0
20392,0,1272,0
20394,0,1266,0
20396,0,1267,0
20398,0,1274,0
20400,79069,1282,1
20402,0,1290,0
20404,0,1294,0
20406,0,1295,0
20408,0,1291,0
20410,0,1280,0
20412,0,1272,0
20414,0,1268,0
20416,0,1268,0
20418,0,1272,0
20420,0,1282,0
20422,0,1289,0
20424,0,1293,0
20426,0,1295,0
20428,0,1289,0
20430,0,1281,0
20432,0,1274,0
20434,0,1267,0
20436,0,1267,0
20438,0,1274,0
20440,78907,1280,1
20442,0,1288,0
20444,0,1294,0
20446,0,1295,0
20448,0,1289,0
20450,0,1280,0
20452,0,1272,0
20454,0,1268,0
20456,0,1269,0
20458,0,1274,0
20460,0,1280,0
20462,0,1288,0
20464,0,1295,0
20466,0,1295,0
20468,0,1288,0
20470,0,1280,0
20472,0,1273,0
20474,0,1268,0
20476,0,1269,0
20478,0,1272,0
20480,78912,1282,1
20482,0,1290,0
20484,0,1294,0
20486,0,1295,0
20488,0,1290,0
20490,0,1280,0
20492,0,1272,0
20494,0,1268,0
20496,0,1268,0
20498,0,1272,0
20500,0,1281,0
20502,0,1290,0
20504,0,1294,0
20506,0,1295,0
20508,0,1289,0
20510,0,1280,0
20512,0,1274,0
20514,0,1266,0
20516,0,1267,0
20518,0,1274,0
20520,79046,1282,1
20522,0,1288,0
20524,0,1295,0
20526,0,1293,0
20528,0,1290,0
20530,0,1280,0
20532,0,1274,0
20534,0,1267,0
20536,0,1268,0
20538,0,1273,0
20540,0,1280,0
20542,0,1288,0
20544,0,1294,0
20546,0,1295,0
20548,0,1291,0
20550,0,1282,0
20552,0,1272,0
20554,0,1269,0
20556,0,1268,0
20558,0,1274,0
20560,79369,1280,1
20562,0,1291,0
20564,0,1294,0
20566,0,1295,0
20568,0,1288,0
20570,0,1280,0
20572,0,1274,0
20574,0,1269,0
20576,0,1269,0
20578,0,1274,0
20580,0,1281,0
20582,0,1290,0
20584,0,1294,0
20586,0,1294,0
20588,0,1290,0
20590,0,1280,0
20592,0,1274,0
20594,0,1267,0
20596,0,1266,0
20598,0,1272,0
20600,79747,1282,1
20602,0,1289,0
20604,0,1294,0
20606,0,1294,0
20608,0,1288,0
20610,0,1280,0
20612,0,1272,0
20614,0,1267,0
20616,0,1267,0
20618,0,1273,0
20620,0,1282,0
20622,0,1290,0
20624,0,1296,0
20626,0,1293,0
20628,0,1289,0
20630,0,1280,0
20632,0,1274,0
20634,0,1268,0
20636,0,1267,0
20638,0,1273,0
20640,80206,1281,1
20642,0,1291,0
20644,0,1295,0
20646,0,1294,0
20648,0,1289,0
20650,0,1280,0
20652,0,1274,0
20654,0,1266,0
20656,0,1267,0
20658,0,1274,0
20660,0,1280,0
20662,0,1289,0
20664,0,1293,0
20666,0,1293,0
20668,0,1288,0
20670,0,1280,0
20672,0,1273,0
20674,0,1268,0
20676,0,1266,0
20678,0,1273,0
20680,80585,1281,1
20682,0,1289,0
20684,0,1295,0
20686,0,1294,0
20688,0,1288,0
20690,0,1280,0
20692,0,1274,0
20694,0,1268,0
20696,0,1267,0
20698,0,1272,0
20700,0,1279,0
20702,0,1290,0
20704,0,1293,0
20706,0,1295,0
20708,0,1289,0
20710,0,1281,0
20712,0,1274,0
20714,0,1268,0
20716,0,1269,0
20718,0,1274,0
20720,80892,1281,1
20722,0,1289,0
20724,0,1294,0
20726,0,1294,0
20728,0,1288,0
20730,0,1281,0
20732,0,1273,0
20734,0,1269,0
20736,0,1269,0
20738,0,1272,0
20740,0,1280,0
20742,0,1288,0
20744,0,1293,0
20746,0,1294,0
20748,0,1289,0
20750,0,1281,0
20752,0,1274,0
20754,0,1267,0
20756,0,1268,0
20758,0,1272,0
20760,81097,1282,1
20762,0,1290,0
20764,0,1293,0
20766,0,1294,0
20768,0,1290,0
20770,0,1282,0
20772,0,1273,0
20774,0,1267,0
20776,0,1269,0
20778,0,1274,0
20780,0,1281,0
20782,0,1289,0
20784,0,1294,0
20786,0,1293,0
20788,0,1290,0
20790,0,1280,0
20792,0,1272,0
20794,0,1267,0
20796,0,1267,0
20798,0,1273,0
20800,81136,1281,1
20802,0,1290,0
20804,0,1293,0
20806,0,1294,0
20808,0,1289,0
20810,0,1280,0
20812,0,1273,0
20814,0,1267,0
20816,0,1267,0
20818,0,1272,0
20820,0,1279,0
20822,0,1289,0
20824,0,1294,0
20826,0,1295,0
20828,0,1289,0
20830,0,1282,0
20832,0,1273,0
20834,0,1268,0
20836,0,1268,0
20838,0,1273,0
20840,80934,1282,1
20842,0,1288,0
20844,0,1295,0
20846,0,1295,0
20848,0,1290,0
20850,0,1282,0
20852,0,1273,0
20854,0,1266,0
20856,0,1267,0
20858,0,1273,0
20860,0,1282,0
20862,0,1288,0
20864,0,1295,0
20866,0,1294,0
20868,0,1288,0
20870,0,1279,0
20872,0,1271,0
20874,0,1269,0
20876,0,1268,0
20878,0,1271,0
20880,80801,1282,1
20882,0,1289,0
20884,0,1294,0
20886,0,1295,0
20888,0,1288,0
20890,0,1282,0
20892,0,1272,0
20894,0,1268,0
20896,0,1267,0
20898,0,1272,0
20900,0,1282,0
20902,0,1289,0
20904,0,1295,0
20906,0,1294,0
20908,0,1290,0
20910,0,1280,0
20912,0,1274,0
20914,0,1266,0
20916,0,1267,0
20918,0,1273,0
20920,80619,1280,1
20922,0,1288,0
20924,0,1295,0
20926,0,1293,0
20928,0,1288,0
20930,0,1280,0
20932,0,1273,0
20934,0,1268,0
20936,0,1267,0
20938,0,1274,0
20940,0,1282,0
20942,0,1289,0
20944,0,1295,0
20946,0,1294,0
20948,0,1287,0
20950,0,1280,0
20952,0,1272,0
20954,0,1267,0
20956,0,1268,0
20958,0,1274,0
20960,80341,1281,1
20962,0,1290,0
20964,0,1294,0
20966,0,1295,0
20968,0,1289,0
20970,0,1280,0
20972,0,1271,0
20974,0,1267,0
20976,0,1268,0
20978,0,1272,0
20980,0,1281,0
20982,0,1289,0
20984,0,1295,0
20986,0,1294,0
20988,0,1289,0
20990,0,1280,0
20992,0,1272,0
20994,0,1268,0
20996,0,1268,0
20998,0,1274,0
21000,80159,1280,1
21002,0,1289,0
21004,0,1294,0
21006,0,1295,0
21008,0,1287,0
21010,0,1279,0
21012,0,1271,0
21014,0,1267,0
21016,0,1268,0
21018,0,1271,0
21020,0,1280,0
21022,0,1288,0
21024,0,1294,0
21026,0,1294,0
21028,0,1290,0
21030,0,1280,0
21032,0,1271,0
21034,0,1268,0
21036,0,1267,0
21038,0,1273,0
21040,80088,1281,1
21042,0,1289,0
21044,0,1294,0
21046,0,1293,0
21048,0,1289,0
21050,0,1280,0
21052,0,1273,0
21054,0,1268,0
21056,0,1268,0
21058,0,1271,0
21060,0,1282,0
21062,0,1288,0
21064,0,1293,0
21066,0,1293,0
21068,0,1290,0
21070,0,1280,0
21072,0,1272,0
21074,0,1269,0
21076,0,1268,0
21078,0,1273,0
21080,80055,1280,1
21082,0,1290,0
21084,0,1293,0
21086,0,1294,0
21088,0,1288,0
21090,0,1279,0
21092,0,1272,0
21094,0,1266,0
21096,0,1268,0
21098,0,1273,0
21100,0,1280,0
21102,0,1289,0
21104,0,1295,0
21106,0,1294,0
21108,0,1290,0
21110,0,1282,0
21112,0,1271,0
21114,0,1266,0
21116,0,1266,0
21118,0,1271,0
21120,79966,1281,1
21122,0,1290,0
21124,0,1294,0
21126,0,1294,0
21128,0,1290,0
21130,0,1281,0
21132,0,1273,0
21134,0,1266,0
21136,0,1268,0
21138,0,1272,0
21140,0,1279,0
21142,0,1289,0
21144,0,1293,0
21146,0,1295,0
21148,0,1289,0
21150,0,1281,0
21152,0,1272,0
21154,0,1268,0
21156,0,1267,0
21158,0,1272,0
21160,79845,1281,1
21162,0,1290,0
21164,0,1295,0
21166,0,1294,0
21168,0,1289,0
21170,0,1279,0
21172,0,1273,0
21174,0,1267,0
21176,0,1267,0
21178,0,1273,0
21180,0,1282,0
21182,0,1290,0
21184,0,1293,0
21186,0,1292,0
21188,0,1289,0
21190,0,1282,0
21192,0,1272,0
21194,0,1267,0
21196,0,1268,0
21198,0,1273,0
21200,79799,1281,1
21202,0,1287,0
21204,0,1293,0
21206,0,1294,0
21208,0,1287,0
21210,0,1279,0
21212,0,1273,0
21214,0,1267,0
21216,0,1267,0
21218,0,1272,0
21220,0,1281,0
21222,0,1288,0
21224,0,1293,0
21226,0,1293,0
21228,0,1288,0
21230,0,1281,0
21232,0,1274,0
21234,0,1268,0
21236,0,1268,0
21238,0,1273,0
21240,79558,1279,1
21242,0,1289,0
21244,0,1294,0
21246,0,1293,0
21248,0,1289,0
21250,0,1281,0
21252,0,1272,0
21254,0,1266,0
21256,0,1268,0
21258,0,1272,0
21260,0,1279,0
21262,0,1288,0
21264,0,1292,0
21266,0,1293,0
21268,0,1289,0
21270,0,1281,0
21272,0,1272,0
21274,0,1268,0
21276,0,1266,0
21278,0,1272,0
21280,79346,1280,1
21282,0,1288,0
21284,0,1293,0
21286,0,1294,0
21288,0,1290,0
21290,0,1281,0
21292,0,1271,0
21294,0,1266,0
21296,0,1266,0
21298,0,1272,0
21300,0,1282,0
21302,0,1288,0
21304,0,1294,0
21306,0,1292,0
21308,0,1287,0
21310,0,1281,0
21312,0,1273,0
21314,0,1268,0
21316,0,1266,0
21318,0,1272,0
21320,79170,1281,1
21322,0,1289,0
21324,0,1294,0
21326,0,1293,0
21328,0,1288,0
21330,0,1280,0
21332,0,1272,0
21334,0,1268,0
21336,0,1266,0
21338,0,1272,0
21340,0,1281,0
21342,0,1290,0
21344,0,1295,0
21346,0,1295,0
21348,0,1289,0
21350,0,1280,0
21352,0,1273,0
21354,0,1266,0
21356,0,1268,0
21358,0,1273,0
21360,78968,1279,1
21362,0,1287,0
21364,0,1293,0
21366,0,1295,0
21368,0,1288,0
21370,0,1280,0
21372,0,1272,0
21374,0,1266,0
21376,0,1268,0
21378,0,1271,0
21380,0,1280,0
21382,0,1287,0
21384,0,1293,0
21386,0,1292,0
21388,0,1290,0
21390,0,1282,0
21392,0,1273,0
21394,0,1268,0
21396,0,1267,0
21398,0,1271,0
21400,78851,1280,1
21402,0,1289,0
21404,0,1292,0
21406,0,1294,0
21408,0,1289,0
21410,0,1279,0
21412,0,1273,0
21414,0,1268,0
21416,0,1267,0
21418,0,1271,0
21420,0,1280,0
21422,0,1288,0
21424,0,1294,0
21426,0,1295,0
21428,0,1288,0
21430,0,1281,0
21432,0,1271,0
21434,0,1267,0
21436,0,1267,0
21438,0,1272,0
21440,78998,1280,1
21442,0,1288,0
21444,0,1292,0
21446,0,1295,0
21448,0,1288,0
21450,0,1281,0
21452,0,1272,0
21454,0,1267,0
21456,0,1266,0
21458,0,1273,0
21460,0,1280,0
21462,0,1288,0
21464,0,1294,0
21466,0,1293,0
21468,0,1289,0
21470,0,1279,0
21472,0,1272,0
21474,0,1268,0
21476,0,1266,0
21478,0,1273,0
21480,79147,1279,1
21482,0,1288,0
21484,0,1293,0
21486,0,1292,0
21488,0,1288,0
21490,0,1281,0
21492,0,1271,0
21494,0,1266,0
21496,0,1267,0
21498,0,1272,0
21500,0,1280,0
21502,0,1287,0
21504,0,1294,0
21506,0,1292,0
21508,0,1288,0
21510,0,1279,0
21512,0,1271,0
21514,0,1265,0
21516,0,1267,0
21518,0,1273,0
21520,79578,1279,1
21522,0,1288,0
21524,0,1293,0
21526,0,1292,0
21528,0,1288,0
21530,0,1279,0
21532,0,1272,0
21534,0,1268,0
21536,0,1266,0
21538,0,1272,0
21540,0,1281,0
21542,0,1287,0
21544,0,1295,0
21546,0,1295,0
21548,0,1289,0
21550,0,1279,0
21552,0,1273,0
21554,0,1267,0
21556,0,1268,0
21558,0,1271,0
21560,79921,1280,1
21562,0,1290,0
21564,0,1293,0
21566,0,1293,0
21568,0,1289,0
21570,0,1281,0
21572,0,1273,0
21574,0,1268,0
21576,0,1267,0
21578,0,1272,0
21580,0,1280,0
21582,0,1288,0
21584,0,1294,0
21586,0,1293,0
21588,0,1287,0
21590,0,1279,0
21592,0,1273,0
21594,0,1267,0
21596,0,1265,0
21598,0,1271,0
21600,80427,1280,1
21602,0,1290,0
21604,0,1294,0
21606,0,1292,0
21608,0,1288,0
21610,0,1281,0
21612,0,1270,0
21614,0,1267,0
21616,0,1268,0
21618,0,1273,0
21620,0,1281,0
21622,0,1289,0
21624,0,1292,0
21626,0,1295,0
21628,0,1289,0
21630,0,1280,0
21632,0,1272,0
21634,0,1267,0
21636,0,1265,0
21638,0,1272,0
21640,80769,1279,1
21642,0,1288,0
21644,0,1293,0
21646,0,1294,0
21648,0,1287,0
21650,0,1279,0
21652,0,1272,0
21654,0,1268,0
21656,0,1266,0
21658,0,1273,0
21660,0,1280,0
21662,0,1290,0
21664,0,1293,0
21666,0,1292,0
21668,0,1287,0
21670,0,1279,0
21672,0,1270,0
21674,0,1265,0
21676,0,1267,0
21678,0,1272,0
21680,80981,1281,1
21682,0,1287,0
21684,0,1294,0
21686,0,1293,0
21688,0,1287,0
21690,0,1281,0
21692,0,1272,0
21694,0,1266,0
21696,0,1267,0
21698,0,1272,0
21700,0,1278,0
21702,0,1288,0
21704,0,1294,0
21706,0,1293,0
21708,0,1289,0
21710,0,1281,0
21712,0,1273,0
21714,0,1266,0
21716,0,1266,0
21718,0,1271,0
21720,81054,1279,1
21722,0,1287,0
21724,0,1292,0
21726,0,1293,0
21728,0,1288,0
21730,0,1280,0
21732,0,1272,0
21734,0,1267,0
21736,0,1268,0
21738,0,1271,0
21740,0,1281,0
21742,0,1289,0
21744,0,1293,0
21746,0,1293,0
21748,0,1289,0
21750,0,1281,0
21752,0,1273,0
21754,0,1267,0
21756,0,1267,0
21758,0,1271,0
21760,81015,1281,1
21762,0,1288,0
21764,0,1292,0
21766,0,1293,0
21768,0,1287,0
21770,0,1281,0
21772,0,1272,0
21774,0,1267,0
21776,0,1268,0
21778,0,1270,0
21780,0,1281,0
21782,0,1289,0
21784,0,1293,0
21786,0,1292,0
21788,0,1289,0
21790,0,1280,0
21792,0,1270,0
21794,0,1266,0
21796,0,1266,0
21798,0,1273,0
21800,80859,1279,1
21802,0,1289,0
21804,0,1294,0
21806,0,1294,0
21808,0,1286,0
21810,0,1279,0
21812,0,1271,0
21814,0,1267,0
21816,0,1265,0
21818,0,1271,0
21820,0,1279,0
21822,0,1289,0
21824,0,1292,0
21826,0,1293,0
21828,0,1288,0
21830,0,1278,0
21832,0,1272,0
21834,0,1265,0
21836,0,1267,0
21838,0,1271,0
21840,80669,1279,1
21842,0,1289,0
21844,0,1293,0
21846,0,1292,0
21848,0,1287,0
21850,0,1279,0
21852,0,1270,0
21854,0,1266,0
21856,0,1267,0
21858,0,1273,0
21860,0,1279,0
21862,0,1287,0
21864,0,1294,0
21866,0,1294,0
21868,0,1288,0
21870,0,1280,0
21872,0,1272,0
21874,0,1266,0
21876,0,1267,0
21878,0,1271,0
21880,80391,1280,1
21882,0,1287,0
21884,0,1291,0
21886,0,1293,0
21888,0,1288,0
21890,0,1279,0
21892,0,1271,0
21894,0,1267,0
21896,0,1266,0
21898,0,1271,0
21900,0,1278,0
21902,0,1287,0
21904,0,1291,0
21906,0,1293,0
21908,0,1287,0
21910,0,1279,0
21912,0,1273,0
21914,0,1267,0
21916,0,1268,0
21918,0,1271,0
21920,80210,1279,1
21922,0,1287,0
21924,0,1293,0
21926,0,1292,0
21928,0,1287,0
21930,0,1279,0
21932,0,1270,0
21934,0,1265,0
21936,0,1266,0
21938,0,1271,0
21940,0,1279,0
21942,0,1289,0
21944,0,1292,0
21946,0,1294,0
21948,0,1286,0
21950,0,1279,0
21952,0,1271,0
21954,0,1266,0
21956,0,1266,0
21958,0,1272,0
21960,80104,1280,1
21962,0,1287,0
21964,0,1292,0
21966,0,1294,0
21968,0,1289,0
21970,0,1280,0
21972,0,1272,0
21974,0,1267,0
21976,0,1267,0
21978,0,1270,0
21980,0,1279,0
21982,0,1287,0
21984,0,1293,0
21986,0,1293,0
21988,0,1287,0
21990,0,1278,0
21992,0,1272,0
21994,0,1267,0
21996,0,1268,0
21998,0,1271,0
22000,80074,1280,1
22002,0,1289,0
22004,0,1292,0
22006,0,1294,0
22008,0,1289,0
22010,0,1278,0
22012,0,1272,0
22014,0,1265,0
22016,0,1265,0
22018,0,1271,0
22020,0,1278,0
22022,0,1286,0
22024,0,1292,0
22026,0,1294,0
22028,0,1288,0
22030,0,1278,0
22032,0,1270,0
22034,0,1268,0
22036,0,1265,0
22038,0,1271,0
22040,79959,1280,1
22042,0,1286,0
22044,0,1291,0
22046,0,1292,0
22048,0,1289,0
22050,0,1279,0
22052,0,1270,0
22054,0,1267,0
22056,0,1266,0
22058,0,1272,0
22060,0,1280,0
22062,0,1286,0
22064,0,1292,0
22066,0,1293,0
22068,0,1289,0
22070,0,1281,0
22072,0,1271,0
22074,0,1266,0
22076,0,1266,0
22078,0,1272,0
22080,79912,1280,1
22082,0,1287,0
22084,0,1294,0
22086,0,1292,0
22088,0,1286,0
22090,0,1280,0
22092,0,1270,0
22094,0,1265,0
22096,0,1265,0
22098,0,1272,0
22100,0,1278,0
22102,0,1288,0
22104,0,1292,0
22106,0,1293,0
22108,0,1289,0
22110,0,1279,0
22112,0,1270,0
22114,0,1266,0
22116,0,1265,0
22118,0,1270,0
22120,79871,1280,1
22122,0,1288,0
22124,0,1291,0
22126,0,1291,0
22128,0,1286,0
22130,0,1279,0
22132,0,1270,0
22134,0,1265,0
22136,0,1266,0
22138,0,1270,0
22140,0,1278,0
22142,0,1287,0
22144,0,1292,0
22146,0,1292,0
22148,0,1288,0
22150,0,1279,0
22152,0,1270,0
22154,0,1266,0
22156,0,1267,0
22158,0,1271,0
22160,79631,1279,1
22162,0,1287,0
22164,0,1292,0
22166,0,1293,0
22168,0,1287,0
22170,0,1279,0
22172,0,1269,0
22174,0,1265,0
22176,0,1265,0
22178,0,1270,0
22180,0,1278,0
22182,0,1288,0
22184,0,1293,0
22186,0,1293,0
22188,0,1287,0
22190,0,1279,0
22192,0,1271,0
22194,0,1265,0
22196,0,1267,0
22198,0,1272,0
22200,79435,1279,1
22202,0,1287,0
22204,0,1292,0
22206,0,1291,0
22208,0,1287,0
22210,0,1278,0
22212,0,1272,0
22214,0,1264,0
22216,0,1265,0
22218,0,1272,0
22220,0,1278,0
22222,0,1287,0
22224,0,1293,0
22226,0,1292,0
22228,0,1287,0
22230,0,1280,0
22232,0,1269,0
22234,0,1267,0
22236,0,1265,0
22238,0,1269,0
22240,79206,1279,1
22242,0,1287,0
22244,0,1291,0
22246,0,1293,0
22248,0,1287,0
22250,0,1279,0
22252,0,1271,0
22254,0,1264,0
22256,0,1266,0
22258,0,1270,0
22260,0,1277,0
22262,0,1286,0
22264,0,1293,0
22266,0,1293,0
22268,0,1288,0
22270,0,1279,0
22272,0,1271,0
22274,0,1267,0
22276,0,1267,0
22278,0,1271,0
22280,78980,1280,1
22282,0,1288,0
22284,0,1293,0
22286,0,1292,0
22288,0,1286,0
22290,0,1280,0
22292,0,1272,0
22294,0,1266,0
22296,0,1265,0
22298,0,1269,0
22300,0,1277,0
22302,0,1287,0
22304,0,1291,0
22306,0,1292,0
22308,0,1286,0
22310,0,1278,0
22312,0,1271,0
22314,0,1265,0
22316,0,1266,0
22318,0,1271,0
22320,78890,1278,1
22322,0,1286,0
22324,0,1291,0
22326,0,1291,0
22328,0,1286,0
22330,0,1280,0
22332,0,1271,0
22334,0,1265,0
22336,0,1265,0
22338,0,1270,0
22340,0,1278,0
22342,0,1287,0
22344,0,1292,0
22346,0,1293,0
22348,0,1287,0
22350,0,1280,0
22352,0,1271,0
22354,0,1265,0
22356,0,1266,0
22358,0,1269,0
22360,78936,1277,1
22362,0,1286,0
22364,0,1292,0
22366,0,1292,0
22368,0,1286,0
22370,0,1280,0
22372,0,1271,0
22374,0,1265,0
22376,0,1264,0
22378,0,1271,0
22380,0,1279,0
22382,0,1286,0
22384,0,1291,0
22386,0,1292,0
22388,0,1287,0
22390,0,1277,0
22392,0,1271,0
22394,0,1266,0
22396,0,1265,0
22398,0,1270,0
22400,79141,1278,1
22402,0,1286,0
22404,0,1293,0
22406,0,1292,0
22408,0,1285,0
22410,0,1280,0
22412,0,1271,0
22414,0,1265,0
22416,0,1266,0
22418,0,1269,0
22420,0,1279,0
22422,0,1285,0
22424,0,1292,0
22426,0,1291,0
22428,0,1288,0
22430,0,1278,0
22432,0,1269,0
22434,0,1265,0
22436,0,1265,0
22438,0,1271,0
22440,79432,1277,1
22442,0,1286,0
22444,0,1292,0
22446,0,1292,0
22448,0,1287,0
22450,0,1279,0
22452,0,1270,0
22454,0,1264,0
22456,0,1265,0
22458,0,1269,0
22460,0,1278,0
22462,0,1285,0
22464,0,1293,0
22466,0,1291,0
22468,0,1286,0
22470,0,1278,0
22472,0,1269,0
22474,0,1264,0
22476,0,1265,0
22478,0,1271,0
22480,79810,1279,1
22482,0,1287,0
22484,0,1292,0
22486,0,1292,0
22488,0,1286,0
22490,0,1279,0
22492,0,1269,0
22494,0,1265,0
22496,0,1265,0
22498,0,1269,0
22500,0,1279,0
22502,0,1287,0
22504,0,1291,0
22506,0,1291,0
22508,0,1286,0
22510,0,1278,0
22512,0,1269,0
22514,0,1265,0
22516,0,1264,0
22518,0,1268,0
22520,80214,1279,1
22522,0,1287,0
22524,0,1292,0
22526,0,1291,0
22528,0,1286,0
22530,0,1277,0
22532,0,1270,0
22534,0,1265,0
22536,0,1265,0
22538,0,1269,0
22540,0,1279,0
22542,0,1286,0
22544,0,1290,0
22546,0,1290,0
22548,0,1285,0
22550,0,1277,0
22552,0,1270,0
22554,0,1265,0
22556,0,1266,0
22558,0,1269,0
22560,80668,1279,1
22562,0,1285,0
22564,0,1292,0
22566,0,1292,0
22568,0,1286,0
22570,0,1277,0
22572,0,1271,0
22574,0,1264,0
22576,0,1264,0
22578,0,1270,0
22580,0,1277,0
22582,0,1286,0
22584,0,1293,0
22586,0,1292,0
22588,0,1286,0
22590,0,1279,0
22592,0,1270,0
22594,0,1264,0
22596,0,1266,0
22598,0,1270,0
22600,80942,1278,1
22602,0,1286,0
22604,0,1293,0
22606,0,1291,0
22608,0,1285,0
22610,0,1278,0
22612,0,1268,0
22614,0,1265,0
22616,0,1264,0
22618,0,1271,0
22620,0,1277,0
22622,0,1286,0
22624,0,1290,0
22626,0,1289,0
22628,0,1286,0
22630,0,1279,0
22632,0,1269,0
22634,0,1263,0
22636,0,1264,0
22638,0,1270,0
22640,81117,1279,1
22642,0,1285,0
22644,0,1292,0
22646,0,1292,0
22648,0,1286,0
22650,0,1277,0
22652,0,1270,0
22654,0,1266,0
22656,0,1265,0
22658,0,1269,0
22660,0,1277,0
22662,0,1284,0
22664,0,1291,0
22666,0,1292,0
22668,0,1284,0
22670,0,1277,0
22672,0,1269,0
22674,0,1263,0
22676,0,1265,0
22678,0,1269,0
22680,81093,1278,1
22682,0,1287,0
22684,0,1291,0
22686,0,1289,0
22688,0,1284,0
22690,0,1278,0
22692,0,1269,0
22694,0,1265,0
22696,0,1264,0
22698,0,1270,0
22700,0,1278,0
22702,0,1284,0
22704,0,1289,0
22706,0,1291,0
22708,0,1284,0
22710,0,1279,0
22712,0,1269,0
22714,0,1264,0
22716,0,1264,0
22718,0,1268,0
22720,80993,1279,1
22722,0,1286,0
22724,0,1289,0
22726,0,1290,0
22728,0,1286,0
22730,0,1277,0
22732,0,1270,0
22734,0,1264,0
22736,0,1263,0
22738,0,1269,0
22740,0,1278,0
22742,0,1284,0
22744,0,1291,0
22746,0,1291,0
22748,0,1284,0
22750,0,1278,0
22752,0,1270,0
22754,0,1265,0
22756,0,1263,0
22758,0,1268,0
22760,80706,1278,1
22762,0,1287,0
22764,0,1292,0
22766,0,1290,0
22768,0,1286,0
22770,0,1277,0
22772,0,1267,0
22774,0,1264,0
22776,0,1263,0
22778,0,1269,0
22780,0,1277,0
22782,0,1284,0
22784,0,1289,0
22786,0,1290,0
22788,0,1286,0
22790,0,1276,0
22792,0,1267,0
22794,0,1265,0
22796,0,1264,0
22798,0,1268,0
22800,80569,1276,1
22802,0,1286,0
22804,0,1291,0
22806,0,1290,0
22808,0,1284,0
22810,0,1277,0
22812,0,1267,0
22814,0,1264,0
22816,0,1264,0
22818,0,1270,0
22820,0,1278,0
22822,0,1285,0
22824,0,1291,0
22826,0,1290,0
22828,0,1286,0
22830,0,1277,0
22832,0,1267,0
22834,0,1262,0
22836,0,1264,0
22838,0,1267,0
22840,80280,1276,1
22842,0,1285,0
22844,0,1289,0
22846,0,1290,0
22848,0,1283,0
22850,0,1276,0
22852,0,1268,0
22854,0,1262,0
22856,0,1263,0
22858,0,1268,0
22860,0,1277,0
22862,0,1285,0
22864,0,1288,0
22866,0,1291,0
22868,0,1284,0
22870,0,1276,0
22872,0,1267,0
22874,0,1263,0
22876,0,1263,0
22878,0,1267,0
22880,80114,1276,1
22882,0,1283,0
22884,0,1291,0
22886,0,1289,0
22888,0,1286,0
22890,0,1277,0
22892,0,1268,0
22894,0,1264,0
22896,0,1263,0
22898,0,1268,0
22900,0,1276,0
22902,0,1283,0
22904,0,1290,0
22906,0,1290,0
22908,0,1284,0
22910,0,1276,0
22912,0,1269,0
22914,0,1262,0
22916,0,1264,0
22918,0,1267,0
22920,80010,1276,1
22922,0,1284,0
22924,0,1290,0
22926,0,1291,0
22928,0,1285,0
22930,0,1275,0
22932,0,1266,0
22934,0,1261,0
22936,0,1262,0
22938,0,1268,0
22940,0,1277,0
22942,0,1284,0
22944,0,1289,0
22946,0,1289,0
22948,0,1284,0
22950,0,1275,0
22952,0,1267,0
22954,0,1262,0
22956,0,1263,0
22958,0,1269,0
22960,80067,1277,1
22962,0,1285,0
22964,0,1289,0
22966,0,1289,0
22968,0,1284,0
22970,0,1276,0
22972,0,1267,0
22974,0,1261,0
22976,0,1262,0
22978,0,1269,0
22980,0,1275,0
22982,0,1283,0
22984,0,1290,0
22986,0,1288,0
22988,0,1284,0
22990,0,1275,0
22992,0,1268,0
22994,0,1262,0
22996,0,1263,0
22998,0,1269,0
23000,80010,1276,1
23002,0,1284,0
23004,0,1289,0
23006,0,1290,0
23008,0,1284,0
23010,0,1274,0
23012,0,1266,0
23014,0,1263,0
23016,0,1262,0
23018,0,1266,0
23020,0,1276,0
23022,0,1284,0
23024,0,1290,0
23026,0,1288,0
23028,0,1282,0
23030,0,1274,0
23032,0,1266,0
23034,0,1262,0
23036,0,1263,0
23038,0,1266,0
23040,79875,1275,1
23042,0,1285,0
23044,0,1289,0
23046,0,1288,0
23048,0,1282,0
23050,0,1276,0
23052,0,1268,0
23054,0,1261,0
23056,0,1262,0
23058,0,1267,0
23060,0,1275,0
23062,0,1283,0
23064,0,1288,0
23066,0,1287,0
23068,0,1283,0
23070,0,1274,0
23072,0,1268,0
23074,0,1262,0
23076,0,1261,0
23078,0,1268,0
23080,79784,1275,1
23082,0,1283,0
23084,0,1288,0
23086,0,1287,0
23088,0,1284,0
23090,0,1276,0
23092,0,1266,0
23094,0,1260,0
23096,0,1262,0
23098,0,1266,0
23100,0,1276,0
23102,0,1283,0
23104,0,1289,0
23106,0,1289,0
23108,0,1283,0
23110,0,1275,0
23112,0,1267,0
23114,0,1262,0
23116,0,1261,0
23118,0,1268,0
23120,79593,1275,1
23122,0,1283,0
23124,0,1288,0
23126,0,1288,0
23128,0,1281,0
23130,0,1275,0
23132,0,1266,0
23134,0,1261,0
23136,0,1261,0
23138,0,1267,0
23140,0,1275,0
23142,0,1283,0
23144,0,1286,0
23146,0,1288,0
23148,0,1283,0
23150,0,1274,0
23152,0,1267,0
23154,0,1262,0
23156,0,1260,0
23158,0,1265,0
23160,79312,1275,1
23162,0,1281,0
23164,0,1289,0
23166,0,1286,0
23168,0,1283,0
23170,0,1275,0
23172,0,1266,0
23174,0,1261,0
23176,0,1259,0
23178,0,1265,0
23180,0,1272,0
23182,0,1282,0
23184,0,1286,0
23186,0,1287,0
23188,0,1281,0
23190,0,1273,0
23192,0,1264,0
23194,0,1261,0
23196,0,1259,0
23198,0,1264,0
23200,79092,1274,1
23202,0,1282,0
23204,0,1288,0
23206,0,1287,0
23208,0,1281,0
23210,0,1274,0
23212,0,1266,0
23214,0,1260,0
23216,0,1262,0
23218,0,1266,0
23220,0,1274,0
23222,0,1282,0
23224,0,1287,0
23226,0,1286,0
23228,0,1283,0
23230,0,1273,0
23232,0,1265,0
23234,0,1260,0
23236,0,1260,0
23238,0,1265,0
23240,78994,1275,1
23242,0,1283,0
23244,0,1287,0
23246,0,1287,0
23248,0,1283,0
23250,0,1273,0
23252,0,1265,0
23254,0,1258,0
23256,0,1259,0
23258,0,1266,0
23260,0,1273,0
23262,0,1283,0
23264,0,1286,0
23266,0,1286,0
23268,0,1283,0
23270,0,1274,0
23272,0,1266,0
23274,0,1259,0
23276,0,1259,0
23278,0,1264,0
23280,78916,1274,1
23282,0,1280,0
23284,0,1286,0
23286,0,1285,0
23288,0,1280,0
23290,0,1272,0
23292,0,1264,0
23294,0,1260,0
23296,0,1260,0
23298,0,1266,0
23300,0,1274,0
23302,0,1282,0
23304,0,1287,0
23306,0,1285,0
23308,0,1282,0
23310,0,1272,0
23312,0,1263,0
23314,0,1259,0
23316,0,1259,0
23318,0,1263,0
23320,78993,1271,1
23322,0,1281,0
23324,0,1287,0
23326,0,1287,0
23328,0,1279,0
23330,0,1272,0
23332,0,1265,0
23334,0,1258,0
23336,0,1258,0
23338,0,1263,0
23340,0,1272,0
23342,0,1282,0
23344,0,1284,0
23346,0,1284,0
23348,0,1279,0
23350,0,1273,0
23352,0,1264,0
23354,0,1257,0
23356,0,1259,0
23358,0,1262,0
23360,79233,1273,1
23362,0,1279,0
23364,0,1286,0
23366,0,1286,0
23368,0,1279,0
23370,0,1273,0
23372,0,1264,0
23374,0,1259,0
23376,0,1259,0
23378,0,1265,0
23380,0,1271,0
23382,0,1279,0
23384,0,1285,0
23386,0,1286,0
23388,0,1280,0
23390,0,1272,0
23392,0,1263,0
23394,0,1259,0
23396,0,1258,0
23398,0,1263,0
23400,79602,1272,1
23402,0,1279,0
23404,0,1286,0
23406,0,1284,0
23408,0,1278,0
23410,0,1270,0
23412,0,1263,0
23414,0,1259,0
23416,0,1257,0
23418,0,1263,0
23420,0,1271,0
23422,0,1279,0
23424,0,1285,0
23426,0,1285,0
23428,0,1280,0
23430,0,1272,0
23432,0,1264,0
23434,0,1259,0
23436,0,1258,0
23438,0,1262,0
23440,80034,1271,1
23442,0,1278,0
23444,0,1284,0
23446,0,1285,0
23448,0,1280,0
23450,0,1271,0
23452,0,1262,0
23454,0,1258,0
23456,0,1257,0
23458,0,1262,0
23460,0,1270,0
23462,0,1279,0
23464,0,1283,0
23466,0,1283,0
23468,0,1279,0
23470,0,1271,0
23472,0,1261,0
23474,0,1256,0
23476,0,1256,0
23478,0,1262,0
23480,80429,1270,1
23482,0,1278,0
23484,0,1283,0
23486,0,1283,0
23488,0,1278,0
23490,0,1270,0
23492,0,1261,0
23494,0,1257,0
23496,0,1256,0
23498,0,1262,0
23500,0,1269,0
23502,0,1278,0
23504,0,1285,0
23506,0,1283,0
23508,0,1278,0
23510,0,1269,0
23512,0,1262,0
23514,0,1256,0
23516,0,1258,0
23518,0,1260,0
23520,80798,1271,1
23522,0,1277,0
23524,0,1282,0
23526,0,1284,0
23528,0,1277,0
23530,0,1268,0
23532,0,1260,0
23534,0,1256,0
23536,0,1257,0
23538,0,1262,0
23540,0,1270,0
23542,0,1277,0
23544,0,1284,0
23546,0,1282,0
23548,0,1278,0
23550,0,1269,0
23552,0,1261,0
23554,0,1257,0
23556,0,1255,0
23558,0,1262,0
23560,81030,1271,1
23562,0,1277,0
23564,0,1284,0
23566,0,1283,0
23568,0,1277,0
23570,0,1268,0
23572,0,1261,0
23574,0,1255,0
23576,0,1255,0
23578,0,1262,0
23580,0,1268,0
23582,0,1277,0
23584,0,1281,0
23586,0,1284,0
23588,0,1276,0
23590,0,1268,0
23592,0,1261,0
23594,0,1256,0
23596,0,1256,0
23598,0,1261,0
23600,81082,1268,1
23602,0,1278,0
23604,0,1282,0
23606,0,1283,0
23608,0,1278,0
23610,0,1268,0
23612,0,1261,0
23614,0,1256,0
23616,0,1256,0
23618,0,1261,0
23620,0,1269,0
23622,0,1276,0
23624,0,1282,0
23626,0,1280,0
23628,0,1277,0
23630,0,1268,0
23632,0,1259,0
23634,0,1254,0
23636,0,1255,0
23638,0,1259,0
23640,81068,1268,1
23642,0,1277,0
23644,0,1283,0
23646,0,1281,0
23648,0,1276,0
23650,0,1269,0
23652,0,1258,0
23654,0,1254,0
23656,0,1256,0
23658,0,1259,0
23660,0,1269,0
23662,0,1278,0
23664,0,1282,0
23666,0,1280,0
23668,0,1277,0
23670,0,1269,0
23672,0,1260,0
23674,0,1254,0
23676,0,1254,0
23678,0,1258,0
23680,80914,1268,1
23682,0,1275,0
23684,0,1281,0
23686,0,1280,0
23688,0,1277,0
23690,0,1269,0
23692,0,1260,0
23694,0,1255,0
23696,0,1253,0
23698,0,1258,0
23700,0,1267,0
23702,0,1276,0
23704,0,1279,0
23706,0,1280,0
23708,0,1275,0
23710,0,1266,0
23712,0,1258,0
23714,0,1255,0
23716,0,1255,0
23718,0,1258,0
23720,80592,1267,1
23722,0,1276,0
23724,0,1281,0
23726,0,1279,0
23728,0,1275,0
23730,0,1267,0
23732,0,1258,0
23734,0,1254,0
23736,0,1254,0
23738,0,1260,0
23740,0,1268,0
23742,0,1275,0
23744,0,1280,0
23746,0,1279,0
23748,0,1274,0
23750,0,1267,0
23752,0,1257,0
23754,0,1254,0
23756,0,1254,0
23758,0,1258,0
23760,80445,1267,1
23762,0,1275,0
23764,0,1281,0
23766,0,1280,0
23768,0,1274,0
23770,0,1267,0
23772,0,1257,0
23774,0,1252,0
23776,0,1253,0
23778,0,1258,0
23780,0,1267,0
23782,0,1275,0
23784,0,1280,0
23786,0,1280,0
23788,0,1275,0
23790,0,1265,0
23792,0,1259,0
23794,0,1253,0
23796,0,1254,0
23798,0,1258,0
23800,80223,1266,1
23802,0,1274,0
23804,0,1278,0
23806,0,1278,0
23808,0,1275,0
23810,0,1266,0
23812,0,1258,0
23814,0,1253,0
23816,0,1254,0
23818,0,1258,0
23820,0,1267,0
23822,0,1273,0
23824,0,1280,0
23826,0,1277,0
23828,0,1273,0
23830,0,1266,0
23832,0,1258,0
23834,0,1253,0
23836,0,1253,0
23838,0,1258,0
23840,80130,1267,1
23842,0,1275,0
23844,0,1279,0
23846,0,1279,0
23848,0,1272,0
23850,0,1265,0
23852,0,1258,0
23854,0,1251,0
23856,0,1251,0
23858,0,1257,0
23860,0,1266,0
23862,0,1273,0
23864,0,1277,0
23866,0,1277,0
23868,0,1272,0
23870,0,1263,0
23872,0,1256,0
23874,0,1252,0
23876,0,1252,0
23878,0,1255,0
23880,79986,1265,1
23882,0,1274,0
23884,0,1277,0
23886,0,1279,0
23888,0,1273,0
23890,0,1263,0
23892,0,1256,0
23894,0,1250,0
23896,0,1251,0
23898,0,1256,0
23900,0,1264,0
23902,0,1274,0
23904,0,1277,0
23906,0,1276,0
23908,0,1271,0
23910,0,1264,0
23912,0,1257,0
23914,0,1252,0
23916,0,1251,0
23918,0,1257,0
23920,79996,1263,1
23922,0,1271,0
23924,0,1277,0
23926,0,1278,0
23928,0,1273,0
23930,0,1264,0
23932,0,1257,0
23934,0,1250,0
23936,0,1252,0
23938,0,1256,0
23940,0,1263,0
23942,0,1271,0
23944,0,1276,0
23946,0,1278,0
23948,0,1272,0
23950,0,1263,0
23952,0,1255,0
23954,0,1250,0
23956,0,1249,0
23958,0,1255,0
23960,79954,1264,1
23962,0,1272,0
23964,0,1276,0
23966,0,1275,0
23968,0,1271,0
23970,0,1262,0
23972,0,1255,0
23974,0,1249,0
23976,0,1249,0
23978,0,1255,0
23980,0,1262,0
23982,0,1271,0
23984,0,1277,0
23986,0,1275,0
23988,0,1272,0
23990,0,1262,0
23992,0,1255,0
23994,0,1250,0
23996,0,1249,0
23998,0,1256,0
24000,79786,1263,1
24002,0,1272,0
24004,0,1276,0
24006,0,1276,0
24008,0,1272,0
24010,0,1262,0
24012,0,1254,0
24014,0,1248,0
24016,0,1248,0
24018,0,1256,0
24020,0,1263,0
24022,0,1269,0
24024,0,1275,0
24026,0,1275,0
24028,0,1271,0
24030,0,1262,0
24032,0,1253,0
24034,0,1248,0
24036,0,1248,0
24038,0,1253,0
24040,79698,1262,1
24042,0,1270,0
24044,0,1274,0
24046,0,1274,0
24048,0,1269,0
24050,0,1261,0
24052,0,1253,0
24054,0,1248,0
24056,0,1247,0
24058,0,1253,0
24060,0,1263,0
24062,0,1270,0
24064,0,1276,0
24066,0,1274,0
24068,0,1269,0
24070,0,1262,0
24072,0,1252,0
24074,0,1248,0
24076,0,1249,0
24078,0,1253,0
24080,79434,1261,1
24082,0,1271,0
24084,0,1274,0
24086,0,1274,0
24088,0,1269,0
24090,0,1260,0
24092,0,1252,0
24094,0,1247,0
24096,0,1247,0
24098,0,1252,0
24100,0,1262,0
24102,0,1268,0
24104,0,1274,0
24106,0,1274,0
24108,0,1270,0
24110,0,1260,0
24112,0,1252,0
24114,0,1247,0
24116,0,1248,0
24118,0,1251,0
24120,79213,1260,1
24122,0,1268,0
24124,0,1273,0
24126,0,1273,0
24128,0,1270,0
24130,0,1260,0
24132,0,1253,0
24134,0,1246,0
24136,0,1247,0
24138,0,1254,0
24140,0,1260,0
24142,0,1269,0
24144,0,1273,0
24146,0,1274,0
24148,0,1270,0
24150,0,1261,0
24152,0,1251,0
24154,0,1246,0
24156,0,1248,0
24158,0,1251,0
24160,79068,1261,1
24162,0,1270,0
24164,0,1273,0
24166,0,1273,0
24168,0,1269,0
24170,0,1261,0
24172,0,1251,0
24174,0,1248,0
24176,0,1247,0
24178,0,1252,0
24180,0,1260,0
24182,0,1268,0
24184,0,1274,0
24186,0,1273,0
24188,0,1269,0
24190,0,1260,0
24192,0,1250,0
24194,0,1246,0
24196,0,1247,0
24198,0,1252,0
24200,78936,1259,1
24202,0,1269,0
24204,0,1272,0
24206,0,1272,0
24208,0,1269,0
24210,0,1259,0
24212,0,1251,0
24214,0,1247,0
24216,0,1247,0
24218,0,1251,0
24220,0,1259,0
24222,0,1268,0
24224,0,1271,0
24226,0,1274,0
24228,0,1267,0
24230,0,1259,0
24232,0,1250,0
24234,0,1245,0
24236,0,1246,0
24238,0,1250,0
24240,78948,1259,1
24242,0,1267,0
24244,0,1273,0
24246,0,1273,0
24248,0,1267,0
24250,0,1260,0
24252,0,1252,0
24254,0,1245,0
24256,0,1246,0
24258,0,1252,0
24260,0,1258,0
24262,0,1267,0
24264,0,1273,0
24266,0,1272,0
24268,0,1267,0
24270,0,1258,0
24272,0,1250,0
24274,0,1244,0
24276,0,1246,0
24278,0,1251,0
24280,79158,1259,1
24282,0,1265,0
24284,0,1272,0
24286,0,1270,0
24288,0,1266,0
24290,0,1257,0
24292,0,1250,0
24294,0,1245,0
24296,0,1245,0
24298,0,1249,0
24300,0,1258,0
24302,0,1266,0
24304,0,1272,0
24306,0,1271,0
24308,0,1265,0
24310,0,1257,0
24312,0,1248,0
24314,0,1245,0
24316,0,1245,0
24318,0,1250,0
24320,79485,1258,1
24322,0,1265,0
24324,0,1272,0
24326,0,1271,0
24328,0,1267,0
24330,0,1257,0
24332,0,1250,0
24334,0,1244,0
24336,0,1246,0
24338,0,1249,0
24340,0,1257,0
24342,0,1266,0
24344,0,1270,0
24346,0,1272,0
24348,0,1264,0
24350,0,1257,0
24352,0,1249,0
24354,0,1243,0
24356,0,1243,0
24358,0,1248,0
24360,79780,1258,1
24362,0,1264,0
24364,0,1270,0
24366,0,1272,0
24368,0,1266,0
24370,0,1256,0
24372,0,1248,0
24374,0,1243,0
24376,0,1243,0
24378,0,1248,0
24380,0,1257,0
24382,0,1266,0
24384,0,1269,0
24386,0,1272,0
24388,0,1264,0
24390,0,1256,0
24392,0,1249,0
24394,0,1242,0
24396,0,1242,0
24398,0,1248,0
24400,80209,1256,1
24402,0,1264,0
24404,0,1269,0
24406,0,1269,0
24408,0,1266,0
24410,0,1258,0
24412,0,1248,0
24414,0,1243,0
24416,0,1243,0
24418,0,1249,0
24420,0,1255,0
24422,0,1265,0
24424,0,1269,0
24426,0,1270,0
24428,0,1265,0
24430,0,1257,0
24432,0,1248,0
24434,0,1243,0
24436,0,1242,0
24438,0,1247,0
24440,80617,1257,1
24442,0,1264,0
24444,0,1271,0
24446,0,1269,0
24448,0,1263,0
24450,0,1255,0
24452,0,1249,0
24454,0,1243,0
24456,0,1241,0
24458,0,1249,0
24460,0,1257,0
24462,0,1264,0
24464,0,1270,0
24466,0,1268,0
24468,0,1265,0
24470,0,1255,0
24472,0,1247,0
24474,0,1243,0
24476,0,1241,0
24478,0,1248,0
24480,80884,1255,1
24482,0,1262,0
24484,0,1270,0
24486,0,1269,0
24488,0,1262,0
24490,0,1254,0
24492,0,1246,0
24494,0,1243,0
24496,0,1242,0
24498,0,1247,0
24500,0,1255,0
24502,0,1263,0
24504,0,1267,0
24506,0,1269,0
24508,0,1264,0
24510,0,1254,0
24512,0,1246,0
24514,0,1241,0
24516,0,1241,0
24518,0,1246,0
24520,81021,1255,1
24522,0,1263,0
24524,0,1270,0
24526,0,1269,0
24528,0,1262,0
24530,0,1255,0
24532,0,1246,0
24534,0,1242,0
24536,0,1242,0
24538,0,1246,0
24540,0,1254,0
24542,0,1262,0
24544,0,1268,0
24546,0,1268,0
24548,0,1262,0
24550,0,1255,0
24552,0,1247,0
24554,0,1241,0
24556,0,1241,0
24558,0,1245,0
24560,81110,1255,1
24562,0,1262,0
24564,0,1268,0
24566,0,1267,0
24568,0,1263,0
24570,0,1255,0
24572,0,1246,0
24574,0,1241,0
24576,0,1242,0
24578,0,1247,0
24580,0,1255,0
24582,0,1263,0
24584,0,1268,0
24586,0,1269,0
24588,0,1261,0
24590,0,1255,0
24592,0,1245,0
24594,0,1240,0
24596,0,1241,0
24598,0,1247,0
24600,80893,1254,1
24602,0,1264,0
24604,0,1268,0
24606,0,1266,0
24608,0,1261,0
24610,0,1254,0
24612,0,1245,0
24614,0,1240,0
24616,0,1239,0
24618,0,1247,0
24620,0,1255,0
24622,0,1262,0
24624,0,1269,0
24626,0,1267,0
24628,0,1263,0
24630,0,1255,0
24632,0,1246,0
24634,0,1239,0
24636,0,1239,0
24638,0,1244,0
24640,80772,1255,1
24642,0,1262,0
24644,0,1267,0
24646,0,1266,0
24648,0,1263,0
24650,0,1255,0
24652,0,1244,0
24654,0,1242,0
24656,0,1240,0
24658,0,1245,0
24660,0,1254,0
24662,0,1262,0
24664,0,1266,0
24666,0,1266,0
24668,0,1261,0
24670,0,1254,0
24672,0,1245,0
24674,0,1240,0
24676,0,1241,0
24678,0,1244,0
24680,80512,1252,1
24682,0,1262,0
24684,0,1266,0
24686,0,1267,0
24688,0,1260,0
24690,0,1255,0
24692,0,1245,0
24694,0,1239,0
24696,0,1241,0
24698,0,1246,0
24700,0,1253,0
24702,0,1261,0
24704,0,1267,0
24706,0,1267,0
24708,0,1261,0
24710,0,1254,0
24712,0,1246,0
24714,0,1241,0
24716,0,1239,0
24718,0,1246,0
24720,80284,1252,1
24722,0,1261,0
24724,0,1265,0
24726,0,1266,0
24728,0,1260,0
24730,0,1254,0
24732,0,1245,0
24734,0,1239,0
24736,0,1240,0
24738,0,1245,0
24740,0,1252,0
24742,0,1262,0
24744,0,1265,0
24746,0,1267,0
24748,0,1261,0
24750,0,1253,0
24752,0,1246,0
24754,0,1240,0
24756,0,1239,0
24758,0,1245,0
24760,80165,1252,1
24762,0,1262,0
24764,0,1265,0
24766,0,1266,0
24768,0,1261,0
24770,0,1252,0
24772,0,1243,0
24774,0,1241,0
24776,0,1238,0
24778,0,1245,0
24780,0,1253,0
24782,0,1260,0
24784,0,1265,0
24786,0,1265,0
24788,0,1262,0
24790,0,1252,0
24792,0,1245,0
24794,0,1240,0
24796,0,1239,0
24798,0,1243,0
24800,80060,1253,1
24802,0,1260,0
24804,0,1267,0
24806,0,1267,0
24808,0,1260,0
24810,0,1253,0
24812,0,1245,0
24814,0,1240,0
24816,0,1239,0
24818,0,1244,0
24820,0,1254,0
24822,0,1262,0
24824,0,1267,0
24826,0,1266,0
24828,0,1261,0
24830,0,1254,0
24832,0,1245,0
24834,0,1240,0
24836,0,1238,0
24838,0,1243,0
24840,80057,1254,1
24842,0,1261,0
24844,0,1264,0
24846,0,1267,0
24848,0,1260,0
24850,0,1252,0
24852,0,1243,0
24854,0,1240,0
24856,0,1238,0
24858,0,1245,0
24860,0,1253,0
24862,0,1260,0
24864,0,1266,0
24866,0,1264,0
24868,0,1262,0
24870,0,1251,0
24872,0,1245,0
24874,0,1238,0
24876,0,1239,0
24878,0,1244,0
24880,79916,1252,1
24882,0,1259,0
24884,0,1265,0
24886,0,1266,0
24888,0,1261,0
24890,0,1252,0
24892,0,1244,0
24894,0,1238,0
24896,0,1240,0
24898,0,1245,0
24900,0,1252,0
24902,0,1261,0
24904,0,1267,0
24906,0,1265,0
24908,0,1261,0
24910,0,1252,0
24912,0,1245,0
24914,0,1239,0
24916,0,1240,0
24918,0,1244,0
24920,79807,1251,1
24922,0,1261,0
24924,0,1265,0
24926,0,1267,0
24928,0,1261,0
24930,0,1251,0
24932,0,1244,0
24934,0,1239,0
24936,0,1240,0
24938,0,1245,0
24940,0,1253,0
24942,0,1260,0
24944,0,1265,0
24946,0,1266,0
24948,0,1261,0
24950,0,1252,0
24952,0,1243,0
24954,0,1240,0
24956,0,1239,0
24958,0,1243,0
24960,79744,1253,1
24962,0,1260,0
24964,0,1267,0
24966,0,1265,0
24968,0,1261,0
24970,0,1253,0
24972,0,1243,0
24974,0,1238,0
24976,0,1238,0
24978,0,1243,0
24980,0,1252,0
24982,0,1260,0
24984,0,1266,0
24986,0,1264,0
24988,0,1262,0
24990,0,1251,0
24992,0,1243,0
24994,0,1239,0
24996,0,1240,0
24998,0,1243,0
25000,79574,1251,1
25002,0,1259,0
25004,0,1265,0
25006,0,1265,0
25008,0,1261,0
25010,0,1251,0
25012,0,1243,0
25014,0,1240,0
25016,0,1237,0
25018,0,1244,0
25020,0,1252,0
25022,0,1260,0
25024,0,1264,0
25026,0,1265,0
25028,0,1259,0
25030,0,1253,0
25032,0,1245,0
25034,0,1239,0
25036,0,1237,0
25038,0,1244,0
25040,79257,1251,1
25042,0,1260,0
25044,0,1265,0
25046,0,1265,0
25048,0,1260,0
25050,0,1252,0
25052,0,1243,0
25054,0,1238,0
25056,0,1240,0
25058,0,1245,0
25060,0,1251,0
25062,0,1260,0
25064,0,1266,0
25066,0,1264,0
25068,0,1261,0
25070,0,1253,0
25072,0,1244,0
25074,0,1239,0
25076,0,1238,0
25078,0,1243,0
25080,79044,1251,1
25082,0,1261,0
25084,0,1265,0
25086,0,1264,0
25088,0,1260,0
25090,0,1253,0
25092,0,1244,0
25094,0,1238,0
25096,0,1237,0
25098,0,1243,0
25100,0,1251,0
25102,0,1261,0
25104,0,1264,0
25106,0,1265,0
25108,0,1260,0
25110,0,1252,0
25112,0,1243,0
25114,0,1238,0
25116,0,1240,0
25118,0,1245,0
25120,78884,1252,1
25122,0,1260,0
25124,0,1264,0
25126,0,1267,0
25128,0,1261,0
25130,0,1251,0
25132,0,1243,0
25134,0,1238,0
25136,0,1239,0
25138,0,1245,0
25140,0,1252,0
25142,0,1259,0
25144,0,1265,0
25146,0,1264,0
25148,0,1260,0
25150,0,1253,0
25152,0,1245,0
25154,0,1240,0
25156,0,1238,0
25158,0,1244,0
25160,78944,1252,1
25162,0,1259,0
25164,0,1266,0
25166,0,1264,0
25168,0,1259,0
25170,0,1252,0
25172,0,1243,0
25174,0,1237,0
25176,0,1239,0
25178,0,1244,0
25180,0,1253,0
25182,0,1262,0
25184,0,1267,0
25186,0,1266,0
25188,0,1262,0
25190,0,1253,0
25192,0,1244,0
25194,0,1238,0
25196,0,1238,0
25198,0,1243,0
25200,79054,1252,1
25202,0,1261,0
25204,0,1265,0
25206,0,1265,0
25208,0,1261,0
25210,0,1254,0
25212,0,1244,0
25214,0,1239,0
25216,0,1238,0
25218,0,1244,0
25220,0,1252,0
25222,0,1259,0
25224,0,1266,0
25226,0,1265,0
25228,0,1260,0
25230,0,1252,0
25232,0,1244,0
25234,0,1240,0
25236,0,1240,0
25238,0,1243,0
25240,79293,1252,1
25242,0,1262,0
25244,0,1264,0
25246,0,1266,0
25248,0,1260,0
25250,0,1252,0
25252,0,1243,0
25254,0,1238,0
25256,0,1240,0
25258,0,1245,0
25260,0,1254,0
25262,0,1261,0
25264,0,1266,0
25266,0,1265,0
25268,0,1262,0
25270,0,1253,0
25272,0,1246,0
25274,0,1240,0
25276,0,1238,0
25278,0,1244,0
25280,79631,1253,1
25282,0,1261,0
25284,0,1267,0
25286,0,1265,0
25288,0,1260,0
25290,0,1253,0
25292,0,1245,0
25294,0,1238,0
25296,0,1240,0
25298,0,1244,0
25300,0,1253,0
25302,0,1262,0
25304,0,1267,0
25306,0,1266,0
25308,0,1262,0
25310,0,1254,0
25312,0,1245,0
25314,0,1238,0
25316,0,1240,0
25318,0,1244,0
25320,80061,1252,1
25322,0,1262,0
25324,0,1267,0
25326,0,1265,0
25328,0,1261,0
25330,0,1252,0
25332,0,1246,0
25334,0,1241,0
25336,0,1240,0
25338,0,1245,0
25340,0,1254,0
25342,0,1263,0
25344,0,1266,0
25346,0,1265,0
25348,0,1261,0
25350,0,1252,0
25352,0,1244,0
25354,0,1239,0
25356,0,1240,0
25358,0,1245,0
25360,80483,1252,1
25362,0,1263,0
25364,0,1267,0
25366,0,1268,0
25368,0,1260,0
25370,0,1253,0
25372,0,1245,0
25374,0,1240,0
25376,0,1240,0
25378,0,1245,0
25380,0,1255,0
25382,0,1262,0
25384,0,1268,0
25386,0,1267,0
25388,0,1262,0
25390,0,1253,0
25392,0,1244,0
25394,0,1241,0
25396,0,1239,0
25398,0,1246,0
25400,80796,1255,1
25402,0,1262,0
25404,0,1268,0
25406,0,1268,0
25408,0,1261,0
25410,0,1253,0
25412,0,1245,0
25414,0,1239,0
25416,0,1241,0
25418,0,1245,0
25420,0,1253,0
25422,0,1263,0
25424,0,1268,0
25426,0,1267,0
25428,0,1262,0
25430,0,1254,0
25432,0,1246,0
25434,0,1239,0
25436,0,1241,0
25438,0,1247,0
25440,81067,1255,1
25442,0,1263,0
25444,0,1267,0
25446,0,1267,0
25448,0,1263,0
25450,0,1255,0
25452,0,1244,0
25454,0,1241,0
25456,0,1239,0
25458,0,1244,0
25460,0,1253,0
25462,0,1263,0
25464,0,1268,0
25466,0,1266,0
25468,0,1261,0
25470,0,1255,0
25472,0,1245,0
25474,0,1241,0
25476,0,1241,0
25478,0,1247,0
25480,81136,1254,1
25482,0,1262,0
25484,0,1267,0
25486,0,1269,0
25488,0,1263,0
25490,0,1255,0
25492,0,1246,0
25494,0,1240,0
25496,0,1242,0
25498,0,1247,0
25500,0,1255,0
25502,0,1263,0
25504,0,1269,0
25506,0,1269,0
25508,0,1262,0
25510,0,1256,0
25512,0,1246,0
25514,0,1243,0
25516,0,1240,0
25518,0,1245,0
25520,81056,1255,1
25522,0,1263,0
25524,0,1269,0
25526,0,1269,0
25528,0,1264,0
25530,0,1254,0
25532,0,1247,0
25534,0,1241,0
25536,0,1242,0
25538,0,1247,0
25540,0,1256,0
25542,0,1262,0
25544,0,1268,0
25546,0,1267,0
25548,0,1263,0
25550,0,1256,0
25552,0,1247,0
25554,0,1241,0
25556,0,1241,0
25558,0,1246,0
25560,80857,1254,1
25562,0,1265,0
25564,0,1269,0
25566,0,1269,0
25568,0,1264,0
25570,0,1255,0
25572,0,1246,0
25574,0,1243,0
25576,0,1241,0
25578,0,1247,0
25580,0,1256,0
25582,0,1263,0
25584,0,1269,0
25586,0,1268,0
25588,0,1264,0
25590,0,1256,0
25592,0,1246,0
25594,0,1243,0
25596,0,1241,0
25598,0,1247,0
25600,80593,1257,1
25602,0,1262,0
25604,0,1269,0
25606,0,1268,0
25608,0,1263,0
25610,0,1256,0
25612,0,1249,0
25614,0,1243,0
25616,0,1242,0
25618,0,1247,0
25620,0,1256,0
25622,0,1263,0
25624,0,1270,0
25626,0,1270,0
25628,0,1264,0
25630,0,1255,0
25632,0,1249,0
25634,0,1241,0
25636,0,1244,0
25638,0,1249,0
25640,80360,1257,1
25642,0,1264,0
25644,0,1270,0
25646,0,1270,0
25648,0,1266,0
25650,0,1257,0
25652,0,1249,0
25654,0,1242,0
25656,0,1244,0
25658,0,1249,0
25660,0,1255,0
25662,0,1264,0
25664,0,1271,0
25666,0,1270,0
25668,0,1266,0
25670,0,1258,0
25672,0,1248,0
25674,0,1244,0
25676,0,1242,0
25678,0,1247,0
25680,80226,1256,1
25682,0,1266,0
25684,0,1270,0
25686,0,1270,0
25688,0,1266,0
25690,0,1255,0
25692,0,1248,0
25694,0,1242,0
25696,0,1243,0
25698,0,1248,0
25700,0,1258,0
25702,0,1266,0
25704,0,1269,0
25706,0,1271,0
25708,0,1265,0
25710,0,1258,0
25712,0,1248,0
25714,0,1245,0
25716,0,1245,0
25718,0,1249,0
25720,80080,1258,1
25722,0,1264,0
25724,0,1271,0
25726,0,1271,0
25728,0,1265,0
25730,0,1257,0
25732,0,1250,0
25734,0,1245,0
25736,0,1245,0
25738,0,1251,0
25740,0,1257,0
25742,0,1267,0
25744,0,1272,0
25746,0,1270,0
25748,0,1266,0
25750,0,1256,0
25752,0,1248,0
25754,0,1244,0
25756,0,1244,0
25758,0,1248,0
25760,79984,1256,1
25762,0,1267,0
25764,0,1270,0
25766,0,1271,0
25768,0,1266,0
25770,0,1257,0
25772,0,1250,0
25774,0,1245,0
25776,0,1243,0
25778,0,1249,0
25780,0,1257,0
25782,0,1265,0
25784,0,1271,0
25786,0,1272,0
25788,0,1266,0
25790,0,1259,0
25792,0,1250,0
25794,0,1245,0
25796,0,1246,0
25798,0,1249,0
25800,79974,1259,1
25802,0,1268,0
25804,0,1270,0
25806,0,1272,0
25808,0,1268,0
25810,0,1257,0
25812,0,1251,0
25814,0,1245,0
25816,0,1244,0
25818,0,1250,0
25820,0,1259,0
25822,0,1268,0
25824,0,1272,0
25826,0,1272,0
25828,0,1266,0
25830,0,1260,0
25832,0,1250,0
25834,0,1244,0
25836,0,1246,0
25838,0,1250,0
25840,79912,1257,1
25842,0,1266,0
25844,0,1273,0
25846,0,1271,0
25848,0,1267,0
25850,0,1260,0
25852,0,1251,0
25854,0,1246,0
25856,0,1245,0
25858,0,1252,0
25860,0,1259,0
25862,0,1268,0
25864,0,1271,0
25866,0,1272,0
25868,0,1268,0
25870,0,1258,0
25872,0,1252,0
25874,0,1245,0
25876,0,1247,0
25878,0,1250,0
25880,79739,1259,1
25882,0,1268,0
25884,0,1274,0
25886,0,1272,0
25888,0,1268,0
25890,0,1260,0
25892,0,1252,0
25894,0,1245,0
25896,0,1247,0
25898,0,1252,0
25900,0,1259,0
25902,0,1269,0
25904,0,1274,0
25906,0,1272,0
25908,0,1269,0
25910,0,1258,0
25912,0,1251,0
25914,0,1246,0
25916,0,1248,0
25918,0,1252,0
25920,79613,1260,1
25922,0,1268,0
25924,0,1272,0
25926,0,1272,0
25928,0,1269,0
25930,0,1260,0
25932,0,1253,0
25934,0,1248,0
25936,0,1246,0
25938,0,1253,0
25940,0,1261,0
25942,0,1268,0
25944,0,1274,0
25946,0,1275,0
25948,0,1268,0
25950,0,1260,0
25952,0,1252,0
25954,0,1247,0
25956,0,1247,0
25958,0,1253,0
25960,79361,1261,1
25962,0,1269,0
25964,0,1274,0
25966,0,1272,0
25968,0,1268,0
25970,0,1260,0
25972,0,1252,0
25974,0,1248,0
25976,0,1247,0
25978,0,1251,0
25980,0,1262,0
25982,0,1269,0
25984,0,1274,0
25986,0,1274,0
25988,0,1270,0
25990,0,1260,0
25992,0,1251,0
25994,0,1246,0
25996,0,1246,0
25998,0,1253,0
26000,79171,1260,1
26002,0,1270,0
26004,0,1276,0
26006,0,1275,0
26008,0,1271,0
26010,0,1261,0
26012,0,1252,0
26014,0,1248,0
26016,0,1249,0
26018,0,1253,0
26020,0,1260,0
26022,0,1269,0
26024,0,1275,0
26026,0,1274,0
26028,0,1269,0
26030,0,1261,0
26032,0,1253,0
26034,0,1249,0
26036,0,1247,0
26038,0,1254,0
26040,79017,1263,1
26042,0,1270,0
26044,0,1275,0
26046,0,1276,0
26048,0,1270,0
26050,0,1262,0
26052,0,1254,0
26054,0,1249,0
26056,0,1248,0
26058,0,1255,0
26060,0,1261,0
26062,0,1271,0
26064,0,1276,0
26066,0,1274,0
26068,0,1269,0
26070,0,1262,0
26072,0,1253,0
26074,0,1250,0
26076,0,1250,0
26078,0,1254,0
26080,78966,1262,1
26082,0,1270,0
26084,0,1276,0
26086,0,1276,0
26088,0,1269,0
26090,0,1262,0
26092,0,1255,0
26094,0,1248,0
26096,0,1248,0
26098,0,1254,0
26100,0,1262,0
26102,0,1272,0
26104,0,1276,0
26106,0,1277,0
26108,0,1271,0
26110,0,1262,0
26112,0,1254,0
26114,0,1249,0
26116,0,1248,0
26118,0,1254,0
26120,79011,1262,1
26122,0,1270,0
26124,0,1277,0
26126,0,1277,0
26128,0,1270,0
26130,0,1262,0
26132,0,1254,0
26134,0,1250,0
26136,0,1250,0
26138,0,1255,0
26140,0,1263,0
26142,0,1271,0
26144,0,1277,0
26146,0,1278,0
26148,0,1273,0
26150,0,1262,0
26152,0,1256,0
26154,0,1250,0
26156,0,1251,0
26158,0,1254,0
26160,79151,1264,1
26162,0,1271,0
26164,0,1276,0
26166,0,1276,0
26168,0,1273,0
26170,0,1265,0
26172,0,1255,0
26174,0,1249,0
26176,0,1250,0
26178,0,1256,0
26180,0,1264,0
26182,0,1273,0
26184,0,1277,0
26186,0,1277,0
26188,0,1273,0
26190,0,1265,0
26192,0,1256,0
26194,0,1252,0
26196,0,1252,0
26198,0,1256,0
26200,79532,1262,1
26202,0,1271,0
26204,0,1278,0
26206,0,1276,0
26208,0,1272,0
26210,0,1263,0
26212,0,1255,0
26214,0,1250,0
26216,0,1250,0
26218,0,1257,0
26220,0,1263,0
26222,0,1274,0
26224,0,1276,0
26226,0,1276,0
26228,0,1272,0
26230,0,1265,0
26232,0,1256,0
26234,0,1250,0
26236,0,1251,0
26238,0,1256,0
26240,79928,1263,1
26242,0,1274,0
26244,0,1278,0
26246,0,1279,0
26248,0,1272,0
26250,0,1264,0
26252,0,1257,0
26254,0,1251,0
26256,0,1252,0
26258,0,1256,0
26260,0,1265,0
26262,0,1273,0
26264,0,1277,0
26266,0,1278,0
26268,0,1273,0
26270,0,1266,0
26272,0,1258,0
26274,0,1250,0
26276,0,1252,0
26278,0,1257,0
26280,80287,1263,1
26282,0,1273,0
26284,0,1278,0
26286,0,1278,0
26288,0,1274,0
26290,0,1265,0
26292,0,1258,0
26294,0,1252,0
26296,0,1252,0
26298,0,1258,0
26300,0,1265,0
26302,0,1272,0
26304,0,1277,0
26306,0,1277,0
26308,0,1275,0
26310,0,1266,0
26312,0,1256,0
26314,0,1251,0
26316,0,1251,0
26318,0,1256,0
26320,80742,1266,1
26322,0,1275,0
26324,0,1278,0
26326,0,1279,0
26328,0,1273,0
26330,0,1267,0
26332,0,1257,0
26334,0,1253,0
26336,0,1253,0
26338,0,1258,0
26340,0,1265,0
26342,0,1274,0
26344,0,1278,0
26346,0,1278,0
26348,0,1274,0
26350,0,1265,0
26352,0,1259,0
26354,0,1254,0
26356,0,1254,0
26358,0,1259,0
26360,80949,1267,1
26362,0,1274,0
26364,0,1280,0
26366,0,1279,0
26368,0,1275,0
26370,0,1266,0
26372,0,1259,0
26374,0,1252,0
26376,0,1252,0
26378,0,1258,0
26380,0,1265,0
26382,0,1275,0
26384,0,1280,0
26386,0,1280,0
26388,0,1275,0
26390,0,1265,0
26392,0,1259,0
26394,0,1254,0
26396,0,1252,0
26398,0,1258,0
26400,81074,1265,1
26402,0,1275,0
26404,0,1279,0
26406,0,1281,0
26408,0,1276,0
26410,0,1265,0
26412,0,1259,0
26414,0,1253,0
26416,0,1253,0
26418,0,1258,0
26420,0,1267,0
26422,0,1274,0
26424,0,1279,0
26426,0,1281,0
26428,0,1275,0
26430,0,1267,0
26432,0,1259,0
26434,0,1255,0
26436,0,1253,0
26438,0,1260,0
26440,81030,1266,1
26442,0,1275,0
26444,0,1279,0
26446,0,1281,0
26448,0,1276,0
26450,0,1268,0
26452,0,1259,0
26454,0,1255,0
26456,0,1254,0
26458,0,1260,0
26460,0,1268,0
26462,0,1275,0
26464,0,1281,0
26466,0,1280,0
26468,0,1274,0
26470,0,1268,0
26472,0,1259,0
26474,0,1254,0
26476,0,1255,0
26478,0,1258,0
26480,80936,1268,1
26482,0,1276,0
26484,0,1282,0
26486,0,1280,0
26488,0,1276,0
26490,0,1267,0
26492,0,1259,0
26494,0,1255,0
26496,0,1254,0
26498,0,1259,0
26500,0,1268,0
26502,0,1277,0
26504,0,1280,0
26506,0,1281,0
26508,0,1276,0
26510,0,1269,0
26512,0,1259,0
26514,0,1253,0
26516,0,1255,0
26518,0,1260,0
26520,80662,1269,1
26522,0,1277,0
26524,0,1282,0
26526,0,1281,0
26528,0,1276,0
26530,0,1269,0
26532,0,1260,0
26534,0,1255,0
26536,0,1254,0
26538,0,1261,0
26540,0,1267,0
26542,0,1275,0
26544,0,1281,0
26546,0,1283,0
26548,0,1277,0
26550,0,1269,0
26552,0,1259,0
26554,0,1255,0
26556,0,1255,0
26558,0,1261,0
26560,80442,1268,1
26562,0,1276,0
26564,0,1282,0
26566,0,1281,0
26568,0,1277,0
26570,0,1269,0
26572,0,1260,0
26574,0,1255,0
26576,0,1255,0
26578,0,1260,0
26580,0,1268,0
26582,0,1275,0
26584,0,1281,0
26586,0,1283,0
26588,0,1275,0
26590,0,1268,0
26592,0,1260,0
26594,0,1255,0
26596,0,1256,0
26598,0,1259,0
26600,80289,1267,1
26602,0,1278,0
26604,0,1283,0
26606,0,1282,0
26608,0,1278,0
26610,0,1269,0
26612,0,1261,0
26614,0,1257,0
26616,0,1255,0
26618,0,1259,0
26620,0,1269,0
26622,0,1277,0
26624,0,1282,0
26626,0,1283,0
26628,0,1276,0
26630,0,1270,0
26632,0,1262,0
26634,0,1257,0
26636,0,1255,0
26638,0,1262,0
26640,80124,1269,1
26642,0,1276,0
26644,0,1282,0
26646,0,1282,0
26648,0,1277,0
26650,0,1270,0
26652,0,1262,0
26654,0,1256,0
26656,0,1255,0
26658,0,1260,0
26660,0,1269,0
26662,0,1277,0
26664,0,1284,0
26666,0,1282,0
26668,0,1277,0
26670,0,1269,0
26672,0,1262,0
26674,0,1255,0
26676,0,1256,0
26678,0,1262,0
26680,80017,1269,1
26682,0,1278,0
26684,0,1282,0
26686,0,1282,0
26688,0,1278,0
26690,0,1271,0
26692,0,1261,0
26694,0,1257,0
26696,0,1258,0
26698,0,1260,0
26700,0,1270,0
26702,0,1277,0
26704,0,1284,0
26706,0,1282,0
26708,0,1278,0
26710,0,1269,0
26712,0,1262,0
26714,0,1256,0
26716,0,1256,0
26718,0,1262,0
26720,79977,1270,1
26722,0,1277,0
26724,0,1284,0
26726,0,1284,0
26728,0,1277,0
26730,0,1269,0
26732,0,1261,0
26734,0,1257,0
26736,0,1258,0
26738,0,1261,0
26740,0,1269,0
26742,0,1277,0
26744,0,1283,0
26746,0,1284,0
26748,0,1278,0
26750,0,1270,0
26752,0,1262,0
26754,0,1258,0
26756,0,1256,0
26758,0,1261,0
26760,79963,1271,1
26762,0,1280,0
26764,0,1282,0
26766,0,1283,0
26768,0,1280,0
26770,0,1271,0
26772,0,1263,0
26774,0,1258,0
26776,0,1257,0
26778,0,1262,0
26780,0,1271,0
26782,0,1280,0
26784,0,1282,0
26786,0,1284,0
26788,0,1277,0
26790,0,1271,0
26792,0,1261,0
26794,0,1257,0
26796,0,1256,0
26798,0,1263,0
26800,79830,1270,1
26802,0,1278,0
26804,0,1283,0
26806,0,1283,0
26808,0,1278,0
26810,0,1272,0
26812,0,1263,0
26814,0,1256,0
26816,0,1258,0
26818,0,1264,0
26820,0,1272,0
26822,0,1279,0
26824,0,1283,0
26826,0,1284,0
26828,0,1280,0
26830,0,1270,0
26832,0,1263,0
26834,0,1258,0
26836,0,1258,0
26838,0,1261,0
26840,79648,1271,1
26842,0,1279,0
26844,0,1285,0
26846,0,1285,0
26848,0,1280,0
26850,0,1271,0
26852,0,1261,0
26854,0,1258,0
26856,0,1259,0
26858,0,1263,0
26860,0,1272,0
26862,0,1280,0
26864,0,1283,0
26866,0,1284,0
26868,0,1279,0
26870,0,1272,0
26872,0,1263,0
26874,0,1259,0
26876,0,1257,0
26878,0,1262,0
26880,79476,1272,1
26882,0,1280,0
26884,0,1285,0
26886,0,1284,0
26888,0,1280,0
26890,0,1272,0
26892,0,1263,0
26894,0,1258,0
26896,0,1257,0
26898,0,1262,0
26900,0,1270,0
26902,0,1280,0
26904,0,1283,0
26906,0,1284,0
26908,0,1278,0
26910,0,1273,0
26912,0,1263,0
26914,0,1259,0
26916,0,1259,0
26918,0,1262,0
26920,79225,1271,1
26922,0,1281,0
26924,0,1286,0
26926,0,1285,0
26928,0,1279,0
26930,0,1271,0
26932,0,1263,0
26934,0,1258,0
26936,0,1259,0
26938,0,1263,0
26940,0,1272,0
26942,0,1279,0
26944,0,1285,0
26946,0,1286,0
26948,0,1281,0
26950,0,1270,0
26952,0,1265,0
26954,0,1259,0
26956,0,1257,0
26958,0,1263,0
26960,79115,1271,1
26962,0,1279,0
26964,0,1286,0
26966,0,1284,0
26968,0,1279,0
26970,0,1273,0
26972,0,1264,0
26974,0,1258,0
26976,0,1259,0
26978,0,1262,0
26980,0,1273,0
26982,0,1279,0
26984,0,1286,0
26986,0,1285,0
26988,0,1280,0
26990,0,1271,0
26992,0,1265,0
26994,0,1257,0
26996,0,1259,0
26998,0,1262,0
27000,78918,1271,1
27002,0,1279,0
27004,0,1286,0
27006,0,1286,0
27008,0,1280,0
27010,0,1272,0
27012,0,1264,0
27014,0,1258,0
27016,0,1258,0
27018,0,1265,0
27020,0,1271,0
27022,0,1280,0
27024,0,1285,0
27026,0,1285,0
27028,0,1281,0
27030,0,1273,0
27032,0,1265,0
27034,0,1259,0
27036,0,1260,0
27038,0,1263,0
27040,78898,1273,1
27042,0,1282,0
27044,0,1286,0
27046,0,1285,0
27048,0,1279,0
27050,0,1273,0
27052,0,1262,0
27054,0,1258,0
27056,0,1258,0
27058,0,1263,0
27060,0,1273,0
27062,0,1280,0
27064,0,1286,0
27066,0,1285,0
27068,0,1280,0
27070,0,1272,0
27072,0,1263,0
27074,0,1259,0
27076,0,1259,0
27078,0,1265,0
27080,79006,1271,1
27082,0,1280,0
27084,0,1286,0
27086,0,1285,0
27088,0,1279,0
27090,0,1271,0
27092,0,1264,0
27094,0,1259,0
27096,0,1258,0
27098,0,1264,0
27100,0,1273,0
27102,0,1281,0
27104,0,1286,0
27106,0,1287,0
27108,0,1282,0
27110,0,1272,0
27112,0,1264,0
27114,0,1258,0
27116,0,1259,0
27118,0,1265,0
27120,79358,1273,1
27122,0,1280,0
27124,0,1284,0
27126,0,1287,0
27128,0,1282,0
27130,0,1273,0
27132,0,1264,0
27134,0,1259,0
27136,0,1258,0
27138,0,1263,0
27140,0,1274,0
27142,0,1281,0
27144,0,1286,0
27146,0,1287,0
27148,0,1282,0
27150,0,1271,0
27152,0,1266,0
27154,0,1259,0
27156,0,1259,0
27158,0,1266,0
27160,79662,1273,1
27162,0,1281,0
27164,0,1287,0
27166,0,1287,0
27168,0,1279,0
27170,0,1274,0
27172,0,1265,0
27174,0,1258,0
27176,0,1259,0
27178,0,1265,0
27180,0,1273,0
27182,0,1281,0
27184,0,1287,0
27186,0,1285,0
27188,0,1281,0
27190,0,1273,0
27192,0,1263,0
27194,0,1260,0
27196,0,1259,0
27198,0,1265,0
27200,80135,1271,1
27202,0,1280,0
27204,0,1287,0
27206,0,1287,0
27208,0,1283,0
27210,0,1272,0
27212,0,1264,0
27214,0,1260,0
27216,0,1260,0
27218,0,1266,0
27220,0,1274,0
27222,0,1282,0
27224,0,1286,0
27226,0,1285,0
27228,0,1282,0
27230,0,1273,0
27232,0,1264,0
27234,0,1259,0
27236,0,1260,0
27238,0,1264,0
27240,80505,1272,1
27242,0,1282,0
27244,0,1287,0
27246,0,1285,0
27248,0,1283,0
27250,0,1274,0
27252,0,1265,0
27254,0,1260,0
27256,0,1260,0
27258,0,1266,0
27260,0,1274,0
27262,0,1280,0
27264,0,1287,0
27266,0,1287,0
27268,0,1280,0
27270,0,1274,0
27272,0,1264,0
27274,0,1259,0
27276,0,1261,0
27278,0,1266,0
27280,80827,1274,1
27282,0,1281,0
27284,0,1287,0
27286,0,1286,0
27288,0,1280,0
27290,0,1273,0
27292,0,1265,0
27294,0,1261,0
27296,0,1261,0
27298,0,1266,0
27300,0,1272,0
27302,0,1280,0
27304,0,1286,0
27306,0,1287,0
27308,0,1282,0
27310,0,1272,0
27312,0,1264,0
27314,0,1260,0
27316,0,1260,0
27318,0,1266,0
27320,81068,1275,1
27322,0,1281,0
27324,0,1287,0
27326,0,1286,0
27328,0,1280,0
27330,0,1273,0
27332,0,1264,0
27334,0,1261,0
27336,0,1260,0
27338,0,1266,0
27340,0,1272,0
27342,0,1282,0
27344,0,1288,0
27346,0,1286,0
27348,0,1281,0
27350,0,1275,0
27352,0,1266,0
27354,0,1259,0
27356,0,1259,0
27358,0,1266,0
27360,81064,1274,1
27362,0,1281,0
27364,0,1287,0
27366,0,1285,0
27368,0,1281,0
27370,0,1274,0
27372,0,1265,0
27374,0,1259,0
27376,0,1260,0
27378,0,1266,0
27380,0,1274,0
27382,0,1281,0
27384,0,1288,0
27386,0,1288,0
27388,0,1281,0
27390,0,1274,0
27392,0,1265,0
27394,0,1259,0
27396,0,1260,0
27398,0,1264,0
27400,80997,1272,1
27402,0,1282,0
27404,0,1286,0
27406,0,1287,0
27408,0,1281,0
27410,0,1273,0
27412,0,1265,0
27414,0,1259,0
27416,0,1259,0
27418,0,1266,0
27420,0,1274,0
27422,0,1281,0
27424,0,1286,0
27426,0,1287,0
27428,0,1282,0
27430,0,1275,0
27432,0,1266,0
27434,0,1260,0
27436,0,1262,0
27438,0,1266,0
27440,80832,1274,1
27442,0,1281,0
27444,0,1287,0
27446,0,1286,0
27448,0,1280,0
27450,0,1275,0
27452,0,1266,0
27454,0,1262,0
27456,0,1259,0
27458,0,1267,0
27460,0,1272,0
27462,0,1283,0
27464,0,1288,0
27466,0,1286,0
27468,0,1281,0
27470,0,1275,0
27472,0,1266,0
27474,0,1260,0
27476,0,1260,0
27478,0,1266,0
27480,80532,1272,1
27482,0,1283,0
27484,0,1287,0
27486,0,1287,0
27488,0,1281,0
27490,0,1274,0
27492,0,1266,0
27494,0,1259,0
27496,0,1261,0
27498,0,1266,0
27500,0,1274,0
27502,0,1282,0
27504,0,1286,0
27506,0,1288,0
27508,0,1281,0
27510,0,1273,0
27512,0,1267,0
27514,0,1260,0
27516,0,1261,0
27518,0,1265,0
27520,80310,1274,1
27522,0,1283,0
27524,0,1286,0
27526,0,1287,0
27528,0,1281,0
27530,0,1275,0
27532,0,1266,0
27534,0,1262,0
27536,0,1261,0
27538,0,1265,0
27540,0,1273,0
27542,0,1281,0
27544,0,1287,0
27546,0,1288,0
27548,0,1283,0
27550,0,1273,0
27552,0,1265,0
27554,0,1260,0
27556,0,1261,0
27558,0,1264,0
27560,80209,1274,1
27562,0,1283,0
27564,0,1286,0
27566,0,1287,0
27568,0,1282,0
27570,0,1275,0
27572,0,1265,0
27574,0,1262,0
27576,0,1261,0
27578,0,1266,0
27580,0,1275,0
27582,0,1282,0
27584,0,1286,0
27586,0,1288,0
27588,0,1281,0
27590,0,1274,0
27592,0,1267,0
27594,0,1260,0
27596,0,1261,0
27598,0,1266,0
27600,80034,1274,1
27602,0,1281,0
27604,0,1288,0
27606,0,1288,0
27608,0,1282,0
27610,0,1273,0
27612,0,1266,0
27614,0,1259,0
27616,0,1261,0
27618,0,1265,0
27620,0,1274,0
27622,0,1281,0
27624,0,1289,0
27626,0,1287,0
27628,0,1283,0
27630,0,1274,0
27632,0,1267,0
27634,0,1260,0
27636,0,1262,0
27638,0,1264,0
27640,80073,1274,1
27642,0,1282,0
27644,0,1288,0
27646,0,1287,0
27648,0,1281,0
27650,0,1274,0
27652,0,1266,0
27654,0,1260,0
27656,0,1261,0
27658,0,1266,0
27660,0,1275,0
27662,0,1282,0
27664,0,1288,0
27666,0,1287,0
27668,0,1283,0
27670,0,1274,0
27672,0,1264,0
27674,0,1262,0
27676,0,1262,0
27678,0,1267,0
27680,79960,1274,1
27682,0,1282,0
27684,0,1286,0
27686,0,1286,0
27688,0,1281,0
27690,0,1275,0
27692,0,1265,0
27694,0,1259,0
27696,0,1260,0
27698,0,1266,0
27700,0,1274,0
27702,0,1281,0
27704,0,1287,0
27706,0,1287,0
27708,0,1281,0
27710,0,1274,0
27712,0,1267,0
27714,0,1260,0
27716,0,1260,0
27718,0,1266,0
27720,79888,1274,1
27722,0,1281,0
27724,0,1287,0
27726,0,1286,0
27728,0,1281,0
27730,0,1274,0
27732,0,1266,0
27734,0,1259,0
27736,0,1262,0
27738,0,1266,0
27740,0,1274,0
27742,0,1282,0
27744,0,1288,0
27746,0,1287,0
27748,0,1282,0
27750,0,1274,0
27752,0,1265,0
27754,0,1262,0
27756,0,1260,0
27758,0,1264,0
27760,79801,1275,1
27762,0,1282,0
27764,0,1286,0
27766,0,1287,0
27768,0,1283,0
27770,0,1273,0
27772,0,1266,0
27774,0,1261,0
27776,0,1260,0
27778,0,1266,0
27780,0,1273,0
27782,0,1281,0
27784,0,1286,0
27786,0,1287,0
27788,0,1282,0
27790,0,1274,0
27792,0,1266,0
27794,0,1261,0
27796,0,1261,0
27798,0,1267,0
27800,79602,1275,1
27802,0,1281,0
27804,0,1288,0
27806,0,1288,0
27808,0,1281,0
27810,0,1273,0
27812,0,1267,0
27814,0,1260,0
27816,0,1261,0
27818,0,1266,0
27820,0,1273,0
27822,0,1282,0
27824,0,1289,0
27826,0,1288,0
27828,0,1282,0
27830,0,1273,0
27832,0,1265,0
27834,0,1259,0
27836,0,1260,0
27838,0,1267,0
27840,79372,1274,1
27842,0,1282,0
27844,0,1286,0
27846,0,1286,0
27848,0,1281,0
27850,0,1273,0
27852,0,1265,0
27854,0,1260,0
27856,0,1261,0
27858,0,1266,0
27860,0,1273,0
27862,0,1281,0
27864,0,1287,0
27866,0,1287,0
27868,0,1282,0
27870,0,1275,0
27872,0,1267,0
27874,0,1261,0
27876,0,1261,0
27878,0,1266,0
27880,79161,1273,1
27882,0,1283,0
27884,0,1287,0
27886,0,1287,0
27888,0,1281,0
27890,0,1273,0
27892,0,1266,0
27894,0,1260,0
27896,0,1262,0
27898,0,1265,0
27900,0,1273,0
27902,0,1283,0
27904,0,1288,0
27906,0,1286,0
27908,0,1283,0
27910,0,1275,0
27912,0,1265,0
27914,0,1261,0
27916,0,1261,0
27918,0,1265,0
27920,79004,1274,1
27922,0,1282,0
27924,0,1288,0
27926,0,1287,0
27928,0,1281,0
27930,0,1273,0
27932,0,1265,0
27934,0,1261,0
27936,0,1261,0
27938,0,1267,0
27940,0,1273,0
27942,0,1282,0
27944,0,1287,0
27946,0,1288,0
27948,0,1282,0
27950,0,1273,0
27952,0,1267,0
27954,0,1260,0
27956,0,1260,0
27958,0,1266,0
27960,78963,1275,1
27962,0,1281,0
27964,0,1288,0
27966,0,1289,0
27968,0,1283,0
27970,0,1274,0
27972,0,1265,0
27974,0,1261,0
27976,0,1260,0
27978,0,1265,0
27980,0,1273,0
27982,0,1282,0
27984,0,1288,0
27986,0,1286,0
27988,0,1283,0
27990,0,1274,0
27992,0,1266,0
27994,0,1261,0
27996,0,1260,0
27998,0,1267,0
28000,79028,1274,1
28002,0,1281,0
28004,0,1288,0
28006,0,1286,0
28008,0,1282,0
28010,0,1273,0
28012,0,1266,0
28014,0,1262,0
28016,0,1260,0
28018,0,1264,0
28020,0,1273,0
28022,0,1284,0
28024,0,1286,0
28026,0,1288,0
28028,0,1284,0
28030,0,1273,0
28032,0,1267,0
28034,0,1260,0
28036,0,1260,0
28038,0,1265,0
28040,79149,1275,1
28042,0,1283,0
28044,0,1288,0
28046,0,1287,0
28048,0,1282,0
28050,0,1273,0
28052,0,1266,0
28054,0,1261,0
28056,0,1261,0
28058,0,1265,0
28060,0,1274,0
28062,0,1281,0
28064,0,1287,0
28066,0,1288,0
28068,0,1283,0
28070,0,1273,0
28072,0,1265,0
28074,0,1260,0
28076,0,1260,0
28078,0,1267,0
28080,79581,1275,1
28082,0,1281,0
28084,0,1288,0
28086,0,1286,0
28088,0,1281,0
28090,0,1274,0
28092,0,1265,0
28094,0,1261,0
28096,0,1260,0
28098,0,1266,0
28100,0,1274,0
28102,0,1282,0
28104,0,1286,0
28106,0,1286,0
28108,0,1284,0
28110,0,1275,0
28112,0,1267,0
28114,0,1262,0
28116,0,1260,0
28118,0,1267,0
28120,79977,1274,1
28122,0,1282,0
28124,0,1286,0
28126,0,1287,0
28128,0,1281,0
28130,0,1274,0
28132,0,1266,0
28134,0,1261,0
28136,0,1260,0
28138,0,1267,0
28140,0,1273,0
28142,0,1283,0
28144,0,1287,0
28146,0,1288,0
28148,0,1281,0
28150,0,1274,0
28152,0,1266,0
28154,0,1262,0
28156,0,1262,0
28158,0,1267,0
28160,80409,1274,1
28162,0,1282,0
28164,0,1286,0
28166,0,1287,0
28168,0,1281,0
28170,0,1275,0
28172,0,1266,0
28174,0,1261,0
28176,0,1260,0
28178,0,1267,0
28180,0,1273,0
28182,0,1283,0
28184,0,1288,0
28186,0,1286,0
28188,0,1281,0
28190,0,1273,0
28192,0,1265,0
28194,0,1261,0
28196,0,1260,0
28198,0,1266,0
28200,80698,1274,1
28202,0,1281,0
28204,0,1288,0
28206,0,1289,0
28208,0,1282,0
28210,0,1275,0
28212,0,1265,0
28214,0,1260,0
28216,0,1262,0
28218,0,1265,0
28220,0,1275,0
28222,0,1283,0
28224,0,1287,0
28226,0,1289,0
28228,0,1282,0
28230,0,1274,0
28232,0,1266,0
28234,0,1262,0
28236,0,1260,0
28238,0,1266,0
28240,80935,1275,1
28242,0,1282,0
28244,0,1288,0
28246,0,1287,0
28248,0,1283,0
28250,0,1274,0
28252,0,1266,0
28254,0,1260,0
28256,0,1259,0
28258,0,1266,0
28260,0,1273,0
28262,0,1283,0
28264,0,1287,0
28266,0,1287,0
28268,0,1281,0
28270,0,1273,0
28272,0,1266,0
28274,0,1260,0
28276,0,1261,0
28278,0,1265,0
28280,81099,1275,1
28282,0,1281,0
28284,0,1286,0
28286,0,1287,0
28288,0,1282,0
28290,0,1273,0
28292,0,1265,0
28294,0,1262,0
28296,0,1262,0
28298,0,1266,0
28300,0,1275,0
28302,0,1282,0
28304,0,1287,0
28306,0,1288,0
28308,0,1282,0
28310,0,1275,0
28312,0,1266,0
28314,0,1262,0
28316,0,1261,0
28318,0,1266,0
28320,81038,1273,1
28322,0,1281,0
28324,0,1287,0
28326,0,1288,0
28328,0,1282,0
28330,0,1274,0
28332,0,1265,0
28334,0,1260,0
28336,0,1260,0
28338,0,1267,0
28340,0,1273,0
28342,0,1281,0
28344,0,1287,0
28346,0,1288,0
28348,0,1281,0
28350,0,1273,0
28352,0,1264,0
28354,0,1262,0
28356,0,1261,0
28358,0,1264,0
28360,80885,1275,1
28362,0,1283,0
28364,0,1288,0
28366,0,1287,0
28368,0,1282,0
28370,0,1274,0
28372,0,1266,0
28374,0,1261,0
28376,0,1261,0
28378,0,1265,0
28380,0,1273,0
28382,0,1283,0
28384,0,1286,0
28386,0,1286,0
28388,0,1282,0
28390,0,1273,0
28392,0,1264,0
28394,0,1260,0
28396,0,1260,0
28398,0,1265,0
28400,80727,1275,1
28402,0,1282,0
28404,0,1289,0
28406,0,1287,0
28408,0,1282,0
28410,0,1273,0
28412,0,1264,0
28414,0,1261,0
28416,0,1262,0
28418,0,1266,0
28420,0,1274,0
28422,0,1282,0
28424,0,1288,0
28426,0,1288,0
28428,0,1281,0
28430,0,1273,0
28432,0,1265,0
28434,0,1260,0
28436,0,1260,0
28438,0,1266,0
28440,80441,1275,1
28442,0,1282,0
28444,0,1286,0
28446,0,1287,0
28448,0,1283,0
28450,0,1273,0
28452,0,1266,0
28454,0,1259,0
28456,0,1262,0
28458,0,1266,0
28460,0,1272,0
28462,0,1282,0
28464,0,1287,0
28466,0,1287,0
28468,0,1281,0
28470,0,1275,0
28472,0,1267,0
28474,0,1260,0
28476,0,1259,0
28478,0,1267,0
28480,80267,1274,1
28482,0,1281,0
28484,0,1287,0
28486,0,1287,0
28488,0,1281,0
28490,0,1274,0
28492,0,1266,0
28494,0,1260,0
28496,0,1261,0
28498,0,1267,0
28500,0,1273,0
28502,0,1281,0
28504,0,1287,0
28506,0,1287,0
28508,0,1281,0
28510,0,1274,0
28512,0,1265,0
28514,0,1260,0
28516,0,1261,0
28518,0,1266,0
28520,80101,1273,1
28522,0,1283,0
28524,0,1288,0
28526,0,1286,0
28528,0,1282,0
28530,0,1274,0
28532,0,1266,0
28534,0,1260,0
28536,0,1260,0
28538,0,1264,0
28540,0,1273,0
28542,0,1283,0
28544,0,1286,0
28546,0,1288,0
28548,0,1282,0
28550,0,1275,0
28552,0,1266,0
28554,0,1259,0
28556,0,1259,0
28558,0,1265,0
28560,80029,1273,1
28562,0,1282,0
28564,0,1288,0
28566,0,1287,0
28568,0,1282,0
28570,0,1274,0
28572,0,1265,0
28574,0,1260,0
28576,0,1262,0
28578,0,1266,0
28580,0,1273,0
28582,0,1282,0
28584,0,1286,0
28586,0,1288,0
28588,0,1283,0
28590,0,1273,0
28592,0,1267,0
28594,0,1259,0
28596,0,1259,0
28598,0,1264,0
28600,80036,1273,1
28602,0,1283,0
28604,0,1286,0
28606,0,1286,0
28608,0,1282,0
28610,0,1274,0
28612,0,1264,0
28614,0,1261,0
28616,0,1262,0
28618,0,1266,0
28620,0,1273,0
28622,0,1281,0
28624,0,1288,0
28626,0,1286,0
28628,0,1283,0
28630,0,1273,0
28632,0,1266,0
28634,0,1261,0
28636,0,1261,0
28638,0,1267,0
28640,79910,1273,1
28642,0,1280,0
28644,0,1288,0
28646,0,1286,0
28648,0,1283,0
28650,0,1273,0
28652,0,1266,0
28654,0,1261,0
28656,0,1260,0
28658,0,1265,0
28660,0,1274,0
28662,0,1281,0
28664,0,1288,0
28666,0,1287,0
28668,0,1282,0
28670,0,1274,0
28672,0,1264,0
28674,0,1261,0
28676,0,1261,0
28678,0,1264,0
28680,79834,1274,1
28682,0,1281,0
28684,0,1287,0
28686,0,1288,0
28688,0,1281,0
28690,0,1274,0
28692,0,1267,0
28694,0,1260,0
28696,0,1261,0
28698,0,1267,0
28700,0,1273,0
28702,0,1281,0
28704,0,1288,0
28706,0,1286,0
28708,0,1281,0
28710,0,1273,0
28712,0,1264,0
28714,0,1261,0
28716,0,1259,0
28718,0,1266,0
28720,79743,1274,1
28722,0,1282,0
28724,0,1286,0
28726,0,1286,0
28728,0,1281,0
28730,0,1275,0
28732,0,1265,0
28734,0,1260,0
28736,0,1260,0
28738,0,1264,0
28740,0,1274,0
28742,0,1282,0
28744,0,1286,0
28746,0,1286,0
28748,0,1282,0
28750,0,1273,0
28752,0,1264,0
28754,0,1260,0
28756,0,1260,0
28758,0,1266,0
28760,79483,1272,1
28762,0,1280,0
28764,0,1288,0
28766,0,1287,0
28768,0,1281,0
28770,0,1274,0
28772,0,1264,0
28774,0,1261,0
28776,0,1261,0
28778,0,1264,0
28780,0,1275,0
28782,0,1282,0
28784,0,1288,0
28786,0,1286,0
28788,0,1283,0
28790,0,1275,0
28792,0,1265,0
28794,0,1259,0
28796,0,1259,0
28798,0,1264,0
28800,79277,1273,1
28802,0,1281,0
28804,0,1287,0
28806,0,1288,0
28808,0,1281,0
28810,0,1272,0
28812,0,1267,0
28814,0,1260,0
28816,0,1259,0
28818,0,1266,0
28820,0,1272,0
28822,0,1282,0
28824,0,1286,0
28826,0,1286,0
28828,0,1282,0
28830,0,1274,0
28832,0,1265,0
28834,0,1260,0
28836,0,1260,0
28838,0,1266,0
28840,79060,1273,1
28842,0,1281,0
28844,0,1287,0
28846,0,1286,0
28848,0,1283,0
28850,0,1275,0
28852,0,1264,0
28854,0,1260,0
28856,0,1261,0
28858,0,1264,0
28860,0,1274,0
28862,0,1281,0
28864,0,1288,0
28866,0,1286,0
28868,0,1281,0
28870,0,1273,0
28872,0,1266,0
28874,0,1261,0
28876,0,1259,0
28878,0,1264,0
28880,78935,1275,1
28882,0,1281,0
28884,0,1288,0
28886,0,1287,0
28888,0,1281,0
28890,0,1273,0
28892,0,1265,0
28894,0,1260,0
28896,0,1260,0
28898,0,1264,0
28900,0,1274,0
28902,0,1281,0
28904,0,1287,0
28906,0,1287,0
28908,0,1282,0
28910,0,1274,0
28912,0,1265,0
28914,0,1260,0
28916,0,1261,0
28918,0,1266,0
28920,78898,1272,1
28922,0,1280,0
28924,0,1288,0
28926,0,1286,0
28928,0,1283,0
28930,0,1274,0
28932,0,1265,0
28934,0,1260,0
28936,0,1259,0
28938,0,1266,0
28940,0,1274,0
28942,0,1281,0
28944,0,1286,0
28946,0,1286,0
28948,0,1282,0
28950,0,1273,0
28952,0,1265,0
28954,0,1260,0
28956,0,1259,0
28958,0,1265,0
28960,79086,1275,1
28962,0,1283,0
28964,0,1288,0
28966,0,1288,0
28968,0,1282,0
28970,0,1274,0
28972,0,1265,0
28974,0,1261,0
28976,0,1261,0
28978,0,1264,0
28980,0,1272,0
28982,0,1281,0
28984,0,1288,0
28986,0,1288,0
28988,0,1283,0
28990,0,1274,0
28992,0,1266,0
28994,0,1259,0
28996,0,1261,0
28998,0,1264,0
29000,79388,1273,1
29002,0,1280,0
29004,0,1287,0
29006,0,1286,0
29008,0,1282,0
29010,0,1275,0
29012,0,1267,0
29014,0,1260,0
29016,0,1259,0
29018,0,1266,0
29020,0,1274,0
29022,0,1280,0
29024,0,1287,0
29026,0,1287,0
29028,0,1282,0
29030,0,1274,0
29032,0,1266,0
29034,0,1260,0
29036,0,1260,0
29038,0,1264,0
29040,79761,1274,1
29042,0,1282,0
29044,0,1286,0
29046,0,1287,0
29048,0,1283,0
29050,0,1272,0
29052,0,1264,0
29054,0,1260,0
29056,0,1259,0
29058,0,1265,0
29060,0,1272,0
29062,0,1283,0
29064,0,1285,0
29066,0,1285,0
29068,0,1282,0
29070,0,1273,0
29072,0,1265,0
29074,0,1261,0
29076,0,1261,0
29078,0,1264,0
29080,80139,1273,1
29082,0,1282,0
29084,0,1288,0
29086,0,1286,0
29088,0,1283,0
29090,0,1275,0
29092,0,1267,0
29094,0,1259,0
29096,0,1261,0
29098,0,1265,0
29100,0,1274,0
29102,0,1280,0
29104,0,1285,0
29106,0,1285,0
29108,0,1282,0
29110,0,1273,0
29112,0,1264,0
29114,0,1259,0
29116,0,1259,0
29118,0,1266,0
29120,80532,1273,1
29122,0,1281,0
29124,0,1286,0
29126,0,1286,0
29128,0,1282,0
29130,0,1274,0
29132,0,1264,0
29134,0,1260,0
29136,0,1259,0
29138,0,1266,0
29140,0,1274,0
29142,0,1282,0
29144,0,1287,0
29146,0,1285,0
29148,0,1282,0
29150,0,1275,0
29152,0,1265,0
29154,0,1259,0
29156,0,1261,0
29158,0,1265,0
29160,80842,1272,1
29162,0,1283,0
29164,0,1286,0
29166,0,1286,0
29168,0,1282,0
29170,0,1272,0
29172,0,1264,0
29174,0,1259,0
29176,0,1260,0
29178,0,1266,0
29180,0,1273,0
29182,0,1282,0
29184,0,1287,0
29186,0,1287,0
29188,0,1281,0
29190,0,1274,0
29192,0,1264,0
29194,0,1260,0
29196,0,1258,0
29198,0,1265,0
29200,81015,1274,1
29202,0,1281,0
29204,0,1287,0
29206,0,1288,0
29208,0,1281,0
29210,0,1273,0
29212,0,1264,0
29214,0,1259,0
29216,0,1261,0
29218,0,1264,0
29220,0,1273,0
29222,0,1281,0
29224,0,1287,0
29226,0,1285,0
29228,0,1281,0
29230,0,1274,0
29232,0,1264,0
29234,0,1259,0
29236,0,1260,0
29238,0,1265,0
29240,81058,1274,1
29242,0,1281,0
29244,0,1287,0
29246,0,1288,0
29248,0,1280,0
29250,0,1273,0
29252,0,1264,0
29254,0,1261,0
29256,0,1259,0
29258,0,1266,0
29260,0,1272,0
29262,0,1280,0
29264,0,1287,0
29266,0,1285,0
29268,0,1281,0
29270,0,1273,0
29272,0,1265,0
29274,0,1260,0
29276,0,1259,0
29278,0,1266,0
29280,80976,1274,1
29282,0,1282,0
29284,0,1286,0
29286,0,1288,0
29288,0,1281,0
29290,0,1273,0
29292,0,1265,0
29294,0,1261,0
29296,0,1261,0
29298,0,1266,0
29300,0,1272,0
29302,0,1280,0
29304,0,1287,0
29306,0,1286,0
29308,0,1283,0
29310,0,1273,0
29312,0,1265,0
29314,0,1261,0
29316,0,1259,0
29318,0,1265,0
29320,80776,1274,1
29322,0,1281,0
29324,0,1287,0
29326,0,1288,0
29328,0,1280,0
29330,0,1272,0
29332,0,1266,0
29334,0,1259,0
29336,0,1259,0
29338,0,1266,0
29340,0,1273,0
29342,0,1280,0
29344,0,1288,0
29346,0,1285,0
29348,0,1280,0
29350,0,1274,0
29352,0,1265,0
29354,0,1260,0
29356,0,1260,0
29358,0,1265,0
29360,80542,1274,1
29362,0,1280,0
29364,0,1285,0
29366,0,1287,0
29368,0,1282,0
29370,0,1273,0
29372,0,1264,0
29374,0,1259,0
29376,0,1261,0
29378,0,1265,0
29380,0,1273,0
29382,0,1280,0
29384,0,1285,0
29386,0,1285,0
29388,0,1281,0
29390,0,1274,0
29392,0,1264,0
29394,0,1261,0
29396,0,1260,0
29398,0,1264,0
29400,80343,1272,1
29402,0,1280,0
29404,0,1286,0
29406,0,1288,0
29408,0,1281,0
29410,0,1274,0
29412,0,1265,0
29414,0,1261,0
29416,0,1259,0
29418,0,1264,0
29420,0,1272,0
29422,0,1280,0
29424,0,1286,0
29426,0,1287,0
29428,0,1280,0
29430,0,1274,0
29432,0,1264,0
29434,0,1260,0
29436,0,1261,0
29438,0,1265,0
29440,80119,1272,1
29442,0,1280,0
29444,0,1287,0
29446,0,1287,0
29448,0,1283,0
29450,0,1272,0
29452,0,1265,0
29454,0,1260,0
29456,0,1260,0
29458,0,1264,0
29460,0,1274,0
29462,0,1280,0
29464,0,1286,0
29466,0,1285,0
29468,0,1282,0
29470,0,1273,0
29472,0,1266,0
29474,0,1261,0
29476,0,1261,0
29478,0,1265,0
29480,80073,1274,1
29482,0,1281,0
29484,0,1288,0
29486,0,1287,0
29488,0,1280,0
29490,0,1273,0
29492,0,1266,0
29494,0,1260,0
29496,0,1259,0
29498,0,1264,0
29500,0,1274,0
29502,0,1282,0
29504,0,1286,0
29506,0,1287,0
29508,0,1282,0
29510,0,1273,0
29512,0,1264,0
29514,0,1261,0
29516,0,1259,0
29518,0,1266,0
29520,79981,1274,1
29522,0,1280,0
29524,0,1286,0
29526,0,1288,0
29528,0,1281,0
29530,0,1273,0
29532,0,1264,0
29534,0,1259,0
29536,0,1259,0
29538,0,1266,0
29540,0,1272,0
29542,0,1282,0
29544,0,1287,0
29546,0,1285,0
29548,0,1280,0
29550,0,1274,0
29552,0,1263,0
29554,0,1258,0
29556,0,1261,0
29558,0,1266,0
29560,79915,1273,1
29562,0,1280,0
29564,0,1285,0
29566,0,1287,0
29568,0,1280,0
29570,0,1274,0
29572,0,1266,0
29574,0,1259,0
29576,0,1258,0
29578,0,1264,0
29580,0,1273,0
29582,0,1282,0
29584,0,1285,0
29586,0,1287,0
29588,0,1282,0
29590,0,1272,0
29592,0,1265,0
29594,0,1261,0
29596,0,1259,0
29598,0,1266,0
29600,79843,1273,1
29602,0,1280,0
29604,0,1285,0
29606,0,1286,0
29608,0,1280,0
29610,0,1273,0
29612,0,1265,0
29614,0,1261,0
29616,0,1259,0
29618,0,1265,0
29620,0,1274,0
29622,0,1282,0
29624,0,1286,0
29626,0,1287,0
29628,0,1281,0
29630,0,1273,0
29632,0,1265,0
29634,0,1258,0
29636,0,1260,0
29638,0,1265,0
29640,79711,1274,1
29642,0,1280,0
29644,0,1287,0
29646,0,1287,0
29648,0,1280,0
29650,0,1272,0
29652,0,1265,0
29654,0,1259,0
29656,0,1261,0
29658,0,1265,0
29660,0,1273,0
29662,0,1282,0
29664,0,1286,0
29666,0,1285,0
29668,0,1280,0
29670,0,1272,0
29672,0,1264,0
29674,0,1259,0
29676,0,1258,0
29678,0,1265,0
29680,79540,1273,1
29682,0,1281,0
29684,0,1286,0
29686,0,1286,0
29688,0,1282,0
29690,0,1274,0
29692,0,1266,0
29694,0,1259,0
29696,0,1259,0
29698,0,1265,0
29700,0,1272,0
29702,0,1281,0
29704,0,1285,0
29706,0,1286,0
29708,0,1280,0
29710,0,1273,0
29712,0,1264,0
29714,0,1260,0
29716,0,1259,0
29718,0,1265,0
29720,79385,1271,1
29722,0,1282,0
29724,0,1287,0
29726,0,1285,0
29728,0,1282,0
29730,0,1273,0
29732,0,1265,0
29734,0,1260,0
29736,0,1259,0
29738,0,1265,0
29740,0,1272,0
29742,0,1281,0
29744,0,1285,0
29746,0,1286,0
29748,0,1281,0
29750,0,1273,0
29752,0,1265,0
29754,0,1260,0
29756,0,1261,0
29758,0,1266,0
29760,79100,1272,1
29762,0,1281,0
29764,0,1285,0
29766,0,1286,0
29768,0,1281,0
29770,0,1271,0
29772,0,1264,0
29774,0,1259,0
29776,0,1259,0
29778,0,1264,0
29780,0,1274,0
29782,0,1280,0
29784,0,1287,0
29786,0,1285,0
29788,0,1281,0
29790,0,1272,0
29792,0,1264,0
29794,0,1259,0
29796,0,1259,0
29798,0,1265,0
29800,78993,1272,1
29802,0,1280,0
29804,0,1286,0
29806,0,1287,0
29808,0,1279,0
29810,0,1273,0
29812,0,1264,0
29814,0,1258,0
29816,0,1259,0
29818,0,1263,0
29820,0,1274,0
29822,0,1281,0
29824,0,1287,0
29826,0,1285,0
29828,0,1282,0
29830,0,1272,0
29832,0,1263,0
29834,0,1258,0
29836,0,1258,0
29838,0,1263,0
29840,78856,1274,1
29842,0,1282,0
29844,0,1287,0
29846,0,1286,0
29848,0,1282,0
29850,0,1274,0
29852,0,1264,0
29854,0,1260,0
29856,0,1258,0
29858,0,1265,0
29860,0,1271,0
29862,0,1282,0
29864,0,1286,0
29866,0,1286,0
29868,0,1281,0
29870,0,1272,0
29872,0,1265,0
29874,0,1260,0
29876,0,1260,0
29878,0,1263,0
29880,78935,1271,1
29882,0,1282,0
29884,0,1285,0
29886,0,1286,0
29888,0,1280,0
29890,0,1271,0
29892,0,1265,0
29894,0,1258,0
29896,0,1260,0
29898,0,1264,0
29900,0,1274,0
29902,0,1281,0
29904,0,1286,0
29906,0,1286,0
29908,0,1280,0
29910,0,1271,0
29912,0,1265,0
29914,0,1259,0
29916,0,1259,0
29918,0,1264,0
29920,79204,1271,1
29922,0,1280,0
29924,0,1286,0
29926,0,1286,0
29928,0,1282,0
29930,0,1274,0
29932,0,1266,0
29934,0,1258,0
29936,0,1260,0
29938,0,1263,0
29940,0,1271,0
29942,0,1282,0
29944,0,1284,0
29946,0,1287,0
29948,0,1282,0
29950,0,1273,0
29952,0,1264,0
29954,0,1259,0
29956,0,1258,0
29958,0,1264,0
29960,79586,1272,1
29962,0,1282,0
29964,0,1285,0
29966,0,1285,0
29968,0,1281,0
29970,0,1272,0
29972,0,1263,0
29974,0,1260,0
29976,0,1259,0
29978,0,1265,0
29980,0,1274,0
29982,0,1280,0
29984,0,1287,0
29986,0,1285,0
29988,0,1280,0
29990,0,1271,0
29992,0,1264,0
29994,0,1261,0
29996,0,1258,0
29998,0,1266,0
30000,79952,1271,1
30002,0,1281,0
30004,0,1285,0
30006,0,1285,0
30008,0,1279,0
30010,0,1272,0
30012,0,1264,0
30014,0,1259,0
30016,0,1258,0
30018,0,1263,0
30020,0,1274,0
30022,0,1281,0
30024,0,1287,0
30026,0,1286,0
30028,0,1282,0
30030,0,1271,0
30032,0,1266,0
30034,0,1259,0
30036,0,1260,0
30038,0,1264,0
30040,80468,1272,1
30042,0,1281,0
30044,0,1285,0
30046,0,1285,0
30048,0,1282,0
30050,0,1272,0
30052,0,1265,0
30054,0,1260,0
30056,0,1259,0
30058,0,1265,0
30060,0,1274,0
30062,0,1280,0
30064,0,1287,0
30066,0,1285,0
30068,0,1280,0
30070,0,1272,0
30072,0,1265,0
30074,0,1258,0
30076,0,1258,0
30078,0,1265,0
30080,80834,1271,1
30082,0,1280,0
30084,0,1285,0
30086,0,1286,0
30088,0,1279,0
30090,0,1272,0
30092,0,1263,0
30094,0,1260,0
30096,0,1258,0
30098,0,1264,0
30100,0,1273,0
30102,0,1280,0
30104,0,1285,0
30106,0,1287,0
30108,0,1280,0
30110,0,1272,0
30112,0,1263,0
30114,0,1259,0
30116,0,1258,0
30118,0,1263,0
30120,80949,1273,1
30122,0,1281,0
30124,0,1284,0
30126,0,1285,0
30128,0,1281,0
30130,0,1274,0
30132,0,1265,0
30134,0,1259,0
30136,0,1259,0
30138,0,1265,0
30140,0,1272,0
30142,0,1281,0
30144,0,1284,0
30146,0,1286,0
30148,0,1280,0
30150,0,1273,0
30152,0,1264,0
30154,0,1258,0
30156,0,1260,0
30158,0,1263,0
30160,81060,1272,1
30162,0,1282,0
30164,0,1285,0
30166,0,1286,0
30168,0,1280,0
30170,0,1273,0
30172,0,1264,0
30174,0,1260,0
30176,0,1259,0
30178,0,1265,0
30180,0,1272,0
30182,0,1280,0
30184,0,1286,0
30186,0,1287,0
30188,0,1281,0
30190,0,1272,0
30192,0,1263,0
30194,0,1258,0
30196,0,1260,0
30198,0,1265,0
30200,81063,1271,1
30202,0,1280,0
30204,0,1286,0
30206,0,1287,0
30208,0,1280,0
30210,0,1273,0
30212,0,1264,0
30214,0,1259,0
30216,0,1260,0
30218,0,1264,0
30220,0,1272,0
30222,0,1281,0
30224,0,1285,0
30226,0,1285,0
30228,0,1281,0
30230,0,1272,0
30232,0,1264,0
30234,0,1260,0
30236,0,1259,0
30238,0,1263,0
30240,80864,1273,1
30242,0,1282,0
30244,0,1287,0
30246,0,1284,0
30248,0,1281,0
30250,0,1272,0
30252,0,1265,0
30254,0,1258,0
30256,0,1259,0
30258,0,1263,0
30260,0,1272,0
30262,0,1280,0
30264,0,1285,0
30266,0,1286,0
30268,0,1281,0
30270,0,1272,0
30272,0,1265,0
30274,0,1258,0
30276,0,1259,0
30278,0,1265,0
30280,80696,1272,1
30282,0,1279,0
30284,0,1284,0
30286,0,1287,0
30288,0,1281,0
30290,0,1271,0
30292,0,1265,0
30294,0,1258,0
30296,0,1260,0
30298,0,1264,0
30300,0,1274,0
30302,0,1280,0
30304,0,1287,0
30306,0,1285,0
30308,0,1280,0
30310,0,1271,0
30312,0,1264,0
30314,0,1259,0
30316,0,1259,0
30318,0,1264,0
30320,80470,1274,1
30322,0,1280,0
30324,0,1285,0
30326,0,1284,0
30328,0,1280,0
30330,0,1273,0
30332,0,1265,0
30334,0,1260,0
30336,0,1260,0
30338,0,1265,0
30340,0,1273,0
30342,0,1281,0
30344,0,1285,0
30346,0,1286,0
30348,0,1282,0
30350,0,1271,0
30352,0,1263,0
30354,0,1258,0
30356,0,1258,0
30358,0,1265,0
30360,80195,1271,1
30362,0,1280,0
30364,0,1285,0
30366,0,1285,0
30368,0,1280,0
30370,0,1273,0
30372,0,1263,0
30374,0,1257,0
30376,0,1260,0
30378,0,1262,0
30380,0,1271,0
30382,0,1279,0
30384,0,1286,0
30386,0,1284,0
30388,0,1280,0
30390,0,1273,0
30392,0,1263,0
30394,0,1258,0
30396,0,1259,0
30398,0,1262,0
30400,80055,1272,1
30402,0,1281,0
30404,0,1286,0
30406,0,1287,0
30408,0,1282,0
30410,0,1271,0
30412,0,1263,0
30414,0,1258,0
30416,0,1258,0
30418,0,1263,0
30420,0,1273,0
30422,0,1281,0
30424,0,1285,0
30426,0,1284,0
30428,0,1279,0
30430,0,1271,0
30432,0,1264,0
30434,0,1259,0
30436,0,1258,0
30438,0,1264,0
30440,80031,1272,1
30442,0,1281,0
30444,0,1286,0
30446,0,1286,0
30448,0,1282,0
30450,0,1271,0
30452,0,1263,0
30454,0,1260,0
30456,0,1258,0
30458,0,1264,0
30460,0,1272,0
30462,0,1279,0
30464,0,1286,0
30466,0,1285,0
30468,0,1280,0
30470,0,1273,0
30472,0,1264,0
30474,0,1258,0
30476,0,1258,0
30478,0,1264,0
30480,79998,1271,1
30482,0,1281,0
30484,0,1285,0
30486,0,1284,0
30488,0,1282,0
30490,0,1273,0
30492,0,1264,0
30494,0,1259,0
30496,0,1258,0
30498,0,1264,0
30500,0,1271,0
30502,0,1279,0
30504,0,1285,0
30506,0,1285,0
30508,0,1280,0
30510,0,1271,0
30512,0,1264,0
30514,0,1260,0
30516,0,1258,0
30518,0,1263,0
30520,79896,1271,1
30522,0,1281,0
30524,0,1287,0
30526,0,1286,0
30528,0,1282,0
30530,0,1271,0
30532,0,1263,0
30534,0,1260,0
30536,0,1260,0
30538,0,1264,0
30540,0,1271,0
30542,0,1280,0
30544,0,1286,0
30546,0,1286,0
30548,0,1281,0
30550,0,1273,0
30552,0,1264,0
30554,0,1258,0
30556,0,1257,0
30558,0,1264,0
30560,79803,1273,1
30562,0,1281,0
30564,0,1284,0
30566,0,1285,0
30568,0,1280,0
30570,0,1271,0
30572,0,1265,0
30574,0,1257,0
30576,0,1260,0
30578,0,1265,0
30580,0,1273,0
30582,0,1281,0
30584,0,1284,0
30586,0,1284,0
30588,0,1280,0
30590,0,1271,0
30592,0,1263,0
30594,0,1258,0
30596,0,1258,0
30598,0,1264,0
30600,79664,1271,1
30602,0,1279,0
30604,0,1284,0
30606,0,1285,0
30608,0,1281,0
30610,0,1271,0
30612,0,1262,0
30614,0,1258,0
30616,0,1260,0
30618,0,1264,0
30620,0,1271,0
30622,0,1281,0
30624,0,1284,0
30626,0,1286,0
30628,0,1281,0
30630,0,1273,0
30632,0,1262,0
30634,0,1259,0
30636,0,1259,0
30638,0,1265,0
30640,79399,1273,1
30642,0,1280,0
30644,0,1284,0
30646,0,1286,0
30648,0,1280,0
30650,0,1273,0
30652,0,1265,0
30654,0,1258,0
30656,0,1260,0
30658,0,1262,0
30660,0,1272,0
30662,0,1281,0
30664,0,1286,0
30666,0,1286,0
30668,0,1279,0
30670,0,1273,0
30672,0,1264,0
30674,0,1257,0
30676,0,1257,0
30678,0,1263,0
30680,79216,1272,1
30682,0,1279,0
30684,0,1284,0
30686,0,1284,0
30688,0,1279,0
30690,0,1272,0
30692,0,1265,0
30694,0,1260,0
30696,0,1258,0
30698,0,1262,0
30700,0,1272,0
30702,0,1281,0
30704,0,1284,0
30706,0,1286,0
30708,0,1281,0
30710,0,1270,0
30712,0,1265,0
30714,0,1257,0
30716,0,1258,0
30718,0,1264,0
30720,79039,1271,1
30722,0,1280,0
30724,0,1286,0
30726,0,1285,0
30728,0,1279,0
30730,0,1272,0
30732,0,1264,0
30734,0,1258,0
30736,0,1259,0
30738,0,1262,0
30740,0,1271,0
30742,0,1282,0
30744,0,1284,0
30746,0,1285,0
30748,0,1280,0
30750,0,1272,0
30752,0,1262,0
30754,0,1257,0
30756,0,1258,0
30758,0,1264,0
30760,78877,1271,1
30762,0,1281,0
30764,0,1285,0
30766,0,1287,0
30768,0,1279,0
30770,0,1272,0
30772,0,1265,0
30774,0,1258,0
30776,0,1259,0
30778,0,1263,0
30780,0,1272,0
30782,0,1281,0
30784,0,1285,0
30786,0,1286,0
30788,0,1280,0
30790,0,1271,0
30792,0,1265,0
30794,0,1259,0
30796,0,1257,0
30798,0,1264,0
30800,78918,1272,1
30802,0,1279,0
30804,0,1286,0
30806,0,1285,0
30808,0,1280,0
30810,0,1271,0
30812,0,1263,0
30814,0,1258,0
30816,0,1258,0
30818,0,1264,0
30820,0,1273,0
30822,0,1279,0
30824,0,1285,0
30826,0,1286,0
30828,0,1281,0
30830,0,1271,0
30832,0,1263,0
30834,0,1257,0
30836,0,1257,0
30838,0,1264,0
30840,79162,1272,1
30842,0,1279,0
30844,0,1285,0
30846,0,1286,0
30848,0,1281,0
30850,0,1272,0
30852,0,1265,0
30854,0,1259,0
30856,0,1260,0
30858,0,1262,0
30860,0,1272,0
30862,0,1279,0
30864,0,1286,0
30866,0,1286,0
30868,0,1279,0
30870,0,1272,0
30872,0,1263,0
30874,0,1259,0
30876,0,1258,0
30878,0,1263,0
30880,79391,1272,1
30882,0,1281,0
30884,0,1285,0
30886,0,1286,0
30888,0,1279,0
30890,0,1271,0
30892,0,1262,0
30894,0,1257,0
30896,0,1257,0
30898,0,1262,0
30900,0,1272,0
30902,0,1280,0
30904,0,1284,0
30906,0,1284,0
30908,0,1279,0
30910,0,1273,0
30912,0,1264,0
30914,0,1257,0
30916,0,1258,0
30918,0,1265,0
30920,79819,1272,1
30922,0,1280,0
30924,0,1284,0
30926,0,1285,0
30928,0,1279,0
30930,0,1270,0
30932,0,1263,0
30934,0,1258,0
30936,0,1259,0
30938,0,1264,0
30940,0,1272,0
30942,0,1279,0
30944,0,1286,0
30946,0,1286,0
30948,0,1281,0
30950,0,1272,0
30952,0,1263,0
30954,0,1259,0
30956,0,1260,0
30958,0,1265,0
30960,80224,1272,1
30962,0,1280,0
30964,0,1284,0
30966,0,1285,0
30968,0,1280,0
30970,0,1271,0
30972,0,1265,0
30974,0,1259,0
30976,0,1260,0
30978,0,1263,0
30980,0,1270,0
30982,0,1280,0
30984,0,1286,0
30986,0,1286,0
30988,0,1281,0
30990,0,1272,0
30992,0,1264,0
30994,0,1257,0
30996,0,1259,0
30998,0,1262,0
31000,80635,1272,1
31002,0,1280,0
31004,0,1286,0
31006,0,1286,0
31008,0,1280,0
31010,0,1271,0
31012,0,1262,0
31014,0,1259,0
31016,0,1258,0
31018,0,1263,0
31020,0,1271,0
31022,0,1279,0
31024,0,1286,0
31026,0,1284,0
31028,0,1280,0
31030,0,1271,0
31032,0,1264,0
31034,0,1257,0
31036,0,1258,0
31038,0,1265,0
31040,80949,1271,1
31042,0,1281,0
31044,0,1284,0
31046,0,1285,0
31048,0,1280,0
31050,0,1271,0
31052,0,1262,0
31054,0,1258,0
31056,0,1258,0
31058,0,1262,0
31060,0,1272,0
31062,0,1281,0
31064,0,1286,0
31066,0,1284,0
31068,0,1281,0
31070,0,1272,0
31072,0,1265,0
31074,0,1258,0
31076,0,1259,0
31078,0,1263,0
31080,81081,1272,1
31082,0,1278,0
31084,0,1285,0
31086,0,1286,0
31088,0,1280,0
31090,0,1271,0
31092,0,1262,0
31094,0,1259,0
31096,0,1259,0
31098,0,1263,0
31100,0,1271,0
31102,0,1279,0
31104,0,1285,0
31106,0,1285,0
31108,0,1281,0
31110,0,1273,0
31112,0,1264,0
31114,0,1258,0
31116,0,1258,0
31118,0,1263,0
31120,81116,1272,1
31122,0,1280,0
31124,0,1284,0
31126,0,1285,0
31128,0,1281,0
31130,0,1271,0
31132,0,1263,0
31134,0,1259,0
31136,0,1258,0
31138,0,1263,0
31140,0,1270,0
31142,0,1280,0
31144,0,1286,0
31146,0,1284,0
31148,0,1280,0
31150,0,1270,0
31152,0,1264,0
31154,0,1258,0
31156,0,1257,0
31158,0,1264,0
31160,80910,1270,1
31162,0,1279,0
31164,0,1284,0
31166,0,1284,0
31168,0,1280,0
31170,0,1272,0
31172,0,1263,0
31174,0,1258,0
31176,0,1257,0
31178,0,1264,0
31180,0,1271,0
31182,0,1281,0
31184,0,1286,0
31186,0,1283,0
31188,0,1280,0
31190,0,1271,0
31192,0,1262,0
31194,0,1259,0
31196,0,1259,0
31198,0,1265,0
31200,80725,1273,1
31202,0,1279,0
31204,0,1286,0
31206,0,1286,0
31208,0,1279,0
31210,0,1273,0
31212,0,1264,0
31214,0,1260,0
31216,0,1259,0
31218,0,1262,0
31220,0,1270,0
31222,0,1281,0
31224,0,1285,0
31226,0,1284,0
31228,0,1279,0
31230,0,1271,0
31232,0,1264,0
31234,0,1257,0
31236,0,1259,0
31238,0,1264,0
31240,80530,1272,1
31242,0,1278,0
31244,0,1284,0
31246,0,1286,0
31248,0,1279,0
31250,0,1271,0
31252,0,1263,0
31254,0,1258,0
31256,0,1257,0
31258,0,1263,0
31260,0,1271,0
31262,0,1280,0
31264,0,1283,0
31266,0,1285,0
31268,0,1278,0
31270,0,1273,0
31272,0,1264,0
31274,0,1257,0
31276,0,1259,0
31278,0,1264,0
31280,80306,1273,1
31282,0,1280,0
31284,0,1285,0
31286,0,1284,0
31288,0,1279,0
31290,0,1272,0
31292,0,1264,0
31294,0,1257,0
31296,0,1257,0
31298,0,1263,0
31300,0,1272,0
31302,0,1279,0
31304,0,1285,0
31306,0,1285,0
31308,0,1279,0
31310,0,1272,0
31312,0,1264,0
31314,0,1258,0
31316,0,1257,0
31318,0,1263,0
31320,80141,1270,1
31322,0,1280,0
31324,0,1285,0
31326,0,1286,0
31328,0,1279,0
31330,0,1272,0
31332,0,1263,0
31334,0,1258,0
31336,0,1259,0
31338,0,1263,0
31340,0,1271,0
31342,0,1280,0
31344,0,1284,0
31346,0,1285,0
31348,0,1280,0
31350,0,1271,0
31352,0,1263,0
31354,0,1258,0
31356,0,1259,0
31358,0,1262,0
31360,80088,1272,1
31362,0,1278,0
31364,0,1283,0
31366,0,1283,0
31368,0,1280,0
31370,0,1272,0
31372,0,1264,0
31374,0,1257,0
31376,0,1258,0
31378,0,1264,0
31380,0,1271,0
31382,0,1278,0
31384,0,1284,0
31386,0,1286,0
31388,0,1280,0
31390,0,1271,0
31392,0,1264,0
31394,0,1257,0
31396,0,1257,0
31398,0,1263,0
31400,80043,1270,1
31402,0,1279,0
31404,0,1284,0
31406,0,1286,0
31408,0,1279,0
31410,0,1270,0
31412,0,1262,0
31414,0,1258,0
31416,0,1258,0
31418,0,1264,0
31420,0,1271,0
31422,0,1279,0
31424,0,1285,0
31426,0,1286,0
31428,0,1278,0
31430,0,1270,0
31432,0,1264,0
31434,0,1259,0
31436,0,1258,0
31438,0,1262,0
31440,79972,1272,1
31442,0,1279,0
31444,0,1284,0
31446,0,1284,0
31448,0,1280,0
31450,0,1272,0
31452,0,1264,0
31454,0,1258,0
31456,0,1256,0
31458,0,1263,0
31460,0,1271,0
31462,0,1279,0
31464,0,1285,0
31466,0,1284,0
31468,0,1281,0
31470,0,1272,0
31472,0,1264,0
31474,0,1257,0
31476,0,1258,0
31478,0,1263,0
31480,79867,1272,1
31482,0,1278,0
31484,0,1285,0
31486,0,1283,0
31488,0,1280,0
31490,0,1272,0
31492,0,1262,0
31494,0,1259,0
31496,0,1259,0
31498,0,1263,0
31500,0,1271,0
31502,0,1280,0
31504,0,1285,0
31506,0,1285,0
31508,0,1279,0
31510,0,1272,0
31512,0,1262,0
31514,0,1258,0
31516,0,1258,0
31518,0,1263,0
31520,79743,1271,1
31522,0,1280,0
31524,0,1285,0
31526,0,1285,0
31528,0,1278,0
31530,0,1271,0
31532,0,1264,0
31534,0,1259,0
31536,0,1258,0
31538,0,1263,0
31540,0,1272,0
31542,0,1278,0
31544,0,1283,0
31546,0,1285,0
31548,0,1278,0
31550,0,1272,0
31552,0,1264,0
31554,0,1258,0
31556,0,1258,0
31558,0,1262,0
31560,79516,1272,1
31562,0,1280,0
31564,0,1284,0
31566,0,1284,0
31568,0,1279,0
31570,0,1272,0
31572,0,1264,0
31574,0,1259,0
31576,0,1258,0
31578,0,1262,0
31580,0,1272,0
31582,0,1280,0
31584,0,1284,0
31586,0,1283,0
31588,0,1280,0
31590,0,1271,0
31592,0,1263,0
31594,0,1258,0
31596,0,1257,0
31598,0,1262,0
31600,79325,1270,1
31602,0,1279,0
31604,0,1286,0
31606,0,1285,0
31608,0,1278,0
31610,0,1272,0
31612,0,1262,0
31614,0,1257,0
31616,0,1259,0
31618,0,1262,0
31620,0,1270,0
31622,0,1279,0
31624,0,1286,0
31626,0,1285,0
31628,0,1278,0
31630,0,1270,0
31632,0,1263,0
31634,0,1259,0
31636,0,1259,0
31638,0,1263,0
31640,79045,1271,1
31642,0,1279,0
31644,0,1283,0
31646,0,1284,0
31648,0,1279,0
31650,0,1271,0
31652,0,1264,0
31654,0,1257,0
31656,0,1257,0
31658,0,1262,0
31660,0,1270,0
31662,0,1278,0
31664,0,1284,0
31666,0,1285,0
31668,0,1278,0
31670,0,1270,0
31672,0,1262,0
31674,0,1258,0
31676,0,1257,0
31678,0,1263,0
31680,78988,1271,1
31682,0,1279,0
31684,0,1283,0
31686,0,1286,0
31688,0,1280,0
31690,0,1272,0
31692,0,1261,0
31694,0,1259,0
31696,0,1257,0
31698,0,1264,0
31700,0,1272,0
31702,0,1280,0
31704,0,1285,0
31706,0,1283,0
31708,0,1279,0
31710,0,1271,0
31712,0,1262,0
31714,0,1257,0
31716,0,1258,0
31718,0,1263,0
31720,78949,1270,1
31722,0,1279,0
31724,0,1284,0
31726,0,1284,0
31728,0,1281,0
31730,0,1272,0
31732,0,1263,0
31734,0,1257,0
31736,0,1257,0
31738,0,1261,0
31740,0,1272,0
31742,0,1278,0
31744,0,1283,0
31746,0,1283,0
31748,0,1279,0
31750,0,1271,0
31752,0,1261,0
31754,0,1257,0
31756,0,1259,0
31758,0,1262,0
31760,79034,1272,1
31762,0,1280,0
31764,0,1284,0
31766,0,1286,0
31768,0,1279,0
31770,0,1271,0
31772,0,1262,0
31774,0,1258,0
31776,0,1258,0
31778,0,1263,0
31780,0,1272,0
31782,0,1278,0
31784,0,1285,0
31786,0,1286,0
31788,0,1280,0
31790,0,1272,0
31792,0,1264,0
31794,0,1257,0
31796,0,1258,0
31798,0,1262,0
31800,79241,1272,1
31802,0,1278,0
31804,0,1285,0
31806,0,1284,0
31808,0,1279,0
31810,0,1271,0
31812,0,1263,0
31814,0,1258,0
31816,0,1258,0
31818,0,1262,0
31820,0,1272,0
31822,0,1279,0
31824,0,1285,0
31826,0,1283,0
31828,0,1280,0
31830,0,1271,0
31832,0,1263,0
31834,0,1256,0
31836,0,1258,0
31838,0,1263,0
31840,79610,1272,1
31842,0,1279,0
31844,0,1284,0
31846,0,1284,0
31848,0,1280,0
31850,0,1272,0
31852,0,1263,0
31854,0,1258,0
31856,0,1258,0
31858,0,1262,0
31860,0,1271,0
31862,0,1278,0
31864,0,1284,0
31866,0,1284,0
31868,0,1280,0
31870,0,1270,0
31872,0,1262,0
31874,0,1257,0
31876,0,1258,0
31878,0,1263,0
31880,80034,1272,1
31882,0,1279,0
31884,0,1284,0
31886,0,1285,0
31888,0,1278,0
31890,0,1270,0
31892,0,1263,0
31894,0,1258,0
31896,0,1258,0
31898,0,1264,0
31900,0,1270,0
31902,0,1279,0
31904,0,1284,0
31906,0,1284,0
31908,0,1278,0
31910,0,1271,0
31912,0,1263,0
31914,0,1257,0
31916,0,1257,0
31918,0,1264,0
31920,80519,1272,1
31922,0,1278,0
31924,0,1283,0
31926,0,1283,0
31928,0,1279,0
31930,0,1272,0
31932,0,1264,0
31934,0,1257,0
31936,0,1256,0
31938,0,1262,0
31940,0,1272,0
31942,0,1280,0
31944,0,1285,0
31946,0,1284,0
31948,0,1278,0
31950,0,1270,0
31952,0,1264,0
31954,0,1257,0
31956,0,1256,0
31958,0,1264,0
31960,80789,1269,1
31962,0,1278,0
31964,0,1283,0
31966,0,1283,0
31968,0,1279,0
31970,0,1269,0
31972,0,1262,0
31974,0,1256,0
31976,0,1259,0
31978,0,1264,0
31980,0,1271,0
31982,0,1279,0
31984,0,1283,0
31986,0,1283,0
31988,0,1278,0
31990,0,1271,0
31992,0,1262,0
31994,0,1258,0
31996,0,1257,0
31998,0,1262,0
32000,80987,1271,1
32002,0,1277,0
32003,0,1284,0
32006,0,1284,0
32008,0,1280,0
32009,0,1270,0
32012,0,1263,0
32014,0,1258,0
32016,0,1258,0
32018,0,1263,0
32020,0,1271,0
32022,0,1279,0
32024,0,1284,0
32026,0,1284,0
32028,0,1278,0
32030,0,1272,0
32031,0,1262,0
32034,0,1258,0
32036,0,1257,0
32037,0,1262,0
32040,81101,1270,1
32042,0,1279,0
32043,0,1283,0
32046,0,1284,0
32048,0,1278,0
32049,0,1272,0
32052,0,1263,0
32054,0,1257,0
32055,0,1258,0
32058,0,1264,0
32060,0,1271,0
32061,0,1278,0
32064,0,1283,0
32066,0,1283,0
32067,0,1278,0
32070,0,1271,0
32072,0,1261,0
32073,0,1258,0
32076,0,1258,0
32078,0,1263,0
32080,80996,1271,1
32082,0,1280,0
32084,0,1284,0
32086,0,1283,0
32088,0,1279,0
32090,0,1270,0
32092,0,1261,0
32094,0,1259,0
32095,0,1259,0
32098,0,1263,0
32100,0,1271,0
32101,0,1278,0
32104,0,1285,0
32106,0,1283,0
32107,0,1278,0
32110,0,1269,0
32112,0,1263,0
32113,0,1257,0
32116,0,1256,0
32118,0,1263,0
32119,80788,1271,1
32122,0,1278,0
32124,0,1285,0
32125,0,1284,0
32128,0,1280,0
32130,0,1270,0
32131,0,1262,0
32134,0,1257,0
32136,0,1257,0
32137,0,1263,0
32140,0,1272,0
32142,0,1278,0
32144,0,1283,0
32146,0,1284,0
32148,0,1278,0
32150,0,1270,0
32152,0,1264,0
32154,0,1258,0
32156,0,1258,0
32158,0,1262,0
32159,80663,1269,1
32162,0,1278,0
32164,0,1284,0
32165,0,1283,0
32168,0,1279,0
32170,0,1272,0
32171,0,1264,0
32174,0,1256,0
32176,0,1258,0
32177,0,1262,0
32180,0,1270,0
32182,0,1277,0
32183,0,1284,0
32186,0,1285,0
32188,0,1278,0
32189,0,1269,0
32192,0,1261,0
32194,0,1258,0
32195,0,1257,0
32198,0,1263,0
32200,80405,1272,1
32202,0,1277,0
32204,0,1285,0
32206,0,1282,0
32208,0,1278,0
32210,0,1270,0
32212,0,1262,0
32214,0,1258,0
32216,0,1256,0
32218,0,1263,0
32220,0,1272,0
32222,0,1279,0
32223,0,1285,0
32226,0,1285,0
32228,0,1277,0
32229,0,1271,0
32232,0,1262,0
32234,0,1256,0
32235,0,1256,0
32238,0,1262,0
32240,80276,1270,1
32241,0,1278,0
32244,0,1283,0
32246,0,1284,0
32247,0,1278,0
32250,0,1271,0
32252,0,1261,0
32253,0,1258,0
32256,0,1258,0
32258,0,1262,0
32259,0,1271,0
32262,0,1279,0
32264,0,1283,0
32266,0,1282,0
32268,0,1280,0
32270,0,1269,0
32272,0,1262,0
32274,0,1256,0
32276,0,1256,0
32278,0,1263,0
32280,80126,1270,1
32281,0,1278,0
32284,0,1283,0
32286,0,1284,0
32287,0,1278,0
32290,0,1271,0
32292,0,1261,0
32293,0,1256,0
32296,0,1258,0
32298,0,1263,0
32299,0,1271,0
32302,0,1277,0
32304,0,1283,0
32305,0,1282,0
32308,0,1278,0
32310,0,1270,0
32311,0,1262,0
32314,0,1257,0
32316,0,1257,0
32317,0,1262,0
32320,79986,1270,1
32322,0,1279,0
32323,0,1283,0
32326,0,1283,0
32328,0,1278,0
32330,0,1270,0
32332,0,1263,0
32334,0,1258,0
32336,0,1256,0
32338,0,1264,0
32340,0,1271,0
32342,0,1277,0
32344,0,1285,0
32345,0,1282,0
32348,0,1279,0
32350,0,1272,0
32351,0,1262,0
32354,0,1256,0
32356,0,1258,0
32357,0,1262,0
32360,79970,1270,1
32362,0,1279,0
32363,0,1285,0
32366,0,1285,0
32368,0,1278,0
32369,0,1271,0
32372,0,1263,0
32374,0,1257,0
32375,0,1258,0
32378,0,1261,0
32380,0,1269,0
32381,0,1278,0
32384,0,1284,0
32386,0,1283,0
32387,0,1278,0
32390,0,1270,0
32392,0,1261,0
32394,0,1257,0
32396,0,1258,0
32398,0,1262,0
32400,79920,1270,1
32402,0,1277,0
32404,0,1283,0
32406,0,1283,0
32408,0,1279,0
32409,0,1271,0
32412,0,1261,0
32414,0,1258,0
32415,0,1258,0
32418,0,1263,0
32420,0,1269,0
32421,0,1278,0
32424,0,1282,0
32426,0,1283,0
32427,0,1278,0
32430,0,1269,0
32432,0,1263,0
32433,0,1258,0
32436,0,1257,0
32438,0,1262,0
32439,79811,1271,1
32442,0,1279,0
32444,0,1282,0
32445,0,1282,0
32448,0,1279,0
32450,0,1271,0
32452,0,1261,0
32454,0,1256,0
32456,0,1258,0
32458,0,1262,0
32460,0,1270,0
32462,0,1278,0
32464,0,1283,0
32466,0,1282,0
32468,0,1277,0
32470,0,1270,0
32472,0,1261,0
32473,0,1258,0
32476,0,1256,0
32478,0,1262,0
32479,79640,1269,1
32482,0,1277,0
32484,0,1285,0
32485,0,1283,0
32488,0,1279,0
32490,0,1271,0
32491,0,1264,0
32494,0,1257,0
32496,0,1256,0
32497,0,1263,0
32500,0,1271,0
32502,0,1279,0
32503,0,1284,0
32506,0,1283,0
32508,0,1278,0
32509,0,1269,0
32512,0,1263,0
32514,0,1257,0
32516,0,1257,0
32518,0,1263,0
32520,79373,1269,1
32522,0,1278,0
32524,0,1283,0
32526,0,1284,0
32528,0,1280,0
32530,0,1269,0
32531,0,1263,0
32534,0,1257,0
32536,0,1256,0
32537,0,1261,0
32540,0,1270,0
32542,0,1280,0
32543,0,1284,0
32546,0,1283,0
32548,0,1280,0
32549,0,1270,0
32552,0,1262,0
32554,0,1256,0
32555,0,1256,0
32558,0,1263,0
32560,79249,1271,1
32561,0,1277,0
32564,0,1283,0
32566,0,1283,0
32567,0,1277,0
32570,0,1270,0
32572,0,1263,0
32573,0,1258,0
32576,0,1258,0
32578,0,1263,0
32580,0,1271,0
32582,0,1277,0
32584,0,1284,0
32586,0,1282,0
32588,0,1278,0
32590,0,1271,0
32592,0,1261,0
32594,0,1256,0
32595,0,1257,0
32598,0,1263,0
32600,79021,1271,1
32601,0,1277,0
32604,0,1283,0
32606,0,1285,0
32607,0,1279,0
32610,0,1271,0
32612,0,1263,0
32613,0,1258,0
32616,0,1256,0
32618,0,1263,0
32619,0,1270,0
32622,0,1278,0
32624,0,1283,0
32625,0,1282,0
32628,0,1278,0
32630,0,1269,0
32631,0,1261,0
32634,0,1256,0
32636,0,1255,0
32637,0,1263,0
32640,78911,1269,1
32642,0,1278,0
32644,0,1283,0
32646,0,1283,0
32648,0,1279,0
32650,0,1269,0
32652,0,1261,0
32654,0,1258,0
32656,0,1256,0
32658,0,1262,0
32659,0,1269,0
32662,0,1279,0
32664,0,1282,0
32665,0,1283,0
32668,0,1278,0
32670,0,1269,0
32671,0,1262,0
32674,0,1258,0
32676,0,1256,0
32677,0,1261,0
32680,78907,1270,1
32682,0,1279,0
32683,0,1284,0
32686,0,1283,0
32688,0,1279,0
32689,0,1269,0
32692,0,1262,0
32694,0,1258,0
32695,0,1257,0
32698,0,1261,0
32700,0,1270,0
32702,0,1278,0
32704,0,1284,0
32706,0,1285,0
32708,0,1279,0
32710,0,1271,0
32712,0,1260,0
32714,0,1255,0
32716,0,1257,0
32718,0,1263,0
32720,79126,1271,1
32722,0,1278,0
32723,0,1283,0
32726,0,1284,0
32728,0,1278,0
32729,0,1269,0
32732,0,1262,0
32734,0,1256,0
32735,0,1257,0
32738,0,1263,0
32740,0,1271,0
32741,0,1279,0
32744,0,1284,0
32746,0,1283,0
32747,0,1279,0
32750,0,1269,0
32752,0,1262,0
32753,0,1257,0
32756,0,1256,0
32758,0,1262,0
32759,79449,1270,1
32762,0,1279,0
32764,0,1285,0
32766,0,1285,0
32768,0,1278,0
32770,0,1269,0
32772,0,1263,0
32774,0,1257,0
32776,0,1258,0
32778,0,1263,0
32780,0,1270,0
32782,0,1278,0
32784,0,1285,0
32786,0,1284,0
32788,0,1278,0
32790,0,1269,0
32792,0,1261,0
32794,0,1258,0
32796,0,1258,0
32798,0,1263,0
32800,79862,1271,1
32802,0,1279,0
32804,0,1284,0
32806,0,1285,0
32808,0,1279,0
32810,0,1269,0
32812,0,1262,0
32814,0,1256,0
32816,0,1256,0
32818,0,1263,0
32820,0,1270,0
32822,0,1279,0
32824,0,1284,0
32826,0,1284,0
32828,0,1278,0
32830,0,1269,0
32832,0,1262,0
32834,0,1256,0
32836,0,1257,0
32838,0,1262,0
32840,80303,1269,1
32842,0,1278,0
32844,0,1283,0
32846,0,1283,0
32848,0,1279,0
32850,0,1271,0
32852,0,1261,0
32854,0,1256,0
32856,0,1258,0
32858,0,1262,0
32860,0,1271,0
32862,0,1278,0
32864,0,1282,0
32866,0,1283,0
32868,0,1277,0
32870,0,1269,0
32872,0,1262,0
32874,0,1257,0
32876,0,1256,0
32878,0,1262,0
32880,80688,1269,1
32882,0,1279,0
32884,0,1283,0
32886,0,1285,0
32888,0,1277,0
32890,0,1270,0
32892,0,1262,0
32894,0,1257,0
32896,0,1257,0
32898,0,1260,0
32900,0,1271,0
32902,0,1277,0
32904,0,1282,0
32906,0,1283,0
32908,0,1279,0
32910,0,1269,0
32912,0,1263,0
32914,0,1255,0
32916,0,1256,0
32918,0,1261,0
32920,80925,1271,1
32922,0,1279,0
32924,0,1283,0
32926,0,1282,0
32928,0,1277,0
32930,0,1271,0
32932,0,1260,0
32934,0,1256,0
32936,0,1257,0
32938,0,1262,0
32940,0,1271,0
32942,0,1279,0
32944,0,1284,0
32946,0,1284,0
32948,0,1279,0
32950,0,1269,0
32952,0,1260,0
32954,0,1256,0
32956,0,1257,0
32958,0,1261,0
32960,81033,1271,1
32962,0,1279,0
32964,0,1282,0
32966,0,1284,0
32968,0,1278,0
32970,0,1269,0
32972,0,1261,0
32974,0,1256,0
32976,0,1255,0
32978,0,1263,0
32980,0,1271,0
32982,0,1279,0
32984,0,1284,0
32986,0,1282,0
32988,0,1278,0
32990,0,1269,0
32992,0,1260,0
32994,0,1256,0
32996,0,1257,0
32998,0,1262,0
33000,81007,1268,1
33002,0,1279,0
33004,0,1283,0
33006,0,1284,0
33008,0,1278,0
33010,0,1271,0
33012,0,1261,0
33014,0,1257,0
33016,0,1256,0
33018,0,1261,0
33020,0,1269,0
33022,0,1278,0
33024,0,1284,0
33026,0,1284,0
33028,0,1279,0
33030,0,1271,0
33032,0,1261,0
33034,0,1256,0
33036,0,1257,0
33038,0,1261,0
33040,80894,1269,1
33042,0,1278,0
33044,0,1282,0
33046,0,1282,0
33048,0,1279,0
33050,0,1270,0
33052,0,1260,0
33054,0,1258,0
33056,0,1257,0
33058,0,1260,0
33060,0,1270,0
33062,0,1279,0
33064,0,1282,0
33066,0,1282,0
33068,0,1279,0
33070,0,1269,0
33072,0,1261,0
33074,0,1257,0
33076,0,1257,0
33078,0,1263,0
33080,80690,1270,1
33082,0,1279,0
33084,0,1282,0
33086,0,1283,0
33088,0,1278,0
33090,0,1269,0
33092,0,1262,0
33094,0,1257,0
33096,0,1258,0
33098,0,1262,0
33100,0,1270,0
33102,0,1279,0
33104,0,1283,0
33106,0,1284,0
33108,0,1277,0
33110,0,1269,0
33112,0,1262,0
33114,0,1256,0
33116,0,1258,0
33118,0,1261,0
33120,80545,1270,1
33122,0,1277,0
33124,0,1282,0
33126,0,1283,0
33128,0,1277,0
33130,0,1269,0
33132,0,1261,0
33134,0,1257,0
33136,0,1257,0
33138,0,1260,0
33140,0,1270,0
33142,0,1278,0
33144,0,1283,0
33146,0,1284,0
33148,0,1277,0
33150,0,1270,0
33152,0,1260,0
33154,0,1256,0
33156,0,1258,0
33158,0,1262,0
33160,80326,1269,1
33162,0,1278,0
33164,0,1283,0
33166,0,1282,0
33168,0,1276,0
33170,0,1269,0
33172,0,1262,0
33174,0,1257,0
33176,0,1256,0
33178,0,1260,0
33180,0,1271,0
33182,0,1279,0
33184,0,1283,0
33186,0,1284,0
33188,0,1278,0
33190,0,1269,0
33192,0,1261,0
33194,0,1257,0
33196,0,1255,0
33198,0,1261,0
33200,80142,1270,1
33202,0,1277,0
33204,0,1282,0
33206,0,1284,0
33208,0,1277,0
33210,0,1269,0
33212,0,1262,0
33214,0,1258,0
33216,0,1257,0
33218,0,1261,0
33220,0,1270,0
33222,0,1279,0
33224,0,1282,0
33226,0,1282,0
33228,0,1277,0
33230,0,1269,0
33232,0,1260,0
33234,0,1256,0
33236,0,1255,0
33238,0,1261,0
33240,80043,1269,1
33242,0,1278,0
33244,0,1281,0
33246,0,1283,0
33248,0,1276,0
33250,0,1270,0
33252,0,1260,0
33254,0,1257,0
33256,0,1256,0
33258,0,1261,0
33260,0,1268,0
33262,0,1277,0
33264,0,1283,0
33266,0,1283,0
33268,0,1278,0
33270,0,1271,0
33272,0,1263,0
33274,0,1258,0
33276,0,1256,0
33278,0,1263,0
33280,80054,1270,1
33282,0,1279,0
33284,0,1283,0
33286,0,1281,0
33288,0,1278,0
33290,0,1269,0
33292,0,1262,0
33294,0,1256,0
33296,0,1256,0
33298,0,1261,0
33300,0,1270,0
33302,0,1277,0
33304,0,1282,0
33306,0,1282,0
33308,0,1279,0
33310,0,1271,0
33312,0,1263,0
33314,0,1257,0
33316,0,1257,0
33318,0,1262,0
33320,79912,1268,1
33322,0,1278,0
33324,0,1283,0
33326,0,1282,0
33328,0,1279,0
33330,0,1269,0
33332,0,1261,0
33334,0,1256,0
33336,0,1255,0
33338,0,1262,0
33340,0,1271,0
33342,0,1279,0
33344,0,1282,0
33346,0,1282,0
33348,0,1278,0
33350,0,1271,0
33352,0,1260,0
33354,0,1257,0
33356,0,1256,0
33358,0,1262,0
33360,79900,1270,1
33362,0,1279,0
33364,0,1284,0
33366,0,1284,0
33368,0,1277,0
33370,0,1270,0
33372,0,1261,0
33374,0,1257,0
33376,0,1256,0
33378,0,1263,0
33380,0,1270,0
33382,0,1279,0
33384,0,1283,0
33386,0,1284,0
33388,0,1276,0
33390,0,1269,0
33392,0,1261,0
33394,0,1255,0
33396,0,1255,0
33398,0,1262,0
33400,79762,1270,1
33402,0,1278,0
33404,0,1282,0
33406,0,1282,0
33408,0,1276,0
33410,0,1269,0
33412,0,1262,0
33414,0,1257,0
33416,0,1257,0
33418,0,1261,0
33420,0,1269,0
33422,0,1278,0
33424,0,1283,0
33426,0,1284,0
33428,0,1278,0
33430,0,1268,0
33432,0,1261,0
33434,0,1256,0
33436,0,1256,0
33438,0,1261,0
33440,79515,1270,1
33442,0,1278,0
33444,0,1283,0
33446,0,1284,0
33448,0,1277,0
33450,0,1268,0
33452,0,1261,0
33454,0,1255,0
33456,0,1257,0
33458,0,1262,0
33460,0,1269,0
33462,0,1276,0
33464,0,1283,0
33466,0,1284,0
33468,0,1279,0
33470,0,1271,0
33472,0,1260,0
33474,0,1256,0
33476,0,1255,0
33478,0,1261,0
33480,79257,1270,1
33482,0,1277,0
33484,0,1283,0
33486,0,1283,0
33488,0,1277,0
33490,0,1269,0
33492,0,1261,0
33494,0,1255,0
33496,0,1257,0
33498,0,1262,0
33500,0,1270,0
33502,0,1278,0
33504,0,1282,0
33506,0,1283,0
33508,0,1278,0
33510,0,1271,0
33512,0,1260,0
33514,0,1256,0
33516,0,1256,0
33518,0,1262,0
33520,79120,1268,1
33522,0,1278,0
33524,0,1284,0
33526,0,1284,0
33528,0,1277,0
33530,0,1271,0
33532,0,1261,0
33534,0,1256,0
33536,0,1255,0
33538,0,1262,0
33540,0,1268,0
33542,0,1276,0
33544,0,1283,0
33546,0,1283,0
33548,0,1277,0
33550,0,1271,0
33552,0,1260,0
33554,0,1256,0
33556,0,1256,0
33558,0,1260,0
33560,78956,1269,1
33562,0,1278,0
33564,0,1283,0
33566,0,1282,0
33568,0,1276,0
33570,0,1270,0
33572,0,1260,0
33574,0,1256,0
33576,0,1256,0
33578,0,1261,0
33580,0,1269,0
33582,0,1277,0
33584,0,1282,0
33586,0,1281,0
33588,0,1278,0
33590,0,1269,0
33592,0,1262,0
33594,0,1256,0
33596,0,1255,0
33598,0,1263,0
33600,78863,1269,1
33602,0,1278,0
33604,0,1284,0
33606,0,1282,0
33608,0,1279,0
33610,0,1270,0
33612,0,1260,0
33614,0,1257,0
33616,0,1255,0
33618,0,1262,0
33620,0,1268,0
33622,0,1279,0
33624,0,1283,0
33626,0,1284,0
33628,0,1277,0
33630,0,1269,0
33632,0,1260,0
33634,0,1256,0
33636,0,1257,0
33638,0,1260,0
33640,79066,1270,1
33642,0,1277,0
33644,0,1282,0
33646,0,1282,0
33648,0,1277,0
33650,0,1270,0
33652,0,1261,0
33654,0,1256,0
33656,0,1255,0
33658,0,1261,0
33660,0,1269,0
33662,0,1277,0
33664,0,1282,0
33666,0,1284,0
33668,0,1277,0
33670,0,1268,0
33672,0,1261,0
33674,0,1256,0
33676,0,1255,0
33678,0,1260,0
33680,79303,1269,1
33682,0,1278,0
33684,0,1281,0
33686,0,1281,0
33688,0,1278,0
33690,0,1268,0
33692,0,1259,0
33694,0,1255,0
33696,0,1254,0
33698,0,1262,0
33700,0,1270,0
33702,0,1276,0
33704,0,1284,0
33706,0,1281,0
33708,0,1276,0
33710,0,1269,0
33712,0,1261,0
33714,0,1255,0
33716,0,1255,0
33718,0,1260,0
33720,79732,1268,1
33722,0,1276,0
33724,0,1283,0
33726,0,1284,0
33728,0,1278,0
33730,0,1269,0
33732,0,1262,0
33734,0,1257,0
33736,0,1255,0
33738,0,1262,0
33740,0,1268,0
33742,0,1276,0
33744,0,1281,0
33746,0,1282,0
33748,0,1278,0
33750,0,1268,0
33752,0,1260,0
33754,0,1255,0
33756,0,1255,0
33758,0,1260,0
33760,80166,1268,1
33762,0,1276,0
33764,0,1282,0
33766,0,1283,0
33768,0,1277,0
33770,0,1270,0
33772,0,1262,0
33774,0,1255,0
33776,0,1255,0
33778,0,1262,0
33780,0,1270,0
33782,0,1276,0
33784,0,1283,0
33786,0,1282,0
33788,0,1278,0
33790,0,1269,0
33792,0,1262,0
33794,0,1255,0
33796,0,1255,0
33798,0,1262,0
33800,80563,1269,1
33802,0,1279,0
33804,0,1283,0
33806,0,1281,0
33808,0,1276,0
33810,0,1269,0
33812,0,1259,0
33814,0,1256,0
33816,0,1256,0
33818,0,1261,0
33820,0,1270,0
33822,0,1278,0
33824,0,1282,0
33826,0,1281,0
33828,0,1277,0
33830,0,1268,0
33832,0,1261,0
33834,0,1257,0
33836,0,1254,0
33838,0,1260,0
33840,80839,1268,1
33842,0,1277,0
33844,0,1281,0
33846,0,1283,0
33848,0,1276,0
33850,0,1270,0
33852,0,1261,0
33854,0,1255,0
33856,0,1255,0
33858,0,1260,0
33860,0,1269,0
33862,0,1276,0
33864,0,1282,0
33866,0,1283,0
33868,0,1277,0
33870,0,1269,0
33872,0,1262,0
33874,0,1257,0
33876,0,1256,0
33878,0,1259,0
33880,81003,1270,1
33882,0,1276,0
33884,0,1281,0
33886,0,1282,0
33888,0,1276,0
33890,0,1268,0
33892,0,1261,0
33894,0,1257,0
33896,0,1255,0
33898,0,1261,0
33900,0,1270,0
33902,0,1278,0
33904,0,1282,0
33906,0,1283,0
33908,0,1277,0
33910,0,1269,0
33912,0,1262,0
33914,0,1255,0
33916,0,1255,0
33918,0,1262,0
33920,81131,1269,1
33922,0,1276,0
33924,0,1283,0
33926,0,1282,0
33928,0,1279,0
33930,0,1268,0
33932,0,1261,0
33934,0,1255,0
33936,0,1255,0
33938,0,1262,0
33940,0,1269,0
33942,0,1276,0
33944,0,1284,0
33946,0,1282,0
33948,0,1277,0
33950,0,1270,0
33952,0,1261,0
33954,0,1256,0
33956,0,1255,0
33958,0,1262,0
33960,81000,1270,1
33962,0,1277,0
33964,0,1284,0
33966,0,1281,0
33968,0,1279,0
33970,0,1268,0
33972,0,1261,0
33974,0,1255,0
33976,0,1256,0
33978,0,1261,0
33980,0,1268,0
33982,0,1277,0
33984,0,1281,0
33986,0,1281,0
33988,0,1277,0
33990,0,1269,0
33992,0,1261,0
33994,0,1255,0
33996,0,1255,0
33998,0,1261,0
34000,80878,1268,1
34002,0,1277,0
34004,0,1281,0
34006,0,1282,0
34008,0,1276,0
34010,0,1269,0
34012,0,1260,0
34014,0,1256,0
34016,0,1256,0
34018,0,1261,0
34020,0,1269,0
34022,0,1278,0
34024,0,1283,0
34026,0,1283,0
34028,0,1277,0
34030,0,1269,0
34032,0,1260,0
34034,0,1255,0
34036,0,1255,0
34038,0,1262,0
34040,80595,1267,1
34042,0,1276,0
34044,0,1281,0
34046,0,1283,0
34048,0,1277,0
34050,0,1269,0
34052,0,1261,0
34054,0,1255,0
34056,0,1255,0
34058,0,1259,0
34060,0,1269,0
34062,0,1276,0
34064,0,1281,0
34066,0,1283,0
34068,0,1277,0
34070,0,1270,0
34072,0,1260,0
34074,0,1256,0
34076,0,1257,0
34078,0,1261,0
34080,80419,1269,1
34082,0,1278,0
34084,0,1283,0
34086,0,1281,0
34088,0,1278,0
34090,0,1267,0
34092,0,1261,0
34094,0,1257,0
34096,0,1255,0
34098,0,1259,0
34100,0,1269,0
34102,0,1276,0
34104,0,1281,0
34106,0,1282,0
34108,0,1276,0
34110,0,1270,0
34112,0,1260,0
34114,0,1254,0
34116,0,1255,0
34118,0,1259,0
34120,80145,1269,1
34122,0,1276,0
34124,0,1282,0
34126,0,1281,0
34128,0,1276,0
34130,0,1268,0
34132,0,1261,0
34134,0,1255,0
34136,0,1254,0
34138,0,1259,0
34140,0,1270,0
34142,0,1276,0
34144,0,1282,0
34146,0,1282,0
34148,0,1278,0
34150,0,1268,0
34152,0,1262,0
34154,0,1256,0
34156,0,1255,0
34158,0,1261,0
34160,80050,1269,1
34162,0,1277,0
34164,0,1282,0
34166,0,1281,0
34168,0,1276,0
34170,0,1268,0
34172,0,1262,0
34174,0,1255,0
34176,0,1257,0
34178,0,1262,0
34180,0,1268,0
34182,0,1276,0
34184,0,1282,0
34186,0,1282,0
34188,0,1276,0
34190,0,1269,0
34192,0,1260,0
34194,0,1256,0
34196,0,1255,0
34198,0,1261,0
34200,80020,1270,1
34202,0,1277,0
34204,0,1283,0
34206,0,1283,0
34208,0,1276,0
34210,0,1268,0
34212,0,1261,0
34214,0,1256,0
34216,0,1254,0
34218,0,1260,0
34220,0,1269,0
34222,0,1277,0
34224,0,1282,0
34226,0,1282,0
34228,0,1278,0
34230,0,1269,0
34232,0,1262,0
34234,0,1255,0
34236,0,1256,0
34238,0,1261,0
34240,80004,1268,1
34242,0,1276,0
34244,0,1281,0
34246,0,1283,0
34248,0,1278,0
34250,0,1269,0
34252,0,1259,0
34254,0,1256,0
34256,0,1257,0
34258,0,1261,0
34260,0,1268,0
34262,0,1277,0
34264,0,1281,0
34266,0,1281,0
34268,0,1276,0
34270,0,1269,0
34272,0,1261,0
34274,0,1255,0
34276,0,1255,0
34278,0,1262,0
34280,79901,1269,1
34282,0,1277,0
34284,0,1281,0
34286,0,1282,0
34288,0,1277,0
34290,0,1270,0
34292,0,1261,0
34294,0,1254,0
34296,0,1256,0
34298,0,1261,0
34300,0,1269,0
34302,0,1278,0
34304,0,1283,0
34306,0,1282,0
34308,0,1277,0
34310,0,1268,0
34312,0,1261,0
34314,0,1255,0
34316,0,1257,0
34318,0,1261,0
34320,79770,1267,1
34322,0,1275,0
34324,0,1281,0
34326,0,1283,0
34328,0,1276,0
34330,0,1268,0
34332,0,1259,0
34334,0,1255,0
34336,0,1255,0
34338,0,1259,0
34340,0,1269,0
34342,0,1278,0
34344,0,1283,0
34346,0,1281,0
34348,0,1277,0
34350,0,1269,0
34352,0,1260,0
34354,0,1255,0
34356,0,1255,0
34358,0,1260,0
34360,79559,1267,1
34362,0,1278,0
34364,0,1280,0
34366,0,1283,0
34368,0,1278,0
34370,0,1269,0
34372,0,1261,0
34374,0,1256,0
34376,0,1254,0
34378,0,1261,0
34380,0,1268,0
34382,0,1278,0
34384,0,1282,0
34386,0,1281,0
34388,0,1276,0
34390,0,1269,0
34392,0,1260,0
34394,0,1256,0
34396,0,1255,0
34398,0,1259,0
34400,79446,1269,1
34402,0,1276,0
34404,0,1283,0
34406,0,1282,0
34408,0,1276,0
34410,0,1269,0
34412,0,1260,0
34414,0,1256,0
34416,0,1256,0
34418,0,1260,0
34420,0,1268,0
34422,0,1276,0
34424,0,1282,0
34426,0,1283,0
34428,0,1278,0
34430,0,1270,0
34432,0,1260,0
34434,0,1254,0
34436,0,1254,0
34438,0,1259,0
34440,79191,1269,1
34442,0,1277,0
34444,0,1283,0
34446,0,1283,0
34448,0,1277,0
34450,0,1270,0
34452,0,1261,0
34454,0,1256,0
34456,0,1255,0
34458,0,1260,0
34460,0,1268,0
34462,0,1277,0
34464,0,1282,0
34466,0,1280,0
34468,0,1278,0
34470,0,1268,0
34472,0,1261,0
34474,0,1255,0
34476,0,1254,0
34478,0,1261,0
34480,78929,1270,1
34482,0,1276,0
34484,0,1282,0
34486,0,1281,0
34488,0,1277,0
34490,0,1267,0
34492,0,1259,0
34494,0,1255,0
34496,0,1256,0
34498,0,1260,0
34500,0,1268,0
34502,0,1276,0
34504,0,1281,0
34506,0,1282,0
34508,0,1277,0
34510,0,1269,0
34512,0,1262,0
34514,0,1255,0
34516,0,1254,0
34518,0,1261,0
34520,78918,1268,1
34522,0,1278,0
34524,0,1282,0
34526,0,1282,0
34528,0,1276,0
34530,0,1269,0
34532,0,1261,0
34534,0,1256,0
34536,0,1254,0
34538,0,1261,0
34540,0,1268,0
34542,0,1276,0
34544,0,1283,0
34546,0,1281,0
34548,0,1277,0
34550,0,1268,0
34552,0,1260,0
34554,0,1254,0
34556,0,1256,0
34558,0,1260,0
34560,79023,1269,1
34562,0,1276,0
34564,0,1282,0
34566,0,1281,0
34568,0,1278,0
34570,0,1268,0
34572,0,1261,0
34574,0,1256,0
34576,0,1254,0
34578,0,1259,0
34580,0,1269,0
34582,0,1277,0
34584,0,1283,0
34586,0,1281,0
34588,0,1278,0
34590,0,1268,0
34592,0,1260,0
34594,0,1257,0
34596,0,1256,0
34598,0,1260,0
34600,79210,1267,1
34602,0,1278,0
34604,0,1282,0
34606,0,1281,0
34608,0,1277,0
34610,0,1268,0
34612,0,1260,0
34614,0,1254,0
34616,0,1254,0
34618,0,1262,0
34620,0,1269,0
34622,0,1276,0
34624,0,1281,0
34626,0,1281,0
34628,0,1277,0
34630,0,1268,0
34632,0,1261,0
34634,0,1256,0
34636,0,1254,0
34638,0,1259,0
34640,79520,1268,1
34642,0,1277,0
34644,0,1282,0
34646,0,1283,0
34648,0,1275,0
34650,0,1267,0
34652,0,1259,0
34654,0,1256,0
34656,0,1256,0
34658,0,1261,0
34660,0,1267,0
34662,0,1277,0
34664,0,1280,0
34666,0,1281,0
34668,0,1278,0
34670,0,1268,0
34672,0,1260,0
34674,0,1254,0
34676,0,1256,0
34678,0,1260,0
34680,79864,1269,1
34682,0,1276,0
34684,0,1281,0
34686,0,1281,0
34688,0,1275,0
34690,0,1269,0
34692,0,1260,0
34694,0,1254,0
34696,0,1254,0
34698,0,1260,0
34700,0,1268,0
34702,0,1278,0
34704,0,1282,0
34706,0,1282,0
34708,0,1277,0
34710,0,1269,0
34712,0,1261,0
34714,0,1255,0
34716,0,1253,0
34718,0,1260,0
34720,80296,1267,1
34722,0,1277,0
34724,0,1283,0
34726,0,1281,0
34728,0,1275,0
34730,0,1268,0
34732,0,1261,0
34734,0,1255,0
34736,0,1254,0
34738,0,1259,0
34740,0,1268,0
34742,0,1277,0
34744,0,1280,0
34746,0,1281,0
34748,0,1277,0
34750,0,1269,0
34752,0,1261,0
34754,0,1256,0
34756,0,1254,0
34758,0,1261,0
34760,80692,1270,1
34762,0,1276,0
34764,0,1281,0
34766,0,1282,0
34768,0,1277,0
34770,0,1267,0
34772,0,1260,0
34774,0,1254,0
34776,0,1254,0
34778,0,1261,0
34780,0,1269,0
34782,0,1277,0
34784,0,1282,0
34786,0,1283,0
34788,0,1276,0
34790,0,1269,0
34792,0,1259,0
34794,0,1255,0
34796,0,1254,0
34798,0,1261,0
34800,81035,1267,1
34802,0,1277,0
34804,0,1283,0
34806,0,1282,0
34808,0,1277,0
34810,0,1269,0
34812,0,1261,0
34814,0,1256,0
34816,0,1255,0
34818,0,1261,0
34820,0,1267,0
34822,0,1277,0
34824,0,1280,0
34826,0,1281,0
34828,0,1277,0
34830,0,1269,0
34832,0,1261,0
34834,0,1256,0
34836,0,1254,0
34838,0,1261,0
34840,81114,1269,1
34842,0,1277,0
34844,0,1282,0
34846,0,1282,0
34848,0,1275,0
34850,0,1269,0
34852,0,1259,0
34854,0,1254,0
34856,0,1254,0
34858,0,1259,0
34860,0,1268,0
34862,0,1277,0
34864,0,1281,0
34866,0,1282,0
34868,0,1276,0
34870,0,1268,0
34872,0,1259,0
34874,0,1255,0
34876,0,1256,0
34878,0,1260,0
34880,81039,1267,1
34882,0,1276,0
34884,0,1281,0
34886,0,1280,0
34888,0,1275,0
34890,0,1269,0
34892,0,1260,0
34894,0,1255,0
34896,0,1254,0
34898,0,1261,0
34900,0,1267,0
34902,0,1277,0
34904,0,1282,0
34906,0,1281,0
34908,0,1275,0
34910,0,1268,0
34912,0,1260,0
34914,0,1254,0
34916,0,1255,0
34918,0,1260,0
34920,80927,1267,1
34922,0,1278,0
34924,0,1281,0
34926,0,1282,0
34928,0,1276,0
34930,0,1269,0
34932,0,1260,0
34934,0,1254,0
34936,0,1254,0
34938,0,1259,0
34940,0,1270,0
34942,0,1275,0
34944,0,1280,0
34946,0,1282,0
34948,0,1277,0
34950,0,1267,0
34952,0,1260,0
34954,0,1255,0
34956,0,1255,0
34958,0,1260,0
34960,80683,1269,1
34962,0,1276,0
34964,0,1281,0
34966,0,1281,0
34968,0,1276,0
34970,0,1268,0
34972,0,1258,0
34974,0,1255,0
34976,0,1256,0
34978,0,1261,0
34980,0,1269,0
34982,0,1278,0
34984,0,1281,0
34986,0,1282,0
34988,0,1277,0
34990,0,1267,0
34992,0,1259,0
34994,0,1254,0
34996,0,1255,0
34998,0,1260,0
35000,80444,1269,1
35002,0,1276,0
35004,0,1281,0
35006,0,1281,0
35008,0,1277,0
35010,0,1269,0
35012,0,1261,0
35014,0,1255,0
35016,0,1253,0
35018,0,1260,0
35020,0,1268,0
35022,0,1277,0
35024,0,1280,0
35026,0,1280,0
35028,0,1275,0
35030,0,1267,0
35032,0,1260,0
35034,0,1254,0
35036,0,1254,0
35038,0,1259,0
35040,80219,1269,1
35042,0,1275,0
35044,0,1283,0
35046,0,1281,0
35048,0,1277,0
35050,0,1267,0
35052,0,1259,0
35054,0,1256,0
35056,0,1256,0
35058,0,1261,0
35060,0,1268,0
35062,0,1275,0
35064,0,1281,0
35066,0,1281,0
35068,0,1275,0
35070,0,1269,0
35072,0,1261,0
35074,0,1254,0
35076,0,1256,0
35078,0,1260,0
35080,80121,1269,1
35082,0,1277,0
35084,0,1281,0
35086,0,1282,0
35088,0,1277,0
35090,0,1267,0
35092,0,1260,0
35094,0,1254,0
35096,0,1253,0
35098,0,1260,0
35100,0,1268,0
35102,0,1277,0
35104,0,1282,0
35106,0,1281,0
35108,0,1275,0
35110,0,1269,0
35112,0,1260,0
35114,0,1253,0
35116,0,1255,0
35118,0,1258,0
35120,80005,1269,1
35122,0,1275,0
35124,0,1280,0
35126,0,1282,0
35128,0,1277,0
35130,0,1267,0
35132,0,1261,0
35134,0,1255,0
35136,0,1256,0
35138,0,1261,0
35140,0,1267,0
35142,0,1278,0
35144,0,1281,0
35146,0,1282,0
35148,0,1276,0
35150,0,1268,0
35152,0,1260,0
35154,0,1254,0
35156,0,1254,0
35158,0,1260,0
35160,80039,1267,1
35162,0,1277,0
35164,0,1282,0
35166,0,1282,0
35168,0,1277,0
35170,0,1267,0
35172,0,1259,0
35174,0,1256,0
35176,0,1254,0
35178,0,1260,0
35180,0,1268,0
35182,0,1276,0
35184,0,1281,0
35186,0,1282,0
35188,0,1276,0
35190,0,1267,0
35192,0,1260,0
35194,0,1255,0
35196,0,1254,0
35198,0,1259,0
35200,79986,1269,1
35202,0,1276,0
35204,0,1283,0
35206,0,1280,0
35208,0,1276,0
35210,0,1269,0
35212,0,1261,0
35214,0,1255,0
35216,0,1254,0
35218,0,1260,0
35220,0,1266,0
35222,0,1276,0
35224,0,1281,0
35226,0,1282,0
35228,0,1277,0
35230,0,1269,0
35232,0,1260,0
35234,0,1255,0
35236,0,1254,0
35238,0,1261,0
35240,79830,1269,1
35242,0,1275,0
35244,0,1280,0
35246,0,1280,0
35248,0,1275,0
35250,0,1269,0
35252,0,1260,0
35254,0,1254,0
35256,0,1253,0
35258,0,1259,0
35260,0,1266,0
35262,0,1276,0
35264,0,1280,0
35266,0,1281,0
35268,0,1275,0
35270,0,1267,0
35272,0,1260,0
35274,0,1255,0
35276,0,1255,0
35278,0,1260,0
35280,79721,1267,1
35282,0,1275,0
35284,0,1282,0
35286,0,1280,0
35288,0,1277,0
35290,0,1268,0
35292,0,1259,0
35294,0,1255,0
35296,0,1254,0
35298,0,1258,0
35300,0,1268,0
35302,0,1276,0
35304,0,1280,0
35306,0,1282,0
35308,0,1277,0
35310,0,1267,0
35312,0,1260,0
35314,0,1254,0
35316,0,1255,0
35318,0,1260,0
35320,79469,1268,1
35322,0,1276,0
35324,0,1282,0
35326,0,1281,0
35328,0,1276,0
35330,0,1268,0
35332,0,1260,0
35334,0,1255,0
35336,0,1256,0
35338,0,1259,0
35340,0,1267,0
35342,0,1277,0
35344,0,1280,0
35346,0,1281,0
35348,0,1275,0
35350,0,1268,0
35352,0,1260,0
35354,0,1255,0
35356,0,1254,0
35358,0,1258,0
35360,79235,1267,1
35362,0,1277,0
35364,0,1281,0
35366,0,1282,0
35368,0,1277,0
35370,0,1266,0
35372,0,1260,0
35374,0,1255,0
35376,0,1255,0
35378,0,1259,0
35380,0,1267,0
35382,0,1277,0
35384,0,1280,0
35386,0,1281,0
35388,0,1276,0
35390,0,1268,0
35392,0,1258,0
35394,0,1255,0
35396,0,1255,0
35398,0,1258,0
35400,79022,1268,1
35402,0,1276,0
35404,0,1281,0
35406,0,1280,0
35408,0,1276,0
35410,0,1267,0
35412,0,1259,0
35414,0,1254,0
35416,0,1253,0
35418,0,1258,0
35420,0,1266,0
35422,0,1277,0
35424,0,1281,0
35426,0,1282,0
35428,0,1275,0
35430,0,1267,0
35432,0,1259,0
35434,0,1256,0
35436,0,1255,0
35438,0,1259,0
35440,78931,1267,1
35442,0,1275,0
35444,0,1282,0
35446,0,1280,0
35448,0,1275,0
35450,0,1268,0
35452,0,1260,0
35454,0,1254,0
35456,0,1253,0
35458,0,1259,0
35460,0,1269,0
35462,0,1276,0
35464,0,1281,0
35466,0,1282,0
35468,0,1276,0
35470,0,1268,0
35472,0,1259,0
35474,0,1255,0
35476,0,1255,0
35478,0,1260,0
35480,78888,1267,1
35482,0,1274,0
35484,0,1280,0
35486,0,1280,0
35488,0,1275,0
35490,0,1267,0
35492,0,1260,0
35494,0,1255,0
35496,0,1254,0
35498,0,1258,0
35500,0,1267,0
35502,0,1276,0
35504,0,1280,0
35506,0,1282,0
35508,0,1277,0
35510,0,1267,0
35512,0,1260,0
35514,0,1254,0
35516,0,1254,0
35518,0,1260,0
35520,79003,1267,1
35522,0,1277,0
35524,0,1280,0
35526,0,1281,0
35528,0,1275,0
35530,0,1266,0
35532,0,1260,0
35534,0,1254,0
35536,0,1253,0
35538,0,1258,0
35540,0,1268,0
35542,0,1275,0
35544,0,1282,0
35546,0,1282,0
35548,0,1277,0
35550,0,1267,0
35552,0,1259,0
35554,0,1253,0
35556,0,1253,0
35558,0,1260,0
35560,79341,1268,1
35562,0,1275,0
35564,0,1281,0
35566,0,1281,0
35568,0,1276,0
35570,0,1269,0
35572,0,1259,0
35574,0,1255,0
35576,0,1255,0
35578,0,1260,0
35580,0,1267,0
35582,0,1275,0
35584,0,1281,0
35586,0,1281,0
35588,0,1275,0
35590,0,1268,0
35592,0,1260,0
35594,0,1253,0
35596,0,1255,0
35598,0,1259,0
35600,79773,1268,1
35602,0,1275,0
35604,0,1281,0
35606,0,1280,0
35608,0,1277,0
35610,0,1268,0
35612,0,1260,0
35614,0,1255,0
35616,0,1255,0
35618,0,1258,0
35620,0,1268,0
35622,0,1274,0
35624,0,1280,0
35626,0,1281,0
35628,0,1275,0
35630,0,1267,0
35632,0,1259,0
35634,0,1254,0
35636,0,1254,0
35638,0,1259,0
35640,80133,1266,1
35642,0,1275,0
35644,0,1281,0
35646,0,1280,0
35648,0,1274,0
35650,0,1266,0
35652,0,1260,0
35654,0,1254,0
35656,0,1254,0
35658,0,1260,0
35660,0,1267,0
35662,0,1276,0
35664,0,1281,0
35666,0,1281,0
35668,0,1274,0
35670,0,1267,0
35672,0,1260,0
35674,0,1253,0
35676,0,1255,0
35678,0,1261,0
35680,80613,1268,1
35682,0,1277,0
35684,0,1280,0
35686,0,1281,0
35688,0,1277,0
35690,0,1269,0
35692,0,1258,0
35694,0,1256,0
35696,0,1254,0
35698,0,1259,0
35700,0,1267,0
35702,0,1275,0
35704,0,1281,0
35706,0,1281,0
35708,0,1275,0
35710,0,1268,0
35712,0,1260,0
35714,0,1254,0
35716,0,1253,0
35718,0,1258,0
35720,80934,1267,1
35722,0,1277,0
35724,0,1280,0
35726,0,1279,0
35728,0,1274,0
35730,0,1269,0
35732,0,1259,0
35734,0,1254,0
35736,0,1255,0
35738,0,1260,0
35740,0,1267,0
35742,0,1275,0
35744,0,1280,0
35746,0,1280,0
35748,0,1275,0
35750,0,1268,0
35752,0,1260,0
35754,0,1254,0
35756,0,1254,0
35758,0,1259,0
35760,81051,1266,1
35762,0,1277,0
35764,0,1279,0
35766,0,1280,0
35768,0,1276,0
35770,0,1268,0
35772,0,1258,0
35774,0,1254,0
35776,0,1253,0
35778,0,1258,0
35780,0,1266,0
35782,0,1276,0
35784,0,1282,0
35786,0,1282,0
35788,0,1274,0
35790,0,1269,0
35792,0,1259,0
35794,0,1255,0
35796,0,1255,0
35798,0,1258,0
35800,81072,1267,1
35802,0,1274,0
35804,0,1281,0
35806,0,1281,0
35808,0,1274,0
35810,0,1269,0
35812,0,1259,0
35814,0,1255,0
35816,0,1255,0
35818,0,1258,0
35820,0,1266,0
35822,0,1274,0
35824,0,1279,0
35826,0,1282,0
35828,0,1277,0
35830,0,1268,0
35832,0,1259,0
35834,0,1254,0
35836,0,1254,0
35838,0,1260,0
35840,80940,1268,1
35842,0,1277,0
35844,0,1281,0
35846,0,1280,0
35848,0,1276,0
35850,0,1268,0
35852,0,1258,0
35854,0,1253,0
35856,0,1253,0
35858,0,1259,0
35860,0,1268,0
35862,0,1277,0
35864,0,1282,0
35866,0,1281,0
35868,0,1276,0
35870,0,1266,0
35872,0,1258,0
35874,0,1253,0
35876,0,1255,0
35878,0,1258,0
35880,80783,1269,1
35882,0,1275,0
35884,0,1280,0
35886,0,1279,0
35888,0,1274,0
35890,0,1266,0
35892,0,1258,0
35894,0,1255,0
35896,0,1252,0
35898,0,1258,0
35900,0,1268,0
35902,0,1275,0
35904,0,1282,0
35906,0,1279,0
35908,0,1276,0
35910,0,1269,0
35912,0,1260,0
35914,0,1253,0
35916,0,1255,0
35918,0,1258,0
35920,80530,1267,1
35922,0,1276,0
35924,0,1282,0
35926,0,1281,0
35928,0,1276,0
35930,0,1268,0
35932,0,1258,0
35934,0,1253,0
35936,0,1255,0
35938,0,1260,0
35940,0,1268,0
35942,0,1276,0
35944,0,1281,0
35946,0,1281,0
35948,0,1275,0
35950,0,1267,0
35952,0,1257,0
35954,0,1254,0
35956,0,1253,0
35958,0,1258,0
35960,80391,1268,1
35962,0,1277,0
35964,0,1281,0
35966,0,1280,0
35968,0,1276,0
35970,0,1267,0
35972,0,1259,0
35974,0,1253,0
35976,0,1253,0
35978,0,1260,0
35980,0,1267,0
35982,0,1275,0
35984,0,1280,0
35986,0,1282,0
35988,0,1274,0
35990,0,1267,0
35992,0,1258,0
35994,0,1252,0
35996,0,1253,0
35998,0,1259,0
36000,80193,1267,1
36002,0,1275,0
36004,0,1281,0
36006,0,1281,0
36008,0,1276,0
36010,0,1266,0
36012,0,1259,0
36014,0,1255,0
36016,0,1255,0
36018,0,1259,0
36020,0,1267,0
36022,0,1274,0
36024,0,1280,0
36026,0,1280,0
36028,0,1274,0
36030,0,1266,0
36032,0,1259,0
36034,0,1254,0
36036,0,1253,0
36038,0,1259,0
36040,80122,1268,1
36042,0,1275,0
36044,0,1281,0
36046,0,1281,0
36048,0,1274,0
36050,0,1268,0
36052,0,1258,0
36054,0,1254,0
36056,0,1255,0
36058,0,1259,0
36060,0,1267,0
36062,0,1274,0
36064,0,1280,0
36066,0,1279,0
36068,0,1274,0
36070,0,1268,0
36072,0,1259,0
36074,0,1255,0
36076,0,1254,0
36078,0,1258,0
36080,80020,1268,1
36082,0,1276,0
36084,0,1279,0
36086,0,1280,0
36088,0,1274,0
36090,0,1268,0
36092,0,1259,0
36094,0,1253,0
36096,0,1255,0
36098,0,1258,0
36100,0,1267,0
36102,0,1276,0
36104,0,1280,0
36106,0,1281,0
36108,0,1274,0
36110,0,1268,0
36112,0,1258,0
36114,0,1253,0
36116,0,1253,0
36118,0,1258,0
36120,79943,1266,1
36122,0,1276,0
36124,0,1281,0
36126,0,1279,0
36128,0,1276,0
36130,0,1268,0
36132,0,1258,0
36134,0,1253,0
36136,0,1252,0
36138,0,1260,0
36140,0,1267,0
36142,0,1276,0
36144,0,1282,0
36146,0,1280,0
36148,0,1275,0
36150,0,1268,0
36152,0,1258,0
36154,0,1253,0
36156,0,1254,0
36158,0,1259,0
36160,79837,1267,1
36162,0,1276,0
36164,0,1280,0
36166,0,1281,0
36168,0,1276,0
36170,0,1268,0
36172,0,1260,0
36174,0,1255,0
36176,0,1254,0
36178,0,1258,0
36180,0,1268,0
36182,0,1274,0
36184,0,1279,0
36186,0,1281,0
36188,0,1274,0
36190,0,1268,0
36192,0,1257,0
36194,0,1253,0
36196,0,1253,0
36198,0,1260,0
36200,79820,1268,1
36202,0,1277,0
36204,0,1279,0
36206,0,1279,0
36208,0,1275,0
36210,0,1268,0
36212,0,1258,0
36214,0,1254,0
36216,0,1254,0
36218,0,1260,0
36220,0,1266,0
36222,0,1276,0
36224,0,1281,0
36226,0,1280,0
36228,0,1276,0
36230,0,1266,0
36232,0,1260,0
36234,0,1252,0
36236,0,1253,0
36238,0,1259,0
36240,79564,1265,1
36242,0,1274,0
36244,0,1279,0
36246,0,1279,0
36248,0,1276,0
36250,0,1266,0
36252,0,1260,0
36254,0,1252,0
36256,0,1255,0
36258,0,1258,0
36260,0,1266,0
36262,0,1276,0
36264,0,1281,0
36266,0,1279,0
36268,0,1276,0
36270,0,1267,0
36272,0,1260,0
36274,0,1253,0
36276,0,1254,0
36278,0,1258,0
36280,79420,1268,1
36282,0,1275,0
36284,0,1281,0
36286,0,1281,0
36288,0,1275,0
36290,0,1268,0
36292,0,1258,0
36294,0,1254,0
36296,0,1253,0
36298,0,1257,0
36300,0,1266,0
36302,0,1275,0
36304,0,1282,0
36306,0,1281,0
36308,0,1276,0
36310,0,1268,0
36312,0,1260,0
36314,0,1252,0
36316,0,1253,0
36318,0,1259,0
36320,79163,1268,1
36322,0,1275,0
36324,0,1281,0
36326,0,1279,0
36328,0,1275,0
36330,0,1266,0
36332,0,1259,0
36334,0,1253,0
36336,0,1252,0
36338,0,1258,0
36340,0,1267,0
36342,0,1277,0
36344,0,1279,0
36346,0,1280,0
36348,0,1274,0
36350,0,1268,0
36352,0,1259,0
36354,0,1252,0
36356,0,1253,0
36358,0,1258,0
36360,78945,1266,1
36362,0,1274,0
36364,0,1279,0
36366,0,1280,0
36368,0,1276,0
36370,0,1268,0
36372,0,1259,0
36374,0,1254,0
36376,0,1253,0
36378,0,1258,0
36380,0,1267,0
36382,0,1276,0
36384,0,1280,0
36386,0,1281,0
36388,0,1275,0
36390,0,1265,0
36392,0,1259,0
36394,0,1253,0
36396,0,1254,0
36398,0,1259,0
36400,78850,1268,1
36402,0,1274,0
36404,0,1280,0
36406,0,1281,0
36408,0,1276,0
36410,0,1268,0
36412,0,1257,0
36414,0,1253,0
36416,0,1253,0
36418,0,1260,0
36420,0,1267,0
36422,0,1274,0
36424,0,1280,0
36426,0,1280,0
36428,0,1276,0
36430,0,1267,0
36432,0,1259,0
36434,0,1252,0
36436,0,1253,0
36438,0,1259,0
36440,78950,1268,1
36442,0,1276,0
36444,0,1280,0
36446,0,1280,0
36448,0,1274,0
36450,0,1266,0
36452,0,1258,0
36454,0,1253,0
36456,0,1254,0
36458,0,1258,0
36460,0,1266,0
36462,0,1274,0
36464,0,1281,0
36466,0,1281,0
36468,0,1275,0
36470,0,1268,0
36472,0,1258,0
36474,0,1253,0
36476,0,1254,0
36478,0,1259,0
36480,79220,1265,1
36482,0,1276,0
36484,0,1280,0
36486,0,1279,0
36488,0,1276,0
36490,0,1267,0
36492,0,1259,0
36494,0,1252,0
36496,0,1253,0
36498,0,1257,0
36500,0,1265,0
36502,0,1274,0
36504,0,1279,0
36506,0,1280,0
36508,0,1276,0
36510,0,1267,0
36512,0,1257,0
36514,0,1254,0
36516,0,1253,0
36518,0,1260,0
36520,79570,1266,1
36522,0,1274,0
36524,0,1279,0
36526,0,1281,0
36528,0,1275,0
36530,0,1267,0
36532,0,1257,0
36534,0,1253,0
36536,0,1254,0
36538,0,1257,0
36540,0,1266,0
36542,0,1274,0
36544,0,1281,0
36546,0,1279,0
36548,0,1275,0
36550,0,1267,0
36552,0,1259,0
36554,0,1252,0
36556,0,1254,0
36558,0,1259,0
36560,80015,1266,1
36562,0,1276,0
36564,0,1281,0
36566,0,1278,0
36568,0,1274,0
36570,0,1267,0
36572,0,1258,0
36574,0,1253,0
36576,0,1254,0
36578,0,1257,0
36580,0,1266,0
36582,0,1275,0
36584,0,1280,0
36586,0,1279,0
36588,0,1275,0
36590,0,1267,0
36592,0,1260,0
36594,0,1252,0
36596,0,1253,0
36598,0,1259,0
36600,80377,1266,1
36602,0,1276,0
36604,0,1281,0
36606,0,1280,0
36608,0,1274,0
36610,0,1267,0
36612,0,1257,0
36614,0,1252,0
36616,0,1254,0
36618,0,1257,0
36620,0,1266,0
36622,0,1276,0
36624,0,1279,0
36626,0,1279,0
36628,0,1274,0
36630,0,1266,0
36632,0,1259,0
36634,0,1252,0
36636,0,1252,0
36638,0,1257,0
36640,80740,1266,1
36642,0,1275,0
36644,0,1279,0
36646,0,1281,0
36648,0,1274,0
36650,0,1268,0
36652,0,1259,0
36654,0,1253,0
36656,0,1253,0
36658,0,1260,0
36660,0,1266,0
36662,0,1275,0
36664,0,1279,0
36666,0,1280,0
36668,0,1274,0
36670,0,1266,0
36672,0,1258,0
36674,0,1253,0
36676,0,1252,0
36678,0,1258,0
36680,80969,1267,1
36682,0,1275,0
36684,0,1279,0
36686,0,1281,0
36688,0,1275,0
36690,0,1267,0
36692,0,1257,0
36694,0,1253,0
36696,0,1252,0
36698,0,1257,0
36700,0,1265,0
36702,0,1274,0
36704,0,1279,0
36706,0,1280,0
36708,0,1274,0
36710,0,1266,0
36712,0,1260,0
36714,0,1254,0
36716,0,1252,0
36718,0,1258,0
36720,81047,1267,1
36722,0,1275,0
36724,0,1279,0
36726,0,1280,0
36728,0,1275,0
36730,0,1265,0
36732,0,1258,0
36734,0,1252,0
36736,0,1253,0
36738,0,1257,0
36740,0,1266,0
36742,0,1273,0
36744,0,1279,0
36746,0,1280,0
36748,0,1275,0
36750,0,1267,0
36752,0,1258,0
36754,0,1254,0
36756,0,1255,0
36758,0,1257,0
36760,81015,1267,1
36762,0,1274,0
36764,0,1280,0
36766,0,1280,0
36768,0,1273,0
36770,0,1266,0
36772,0,1257,0
36774,0,1253,0
36776,0,1252,0
36778,0,1258,0
36780,0,1266,0
36782,0,1275,0
36784,0,1279,0
36786,0,1279,0
36788,0,1274,0
36790,0,1267,0
36792,0,1258,0
36794,0,1253,0
36796,0,1253,0
36798,0,1258,0
36800,80861,1267,1
36802,0,1276,0
36804,0,1278,0
36806,0,1279,0
36808,0,1276,0
36810,0,1265,0
36812,0,1259,0
36814,0,1253,0
36816,0,1254,0
36818,0,1259,0
36820,0,1267,0
36822,0,1276,0
36824,0,1278,0
36826,0,1280,0
36828,0,1275,0
36830,0,1268,0
36832,0,1258,0
36834,0,1253,0
36836,0,1253,0
36838,0,1259,0
36840,80714,1268,1
36842,0,1276,0
36844,0,1280,0
36846,0,1279,0
36848,0,1273,0
36850,0,1266,0
36852,0,1258,0
36854,0,1252,0
36856,0,1254,0
36858,0,1258,0
36860,0,1266,0
36862,0,1275,0
36864,0,1278,0
36866,0,1280,0
36868,0,1274,0
36870,0,1266,0
36872,0,1257,0
36874,0,1254,0
36876,0,1253,0
36878,0,1257,0
36880,80461,1267,1
36882,0,1275,0
36884,0,1280,0
36886,0,1279,0
36888,0,1276,0
36890,0,1266,0
36892,0,1257,0
36894,0,1253,0
36896,0,1254,0
36898,0,1259,0
36900,0,1268,0
36902,0,1274,0
36904,0,1278,0
36906,0,1279,0
36908,0,1274,0
36910,0,1268,0
36912,0,1259,0
36914,0,1252,0
36916,0,1253,0
36918,0,1258,0
36920,80257,1266,1
36922,0,1274,0
36924,0,1279,0
36926,0,1281,0
36928,0,1273,0
36930,0,1267,0
36932,0,1258,0
36934,0,1253,0
36936,0,1252,0
36938,0,1259,0
36940,0,1265,0
36942,0,1274,0
36944,0,1281,0
36946,0,1279,0
36948,0,1274,0
36950,0,1268,0
36952,0,1257,0
36954,0,1254,0
36956,0,1254,0
36958,0,1257,0
36960,80140,1266,1
36962,0,1274,0
36964,0,1279,0
36966,0,1279,0
36968,0,1275,0
36970,0,1268,0
36972,0,1259,0
36974,0,1254,0
36976,0,1254,0
36978,0,1259,0
36980,0,1266,0
36982,0,1274,0
36984,0,1279,0
36986,0,1279,0
36988,0,1274,0
36990,0,1267,0
36992,0,1259,0
36994,0,1254,0
36996,0,1254,0
36998,0,1258,0
37000,80016,1267,1
37002,0,1275,0
37004,0,1279,0
37006,0,1279,0
37008,0,1275,0
37010,0,1266,0
37012,0,1258,0
37014,0,1253,0
37016,0,1253,0
37018,0,1258,0
37020,0,1265,0
37022,0,1275,0
37024,0,1279,0
37026,0,1281,0
37028,0,1276,0
37030,0,1265,0
37032,0,1258,0
37034,0,1252,0
37036,0,1254,0
37038,0,1257,0
37040,79963,1266,1
37042,0,1274,0
37044,0,1281,0
37046,0,1281,0
37048,0,1274,0
37050,0,1266,0
37052,0,1258,0
37054,0,1251,0
37056,0,1254,0
37058,0,1257,0
37060,0,1265,0
37062,0,1273,0
37064,0,1281,0
37066,0,1280,0
37068,0,1274,0
37070,0,1266,0
37072,0,1257,0
37074,0,1251,0
37076,0,1253,0
37078,0,1258,0
37080,79968,1265,1
37082,0,1273,0
37084,0,1280,0
37086,0,1279,0
37088,0,1273,0
37090,0,1267,0
37092,0,1257,0
37094,0,1254,0
37096,0,1252,0
37098,0,1256,0
37100,0,1265,0
37102,0,1276,0
37104,0,1280,0
37106,0,1279,0
37108,0,1274,0
37110,0,1266,0
37112,0,1258,0
37114,0,1254,0
37116,0,1251,0
37118,0,1258,0
37120,79885,1265,1
37122,0,1274,0
37124,0,1279,0
37126,0,1279,0
37128,0,1273,0
37130,0,1265,0
37132,0,1258,0
37134,0,1253,0
37136,0,1253,0
37138,0,1258,0
37140,0,1265,0
37142,0,1275,0
37144,0,1280,0
37146,0,1279,0
37148,0,1274,0
37150,0,1268,0
37152,0,1257,0
37154,0,1251,0
37156,0,1252,0
37158,0,1257,0
37160,79623,1267,1
37162,0,1275,0
37164,0,1279,0
37166,0,1279,0
37168,0,1274,0
37170,0,1267,0
37172,0,1259,0
37174,0,1252,0
37176,0,1251,0
37178,0,1259,0
37180,0,1266,0
37182,0,1274,0
37184,0,1279,0
37186,0,1280,0
37188,0,1273,0
37190,0,1265,0
37192,0,1258,0
37194,0,1253,0
37196,0,1254,0
37198,0,1257,0
37200,79405,1265,1
37202,0,1273,0
37204,0,1279,0
37206,0,1278,0
37208,0,1276,0
37210,0,1265,0
37212,0,1258,0
37214,0,1253,0
37216,0,1253,0
37218,0,1258,0
37220,0,1265,0
37222,0,1274,0
37224,0,1278,0
37226,0,1280,0
37228,0,1274,0
37230,0,1265,0
37232,0,1259,0
37234,0,1253,0
37236,0,1253,0
37238,0,1257,0
37240,79219,1267,1
37242,0,1274,0
37244,0,1279,0
37246,0,1278,0
37248,0,1274,0
37250,0,1267,0
37252,0,1258,0
37254,0,1252,0
37256,0,1253,0
37258,0,1258,0
37260,0,1265,0
37262,0,1274,0
37264,0,1280,0
37266,0,1280,0
37268,0,1274,0
37270,0,1265,0
37272,0,1258,0
37274,0,1253,0
37276,0,1252,0
37278,0,1258,0
37280,79066,1266,1
37282,0,1273,0
37284,0,1278,0
37286,0,1280,0
37288,0,1274,0
37290,0,1267,0
37292,0,1258,0
37294,0,1252,0
37296,0,1251,0
37298,0,1259,0
37300,0,1266,0
37302,0,1274,0
37304,0,1278,0
37306,0,1280,0
37308,0,1273,0
37310,0,1265,0
37312,0,1256,0
37314,0,1252,0
37316,0,1252,0
37318,0,1257,0
37320,78918,1266,1
37322,0,1273,0
37324,0,1278,0
37326,0,1278,0
37328,0,1273,0
37330,0,1267,0
37332,0,1257,0
37334,0,1253,0
37336,0,1253,0
37338,0,1259,0
37340,0,1267,0
37342,0,1275,0
37344,0,1280,0
37346,0,1279,0
37348,0,1275,0
37350,0,1267,0
37352,0,1259,0
37354,0,1254,0
37356,0,1253,0
37358,0,1258,0
37360,78952,1266,1
37362,0,1275,0
37364,0,1280,0
37366,0,1279,0
37368,0,1274,0
37370,0,1266,0
37372,0,1258,0
37374,0,1254,0
37376,0,1252,0
37378,0,1258,0
37380,0,1265,0
37382,0,1275,0
37384,0,1278,0
37386,0,1280,0
37388,0,1274,0
37390,0,1265,0
37392,0,1258,0
37394,0,1252,0
37396,0,1252,0
37398,0,1259,0
37400,79144,1265,1
37402,0,1275,0
37404,0,1280,0
37406,0,1279,0
37408,0,1275,0
37410,0,1266,0
37412,0,1257,0
37414,0,1252,0
37416,0,1253,0
37418,0,1257,0
37420,0,1267,0
37422,0,1274,0
37424,0,1278,0
37426,0,1279,0
37428,0,1274,0
37430,0,1266,0
37432,0,1258,0
37434,0,1254,0
37436,0,1253,0
37438,0,1257,0
37440,79384,1267,1
37442,0,1273,0
37444,0,1279,0
37446,0,1281,0
37448,0,1274,0
37450,0,1266,0
37452,0,1259,0
37454,0,1252,0
37456,0,1254,0
37458,0,1257,0
37460,0,1267,0
37462,0,1273,0
37464,0,1279,0
37466,0,1280,0
37468,0,1275,0
37470,0,1265,0
37472,0,1257,0
37474,0,1253,0
37476,0,1253,0
37478,0,1257,0
37480,79740,1264,1
37482,0,1275,0
37484,0,1278,0
37486,0,1278,0
37488,0,1275,0
37490,0,1265,0
37492,0,1257,0
37494,0,1252,0
37496,0,1254,0
37498,0,1256,0
37500,0,1267,0
37502,0,1275,0
37504,0,1279,0
37506,0,1280,0
37508,0,1274,0
37510,0,1267,0
37512,0,1258,0
37514,0,1252,0
37516,0,1252,0
37518,0,1258,0
37520,80244,1265,1
37522,0,1273,0
37524,0,1279,0
37526,0,1279,0
37528,0,1275,0
37530,0,1266,0
37532,0,1258,0
37534,0,1254,0
37536,0,1253,0
37538,0,1258,0
37540,0,1265,0
37542,0,1274,0
37544,0,1280,0
37546,0,1280,0
37548,0,1273,0
37550,0,1266,0
37552,0,1257,0
37554,0,1252,0
37556,0,1253,0
37558,0,1257,0
37560,80625,1267,1
37562,0,1275,0
37564,0,1280,0
37566,0,1279,0
37568,0,1273,0
37570,0,1266,0
37572,0,1258,0
37574,0,1254,0
37576,0,1253,0
37578,0,1258,0
37580,0,1265,0
37582,0,1273,0
37584,0,1279,0
37586,0,1278,0
37588,0,1275,0
37590,0,1267,0
37592,0,1257,0
37594,0,1252,0
37596,0,1254,0
37598,0,1258,0
37600,80889,1266,1
37602,0,1273,0
37604,0,1280,0
37606,0,1280,0
37608,0,1275,0
37610,0,1267,0
37612,0,1257,0
37614,0,1253,0
37616,0,1252,0
37618,0,1257,0
37620,0,1265,0
37622,0,1274,0
37624,0,1279,0
37626,0,1279,0
37628,0,1275,0
37630,0,1264,0
37632,0,1258,0
37634,0,1252,0
37636,0,1251,0
37638,0,1258,0
37640,81127,1265,1
37642,0,1274,0
37644,0,1278,0
37646,0,1278,0
37648,0,1275,0
37650,0,1267,0
37652,0,1256,0
37654,0,1252,0
37656,0,1253,0
37658,0,1256,0
37660,0,1265,0
37662,0,1274,0
37664,0,1279,0
37666,0,1280,0
37668,0,1273,0
37670,0,1264,0
37672,0,1257,0
37674,0,1253,0
37676,0,1253,0
37678,0,1258,0
37680,81105,1266,1
37682,0,1273,0
37684,0,1279,0
37686,0,1279,0
37688,0,1275,0
37690,0,1265,0
37692,0,1257,0
37694,0,1252,0
37696,0,1251,0
37698,0,1258,0
37700,0,1264,0
37702,0,1274,0
37704,0,1278,0
37706,0,1279,0
37708,0,1275,0
37710,0,1264,0
37712,0,1258,0
37714,0,1253,0
37716,0,1251,0
37718,0,1257,0
37720,80949,1265,1
37722,0,1273,0
37724,0,1279,0
37726,0,1279,0
37728,0,1273,0
37730,0,1265,0
37732,0,1257,0
37734,0,1253,0
37736,0,1253,0
37738,0,1258,0
37740,0,1266,0
37742,0,1273,0
37744,0,1280,0
37746,0,1280,0
37748,0,1274,0
37750,0,1264,0
37752,0,1258,0
37754,0,1253,0
37756,0,1251,0
37758,0,1258,0
37760,80794,1265,1
37762,0,1273,0
37764,0,1279,0
37766,0,1278,0
37768,0,1274,0
37770,0,1265,0
37772,0,1258,0
37774,0,1251,0
37776,0,1252,0
37778,0,1258,0
37780,0,1264,0
37782,0,1275,0
37784,0,1279,0
37786,0,1279,0
37788,0,1273,0
37790,0,1265,0
37792,0,1257,0
37794,0,1253,0
37796,0,1252,0
37798,0,1258,0
37800,80511,1267,1
37802,0,1275,0
37804,0,1280,0
37806,0,1280,0
37808,0,1274,0
37810,0,1266,0
37812,0,1257,0
37814,0,1253,0
37816,0,1253,0
37818,0,1258,0
37820,0,1265,0
37822,0,1273,0
37824,0,1279,0
37826,0,1279,0
37828,0,1275,0
37830,0,1267,0
37832,0,1258,0
37834,0,1252,0
37836,0,1251,0
37838,0,1257,0
37840,80329,1266,1
37842,0,1274,0
37844,0,1278,0
37846,0,1279,0
37848,0,1273,0
37850,0,1266,0
37852,0,1256,0
37854,0,1252,0
37856,0,1251,0
37858,0,1258,0
37860,0,1264,0
37862,0,1274,0
37864,0,1280,0
37866,0,1279,0
37868,0,1274,0
37870,0,1266,0
37872,0,1257,0
37874,0,1253,0
37876,0,1253,0
37878,0,1256,0
37880,80213,1266,1
37882,0,1274,0
37884,0,1278,0
37886,0,1280,0
37888,0,1272,0
37890,0,1265,0
37892,0,1258,0
37894,0,1253,0
37896,0,1253,0
37898,0,1259,0
37900,0,1267,0
37902,0,1275,0
37904,0,1277,0
37906,0,1278,0
37908,0,1273,0
37910,0,1266,0
37912,0,1256,0
37914,0,1252,0
37916,0,1251,0
37918,0,1259,0
37920,80101,1266,1
37922,0,1274,0
37924,0,1277,0
37926,0,1280,0
37928,0,1272,0
37930,0,1265,0
37932,0,1256,0
37934,0,1252,0
37936,0,1251,0
37938,0,1256,0
37940,0,1264,0
37942,0,1273,0
37944,0,1280,0
37946,0,1278,0
37948,0,1272,0
37950,0,1266,0
37952,0,1258,0
37954,0,1253,0
37956,0,1253,0
37958,0,1259,0
37960,80035,1265,1
37962,0,1272,0
37964,0,1279,0
37966,0,1280,0
37968,0,1273,0
37970,0,1266,0
37972,0,1258,0
37974,0,1252,0
37976,0,1253,0
37978,0,1258,0
37980,0,1264,0
37982,0,1274,0
37984,0,1280,0
37986,0,1278,0
37988,0,1274,0
37990,0,1266,0
37992,0,1257,0
37994,0,1251,0
37996,0,1253,0
37998,0,1258,0
38000,79962,1265,1
38002,0,1274,0
38004,0,1280,0
38006,0,1279,0
38008,0,1275,0
38010,0,1264,0
38012,0,1256,0
38014,0,1253,0
38016,0,1253,0
38018,0,1256,0
38020,0,1264,0
38022,0,1274,0
38024,0,1279,0
38026,0,1277,0
38028,0,1273,0
38030,0,1266,0
38032,0,1257,0
38034,0,1251,0
38036,0,1251,0
38038,0,1257,0
38040,79865,1266,1
38042,0,1273,0
38044,0,1277,0
38046,0,1280,0
38048,0,1274,0
38050,0,1266,0
38052,0,1257,0
38054,0,1252,0
38056,0,1251,0
38058,0,1258,0
38060,0,1267,0
38062,0,1274,0
38064,0,1279,0
38066,0,1277,0
38068,0,1275,0
38070,0,1265,0
38072,0,1258,0
38074,0,1253,0
38076,0,1251,0
38078,0,1257,0
38080,79731,1264,1
38082,0,1273,0
38084,0,1278,0
38086,0,1280,0
38088,0,1273,0
38090,0,1265,0
38092,0,1258,0
38094,0,1251,0
38096,0,1253,0
38098,0,1258,0
38100,0,1265,0
38102,0,1274,0
38104,0,1279,0
38106,0,1278,0
38108,0,1274,0
38110,0,1265,0
38112,0,1256,0
38114,0,1253,0
38116,0,1252,0
38118,0,1258,0
38120,79544,1265,1
38122,0,1274,0
38124,0,1279,0
38126,0,1278,0
38128,0,1272,0
38130,0,1264,0
38132,0,1258,0
38134,0,1251,0
38136,0,1251,0
38138,0,1257,0
38140,0,1266,0
38142,0,1274,0
38144,0,1280,0
38146,0,1278,0
38148,0,1274,0
38150,0,1264,0
38152,0,1257,0
38154,0,1253,0
38156,0,1250,0
38158,0,1257,0
38160,79301,1265,1
38162,0,1273,0
38164,0,1279,0
38166,0,1279,0
38168,0,1272,0
38170,0,1266,0
38172,0,1256,0
38174,0,1252,0
38176,0,1252,0
38178,0,1258,0
38180,0,1267,0
38182,0,1273,0
38184,0,1277,0
38186,0,1277,0
38188,0,1274,0
38190,0,1265,0
38192,0,1256,0
38194,0,1252,0
38196,0,1252,0
38198,0,1258,0
38200,79055,1265,1
38202,0,1273,0
38204,0,1279,0
38206,0,1279,0
38208,0,1273,0
38210,0,1265,0
38212,0,1258,0
38214,0,1252,0
38216,0,1252,0
38218,0,1257,0
38220,0,1264,0
38222,0,1272,0
38224,0,1277,0
38226,0,1280,0
38228,0,1275,0
38230,0,1265,0
38232,0,1258,0
38234,0,1251,0
38236,0,1250,0
38238,0,1255,0
38240,78987,1266,1
38242,0,1273,0
38244,0,1278,0
38246,0,1279,0
38248,0,1272,0
38250,0,1266,0
38252,0,1258,0
38254,0,1251,0
38256,0,1252,0
38258,0,1256,0
38260,0,1264,0
38262,0,1273,0
38264,0,1279,0
38266,0,1278,0
38268,0,1274,0
38270,0,1266,0
38272,0,1256,0
38274,0,1251,0
38276,0,1251,0
38278,0,1257,0
38280,78901,1266,1
38282,0,1274,0
38284,0,1279,0
38286,0,1279,0
38288,0,1272,0
38290,0,1264,0
38292,0,1257,0
38294,0,1251,0
38296,0,1251,0
38298,0,1257,0
38300,0,1265,0
38302,0,1274,0
38304,0,1277,0
38306,0,1278,0
38308,0,1273,0
38310,0,1264,0
38312,0,1256,0
38314,0,1251,0
38316,0,1253,0
38318,0,1258,0
38320,79025,1266,1
38322,0,1274,0
38324,0,1279,0
38326,0,1278,0
38328,0,1272,0
38330,0,1266,0
38332,0,1258,0
38334,0,1251,0
38336,0,1252,0
38338,0,1257,0
38340,0,1264,0
38342,0,1273,0
38344,0,1278,0
38346,0,1280,0
38348,0,1273,0
38350,0,1264,0
38352,0,1256,0
38354,0,1251,0
38356,0,1250,0
38358,0,1257,0
38360,79247,1266,1
38362,0,1272,0
38364,0,1277,0
38366,0,1278,0
38368,0,1274,0
38370,0,1264,0
38372,0,1257,0
38374,0,1252,0
38376,0,1253,0
38378,0,1258,0
38380,0,1265,0
38382,0,1274,0
38384,0,1277,0
38386,0,1277,0
38388,0,1273,0
38390,0,1264,0
38392,0,1257,0
38394,0,1252,0
38396,0,1250,0
38398,0,1258,0
38400,79642,1266,1
38402,0,1273,0
38404,0,1279,0
38406,0,1277,0
38408,0,1272,0
38410,0,1265,0
38412,0,1257,0
38414,0,1252,0
38416,0,1251,0
38418,0,1256,0
38420,0,1266,0
38422,0,1274,0
38424,0,1279,0
38426,0,1279,0
38428,0,1274,0
38430,0,1265,0
38432,0,1256,0
38434,0,1251,0
38436,0,1251,0
38438,0,1258,0
38440,79994,1266,1
38442,0,1272,0
38444,0,1279,0
38446,0,1279,0
38448,0,1274,0
38450,0,1265,0
38452,0,1255,0
38454,0,1252,0
38456,0,1253,0
38458,0,1257,0
38460,0,1264,0
38462,0,1272,0
38464,0,1279,0
38466,0,1279,0
38468,0,1273,0
38470,0,1264,0
38472,0,1256,0
38474,0,1250,0
38476,0,1251,0
38478,0,1257,0
38480,80432,1265,1
38482,0,1274,0
38484,0,1279,0
38486,0,1278,0
38488,0,1272,0
38490,0,1265,0
38492,0,1258,0
38494,0,1252,0
38496,0,1251,0
38498,0,1257,0
38500,0,1265,0
38502,0,1274,0
38504,0,1278,0
38506,0,1277,0
38508,0,1274,0
38510,0,1264,0
38512,0,1256,0
38514,0,1252,0
38516,0,1252,0
38518,0,1255,0
38520,80810,1264,1
38522,0,1273,0
38524,0,1279,0
38526,0,1278,0
38528,0,1274,0
38530,0,1264,0
38532,0,1255,0
38534,0,1252,0
38536,0,1253,0
38538,0,1257,0
38540,0,1263,0
38542,0,1272,0
38544,0,1278,0
38546,0,1279,0
38548,0,1274,0
38550,0,1265,0
38552,0,1256,0
38554,0,1251,0
38556,0,1252,0
38558,0,1256,0
38560,81030,1264,1
38562,0,1273,0
38564,0,1278,0
38566,0,1277,0
38568,0,1273,0
38570,0,1264,0
38572,0,1257,0
38574,0,1251,0
38576,0,1251,0
38578,0,1256,0
38580,0,1265,0
38582,0,1273,0
38584,0,1277,0
38586,0,1278,0
38588,0,1274,0
38590,0,1265,0
38592,0,1257,0
38594,0,1251,0
38596,0,1250,0
38598,0,1257,0
38600,81059,1263,1
38602,0,1274,0
38604,0,1278,0
38606,0,1277,0
38608,0,1274,0
38610,0,1264,0
38612,0,1256,0
38614,0,1251,0
38616,0,1250,0
38618,0,1256,0
38620,0,1265,0
38622,0,1273,0
38624,0,1278,0
38626,0,1279,0
38628,0,1274,0
38630,0,1264,0
38632,0,1257,0
38634,0,1253,0
38636,0,1252,0
38638,0,1257,0
38640,81069,1263,1
38642,0,1271,0
38644,0,1277,0
38646,0,1279,0
38648,0,1272,0
38650,0,1266,0
38652,0,1258,0
38654,0,1253,0
38656,0,1252,0
38658,0,1257,0
38660,0,1264,0
38662,0,1272,0
38664,0,1277,0
38666,0,1278,0
38668,0,1273,0
38670,0,1266,0
38672,0,1257,0
38674,0,1251,0
38676,0,1251,0
38678,0,1255,0
38680,80827,1265,1
38682,0,1274,0
38684,0,1278,0
38686,0,1278,0
38688,0,1272,0
38690,0,1265,0
38692,0,1256,0
38694,0,1250,0
38696,0,1251,0
38698,0,1257,0
38700,0,1264,0
38702,0,1273,0
38704,0,1279,0
38706,0,1278,0
38708,0,1272,0
38710,0,1265,0
38712,0,1257,0
38714,0,1251,0
38716,0,1251,0
38718,0,1255,0
38720,80607,1265,1
38722,0,1273,0
38724,0,1279,0
38726,0,1279,0
38728,0,1273,0
38730,0,1265,0
38732,0,1258,0
38734,0,1251,0
38736,0,1252,0
38738,0,1256,0
38740,0,1264,0
38742,0,1273,0
38744,0,1277,0
38746,0,1277,0
38748,0,1272,0
38750,0,1263,0
38752,0,1256,0
38754,0,1252,0
38756,0,1251,0
38758,0,1256,0
38760,80408,1266,1
38762,0,1274,0
38764,0,1278,0
38766,0,1278,0
38768,0,1274,0
38770,0,1266,0
38772,0,1256,0
38774,0,1252,0
38776,0,1253,0
38778,0,1257,0
38780,0,1265,0
38782,0,1274,0
38784,0,1277,0
38786,0,1279,0
38788,0,1271,0
38790,0,1264,0
38792,0,1256,0
38794,0,1250,0
38796,0,1252,0
38798,0,1255,0
38800,80231,1265,1
38802,0,1272,0
38804,0,1279,0
38806,0,1277,0
38808,0,1273,0
38810,0,1265,0
38812,0,1256,0
38814,0,1252,0
38816,0,1251,0
38818,0,1257,0
38820,0,1263,0
38822,0,1271,0
38824,0,1279,0
38826,0,1278,0
38828,0,1272,0
38830,0,1264,0
38832,0,1257,0
38834,0,1250,0
38836,0,1251,0
38838,0,1256,0
38840,80072,1265,1
38842,0,1273,0
38844,0,1277,0
38846,0,1277,0
38848,0,1272,0
38850,0,1264,0
38852,0,1255,0
38854,0,1251,0
38856,0,1252,0
38858,0,1257,0
38860,0,1266,0
38862,0,1273,0
38864,0,1279,0
38866,0,1278,0
38868,0,1273,0
38870,0,1265,0
38872,0,1257,0
38874,0,1250,0
38876,0,1251,0
38878,0,1257,0
38880,80087,1266,1
38882,0,1273,0
38884,0,1277,0
38886,0,1278,0
38888,0,1273,0
38890,0,1265,0
38892,0,1257,0
38894,0,1252,0
38896,0,1250,0
38898,0,1255,0
38900,0,1264,0
38902,0,1273,0
38904,0,1279,0
38906,0,1278,0
38908,0,1274,0
38910,0,1265,0
38912,0,1256,0
38914,0,1251,0
38916,0,1252,0
38918,0,1255,0
38920,80039,1264,1
38922,0,1273,0
38924,0,1279,0
38926,0,1279,0
38928,0,1274,0
38930,0,1264,0
38932,0,1257,0
38934,0,1251,0
38936,0,1250,0
38938,0,1256,0
38940,0,1263,0
38942,0,1272,0
38944,0,1277,0
38946,0,1278,0
38948,0,1273,0
38950,0,1265,0
38952,0,1257,0
38954,0,1252,0
38956,0,1250,0
38958,0,1258,0
38960,79908,1264,1
38962,0,1273,0
38964,0,1277,0
38966,0,1278,0
38968,0,1272,0
38970,0,1263,0
38972,0,1256,0
38974,0,1252,0
38976,0,1250,0
38978,0,1255,0
38980,0,1265,0
38982,0,1273,0
38984,0,1278,0
38986,0,1278,0
38988,0,1272,0
38990,0,1264,0
38992,0,1256,0
38994,0,1250,0
38996,0,1251,0
38998,0,1256,0
39000,79866,1263,1
39002,0,1271,0
39004,0,1278,0
39006,0,1278,0
39008,0,1272,0
39010,0,1264,0
39012,0,1256,0
39014,0,1250,0
39016,0,1251,0
39018,0,1257,0
39020,0,1264,0
39022,0,1271,0
39024,0,1277,0
39026,0,1279,0
39028,0,1274,0
39030,0,1264,0
39032,0,1255,0
39034,0,1250,0
39036,0,1252,0
39038,0,1257,0
39040,79675,1265,1
39042,0,1272,0
39044,0,1278,0
39046,0,1276,0
39048,0,1271,0
39050,0,1266,0
39052,0,1255,0
39054,0,1251,0
39056,0,1251,0
39058,0,1257,0
39060,0,1263,0
39062,0,1273,0
39064,0,1276,0
39066,0,1277,0
39068,0,1274,0
39070,0,1265,0
39072,0,1257,0
39074,0,1252,0
39076,0,1250,0
39078,0,1256,0
39080,79436,1264,1
39082,0,1274,0
39084,0,1276,0
39086,0,1278,0
39088,0,1272,0
39090,0,1266,0
39092,0,1255,0
39094,0,1251,0
39096,0,1251,0
39098,0,1257,0
39100,0,1264,0
39102,0,1271,0
39104,0,1279,0
39106,0,1279,0
39108,0,1272,0
39110,0,1263,0
39112,0,1257,0
39114,0,1251,0
39116,0,1251,0
39118,0,1256,0
39120,79232,1263,1
39122,0,1271,0
39124,0,1279,0
39126,0,1279,0
39128,0,1273,0
39130,0,1264,0
39132,0,1256,0
39134,0,1251,0
39136,0,1252,0
39138,0,1255,0
39140,0,1263,0
39142,0,1272,0
39144,0,1279,0
39146,0,1277,0
39148,0,1273,0
39150,0,1263,0
39152,0,1255,0
39154,0,1251,0
39156,0,1252,0
39158,0,1255,0
39160,78957,1263,1
39162,0,1274,0
39164,0,1277,0
39166,0,1276,0
39168,0,1274,0
39170,0,1265,0
39172,0,1255,0
39174,0,1251,0
39176,0,1250,0
39178,0,1256,0
39180,0,1264,0
39182,0,1272,0
39184,0,1277,0
39186,0,1277,0
39188,0,1272,0
39190,0,1263,0
39192,0,1256,0
39194,0,1252,0
39196,0,1251,0
39198,0,1257,0
39200,78868,1264,1
39202,0,1272,0
39204,0,1277,0
39206,0,1278,0
39208,0,1273,0
39210,0,1263,0
39212,0,1255,0
39214,0,1250,0
39216,0,1250,0
39218,0,1255,0
39220,0,1265,0
39222,0,1272,0
39224,0,1278,0
39226,0,1278,0
39228,0,1272,0
39230,0,1265,0
39232,0,1256,0
39234,0,1250,0
39236,0,1250,0
39238,0,1255,0
39240,78949,1265,1
39242,0,1272,0
39244,0,1277,0
39246,0,1276,0
39248,0,1271,0
39250,0,1266,0
39252,0,1255,0
39254,0,1250,0
39256,0,1252,0
39258,0,1257,0
39260,0,1263,0
39262,0,1273,0
39264,0,1277,0
39266,0,1276,0
39268,0,1272,0
39270,0,1265,0
39272,0,1257,0
39274,0,1251,0
39276,0,1250,0
39278,0,1257,0
39280,79112,1264,1
39282,0,1273,0
39284,0,1278,0
39286,0,1276,0
39288,0,1273,0
39290,0,1263,0
39292,0,1256,0
39294,0,1250,0
39296,0,1251,0
39298,0,1257,0
39300,0,1265,0
39302,0,1272,0
39304,0,1278,0
39306,0,1277,0
39308,0,1272,0
39310,0,1265,0
39312,0,1255,0
39314,0,1249,0
39316,0,1252,0
39318,0,1257,0
39320,79427,1265,1
39322,0,1272,0
39324,0,1276,0
39326,0,1276,0
39328,0,1273,0
39330,0,1263,0
39332,0,1257,0
39334,0,1251,0
39336,0,1252,0
39338,0,1256,0
39340,0,1265,0
39342,0,1273,0
39344,0,1278,0
39346,0,1277,0
39348,0,1273,0
39350,0,1263,0
39352,0,1255,0
39354,0,1250,0
39356,0,1250,0
39358,0,1256,0
39360,79799,1264,1
39362,0,1274,0
39364,0,1276,0
39366,0,1278,0
39368,0,1273,0
39370,0,1265,0
39372,0,1257,0
39374,0,1250,0
39376,0,1252,0
39378,0,1257,0
39380,0,1263,0
39382,0,1274,0
39384,0,1278,0
39386,0,1278,0
39388,0,1274,0
39390,0,1265,0
39392,0,1256,0
39394,0,1252,0
39396,0,1252,0
39398,0,1255,0
39400,80236,1265,1
39402,0,1272,0
39404,0,1278,0
39406,0,1279,0
39408,0,1274,0
39410,0,1263,0
39412,0,1257,0
39414,0,1251,0
39416,0,1252,0
39418,0,1256,0
39420,0,1265,0
39422,0,1272,0
39424,0,1276,0
39426,0,1277,0
39428,0,1271,0
39430,0,1264,0
39432,0,1256,0
39434,0,1250,0
39436,0,1251,0
39438,0,1255,0
39440,80636,1265,1
39442,0,1273,0
39444,0,1276,0
39446,0,1277,0
39448,0,1273,0
39450,0,1264,0
39452,0,1254,0
39454,0,1250,0
39456,0,1250,0
39458,0,1255,0
39460,0,1263,0
39462,0,1271,0
39464,0,1277,0
39466,0,1279,0
39468,0,1271,0
39470,0,1263,0
39472,0,1255,0
39474,0,1251,0
39476,0,1251,0
39478,0,1256,0
39480,80880,1263,1
39482,0,1274,0
39484,0,1278,0
39486,0,1278,0
39488,0,1271,0
39490,0,1263,0
39492,0,1256,0
39494,0,1252,0
39496,0,1250,0
39498,0,1255,0
39500,0,1265,0
39502,0,1272,0
39504,0,1279,0
39506,0,1278,0
39508,0,1273,0
39510,0,1263,0
39512,0,1254,0
39514,0,1250,0
39516,0,1252,0
39518,0,1254,0
39520,81033,1265,1
39522,0,1274,0
39524,0,1278,0
39526,0,1277,0
39528,0,1273,0
39530,0,1265,0
39532,0,1257,0
39534,0,1251,0
39536,0,1250,0
39538,0,1255,0
39540,0,1264,0
39542,0,1271,0
39544,0,1278,0
39546,0,1277,0
39548,0,1272,0
39550,0,1264,0
39552,0,1256,0
39554,0,1250,0
39556,0,1252,0
39558,0,1257,0
39560,81022,1265,1
39562,0,1273,0
39564,0,1278,0
39566,0,1279,0
39568,0,1272,0
39570,0,1265,0
39572,0,1255,0
39574,0,1249,0
39576,0,1250,0
39578,0,1256,0
39580,0,1263,0
39582,0,1271,0
39584,0,1278,0
39586,0,1277,0
39588,0,1273,0
39590,0,1263,0
39592,0,1255,0
39594,0,1252,0
39596,0,1251,0
39598,0,1256,0
39600,80941,1264,1
39602,0,1271,0
39604,0,1276,0
39606,0,1278,0
39608,0,1271,0
39610,0,1264,0
39612,0,1255,0
39614,0,1251,0
39616,0,1251,0
39618,0,1257,0
39620,0,1265,0
39622,0,1272,0
39624,0,1276,0
39626,0,1276,0
39628,0,1273,0
39630,0,1263,0
39632,0,1255,0
39634,0,1249,0
39636,0,1252,0
39638,0,1254,0
39640,80766,1265,1
39642,0,1272,0
39644,0,1277,0
39646,0,1276,0
39648,0,1271,0
39650,0,1265,0
39652,0,1256,0
39654,0,1250,0
39656,0,1249,0
39658,0,1256,0
39660,0,1263,0
39662,0,1272,0
39664,0,1278,0
39666,0,1277,0
39668,0,1271,0
39670,0,1265,0
39672,0,1256,0
39674,0,1250,0
39676,0,1250,0
39678,0,1257,0
39680,80550,1264,1
39682,0,1271,0
39684,0,1277,0
39686,0,1278,0
39688,0,1272,0
39690,0,1263,0
39692,0,1257,0
39694,0,1252,0
39696,0,1250,0
39698,0,1255,0
39700,0,1264,0
39702,0,1273,0
39704,0,1276,0
39706,0,1276,0
39708,0,1272,0
39710,0,1263,0
39712,0,1254,0
39714,0,1251,0
39716,0,1251,0
39718,0,1254,0
39720,80290,1264,1
39722,0,1273,0
39724,0,1278,0
39726,0,1278,0
39728,0,1272,0
39730,0,1263,0
39732,0,1256,0
39734,0,1251,0
39736,0,1250,0
39738,0,1254,0
39740,0,1265,0
39742,0,1272,0
39744,0,1278,0
39746,0,1277,0
39748,0,1271,0
39750,0,1265,0
39752,0,1255,0
39754,0,1251,0
39756,0,1251,0
39758,0,1254,0
39760,80154,1263,1
39762,0,1271,0
39764,0,1277,0
39766,0,1278,0
39768,0,1273,0
39770,0,1264,0
39772,0,1256,0
39774,0,1250,0
39776,0,1251,0
39778,0,1256,0
39780,0,1265,0
39782,0,1272,0
39784,0,1276,0
39786,0,1276,0
39788,0,1272,0
39790,0,1263,0
39792,0,1256,0
39794,0,1249,0
39796,0,1250,0
39798,0,1256,0
39800,80049,1263,1
39802,0,1272,0
39804,0,1276,0
39806,0,1276,0
39808,0,1272,0
39810,0,1263,0
39812,0,1255,0
39814,0,1251,0
39816,0,1251,0
39818,0,1254,0
39820,0,1262,0
39822,0,1271,0
39824,0,1276,0
39826,0,1277,0
39828,0,1271,0
39830,0,1263,0
39832,0,1256,0
39834,0,1251,0
39836,0,1249,0
39838,0,1256,0
39840,79945,1262,1
39842,0,1272,0
39844,0,1277,0
39846,0,1278,0
39848,0,1271,0
39850,0,1264,0
39852,0,1256,0
39854,0,1249,0
39856,0,1252,0
39858,0,1256,0
39860,0,1262,0
39862,0,1272,0
39864,0,1278,0
39866,0,1277,0
39868,0,1273,0
39870,0,1262,0
39872,0,1254,0
39874,0,1251,0
39876,0,1249,0
39878,0,1256,0
39880,79953,1262,1
39882,0,1272,0
39884,0,1278,0
39886,0,1276,0
39888,0,1272,0
39890,0,1264,0
39892,0,1256,0
39894,0,1250,0
39896,0,1249,0
39898,0,1255,0
39900,0,1264,0
39902,0,1272,0
39904,0,1278,0
39906,0,1278,0
39908,0,1272,0
39910,0,1265,0
39912,0,1254,0
39914,0,1250,0
39916,0,1249,0
39918,0,1256,0
39920,79872,1263,1
39922,0,1273,0
39924,0,1278,0
39926,0,1278,0
39928,0,1270,0
39930,0,1265,0
39932,0,1256,0
39934,0,1250,0
39936,0,1250,0
39938,0,1256,0
39940,0,1264,0
39942,0,1272,0
39944,0,1276,0
39946,0,1276,0
39948,0,1271,0
39950,0,1262,0
39952,0,1254,0
39954,0,1249,0
39956,0,1250,0
39958,0,1255,0
39960,79763,1262,1
39962,0,1272,0
39964,0,1276,0
39966,0,1277,0
39968,0,1272,0
39970,0,1263,0
39972,0,1255,0
39974,0,1250,0
39976,0,1250,0
39978,0,1255,0
39980,0,1264,0
39982,0,1272,0
39984,0,1276,0
39986,0,1278,0
39988,0,1271,0
39990,0,1265,0
39992,0,1254,0
39994,0,1251,0
39996,0,1251,0
39998,0,1255,0
40000,79503,1262,1
40002,0,1273,0
40004,0,1277,0
40006,0,1277,0
40008,0,1271,0
40010,0,1265,0
40012,0,1255,0
40014,0,1251,0
40016,0,1249,0
40018,0,1255,0
40020,0,1264,0
40022,0,1270,0
40024,0,1278,0
40026,0,1276,0
40028,0,1272,0
40030,0,1264,0
40032,0,1254,0
40034,0,1250,0
40036,0,1250,0
40038,0,1254,0
40040,79342,1262,1
40042,0,1273,0
40044,0,1277,0
40046,0,1277,0
40048,0,1272,0
40050,0,1264,0
40052,0,1254,0
40054,0,1250,0
40056,0,1250,0
40058,0,1255,0
40060,0,1263,0
40062,0,1271,0
40064,0,1278,0
40066,0,1277,0
40068,0,1273,0
40070,0,1265,0
40072,0,1255,0
40074,0,1251,0
40076,0,1251,0
40078,0,1254,0
40080,79133,1263,1
40082,0,1273,0
40084,0,1276,0
40086,0,1276,0
40088,0,1273,0
40090,0,1262,0
40092,0,1255,0
40094,0,1250,0
40096,0,1250,0
40098,0,1255,0
40100,0,1263,0
40102,0,1272,0
40104,0,1277,0
40106,0,1277,0
40108,0,1271,0
40110,0,1264,0
40112,0,1254,0
40114,0,1249,0
40116,0,1249,0
40118,0,1256,0
40120,78891,1262,1
40122,0,1273,0
40124,0,1276,0
40126,0,1278,0
40128,0,1270,0
40130,0,1265,0
40132,0,1257,0
40134,0,1250,0
40136,0,1249,0
40138,0,1254,0
40140,0,1262,0
40142,0,1270,0
40144,0,1277,0
40146,0,1276,0
40148,0,1272,0
40150,0,1262,0
40152,0,1256,0
40154,0,1249,0
40156,0,1250,0
40158,0,1254,0
40160,78854,1264,1
40162,0,1272,0
40164,0,1276,0
40166,0,1276,0
40168,0,1272,0
40170,0,1263,0
40172,0,1254,0
40174,0,1251,0
40176,0,1249,0
40178,0,1255,0
40180,0,1262,0
40182,0,1271,0
40184,0,1277,0
40186,0,1277,0
40188,0,1271,0
40190,0,1262,0
40192,0,1256,0
40194,0,1249,0
40196,0,1250,0
40198,0,1257,0
40200,79039,1264,1
40202,0,1272,0
40204,0,1278,0
40206,0,1276,0
40208,0,1271,0
40210,0,1264,0
40212,0,1256,0
40214,0,1249,0
40216,0,1251,0
40218,0,1256,0
40220,0,1262,0
40222,0,1272,0
40224,0,1276,0
40226,0,1277,0
40228,0,1270,0
40230,0,1264,0
40232,0,1254,0
40234,0,1250,0
40236,0,1249,0
40238,0,1255,0
40240,79341,1263,1
40242,0,1271,0
40244,0,1278,0
40246,0,1278,0
40248,0,1271,0
40250,0,1264,0
40252,0,1254,0
40254,0,1250,0
40256,0,1249,0
40258,0,1255,0
40260,0,1263,0
40262,0,1270,0
40264,0,1278,0
40266,0,1277,0
40268,0,1272,0
40270,0,1264,0
40272,0,1254,0
40274,0,1251,0
40276,0,1249,0
40278,0,1254,0
40280,79616,1262,1
40282,0,1271,0
40284,0,1275,0
40286,0,1278,0
40288,0,1273,0
40290,0,1262,0
40292,0,1255,0
40294,0,1249,0
40296,0,1250,0
40298,0,1254,0
40300,0,1263,0
40302,0,1271,0
40304,0,1275,0
40306,0,1276,0
40308,0,1272,0
40310,0,1264,0
40312,0,1254,0
40314,0,1251,0
40316,0,1248,0
40318,0,1254,0
40320,80121,1262,1
40322,0,1273,0
40324,0,1277,0
40326,0,1275,0
40328,0,1270,0
40330,0,1263,0
40332,0,1255,0
40334,0,1249,0
40336,0,1250,0
40338,0,1255,0
40340,0,1263,0
40342,0,1272,0
40344,0,1277,0
40346,0,1277,0
40348,0,1271,0
40350,0,1264,0
40352,0,1254,0
40354,0,1249,0
40356,0,1250,0
40358,0,1255,0
40360,80525,1263,1
40362,0,1270,0
40364,0,1277,0
40366,0,1277,0
40368,0,1273,0
40370,0,1263,0
40372,0,1256,0
40374,0,1251,0
40376,0,1249,0
40378,0,1255,0
40380,0,1262,0
40382,0,1272,0
40384,0,1276,0
40386,0,1276,0
40388,0,1272,0
40390,0,1262,0
40392,0,1255,0
40394,0,1250,0
40396,0,1251,0
40398,0,1256,0
40400,80814,1262,1
40402,0,1273,0
40404,0,1275,0
40406,0,1277,0
40408,0,1272,0
40410,0,1264,0
40412,0,1256,0
40414,0,1251,0
40416,0,1250,0
40418,0,1255,0
40420,0,1262,0
40422,0,1271,0
40424,0,1276,0
40426,0,1275,0
40428,0,1271,0
40430,0,1262,0
40432,0,1255,0
40434,0,1249,0
40436,0,1251,0
40438,0,1255,0
40440,81069,1263,1
40442,0,1272,0
40444,0,1276,0
40446,0,1276,0
40448,0,1272,0
40450,0,1263,0
40452,0,1256,0
40454,0,1250,0
40456,0,1250,0
40458,0,1254,0
40460,0,1264,0
40462,0,1270,0
40464,0,1276,0
40466,0,1275,0
40468,0,1270,0
40470,0,1264,0
40472,0,1254,0
40474,0,1250,0
40476,0,1251,0
40478,0,1256,0
40480,81048,1262,1
40482,0,1272,0
40484,0,1276,0
40486,0,1275,0
40488,0,1271,0
40490,0,1264,0
40492,0,1256,0
40494,0,1250,0
40496,0,1250,0
40498,0,1255,0
40500,0,1262,0
40502,0,1272,0
40504,0,1276,0
40506,0,1275,0
40508,0,1270,0
40510,0,1264,0
40512,0,1254,0
40514,0,1250,0
40516,0,1250,0
40518,0,1254,0
40520,80982,1264,1
40522,0,1271,0
40524,0,1275,0
40526,0,1277,0
40528,0,1271,0
40530,0,1263,0
40532,0,1254,0
40534,0,1250,0
40536,0,1249,0
40538,0,1253,0
40540,0,1263,0
40542,0,1270,0
40544,0,1277,0
40546,0,1276,0
40548,0,1272,0
40550,0,1262,0
40552,0,1255,0
40554,0,1250,0
40556,0,1249,0
40558,0,1256,0
40560,80856,1262,1
40562,0,1272,0
40564,0,1276,0
40566,0,1276,0
40568,0,1270,0
40570,0,1262,0
40572,0,1254,0
40574,0,1250,0
40576,0,1250,0
40578,0,1255,0
40580,0,1262,0
40582,0,1270,0
40584,0,1277,0
40586,0,1278,0
40588,0,1272,0
40590,0,1262,0
40592,0,1256,0
40594,0,1250,0
40596,0,1248,0
40598,0,1256,0
40600,80599,1264,1
40602,0,1271,0
40604,0,1277,0
40606,0,1276,0
40608,0,1272,0
40610,0,1262,0
40612,0,1256,0
40614,0,1251,0
40616,0,1251,0
40618,0,1255,0
40620,0,1262,0
40622,0,1271,0
40624,0,1276,0
40626,0,1277,0
40628,0,1271,0
40630,0,1263,0
40632,0,1254,0
40634,0,1249,0
40636,0,1249,0
40638,0,1255,0
40640,80448,1262,1
40642,0,1270,0
40644,0,1277,0
40646,0,1277,0
40648,0,1272,0
40650,0,1263,0
40652,0,1253,0
40654,0,1249,0
40656,0,1249,0
40658,0,1254,0
40660,0,1262,0
40662,0,1271,0
40664,0,1276,0
40666,0,1277,0
40668,0,1272,0
40670,0,1263,0
40672,0,1255,0
40674,0,1249,0
40676,0,1250,0
40678,0,1255,0
40680,80210,1264,1
40682,0,1272,0
40684,0,1275,0
40686,0,1277,0
40688,0,1270,0
40690,0,1262,0
40692,0,1254,0
40694,0,1248,0
40696,0,1249,0
40698,0,1255,0
40700,0,1262,0
40702,0,1272,0
40704,0,1277,0
40706,0,1276,0
40708,0,1271,0
40710,0,1263,0
40712,0,1254,0
40714,0,1249,0
40716,0,1249,0
40718,0,1255,0
40720,80059,1262,1
40722,0,1272,0
40724,0,1275,0
40726,0,1277,0
40728,0,1272,0
40730,0,1263,0
40732,0,1253,0
40734,0,1248,0
40736,0,1249,0
40738,0,1255,0
40740,0,1264,0
40742,0,1271,0
40744,0,1275,0
40746,0,1275,0
40748,0,1271,0
40750,0,1262,0
40752,0,1256,0
40754,0,1248,0
40756,0,1249,0
40758,0,1253,0
40760,80007,1264,1
40762,0,1272,0
40764,0,1278,0
40766,0,1275,0
40768,0,1270,0
40770,0,1262,0
40772,0,1253,0
40774,0,1249,0
40776,0,1251,0
40778,0,1255,0
40780,0,1264,0
40782,0,1272,0
40784,0,1277,0
40786,0,1275,0
40788,0,1271,0
40790,0,1263,0
40792,0,1255,0
40794,0,1250,0
40796,0,1249,0
40798,0,1253,0
40800,79946,1263,1
40802,0,1272,0
40804,0,1277,0
40806,0,1275,0
40808,0,1271,0
40810,0,1263,0
40812,0,1254,0
40814,0,1249,0
40816,0,1250,0
40818,0,1254,0
40820,0,1264,0
40822,0,1272,0
40824,0,1277,0
40826,0,1277,0
40828,0,1271,0
40830,0,1264,0
40832,0,1256,0
40834,0,1250,0
40836,0,1249,0
40838,0,1256,0
40840,79948,1262,1
40842,0,1270,0
40844,0,1276,0
40846,0,1275,0
40848,0,1271,0
40850,0,1264,0
40852,0,1256,0
40854,0,1250,0
40856,0,1248,0
40858,0,1256,0
40860,0,1263,0
40862,0,1271,0
40864,0,1276,0
40866,0,1276,0
40868,0,1270,0
40870,0,1264,0
40872,0,1254,0
40874,0,1249,0
40876,0,1249,0
40878,0,1254,0
40880,79748,1264,1
40882,0,1272,0
40884,0,1276,0
40886,0,1277,0
40888,0,1271,0
40890,0,1262,0
40892,0,1254,0
40894,0,1248,0
40896,0,1249,0
40898,0,1254,0
40900,0,1262,0
40902,0,1270,0
40904,0,1275,0
40906,0,1277,0
40908,0,1272,0
40910,0,1264,0
40912,0,1255,0
40914,0,1250,0
40916,0,1249,0
40918,0,1253,0
40920,79588,1264,1
40922,0,1270,0
40924,0,1276,0
40926,0,1275,0
40928,0,1271,0
40930,0,1264,0
40932,0,1253,0
40934,0,1250,0
40936,0,1249,0
40938,0,1254,0
40940,0,1263,0
40942,0,1271,0
40944,0,1277,0
40946,0,1275,0
40948,0,1270,0
40950,0,1264,0
40952,0,1253,0
40954,0,1249,0
40956,0,1251,0
40958,0,1254,0
40960,79453,1263,1
40962,0,1270,0
40964,0,1275,0
40966,0,1275,0
40968,0,1272,0
40970,0,1261,0
40972,0,1253,0
40974,0,1249,0
40976,0,1249,0
40978,0,1254,0
40980,0,1262,0
40982,0,1271,0
40984,0,1277,0
40986,0,1277,0
40988,0,1271,0
40990,0,1261,0
40992,0,1255,0
40994,0,1248,0
40996,0,1249,0
40998,0,1254,0
41000,79156,1263,1
41002,0,1271,0
41004,0,1276,0
41006,0,1277,0
41008,0,1272,0
41010,0,1264,0
41012,0,1255,0
41014,0,1248,0
41016,0,1251,0
41018,0,1254,0
41020,0,1264,0
41022,0,1270,0
41024,0,1275,0
41026,0,1276,0
41028,0,1270,0
41030,0,1261,0
41032,0,1254,0
41034,0,1248,0
41036,0,1249,0
41038,0,1253,0
41040,78995,1262,1
41042,0,1270,0
41044,0,1277,0
41046,0,1276,0
41048,0,1271,0
41050,0,1261,0
41052,0,1253,0
41054,0,1249,0
41056,0,1249,0
41058,0,1255,0
41060,0,1263,0
41062,0,1272,0
41064,0,1277,0
41066,0,1275,0
41068,0,1272,0
41070,0,1262,0
41072,0,1253,0
41074,0,1249,0
41076,0,1250,0
41078,0,1253,0
41080,78887,1262,1
41082,0,1272,0
41084,0,1276,0
41086,0,1277,0
41088,0,1271,0
41090,0,1263,0
41092,0,1253,0
41094,0,1250,0
41096,0,1249,0
41098,0,1255,0
41100,0,1262,0
41102,0,1270,0
41104,0,1276,0
41106,0,1276,0
41108,0,1270,0
41110,0,1264,0
41112,0,1255,0
41114,0,1250,0
41116,0,1250,0
41118,0,1255,0
41120,79003,1261,1
41122,0,1272,0
41124,0,1276,0
41126,0,1276,0
41128,0,1272,0
41130,0,1262,0
41132,0,1254,0
41134,0,1250,0
41136,0,1250,0
41138,0,1254,0
41140,0,1263,0
41142,0,1271,0
41144,0,1276,0
41146,0,1276,0
41148,0,1270,0
41150,0,1261,0
41152,0,1253,0
41154,0,1248,0
41156,0,1248,0
41158,0,1254,0
41160,79129,1261,1
41162,0,1270,0
41164,0,1275,0
41166,0,1274,0
41168,0,1270,0
41170,0,1263,0
41172,0,1255,0
41174,0,1249,0
41176,0,1249,0
41178,0,1254,0
41180,0,1263,0
41182,0,1270,0
41184,0,1275,0
41186,0,1275,0
41188,0,1270,0
41190,0,1263,0
41192,0,1254,0
41194,0,1250,0
41196,0,1250,0
41198,0,1254,0
41200,79475,1261,1
41202,0,1271,0
41204,0,1274,0
41206,0,1274,0
41208,0,1272,0
41210,0,1263,0
41212,0,1254,0
41214,0,1250,0
41216,0,1250,0
41218,0,1254,0
41220,0,1263,0
41222,0,1272,0
41224,0,1275,0
41226,0,1276,0
41228,0,1269,0
41230,0,1261,0
41232,0,1255,0
41234,0,1249,0
41236,0,1249,0
41238,0,1255,0
41240,79881,1262,1
41242,0,1272,0
41244,0,1274,0
41246,0,1275,0
41248,0,1269,0
41250,0,1261,0
41252,0,1254,0
41254,0,1249,0
41256,0,1250,0
41258,0,1254,0
41260,0,1262,0
41262,0,1269,0
41264,0,1276,0
41266,0,1276,0
41268,0,1270,0
41270,0,1261,0
41272,0,1255,0
41274,0,1248,0
41276,0,1249,0
41278,0,1255,0
41280,80334,1261,1
41282,0,1270,0
41284,0,1275,0
41286,0,1274,0
41288,0,1272,0
41290,0,1263,0
41292,0,1254,0
41294,0,1248,0
41296,0,1248,0
41298,0,1254,0
41300,0,1262,0
41302,0,1269,0
41304,0,1275,0
41306,0,1275,0
41308,0,1270,0
41310,0,1263,0
41312,0,1254,0
41314,0,1248,0
41316,0,1250,0
41318,0,1254,0
41320,80738,1263,1
41322,0,1271,0
41324,0,1276,0
41326,0,1275,0
41328,0,1271,0
41330,0,1264,0
41332,0,1254,0
41334,0,1248,0
41336,0,1250,0
41338,0,1254,0
41340,0,1263,0
41342,0,1269,0
41344,0,1276,0
41346,0,1276,0
41348,0,1270,0
41350,0,1263,0
41352,0,1254,0
41354,0,1250,0
41356,0,1250,0
41358,0,1255,0
41360,80957,1261,1
41362,0,1269,0
41364,0,1277,0
41366,0,1275,0
41368,0,1270,0
41370,0,1263,0
41372,0,1254,0
41374,0,1249,0
41376,0,1248,0
41378,0,1255,0
41380,0,1263,0
41382,0,1271,0
41384,0,1275,0
41386,0,1277,0
41388,0,1269,0
41390,0,1261,0
41392,0,1254,0
41394,0,1248,0
41396,0,1248,0
41398,0,1252,0
41400,81125,1262,1
41402,0,1270,0
41404,0,1277,0
41406,0,1275,0
41408,0,1271,0
41410,0,1262,0
41412,0,1255,0
41414,0,1250,0
41416,0,1249,0
41418,0,1253,0
41420,0,1261,0
41422,0,1272,0
41424,0,1274,0
41426,0,1277,0
41428,0,1269,0
41430,0,1262,0
41432,0,1254,0
41434,0,1248,0
41436,0,1248,0
41438,0,1253,0
41440,81068,1264,1
41442,0,1272,0
41444,0,1277,0
41446,0,1277,0
41448,0,1270,0
41450,0,1263,0
41452,0,1253,0
41454,0,1249,0
41456,0,1250,0
41458,0,1255,0
41460,0,1261,0
41462,0,1272,0
41464,0,1275,0
41466,0,1275,0
41468,0,1269,0
41470,0,1262,0
41472,0,1254,0
41474,0,1248,0
41476,0,1248,0
41478,0,1255,0
41480,80899,1261,1
41482,0,1271,0
41484,0,1274,0
41486,0,1275,0
41488,0,1269,0
41490,0,1261,0
41492,0,1254,0
41494,0,1248,0
41496,0,1248,0
41498,0,1254,0
41500,0,1263,0
41502,0,1272,0
41504,0,1274,0
41506,0,1277,0
41508,0,1269,0
41510,0,1261,0
41512,0,1255,0
41514,0,1250,0
41516,0,1250,0
41518,0,1255,0
41520,80768,1262,1
41522,0,1270,0
41524,0,1276,0
41526,0,1274,0
41528,0,1270,0
41530,0,1263,0
41532,0,1252,0
41534,0,1248,0
41536,0,1250,0
41538,0,1253,0
41540,0,1263,0
41542,0,1269,0
41544,0,1275,0
41546,0,1275,0
41548,0,1270,0
41550,0,1262,0
41552,0,1253,0
41554,0,1250,0
41556,0,1248,0
41558,0,1253,0
41560,80534,1262,1
41562,0,1270,0
41564,0,1275,0
41566,0,1275,0
41568,0,1269,0
41570,0,1261,0
41572,0,1253,0
41574,0,1248,0
41576,0,1249,0
41578,0,1254,0
41580,0,1261,0
41582,0,1270,0
41584,0,1275,0
41586,0,1276,0
41588,0,1269,0
41590,0,1263,0
41592,0,1253,0
41594,0,1249,0
41596,0,1250,0
41598,0,1255,0
41600,80232,1262,1
41602,0,1270,0
41604,0,1276,0
41606,0,1275,0
41608,0,1269,0
41610,0,1262,0
41612,0,1253,0
41614,0,1249,0
41616,0,1247,0
41618,0,1255,0
41620,0,1262,0
41622,0,1269,0
41624,0,1276,0
41626,0,1274,0
41628,0,1270,0
41630,0,1263,0
41632,0,1255,0
41634,0,1248,0
41636,0,1248,0
41638,0,1253,0
41640,80150,1262,1
41642,0,1270,0
41644,0,1275,0
41646,0,1275,0
41648,0,1269,0
41650,0,1261,0
41652,0,1254,0
41654,0,1249,0
41656,0,1247,0
41658,0,1254,0
41660,0,1262,0
41662,0,1271,0
41664,0,1276,0
41666,0,1274,0
41668,0,1270,0
41670,0,1263,0
41672,0,1255,0
41674,0,1249,0
41676,0,1248,0
41678,0,1254,0
41680,80027,1262,1
41682,0,1270,0
41684,0,1275,0
41686,0,1275,0
41688,0,1271,0
41690,0,1261,0
41692,0,1255,0
41694,0,1248,0
41696,0,1247,0
41698,0,1254,0
41700,0,1263,0
41702,0,1271,0
41704,0,1274,0
41706,0,1276,0
41708,0,1269,0
41710,0,1263,0
41712,0,1254,0
41714,0,1249,0
41716,0,1248,0
41718,0,1254,0
41720,80050,1263,1
41722,0,1271,0
41724,0,1274,0
41726,0,1275,0
41728,0,1271,0
41730,0,1263,0
41732,0,1254,0
41734,0,1248,0
41736,0,1248,0
41738,0,1253,0
41740,0,1261,0
41742,0,1271,0
41744,0,1274,0
41746,0,1276,0
41748,0,1271,0
41750,0,1263,0
41752,0,1254,0
41754,0,1248,0
41756,0,1249,0
41758,0,1252,0
41760,79940,1262,1
41762,0,1269,0
41764,0,1276,0
41766,0,1276,0
41768,0,1269,0
41770,0,1263,0
41772,0,1253,0
41774,0,1248,0
41776,0,1249,0
41778,0,1254,0
41780,0,1261,0
41782,0,1270,0
41784,0,1276,0
41786,0,1276,0
41788,0,1271,0
41790,0,1263,0
41792,0,1254,0
41794,0,1248,0
41796,0,1247,0
41798,0,1255,0
41800,79876,1261,1
41802,0,1270,0
41804,0,1274,0
41806,0,1274,0
41808,0,1270,0
41810,0,1263,0
41812,0,1252,0
41814,0,1249,0
41816,0,1249,0
41818,0,1252,0
41820,0,1261,0
41822,0,1271,0
41824,0,1275,0
41826,0,1274,0
41828,0,1271,0
41830,0,1263,0
41832,0,1254,0
41834,0,1248,0
41836,0,1248,0
41838,0,1255,0
41840,79682,1262,1
41842,0,1270,0
41844,0,1276,0
41846,0,1275,0
41848,0,1269,0
41850,0,1262,0
41852,0,1253,0
41854,0,1248,0
41856,0,1248,0
41858,0,1252,0
41860,0,1261,0
41862,0,1269,0
41864,0,1274,0
41866,0,1276,0
41868,0,1269,0
41870,0,1263,0
41872,0,1255,0
41874,0,1247,0
41876,0,1247,0
41878,0,1253,0
41880,79486,1262,1
41882,0,1270,0
41884,0,1274,0
41886,0,1274,0
41888,0,1271,0
41890,0,1262,0
41892,0,1254,0
41894,0,1247,0
41896,0,1247,0
41898,0,1252,0
41900,0,1263,0
41902,0,1271,0
41904,0,1275,0
41906,0,1276,0
41908,0,1269,0
41910,0,1261,0
41912,0,1253,0
41914,0,1249,0
41916,0,1250,0
41918,0,1255,0
41920,79258,1263,1
41922,0,1270,0
41924,0,1274,0
41926,0,1274,0
41928,0,1269,0
41930,0,1262,0
41932,0,1255,0
41934,0,1247,0
41936,0,1249,0
41938,0,1253,0
41940,0,1261,0
41942,0,1268,0
41944,0,1275,0
41946,0,1275,0
41948,0,1269,0
41950,0,1261,0
41952,0,1254,0
41954,0,1249,0
41956,0,1248,0
41958,0,1254,0
41960,79109,1262,1
41962,0,1270,0
41964,0,1274,0
41966,0,1274,0
41968,0,1269,0
41970,0,1262,0
41972,0,1254,0
41974,0,1247,0
41976,0,1249,0
41978,0,1252,0
41980,0,1262,0
41982,0,1268,0
41984,0,1275,0
41986,0,1273,0
41988,0,1270,0
41990,0,1262,0
41992,0,1255,0
41994,0,1249,0
41996,0,1247,0
41998,0,1252,0
42000,78918,1260,1
42002,0,1270,0
42004,0,1273,0
42006,0,1274,0
42008,0,1271,0
42010,0,1260,0
42012,0,1254,0
42014,0,1249,0
42016,0,1249,0
42018,0,1252,0
42020,0,1262,0
42022,0,1269,0
42024,0,1274,0
42026,0,1273,0
42028,0,1269,0
42030,0,1262,0
42032,0,1253,0
42034,0,1249,0
42036,0,1249,0
42038,0,1253,0
42040,78859,1262,1
42042,0,1269,0
42044,0,1275,0
42046,0,1274,0
42048,0,1268,0
42050,0,1262,0
42052,0,1254,0
42054,0,1247,0
42056,0,1248,0
42058,0,1253,0
42060,0,1262,0
42062,0,1271,0
42064,0,1274,0
42066,0,1275,0
42068,0,1269,0
42070,0,1262,0
42072,0,1252,0
42074,0,1249,0
42076,0,1247,0
42078,0,1254,0
42080,79006,1261,1
42082,0,1270,0
42084,0,1275,0
42086,0,1276,0
42088,0,1268,0
42090,0,1261,0
42092,0,1252,0
42094,0,1249,0
42096,0,1247,0
42098,0,1253,0
42100,0,1261,0
42102,0,1270,0
42104,0,1274,0
42106,0,1276,0
42108,0,1271,0
42110,0,1263,0
42112,0,1254,0
42114,0,1249,0
42116,0,1247,0
42118,0,1252,0
42120,79294,1260,1
42122,0,1268,0
42124,0,1275,0
42126,0,1276,0
42128,0,1270,0
42130,0,1261,0
42132,0,1252,0
42134,0,1247,0
42136,0,1248,0
42138,0,1251,0
42140,0,1260,0
42142,0,1269,0
42144,0,1273,0
42146,0,1274,0
42148,0,1270,0
42150,0,1262,0
42152,0,1252,0
42154,0,1249,0
42156,0,1246,0
42158,0,1252,0
42160,79721,1262,1
42162,0,1270,0
42164,0,1275,0
42166,0,1276,0
42168,0,1270,0
42170,0,1261,0
42172,0,1254,0
42174,0,1246,0
42176,0,1247,0
42178,0,1253,0
42180,0,1261,0
42182,0,1268,0
42184,0,1274,0
42186,0,1273,0
42188,0,1271,0
42190,0,1260,0
42192,0,1253,0
42194,0,1247,0
42196,0,1246,0
42198,0,1252,0
42200,80112,1260,1
42202,0,1268,0
42204,0,1275,0
42206,0,1276,0
42208,0,1270,0
42210,0,1260,0
42212,0,1252,0
42214,0,1247,0
42216,0,1248,0
42218,0,1252,0
42220,0,1260,0
42222,0,1268,0
42224,0,1273,0
42226,0,1274,0
42228,0,1269,0
42230,0,1261,0
42232,0,1252,0
42234,0,1247,0
42236,0,1246,0
42238,0,1252,0
42240,80557,1262,1
42242,0,1269,0
42244,0,1273,0
42246,0,1275,0
42248,0,1268,0
42250,0,1262,0
42252,0,1254,0
42254,0,1247,0
42256,0,1249,0
42258,0,1252,0
42260,0,1261,0
42262,0,1270,0
42264,0,1273,0
42266,0,1275,0
42268,0,1268,0
42270,0,1261,0
42272,0,1251,0
42274,0,1249,0
42276,0,1247,0
42278,0,1254,0
42280,80920,1261,1
42282,0,1270,0
42284,0,1273,0
42286,0,1274,0
42288,0,1269,0
42290,0,1261,0
42292,0,1254,0
42294,0,1247,0
42296,0,1246,0
42298,0,1253,0
42300,0,1261,0
42302,0,1268,0
42304,0,1274,0
42306,0,1273,0
42308,0,1270,0
42310,0,1261,0
42312,0,1253,0
42314,0,1249,0
42316,0,1249,0
42318,0,1254,0
42320,81033,1262,1
42322,0,1270,0
42324,0,1274,0
42326,0,1274,0
42328,0,1269,0
42330,0,1260,0
42332,0,1251,0
42334,0,1249,0
42336,0,1248,0
42338,0,1252,0
42340,0,1261,0
42342,0,1268,0
42344,0,1274,0
42346,0,1275,0
42348,0,1270,0
42350,0,1260,0
42352,0,1251,0
42354,0,1248,0
42356,0,1246,0
42358,0,1251,0
42360,81128,1261,1
42362,0,1270,0
42364,0,1273,0
42366,0,1273,0
42368,0,1268,0
42370,0,1260,0
42372,0,1253,0
42374,0,1248,0
42376,0,1249,0
42378,0,1251,0
42380,0,1261,0
42382,0,1269,0
42384,0,1274,0
42386,0,1272,0
42388,0,1270,0
42390,0,1259,0
42392,0,1251,0
42394,0,1247,0
42396,0,1247,0
42398,0,1252,0
42400,80959,1261,1
42402,0,1268,0
42404,0,1275,0
42406,0,1273,0
42408,0,1269,0
42410,0,1259,0
42412,0,1251,0
42414,0,1247,0
42416,0,1248,0
42418,0,1252,0
42420,0,1262,0
42422,0,1270,0
42424,0,1274,0
42426,0,1275,0
42428,0,1269,0
42430,0,1260,0
42432,0,1252,0
42434,0,1247,0
42436,0,1247,0
42438,0,1253,0
42440,80863,1259,1
42442,0,1268,0
42444,0,1275,0
42446,0,1272,0
42448,0,1268,0
42450,0,1259,0
42452,0,1251,0
42454,0,1246,0
42456,0,1246,0
42458,0,1253,0
42460,0,1260,0
42462,0,1267,0
42464,0,1274,0
42466,0,1274,0
42468,0,1268,0
42470,0,1260,0
42472,0,1252,0
42474,0,1247,0
42476,0,1248,0
42478,0,1253,0
42480,80566,1259,1
42482,0,1270,0
42484,0,1275,0
42486,0,1274,0
42488,0,1269,0
42490,0,1260,0
42492,0,1252,0
42494,0,1248,0
42496,0,1246,0
42498,0,1253,0
42500,0,1260,0
42502,0,1269,0
42504,0,1272,0
42506,0,1274,0
42508,0,1269,0
42510,0,1259,0
42512,0,1252,0
42514,0,1246,0
42516,0,1248,0
42518,0,1253,0
42520,80410,1260,1
42522,0,1269,0
42524,0,1274,0
42526,0,1273,0
42528,0,1267,0
42530,0,1260,0
42532,0,1251,0
42534,0,1248,0
42536,0,1246,0
42538,0,1250,0
42540,0,1259,0
42542,0,1267,0
42544,0,1274,0
42546,0,1273,0
42548,0,1267,0
42550,0,1260,0
42552,0,1252,0
42554,0,1247,0
42556,0,1248,0
42558,0,1250,0
42560,80224,1260,1
42562,0,1268,0
42564,0,1273,0
42566,0,1273,0
42568,0,1267,0
42570,0,1261,0
42572,0,1250,0
42574,0,1248,0
42576,0,1247,0
42578,0,1253,0
42580,0,1259,0
42582,0,1267,0
42584,0,1272,0
42586,0,1274,0
42588,0,1267,0
42590,0,1259,0
42592,0,1253,0
42594,0,1245,0
42596,0,1248,0
42598,0,1252,0
42600,80130,1259,1
42602,0,1268,0
42604,0,1274,0
42606,0,1273,0
42608,0,1267,0
42610,0,1260,0
42612,0,1251,0
42614,0,1245,0
42616,0,1245,0
42618,0,1250,0
42620,0,1260,0
42622,0,1267,0
42624,0,1273,0
42626,0,1272,0
42628,0,1269,0
42630,0,1260,0
42632,0,1251,0
42634,0,1246,0
42636,0,1246,0
42638,0,1251,0
42640,79998,1260,1
42642,0,1268,0
42644,0,1273,0
42646,0,1273,0
42648,0,1267,0
42650,0,1261,0
42652,0,1252,0
42654,0,1246,0
42656,0,1245,0
42658,0,1252,0
42660,0,1259,0
42662,0,1269,0
42664,0,1273,0
42666,0,1274,0
42668,0,1268,0
42670,0,1258,0
42672,0,1251,0
42674,0,1247,0
42676,0,1246,0
42678,0,1250,0
42680,79966,1261,1
42682,0,1268,0
42684,0,1273,0
42686,0,1271,0
42688,0,1268,0
42690,0,1258,0
42692,0,1252,0
42694,0,1247,0
42696,0,1246,0
42698,0,1251,0
42700,0,1259,0
42702,0,1269,0
42704,0,1272,0
42706,0,1273,0
42708,0,1267,0
42710,0,1261,0
42712,0,1250,0
42714,0,1246,0
42716,0,1247,0
42718,0,1251,0
42720,79843,1258,1
42722,0,1267,0
42724,0,1274,0
42726,0,1273,0
42728,0,1266,0
42730,0,1259,0
42732,0,1252,0
42734,0,1245,0
42736,0,1247,0
42738,0,1249,0
42740,0,1260,0
42742,0,1269,0
42744,0,1273,0
42746,0,1271,0
42748,0,1267,0
42750,0,1260,0
42752,0,1252,0
42754,0,1246,0
42756,0,1247,0
42758,0,1250,0
42760,79759,1259,1
42762,0,1267,0
42764,0,1272,0
42766,0,1273,0
42768,0,1266,0
42770,0,1259,0
42772,0,1252,0
42774,0,1245,0
42776,0,1246,0
42778,0,1250,0
42780,0,1259,0
42782,0,1267,0
42784,0,1273,0
42786,0,1271,0
42788,0,1267,0
42790,0,1260,0
42792,0,1251,0
42794,0,1244,0
42796,0,1245,0
42798,0,1250,0
42800,79608,1259,1
42802,0,1267,0
42804,0,1272,0
42806,0,1273,0
42808,0,1267,0
42810,0,1258,0
42812,0,1251,0
42814,0,1247,0
42816,0,1247,0
42818,0,1252,0
42820,0,1258,0
42822,0,1267,0
42824,0,1273,0
42826,0,1271,0
42828,0,1267,0
42830,0,1257,0
42832,0,1251,0
42834,0,1245,0
42836,0,1244,0
42838,0,1251,0
42840,79388,1258,1
42842,0,1266,0
42844,0,1271,0
42846,0,1271,0
42848,0,1267,0
42850,0,1260,0
42852,0,1249,0
42854,0,1246,0
42856,0,1244,0
42858,0,1249,0
42860,0,1257,0
42862,0,1267,0
42864,0,1272,0
42866,0,1270,0
42868,0,1266,0
42870,0,1260,0
42872,0,1251,0
42874,0,1245,0
42876,0,1245,0
42878,0,1251,0
42880,79122,1260,1
42882,0,1267,0
42884,0,1273,0
42886,0,1273,0
42888,0,1268,0
42890,0,1259,0
42892,0,1250,0
42894,0,1244,0
42896,0,1246,0
42898,0,1250,0
42900,0,1257,0
42902,0,1267,0
42904,0,1273,0
42906,0,1272,0
42908,0,1267,0
42910,0,1258,0
42912,0,1249,0
42914,0,1245,0
42916,0,1244,0
42918,0,1249,0
42920,79021,1257,1
42922,0,1267,0
42924,0,1272,0
42926,0,1273,0
42928,0,1265,0
42930,0,1259,0
42932,0,1251,0
42934,0,1246,0
42936,0,1245,0
42938,0,1250,0
42940,0,1257,0
42942,0,1267,0
42944,0,1272,0
42946,0,1270,0
42948,0,1266,0
42950,0,1258,0
42952,0,1250,0
42954,0,1245,0
42956,0,1245,0
42958,0,1249,0
42960,78866,1257,1
42962,0,1266,0
42964,0,1271,0
42966,0,1271,0
42968,0,1266,0
42970,0,1257,0
42972,0,1249,0
42974,0,1245,0
42976,0,1245,0
42978,0,1249,0
42980,0,1257,0
42982,0,1264,0
42984,0,1271,0
42986,0,1272,0
42988,0,1266,0
42990,0,1257,0
42992,0,1250,0
42994,0,1246,0
42996,0,1243,0
42998,0,1248,0
43000,78923,1258,1
43002,0,1265,0
43004,0,1269,0
43006,0,1270,0
43008,0,1266,0
43010,0,1256,0
43012,0,1249,0
43014,0,1245,0
43016,0,1243,0
43018,0,1249,0
43020,0,1257,0
43022,0,1264,0
43024,0,1270,0
43026,0,1272,0
43028,0,1265,0
43030,0,1256,0
43032,0,1250,0
43034,0,1244,0
43036,0,1245,0
43038,0,1248,0
43040,79230,1257,1
43042,0,1264,0
43044,0,1270,0
43046,0,1270,0
43048,0,1266,0
43050,0,1256,0
43052,0,1248,0
43054,0,1244,0
43056,0,1243,0
43058,0,1249,0
43060,0,1256,0
43062,0,1266,0
43064,0,1271,0
43066,0,1269,0
43068,0,1265,0
43070,0,1256,0
43072,0,1250,0
43074,0,1244,0
43076,0,1244,0
43078,0,1250,0
43080,79499,1258,1
43082,0,1264,0
43084,0,1271,0
43086,0,1269,0
43088,0,1265,0
43090,0,1258,0
43092,0,1248,0
43094,0,1244,0
43096,0,1243,0
43098,0,1249,0
43100,0,1256,0
43102,0,1266,0
43104,0,1271,0
43106,0,1271,0
43108,0,1264,0
43110,0,1258,0
43112,0,1249,0
43114,0,1243,0
43116,0,1242,0
43118,0,1247,0
43120,79932,1257,1
43122,0,1265,0
43124,0,1270,0
43126,0,1270,0
43128,0,1266,0
43130,0,1255,0
43132,0,1247,0
43134,0,1243,0
43136,0,1242,0
43138,0,1249,0
43140,0,1256,0
43142,0,1263,0
43144,0,1270,0
43146,0,1269,0
43148,0,1264,0
43150,0,1257,0
43152,0,1247,0
43154,0,1243,0
43156,0,1242,0
43158,0,1249,0
43160,80349,1256,1
43162,0,1265,0
43164,0,1268,0
43166,0,1269,0
43168,0,1265,0
43170,0,1255,0
43172,0,1248,0
43174,0,1242,0
43176,0,1242,0
43178,0,1248,0
43180,0,1255,0
43182,0,1265,0
43184,0,1269,0
43186,0,1270,0
43188,0,1264,0
43190,0,1255,0
43192,0,1249,0
43194,0,1243,0
43196,0,1241,0
43198,0,1247,0
43200,80678,1256,1
43202,0,1263,0
43204,0,1270,0
43206,0,1268,0
43208,0,1263,0
43210,0,1257,0
43212,0,1247,0
43214,0,1243,0
43216,0,1243,0
43218,0,1249,0
43220,0,1256,0
43222,0,1264,0
43224,0,1267,0
43226,0,1268,0
43228,0,1265,0
43230,0,1255,0
43232,0,1248,0
43234,0,1241,0
43236,0,1242,0
43238,0,1247,0
43240,81020,1256,1
43242,0,1263,0
43244,0,1268,0
43246,0,1269,0
43248,0,1265,0
43250,0,1255,0
43252,0,1248,0
43254,0,1243,0
43256,0,1242,0
43258,0,1247,0
43260,0,1254,0
43262,0,1263,0
43264,0,1268,0
43266,0,1268,0
43268,0,1263,0
43270,0,1255,0
43272,0,1247,0
43274,0,1241,0
43276,0,1241,0
43278,0,1246,0
43280,81136,1255,1
43282,0,1264,0
43284,0,1268,0
43286,0,1268,0
43288,0,1263,0
43290,0,1254,0
43292,0,1247,0
43294,0,1242,0
43296,0,1243,0
43298,0,1245,0
43300,0,1254,0
43302,0,1263,0
43304,0,1267,0
43306,0,1266,0
43308,0,1263,0
43310,0,1256,0
43312,0,1246,0
43314,0,1242,0
43316,0,1242,0
43318,0,1246,0
43320,81041,1255,1
43322,0,1262,0
43324,0,1268,0
43326,0,1269,0
43328,0,1264,0
43330,0,1255,0
43332,0,1245,0
43334,0,1239,0
43336,0,1242,0
43338,0,1247,0
43340,0,1255,0
43342,0,1261,0
43344,0,1267,0
43346,0,1268,0
43348,0,1261,0
43350,0,1255,0
43352,0,1245,0
43354,0,1240,0
43356,0,1240,0
43358,0,1245,0
43360,80877,1254,1
43362,0,1263,0
43364,0,1267,0
43366,0,1267,0
43368,0,1262,0
43370,0,1253,0
43372,0,1245,0
43374,0,1241,0
43376,0,1241,0
43378,0,1246,0
43380,0,1253,0
43382,0,1262,0
43384,0,1267,0
43386,0,1266,0
43388,0,1262,0
43390,0,1254,0
43392,0,1247,0
43394,0,1239,0
43396,0,1240,0
43398,0,1247,0
43400,80730,1253,1
43402,0,1263,0
43404,0,1268,0
43406,0,1267,0
43408,0,1263,0
43410,0,1253,0
43412,0,1244,0
43414,0,1241,0
43416,0,1239,0
43418,0,1244,0
43420,0,1253,0
43422,0,1261,0
43424,0,1266,0
43426,0,1267,0
43428,0,1263,0
43430,0,1254,0
43432,0,1245,0
43434,0,1240,0
43436,0,1239,0
43438,0,1245,0
43440,80491,1254,1
43442,0,1260,0
43444,0,1267,0
43446,0,1267,0
43448,0,1260,0
43450,0,1252,0
43452,0,1244,0
43454,0,1240,0
43456,0,1240,0
43458,0,1244,0
43460,0,1253,0
43462,0,1262,0
43464,0,1266,0
43466,0,1267,0
43468,0,1261,0
43470,0,1253,0
43472,0,1245,0
43474,0,1240,0
43476,0,1240,0
43478,0,1245,0
43480,80320,1254,1
43482,0,1262,0
43484,0,1266,0
43486,0,1267,0
43488,0,1261,0
43490,0,1254,0
43492,0,1244,0
43494,0,1238,0
43496,0,1238,0
43498,0,1243,0
43500,0,1251,0
43502,0,1259,0
43504,0,1267,0
43506,0,1266,0
43508,0,1261,0
43510,0,1252,0
43512,0,1243,0
43514,0,1240,0
43516,0,1238,0
43518,0,1245,0
43520,80120,1251,1
43522,0,1262,0
43524,0,1264,0
43526,0,1264,0
43528,0,1259,0
43530,0,1252,0
43532,0,1243,0
43534,0,1239,0
43536,0,1239,0
43538,0,1245,0
43540,0,1252,0
43542,0,1261,0
43544,0,1264,0
43546,0,1265,0
43548,0,1259,0
43550,0,1252,0
43552,0,1244,0
43554,0,1237,0
43556,0,1237,0
43558,0,1244,0
43560,80052,1252,1
43562,0,1259,0
43564,0,1265,0
43566,0,1263,0
43568,0,1259,0
43570,0,1250,0
43572,0,1242,0
43574,0,1237,0
43576,0,1237,0
43578,0,1244,0
43580,0,1252,0
43582,0,1259,0
43584,0,1265,0
43586,0,1265,0
43588,0,1260,0
43590,0,1252,0
43592,0,1244,0
43594,0,1238,0
43596,0,1237,0
43598,0,1243,0
43600,80048,1250,1
43602,0,1259,0
43604,0,1264,0
43606,0,1265,0
43608,0,1260,0
43610,0,1251,0
43612,0,1244,0
43614,0,1237,0
43616,0,1236,0
43618,0,1242,0
43620,0,1251,0
43622,0,1258,0
43624,0,1264,0
43626,0,1263,0
43628,0,1259,0
43630,0,1250,0
43632,0,1243,0
43634,0,1236,0
43636,0,1237,0
43638,0,1241,0
43640,79899,1249,1
43642,0,1260,0
43644,0,1263,0
43646,0,1264,0
43648,0,1259,0
43650,0,1251,0
43652,0,1243,0
43654,0,1237,0
43656,0,1237,0
43658,0,1242,0
43660,0,1250,0
43662,0,1257,0
43664,0,1263,0
43666,0,1264,0
43668,0,1259,0
43670,0,1249,0
43672,0,1242,0
43674,0,1237,0
43676,0,1236,0
43678,0,1242,0
43680,79888,1251,1
43682,0,1259,0
43684,0,1262,0
43686,0,1264,0
43688,0,1258,0
43690,0,1248,0
43692,0,1242,0
43694,0,1235,0
43696,0,1237,0
43698,0,1240,0
43700,0,1250,0
43702,0,1256,0
43704,0,1261,0
43706,0,1262,0
43708,0,1257,0
43710,0,1248,0
43712,0,1242,0
43714,0,1234,0
43716,0,1237,0
43718,0,1240,0
43720,79665,1250,1
43722,0,1258,0
43724,0,1264,0
43726,0,1263,0
43728,0,1258,0
43730,0,1250,0
43732,0,1239,0
43734,0,1235,0
43736,0,1236,0
43738,0,1242,0
43740,0,1248,0
43742,0,1257,0
43744,0,1261,0
43746,0,1261,0
43748,0,1258,0
43750,0,1248,0
43752,0,1242,0
43754,0,1234,0
43756,0,1234,0
43758,0,1239,0
43760,79453,1249,1
43762,0,1258,0
43764,0,1262,0
43766,0,1261,0
43768,0,1257,0
43770,0,1249,0
43772,0,1240,0
43774,0,1234,0
43776,0,1235,0
43778,0,1239,0
43780,0,1248,0
43782,0,1258,0
43784,0,1262,0
43786,0,1261,0
43788,0,1256,0
43790,0,1248,0
43792,0,1241,0
43794,0,1236,0
43796,0,1234,0
43798,0,1239,0
43800,79202,1247,1
43802,0,1256,0
43804,0,1261,0
43806,0,1260,0
43808,0,1257,0
43810,0,1248,0
43812,0,1239,0
43814,0,1235,0
43816,0,1235,0
43818,0,1240,0
43820,0,1249,0
43822,0,1257,0
43824,0,1262,0
43826,0,1260,0
43828,0,1257,0
43830,0,1247,0
43832,0,1239,0
43834,0,1234,0
43836,0,1234,0
43838,0,1238,0
43840,79020,1248,1
43842,0,1255,0
43844,0,1261,0
43846,0,1260,0
43848,0,1256,0
43850,0,1246,0
43852,0,1240,0
43854,0,1235,0
43856,0,1232,0
43858,0,1238,0
43860,0,1246,0
43862,0,1254,0
43864,0,1261,0
43866,0,1261,0
43868,0,1254,0
43870,0,1247,0
43872,0,1239,0
43874,0,1232,0
43876,0,1234,0
43878,0,1240,0
43880,78976,1245,1
43882,0,1254,0
43884,0,1261,0
43886,0,1261,0
43888,0,1254,0
43890,0,1246,0
43892,0,1238,0
43894,0,1234,0
43896,0,1233,0
43898,0,1238,0
43900,0,1248,0
43902,0,1254,0
43904,0,1260,0
43906,0,1261,0
43908,0,1254,0
43910,0,1245,0
43912,0,1238,0
43914,0,1233,0
43916,0,1233,0
43918,0,1237,0
43920,78971,1245,1
43922,0,1254,0
43924,0,1260,0
43926,0,1259,0
43928,0,1254,0
43930,0,1247,0
43932,0,1236,0
43934,0,1231,0
43936,0,1234,0
43938,0,1236,0
43940,0,1246,0
43942,0,1255,0
43944,0,1258,0
43946,0,1258,0
43948,0,1253,0
43950,0,1247,0
43952,0,1238,0
43954,0,1233,0
43956,0,1231,0
43958,0,1237,0
43960,79051,1246,1
43962,0,1253,0
43964,0,1259,0
43966,0,1259,0
43968,0,1252,0
43970,0,1245,0
43972,0,1237,0
43974,0,1231,0
43976,0,1232,0
43978,0,1237,0
43980,0,1245,0
43982,0,1253,0
43984,0,1258,0
43986,0,1260,0
43988,0,1253,0
43990,0,1245,0
43992,0,1236,0
43994,0,1232,0
43996,0,1232,0
43998,0,1236,0
44000,79370,1245,1
44002,0,1253,0
44004,0,1259,0
44006,0,1257,0
44008,0,1254,0
44010,0,1244,0
44012,0,1236,0
44014,0,1230,0
44016,0,1232,0
44018,0,1238,0
44020,0,1244,0
44022,0,1254,0
44024,0,1256,0
44026,0,1259,0
44028,0,1251,0
44030,0,1243,0
44032,0,1236,0
44034,0,1232,0
44036,0,1232,0
44038,0,1236,0
44040,79815,1243,1
44042,0,1253,0
44044,0,1258,0
44046,0,1257,0
44048,0,1252,0
44050,0,1244,0
44052,0,1236,0
44054,0,1232,0
44056,0,1231,0
44058,0,1235,0
44060,0,1244,0
44062,0,1253,0
44064,0,1258,0
44066,0,1256,0
44068,0,1252,0
44070,0,1245,0
44072,0,1234,0
44074,0,1231,0
44076,0,1231,0
44078,0,1236,0
44080,80193,1244,1
44082,0,1251,0
44084,0,1257,0
44086,0,1257,0
44088,0,1252,0
44090,0,1242,0
44092,0,1234,0
44094,0,1230,0
44096,0,1231,0
44098,0,1236,0
44100,0,1242,0
44102,0,1251,0
44104,0,1257,0
44106,0,1257,0
44108,0,1252,0
44110,0,1242,0
44112,0,1233,0
44114,0,1229,0
44116,0,1231,0
44118,0,1234,0
44120,80545,1244,1
44122,0,1251,0
44124,0,1256,0
44126,0,1257,0
44128,0,1251,0
44130,0,1242,0
44132,0,1235,0
44134,0,1228,0
44136,0,1231,0
44138,0,1234,0
44140,0,1243,0
44142,0,1250,0
44144,0,1257,0
44146,0,1256,0
44148,0,1251,0
44150,0,1241,0
44152,0,1234,0
44154,0,1229,0
44156,0,1230,0
44158,0,1234,0
44160,80939,1242,1
44162,0,1252,0
44164,0,1257,0
44166,0,1256,0
44168,0,1251,0
44170,0,1241,0
44172,0,1234,0
44174,0,1230,0
44176,0,1228,0
44178,0,1234,0
44180,0,1243,0
44182,0,1251,0
44184,0,1256,0
44186,0,1255,0
44188,0,1249,0
44190,0,1240,0
44192,0,1234,0
44194,0,1228,0
44196,0,1227,0
44198,0,1232,0
44200,81071,1243,1
44202,0,1249,0
44204,0,1255,0
44206,0,1255,0
44208,0,1249,0
44210,0,1241,0
44212,0,1234,0
44214,0,1229,0
44216,0,1229,0
44218,0,1234,0
44220,0,1241,0
44222,0,1251,0
44224,0,1256,0
44226,0,1255,0
44228,0,1249,0
44230,0,1240,0
44232,0,1233,0
44234,0,1227,0
44236,0,1229,0
44238,0,1233,0
44240,81092,1240,1
44242,0,1249,0
44244,0,1255,0
44246,0,1253,0
44248,0,1248,0
44250,0,1241,0
44252,0,1232,0
44254,0,1227,0
44256,0,1227,0
44258,0,1232,0
44260,0,1242,0
44262,0,1248,0
44264,0,1252,0
44266,0,1254,0
44268,0,1250,0
44270,0,1241,0
44272,0,1233,0
44274,0,1227,0
44276,0,1226,0
44278,0,1232,0
44280,80997,1240,1
44282,0,1248,0
44284,0,1255,0
44286,0,1253,0
44288,0,1250,0
44290,0,1240,0
44292,0,1233,0
44294,0,1226,0
44296,0,1226,0
44298,0,1233,0
44300,0,1240,0
44302,0,1249,0
44304,0,1254,0
44306,0,1252,0
44308,0,1249,0
44310,0,1239,0
44312,0,1232,0
44314,0,1227,0
44316,0,1225,0
44318,0,1232,0
44320,80837,1240,1
44322,0,1248,0
44324,0,1254,0
44326,0,1254,0
44328,0,1249,0
44330,0,1241,0
44332,0,1233,0
44334,0,1227,0
44336,0,1227,0
44338,0,1231,0
44340,0,1240,0
44342,0,1247,0
44344,0,1251,0
44346,0,1253,0
44348,0,1247,0
44350,0,1240,0
44352,0,1230,0
44354,0,1227,0
44356,0,1227,0
44358,0,1230,0
44360,80580,1240,1
44362,0,1247,0
44364,0,1252,0
44366,0,1251,0
44368,0,1248,0
44370,0,1240,0
44372,0,1230,0
44374,0,1226,0
44376,0,1226,0
44378,0,1231,0
44380,0,1238,0
44382,0,1247,0
44384,0,1254,0
44386,0,1254,0
44388,0,1248,0
44390,0,1238,0
44392,0,1230,0
44394,0,1226,0
44396,0,1224,0
44398,0,1231,0
44400,80308,1237,1
44402,0,1248,0
44404,0,1251,0
44406,0,1251,0
44408,0,1248,0
44410,0,1238,0
44412,0,1231,0
44414,0,1224,0
44416,0,1226,0
44418,0,1229,0
44420,0,1237,0
44422,0,1248,0
44424,0,1251,0
44426,0,1253,0
44428,0,1246,0
44430,0,1238,0
44432,0,1229,0
44434,0,1225,0
44436,0,1225,0
44438,0,1231,0
44440,80180,1237,1
44442,0,1246,0
44444,0,1251,0
44446,0,1252,0
44448,0,1245,0
44450,0,1239,0
44452,0,1231,0
44454,0,1225,0
44456,0,1226,0
44458,0,1230,0
44460,0,1238,0
44462,0,1246,0
44464,0,1250,0
44466,0,1251,0
44468,0,1246,0
44470,0,1238,0
44472,0,1231,0
44474,0,1225,0
44476,0,1225,0
44478,0,1229,0
44480,80017,1238,1
44482,0,1247,0
44484,0,1251,0
44486,0,1250,0
44488,0,1245,0
44490,0,1239,0
44492,0,1228,0
44494,0,1224,0
44496,0,1225,0
44498,0,1229,0
44500,0,1238,0
44502,0,1247,0
44504,0,1251,0
44506,0,1250,0
44508,0,1245,0
44510,0,1236,0
44512,0,1229,0
44514,0,1223,0
44516,0,1225,0
44518,0,1228,0
44520,80000,1237,1
44522,0,1247,0
44524,0,1251,0
44526,0,1251,0
44528,0,1244,0
44530,0,1238,0
44532,0,1230,0
44534,0,1225,0
44536,0,1224,0
44538,0,1227,0
44540,0,1236,0
44542,0,1244,0
44544,0,1250,0
44546,0,1250,0
44548,0,1244,0
44550,0,1236,0
44552,0,1228,0
44554,0,1222,0
44556,0,1224,0
44558,0,1230,0
44560,79910,1237,1
44562,0,1245,0
44564,0,1250,0
44566,0,1250,0
44568,0,1244,0
44570,0,1236,0
44572,0,1228,0
44574,0,1224,0
44576,0,1222,0
44578,0,1227,0
44580,0,1237,0
44582,0,1246,0
44584,0,1251,0
44586,0,1251,0
44588,0,1244,0
44590,0,1236,0
44592,0,1229,0
44594,0,1222,0
44596,0,1224,0
44598,0,1227,0
44600,79861,1236,1
44602,0,1243,0
44604,0,1249,0
44606,0,1250,0
44608,0,1244,0
44610,0,1236,0
44612,0,1229,0
44614,0,1222,0
44616,0,1223,0
44618,0,1228,0
44620,0,1235,0
44622,0,1244,0
44624,0,1250,0
44626,0,1251,0
44628,0,1245,0
44630,0,1237,0
44632,0,1227,0
44634,0,1224,0
44636,0,1221,0
44638,0,1227,0
44640,79801,1235,1
44642,0,1245,0
44644,0,1248,0
44646,0,1248,0
44648,0,1243,0
44650,0,1236,0
44652,0,1227,0
44654,0,1222,0
44656,0,1221,0
44658,0,1228,0
44660,0,1235,0
44662,0,1244,0
44664,0,1248,0
44666,0,1249,0
44668,0,1244,0
44670,0,1237,0
44672,0,1227,0
44674,0,1223,0
44676,0,1221,0
44678,0,1226,0
44680,79548,1234,1
44682,0,1245,0
44684,0,1250,0
44686,0,1249,0
44688,0,1244,0
44690,0,1236,0
44692,0,1228,0
44694,0,1221,0
44696,0,1221,0
44698,0,1228,0
44700,0,1235,0
44702,0,1245,0
44704,0,1249,0
44706,0,1247,0
44708,0,1243,0
44710,0,1236,0
44712,0,1228,0
44714,0,1221,0
44716,0,1221,0
44718,0,1226,0
44720,79288,1236,1
44722,0,1244,0
44724,0,1248,0
44726,0,1248,0
44728,0,1245,0
44730,0,1235,0
44732,0,1228,0
44734,0,1222,0
44736,0,1221,0
44738,0,1226,0
44740,0,1236,0
44742,0,1242,0
44744,0,1250,0
44746,0,1248,0
44748,0,1244,0
44750,0,1235,0
44752,0,1227,0
44754,0,1222,0
44756,0,1220,0
44758,0,1227,0
44760,79157,1234,1
44762,0,1243,0
44764,0,1247,0
44766,0,1248,0
44768,0,1244,0
44770,0,1235,0
44772,0,1228,0
44774,0,1223,0
44776,0,1221,0
44778,0,1226,0
44780,0,1233,0
44782,0,1242,0
44784,0,1249,0
44786,0,1249,0
44788,0,1242,0
44790,0,1235,0
44792,0,1228,0
44794,0,1220,0
44796,0,1220,0
44798,0,1226,0
44800,78969,1236,1
44802,0,1243,0
44804,0,1248,0
44806,0,1247,0
44808,0,1243,0
44810,0,1235,0
44812,0,1227,0
44814,0,1221,0
44816,0,1222,0
44818,0,1226,0
44820,0,1235,0
44822,0,1243,0
44824,0,1248,0
44826,0,1249,0
44828,0,1242,0
44830,0,1234,0
44832,0,1226,0
44834,0,1220,0
44836,0,1222,0
44838,0,1226,0
44840,78899,1235,1
44842,0,1242,0
44844,0,1247,0
44846,0,1248,0
44848,0,1243,0
44850,0,1234,0
44852,0,1225,0
44854,0,1220,0
44856,0,1221,0
44858,0,1227,0
44860,0,1235,0
44862,0,1244,0
44864,0,1248,0
44866,0,1249,0
44868,0,1243,0
44870,0,1233,0
44872,0,1226,0
44874,0,1222,0
44876,0,1221,0
44878,0,1226,0
44880,78946,1234,1
44882,0,1242,0
44884,0,1248,0
44886,0,1247,0
44888,0,1244,0
44890,0,1235,0
44892,0,1227,0
44894,0,1222,0
44896,0,1222,0
44898,0,1226,0
44900,0,1233,0
44902,0,1243,0
44904,0,1246,0
44906,0,1248,0
44908,0,1243,0
44910,0,1235,0
44912,0,1226,0
44914,0,1220,0
44916,0,1221,0
44918,0,1226,0
44920,79231,1234,1
44922,0,1243,0
44924,0,1246,0
44926,0,1247,0
44928,0,1241,0
44930,0,1233,0
44932,0,1225,0
44934,0,1222,0
44936,0,1221,0
44938,0,1225,0
44940,0,1233,0
44942,0,1241,0
44944,0,1247,0
44946,0,1247,0
44948,0,1241,0
44950,0,1233,0
44952,0,1225,0
44954,0,1221,0
44956,0,1219,0
44958,0,1225,0
44960,79518,1234,1
44962,0,1242,0
44964,0,1247,0
44966,0,1248,0
44968,0,1242,0
44970,0,1234,0
44972,0,1225,0
44974,0,1220,0
44976,0,1220,0
44978,0,1225,0
44980,0,1234,0
44982,0,1243,0
44984,0,1248,0
44986,0,1247,0
44988,0,1243,0
44990,0,1233,0
44992,0,1227,0
44994,0,1220,0
44996,0,1221,0
44998,0,1224,0
45000,80027,1233,1
45002,0,1242,0
45004,0,1248,0
45006,0,1247,0
45008,0,1241,0
45010,0,1235,0
45012,0,1225,0
45014,0,1219,0
45016,0,1221,0
45018,0,1226,0
45020,0,1235,0
45022,0,1243,0
45024,0,1248,0
45026,0,1247,0
45028,0,1242,0
45030,0,1235,0
45032,0,1226,0
45034,0,1220,0
45036,0,1220,0
45038,0,1227,0
45040,80395,1233,1
45042,0,1241,0
45044,0,1247,0
45046,0,1246,0
45048,0,1243,0
45050,0,1234,0
45052,0,1226,0
45054,0,1221,0
45056,0,1221,0
45058,0,1226,0
45060,0,1234,0
45062,0,1242,0
45064,0,1247,0
45066,0,1246,0
45068,0,1243,0
45070,0,1234,0
45072,0,1226,0
45074,0,1220,0
45076,0,1220,0
45078,0,1226,0
45080,80725,1234,1
45082,0,1242,0
45084,0,1248,0
45086,0,1246,0
45088,0,1242,0
45090,0,1233,0
45092,0,1227,0
45094,0,1221,0
45096,0,1222,0
45098,0,1226,0
45100,0,1235,0
45102,0,1244,0
45104,0,1248,0
45106,0,1246,0
45108,0,1241,0
45110,0,1234,0
45112,0,1226,0
45114,0,1220,0
45116,0,1221,0
45118,0,1224,0
45120,80972,1233,1
45122,0,1242,0
45124,0,1247,0
45126,0,1248,0
45128,0,1244,0
45130,0,1235,0
45132,0,1226,0
45134,0,1220,0
45136,0,1221,0
45138,0,1227,0
45140,0,1235,0
45142,0,1242,0
45144,0,1246,0
45146,0,1248,0
45148,0,1241,0
45150,0,1234,0
45152,0,1226,0
45154,0,1221,0
45156,0,1220,0
45158,0,1226,0
45160,81127,1234,1
45162,0,1243,0
45164,0,1247,0
45166,0,1249,0
45168,0,1243,0
45170,0,1233,0
45172,0,1227,0
45174,0,1222,0
45176,0,1222,0
45178,0,1227,0
45180,0,1234,0
45182,0,1243,0
45184,0,1248,0
45186,0,1246,0
45188,0,1243,0
45190,0,1234,0
45192,0,1227,0
45194,0,1222,0
45196,0,1220,0
45198,0,1225,0
45200,81090,1234,1
45202,0,1242,0
45204,0,1247,0
45206,0,1248,0
45208,0,1242,0
45210,0,1235,0
45212,0,1225,0
45214,0,1220,0
45216,0,1222,0
45218,0,1227,0
45220,0,1235,0
45222,0,1242,0
45224,0,1249,0
45226,0,1248,0
45228,0,1244,0
45230,0,1235,0
45232,0,1225,0
45234,0,1221,0
45236,0,1222,0
45238,0,1225,0
45240,80923,1235,1
45242,0,1241,0
45244,0,1248,0
45246,0,1248,0
45248,0,1243,0
45250,0,1235,0
45252,0,1226,0
45254,0,1222,0
45256,0,1222,0
45258,0,1225,0
45260,0,1234,0
45262,0,1242,0
45264,0,1248,0
45266,0,1248,0
45268,0,1242,0
45270,0,1236,0
45272,0,1227,0
45274,0,1221,0
45276,0,1222,0
45278,0,1227,0
45280,80659,1235,1
45282,0,1242,0
45284,0,1247,0
45286,0,1248,0
45288,0,1243,0
45290,0,1235,0
45292,0,1225,0
45294,0,1221,0
45296,0,1222,0
45298,0,1227,0
45300,0,1234,0
45302,0,1242,0
45304,0,1248,0
45306,0,1248,0
45308,0,1243,0
45310,0,1235,0
45312,0,1226,0
45314,0,1223,0
45316,0,1220,0
45318,0,1226,0
45320,80419,1235,1
45322,0,1243,0
45324,0,1247,0
45326,0,1249,0
45328,0,1242,0
45330,0,1234,0
45332,0,1226,0
45334,0,1223,0
45336,0,1222,0
45338,0,1226,0
45340,0,1236,0
45342,0,1243,0
45344,0,1249,0
45346,0,1249,0
45348,0,1243,0
45350,0,1235,0
45352,0,1228,0
45354,0,1222,0
45356,0,1221,0
45358,0,1228,0
45360,80218,1234,1
45362,0,1243,0
45364,0,1248,0
45366,0,1248,0
45368,0,1244,0
45370,0,1237,0
45372,0,1228,0
45374,0,1222,0
45376,0,1222,0
45378,0,1228,0
45380,0,1235,0
45382,0,1243,0
45384,0,1248,0
45386,0,1250,0
45388,0,1243,0
45390,0,1236,0
45392,0,1227,0
45394,0,1222,0
45396,0,1222,0
45398,0,1228,0
45400,80068,1236,1
45402,0,1244,0
45404,0,1248,0
45406,0,1248,0
45408,0,1244,0
45410,0,1235,0
45412,0,1228,0
45414,0,1222,0
45416,0,1223,0
45418,0,1228,0
45420,0,1236,0
45422,0,1245,0
45424,0,1251,0
45426,0,1250,0
45428,0,1244,0
45430,0,1235,0
45432,0,1228,0
45434,0,1224,0
45436,0,1222,0
45438,0,1226,0
45440,80009,1237,1
45442,0,1245,0
45444,0,1248,0
45446,0,1249,0
45448,0,1244,0
45450,0,1235,0
45452,0,1227,0
45454,0,1222,0
45456,0,1222,0
45458,0,1229,0
45460,0,1236,0
45462,0,1243,0
45464,0,1248,0
45466,0,1250,0
45468,0,1244,0
45470,0,1237,0
45472,0,1227,0
45474,0,1224,0
45476,0,1223,0
45478,0,1229,0
45480,80040,1236,1
45482,0,1245,0
45484,0,1250,0
45486,0,1249,0
45488,0,1243,0
45490,0,1237,0
45492,0,1229,0
45494,0,1224,0
45496,0,1222,0
45498,0,1229,0
45500,0,1237,0
45502,0,1244,0
45504,0,1249,0
45506,0,1249,0
45508,0,1243,0
45510,0,1237,0
45512,0,1229,0
45514,0,1224,0
45516,0,1225,0
45518,0,1228,0
45520,79982,1238,1
45522,0,1246,0
45524,0,1249,0
45526,0,1251,0
45528,0,1245,0
45530,0,1237,0
45532,0,1227,0
45534,0,1224,0
45536,0,1224,0
45538,0,1228,0
45540,0,1238,0
45542,0,1244,0
45544,0,1251,0
45546,0,1251,0
45548,0,1245,0
45550,0,1237,0
45552,0,1230,0
45554,0,1223,0
45556,0,1224,0
45558,0,1228,0
45560,79881,1236,1
45562,0,1246,0
45564,0,1251,0
45566,0,1250,0
45568,0,1247,0
45570,0,1238,0
45572,0,1228,0
45574,0,1225,0
45576,0,1223,0
45578,0,1229,0
45580,0,1236,0
45582,0,1244,0
45584,0,1250,0
45586,0,1252,0
45588,0,1246,0
45590,0,1237,0
45592,0,1228,0
45594,0,1224,0
45596,0,1225,0
45598,0,1229,0
45600,79673,1237,1
45602,0,1246,0
45604,0,1250,0
45606,0,1251,0
45608,0,1246,0
45610,0,1238,0
45612,0,1230,0
45614,0,1225,0
45616,0,1225,0
45618,0,1229,0
45620,0,1238,0
45622,0,1245,0
45624,0,1250,0
45626,0,1251,0
45628,0,1246,0
45630,0,1237,0
45632,0,1231,0
45634,0,1225,0
45636,0,1224,0
45638,0,1230,0
45640,79439,1238,1
45642,0,1245,0
45644,0,1252,0
45646,0,1251,0
45648,0,1247,0
45650,0,1237,0
45652,0,1229,0
45654,0,1225,0
45656,0,1224,0
45658,0,1230,0
45660,0,1237,0
45662,0,1245,0
45664,0,1250,0
45666,0,1253,0
45668,0,1246,0
45670,0,1237,0
45672,0,1229,0
45674,0,1225,0
45676,0,1225,0
45678,0,1232,0
45680,79190,1238,1
45682,0,1246,0
45684,0,1252,0
45686,0,1253,0
45688,0,1247,0
45690,0,1239,0
45692,0,1231,0
45694,0,1226,0
45696,0,1226,0
45698,0,1232,0
45700,0,1239,0
45702,0,1247,0
45704,0,1253,0
45706,0,1251,0
45708,0,1248,0
45710,0,1238,0
45712,0,1229,0
45714,0,1226,0
45716,0,1225,0
45718,0,1231,0
45720,78992,1238,1
45722,0,1247,0
45724,0,1252,0
45726,0,1251,0
45728,0,1248,0
45730,0,1240,0
45732,0,1230,0
45734,0,1225,0
45736,0,1225,0
45738,0,1231,0
45740,0,1238,0
45742,0,1247,0
45744,0,1253,0
45746,0,1252,0
45748,0,1247,0
45750,0,1240,0
45752,0,1233,0
45754,0,1227,0
45756,0,1225,0
45758,0,1231,0
45760,78942,1239,1
45762,0,1247,0
45764,0,1253,0
45766,0,1253,0
45768,0,1249,0
45770,0,1239,0
45772,0,1231,0
45774,0,1226,0
45776,0,1226,0
45778,0,1232,0
45780,0,1240,0
45782,0,1247,0
45784,0,1253,0
45786,0,1253,0
45788,0,1248,0
45790,0,1240,0
45792,0,1233,0
45794,0,1227,0
45796,0,1227,0
45798,0,1233,0
45800,78940,1240,1
45802,0,1250,0
45804,0,1253,0
45806,0,1253,0
45808,0,1248,0
45810,0,1239,0
45812,0,1233,0
45814,0,1227,0
45816,0,1226,0
45818,0,1232,0
45820,0,1241,0
45822,0,1249,0
45824,0,1253,0
45826,0,1255,0
45828,0,1248,0
45830,0,1241,0
45832,0,1231,0
45834,0,1228,0
45836,0,1228,0
45838,0,1233,0
45840,79125,1242,1
45842,0,1250,0
45844,0,1253,0
45846,0,1253,0
45848,0,1248,0
45850,0,1240,0
45852,0,1234,0
45854,0,1229,0
45856,0,1226,0
45858,0,1233,0
45860,0,1241,0
45862,0,1249,0
45864,0,1253,0
45866,0,1255,0
45868,0,1249,0
45870,0,1242,0
45872,0,1232,0
45874,0,1227,0
45876,0,1226,0
45878,0,1232,0
45880,79427,1242,1
45882,0,1248,0
45884,0,1255,0
45886,0,1256,0
45888,0,1248,0
45890,0,1241,0
45892,0,1233,0
45894,0,1229,0
45896,0,1228,0
45898,0,1232,0
45900,0,1241,0
45902,0,1250,0
45904,0,1254,0
45906,0,1256,0
45908,0,1250,0
45910,0,1241,0
45912,0,1234,0
45914,0,1230,0
45916,0,1228,0
45918,0,1233,0
45920,79782,1242,1
45922,0,1249,0
45924,0,1255,0
45926,0,1256,0
45928,0,1251,0
45930,0,1243,0
45932,0,1234,0
45934,0,1230,0
45936,0,1229,0
45938,0,1234,0
45940,0,1242,0
45942,0,1252,0
45944,0,1255,0
45946,0,1255,0
45948,0,1251,0
45950,0,1241,0
45952,0,1234,0
45954,0,1229,0
45956,0,1229,0
45958,0,1234,0
45960,80281,1242,1
45962,0,1251,0
45964,0,1255,0
45966,0,1256,0
45968,0,1252,0
45970,0,1242,0
45972,0,1234,0
45974,0,1230,0
45976,0,1228,0
45978,0,1233,0
45980,0,1241,0
45982,0,1250,0
45984,0,1257,0
45986,0,1257,0
45988,0,1250,0
45990,0,1244,0
45992,0,1234,0
45994,0,1230,0
45996,0,1230,0
45998,0,1236,0
46000,80599,1242,1
46002,0,1252,0
46004,0,1257,0
46006,0,1257,0
46008,0,1251,0
46010,0,1244,0
46012,0,1234,0
46014,0,1230,0
46016,0,1231,0
46018,0,1236,0
46020,0,1243,0
46022,0,1252,0
46024,0,1256,0
46026,0,1256,0
46028,0,1251,0
46030,0,1244,0
46032,0,1235,0
46034,0,1231,0
46036,0,1229,0
46038,0,1236,0
46040,80948,1243,1
46042,0,1251,0
46044,0,1258,0
46046,0,1255,0
46048,0,1252,0
46050,0,1242,0
46052,0,1234,0
46054,0,1231,0
46056,0,1231,0
46058,0,1234,0
46060,0,1243,0
46062,0,1253,0
46064,0,1258,0
46066,0,1258,0
46068,0,1252,0
46070,0,1245,0
46072,0,1237,0
46074,0,1230,0
46076,0,1230,0
46078,0,1237,0
46080,81118,1245,1
46082,0,1252,0
46084,0,1259,0
46086,0,1258,0
46088,0,1254,0
46090,0,1244,0
46092,0,1237,0
46094,0,1232,0
46096,0,1230,0
46098,0,1237,0
46100,0,1244,0
46102,0,1254,0
46104,0,1257,0
46106,0,1258,0
46108,0,1253,0
46110,0,1246,0
46112,0,1235,0
46114,0,1232,0
46116,0,1230,0
46118,0,1237,0
46120,81036,1244,1
46122,0,1253,0
46124,0,1257,0
46126,0,1259,0
46128,0,1252,0
46130,0,1244,0
46132,0,1236,0
46134,0,1232,0
46136,0,1232,0
46138,0,1236,0
46140,0,1246,0
46142,0,1254,0
46144,0,1259,0
46146,0,1258,0
46148,0,1252,0
46150,0,1246,0
46152,0,1236,0
46154,0,1233,0
46156,0,1231,0
46158,0,1237,0
46160,80950,1247,1
46162,0,1254,0
46164,0,1258,0
46166,0,1260,0
46168,0,1253,0
46170,0,1245,0
46172,0,1238,0
46174,0,1233,0
46176,0,1232,0
46178,0,1238,0
46180,0,1246,0
46182,0,1253,0
46184,0,1260,0
46186,0,1260,0
46188,0,1252,0
46190,0,1247,0
46192,0,1237,0
46194,0,1233,0
46196,0,1231,0
46198,0,1237,0
46200,80791,1244,1
46202,0,1255,0
46204,0,1261,0
46206,0,1259,0
46208,0,1253,0
46210,0,1246,0
46212,0,1238,0
46214,0,1232,0
46216,0,1232,0
46218,0,1238,0
46220,0,1247,0
46222,0,1255,0
46224,0,1260,0
46226,0,1259,0
46228,0,1256,0
46230,0,1246,0
46232,0,1238,0
46234,0,1232,0
46236,0,1233,0
46238,0,1239,0
46240,80517,1248,1
46242,0,1255,0
46244,0,1261,0
46246,0,1259,0
46248,0,1255,0
46250,0,1247,0
46252,0,1239,0
46254,0,1233,0
46256,0,1234,0
46258,0,1237,0
46260,0,1245,0
46262,0,1254,0
46264,0,1259,0
46266,0,1259,0
46268,0,1254,0
46270,0,1247,0
46272,0,1240,0
46274,0,1234,0
46276,0,1232,0
46278,0,1238,0
46280,80358,1246,1
46282,0,1256,0
46284,0,1261,0
46286,0,1260,0
46288,0,1255,0
46290,0,1246,0
46292,0,1239,0
46294,0,1234,0
46296,0,1235,0
46298,0,1240,0
46300,0,1247,0
46302,0,1255,0
46304,0,1261,0
46306,0,1261,0
46308,0,1255,0
46310,0,1246,0
46312,0,1240,0
46314,0,1234,0
46316,0,1235,0
46318,0,1238,0
46320,80168,1246,1
46322,0,1256,0
46324,0,1261,0
46326,0,1261,0
46328,0,1255,0
46330,0,1247,0
46332,0,1240,0
46334,0,1235,0
46336,0,1233,0
46338,0,1240,0
46340,0,1247,0
46342,0,1255,0
46344,0,1262,0
46346,0,1260,0
46348,0,1255,0
46350,0,1248,0
46352,0,1240,0
46354,0,1234,0
46356,0,1234,0
46358,0,1241,0
46360,80105,1248,1
46362,0,1256,0
46364,0,1262,0
46366,0,1260,0
46368,0,1257,0
46370,0,1249,0
46372,0,1239,0
46374,0,1233,0
46376,0,1234,0
46378,0,1240,0
46380,0,1249,0
46382,0,1256,0
46384,0,1261,0
46386,0,1260,0
46388,0,1256,0
46390,0,1247,0
46392,0,1240,0
46394,0,1236,0
46396,0,1236,0
46398,0,1241,0
46400,80028,1249,1
46402,0,1256,0
46404,0,1262,0
46406,0,1261,0
46408,0,1257,0
46410,0,1249,0
46412,0,1242,0
46414,0,1234,0
46416,0,1235,0
46418,0,1241,0
46420,0,1247,0
46422,0,1256,0
46424,0,1261,0
46426,0,1262,0
46428,0,1257,0
46430,0,1250,0
46432,0,1241,0
46434,0,1235,0
46436,0,1235,0
46438,0,1240,0
46440,79995,1250,1
46442,0,1259,0
46444,0,1263,0
46446,0,1263,0
46448,0,1258,0
46450,0,1249,0
46452,0,1239,0
46454,0,1234,0
46456,0,1237,0
46458,0,1240,0
46460,0,1249,0
46462,0,1257,0
46464,0,1263,0
46466,0,1261,0
46468,0,1257,0
46470,0,1249,0
46472,0,1240,0
46474,0,1236,0
46476,0,1235,0
46478,0,1240,0
46480,79901,1249,1
46482,0,1258,0
46484,0,1262,0
46486,0,1263,0
46488,0,1256,0
46490,0,1249,0
46492,0,1242,0
46494,0,1236,0
46496,0,1237,0
46498,0,1240,0
46500,0,1248,0
46502,0,1258,0
46504,0,1263,0
46506,0,1264,0
46508,0,1256,0
46510,0,1248,0
46512,0,1241,0
46514,0,1237,0
46516,0,1238,0
46518,0,1241,0
46520,79716,1249,1
46522,0,1259,0
46524,0,1265,0
46526,0,1264,0
46528,0,1257,0
46530,0,1251,0
46532,0,1241,0
46534,0,1237,0
46536,0,1236,0
46538,0,1242,0
46540,0,1249,0
46542,0,1259,0
46544,0,1263,0
46546,0,1262,0
46548,0,1258,0
46550,0,1251,0
46552,0,1242,0
46554,0,1235,0
46556,0,1236,0
46558,0,1243,0
46560,79510,1251,1
46562,0,1259,0
46564,0,1263,0
46566,0,1265,0
46568,0,1258,0
46570,0,1251,0
46572,0,1242,0
46574,0,1237,0
46576,0,1236,0
46578,0,1241,0
46580,0,1252,0
46582,0,1258,0
46584,0,1265,0
46586,0,1263,0
46588,0,1258,0
46590,0,1250,0
46592,0,1244,0
46594,0,1238,0
46596,0,1237,0
46598,0,1244,0
46600,79363,1250,1
46602,0,1258,0
46604,0,1265,0
46606,0,1264,0
46608,0,1259,0
46610,0,1250,0
46612,0,1241,0
46614,0,1237,0
46616,0,1238,0
46618,0,1243,0
46620,0,1251,0
46622,0,1258,0
46624,0,1264,0
46626,0,1264,0
46628,0,1260,0
46630,0,1251,0
46632,0,1241,0
46634,0,1237,0
46636,0,1236,0
46638,0,1243,0
46640,79160,1250,1
46642,0,1258,0
46644,0,1264,0
46646,0,1265,0
46648,0,1260,0
46650,0,1252,0
46652,0,1243,0
46654,0,1238,0
46656,0,1239,0
46658,0,1244,0
46660,0,1250,0
46662,0,1259,0
46664,0,1265,0
46666,0,1266,0
46668,0,1260,0
46670,0,1251,0
46672,0,1242,0
46674,0,1238,0
46676,0,1238,0
46678,0,1244,0
46680,78972,1251,1
46682,0,1260,0
46684,0,1264,0
46686,0,1265,0
46688,0,1258,0
46690,0,1253,0
46692,0,1243,0
46694,0,1237,0
46696,0,1237,0
46698,0,1243,0
46700,0,1251,0
46702,0,1260,0
46704,0,1266,0
46706,0,1265,0
46708,0,1260,0
46710,0,1253,0
46712,0,1245,0
46714,0,1240,0
46716,0,1240,0
46718,0,1242,0
46720,78913,1251,1
46722,0,1261,0
46724,0,1266,0
46726,0,1266,0
46728,0,1260,0
46730,0,1252,0
46732,0,1243,0
46734,0,1238,0
46736,0,1239,0
46738,0,1244,0
46740,0,1253,0
46742,0,1259,0
46744,0,1265,0
46746,0,1264,0
46748,0,1259,0
46750,0,1253,0
46752,0,1242,0
46754,0,1240,0
46756,0,1240,0
46758,0,1244,0
46760,79006,1252,1
46762,0,1259,0
46764,0,1265,0
46766,0,1265,0
46768,0,1259,0
46770,0,1254,0
46772,0,1245,0
46774,0,1239,0
46776,0,1239,0
46778,0,1245,0
46780,0,1253,0
46782,0,1261,0
46784,0,1266,0
46786,0,1266,0
46788,0,1259,0
46790,0,1251,0
46792,0,1243,0
46794,0,1240,0
46796,0,1240,0
46798,0,1243,0
46800,79293,1251,1
46802,0,1260,0
46804,0,1265,0
46806,0,1265,0
46808,0,1260,0
46810,0,1251,0
46812,0,1244,0
46814,0,1241,0
46816,0,1238,0
46818,0,1244,0
46820,0,1252,0
46822,0,1260,0
46824,0,1265,0
46826,0,1267,0
46828,0,1260,0
46830,0,1254,0
46832,0,1243,0
46834,0,1239,0
46836,0,1240,0
46838,0,1243,0
46840,79583,1253,1
46842,0,1260,0
46844,0,1267,0
46846,0,1266,0
46848,0,1262,0
46850,0,1251,0
46852,0,1244,0
46854,0,1240,0
46856,0,1239,0
46858,0,1245,0
46860,0,1253,0
46862,0,1261,0
46864,0,1266,0
46866,0,1267,0
46868,0,1262,0
46870,0,1252,0
46872,0,1246,0
46874,0,1239,0
46876,0,1240,0
46878,0,1244,0
46880,80052,1254,1
46882,0,1260,0
46884,0,1267,0
46886,0,1266,0
46888,0,1260,0
46890,0,1254,0
46892,0,1244,0
46894,0,1239,0
46896,0,1240,0
46898,0,1245,0
46900,0,1252,0
46902,0,1263,0
46904,0,1265,0
46906,0,1266,0
46908,0,1261,0
46910,0,1254,0
46912,0,1245,0
46914,0,1241,0
46916,0,1241,0
46918,0,1245,0
46920,80411,1254,1
46922,0,1260,0
46924,0,1266,0
46926,0,1267,0
46928,0,1261,0
46930,0,1252,0
46932,0,1244,0
46934,0,1241,0
46936,0,1239,0
46938,0,1245,0
46940,0,1253,0
46942,0,1261,0
46944,0,1268,0
46946,0,1267,0
46948,0,1262,0
46950,0,1255,0
46952,0,1246,0
46954,0,1240,0
46956,0,1240,0
46958,0,1245,0
46960,80869,1255,1
46962,0,1263,0
46964,0,1268,0
46966,0,1265,0
46968,0,1261,0
46970,0,1254,0
46972,0,1245,0
46974,0,1240,0
46976,0,1239,0
46978,0,1244,0
46980,0,1254,0
46982,0,1262,0
46984,0,1268,0
46986,0,1266,0
46988,0,1263,0
46990,0,1253,0
46992,0,1246,0
46994,0,1239,0
46996,0,1240,0
46998,0,1246,0
47000,81060,1255,1
47002,0,1264,0
47004,0,1269,0
47006,0,1269,0
47008,0,1262,0
47010,0,1253,0
47012,0,1244,0
47014,0,1242,0
47016,0,1241,0
47018,0,1245,0
47020,0,1253,0
47022,0,1262,0
47024,0,1266,0
47026,0,1268,0
47028,0,1261,0
47030,0,1255,0
47032,0,1246,0
47034,0,1242,0
47036,0,1241,0
47038,0,1246,0
47040,81114,1254,1
47042,0,1263,0
47044,0,1268,0
47046,0,1268,0
47048,0,1262,0
47050,0,1254,0
47052,0,1244,0
47054,0,1242,0
47056,0,1240,0
47058,0,1246,0
47060,0,1253,0
47062,0,1263,0
47064,0,1268,0
47066,0,1268,0
47068,0,1263,0
47070,0,1254,0
47072,0,1247,0
47074,0,1239,0
47076,0,1242,0
47078,0,1246,0
47080,81049,1254,1
47082,0,1264,0
47084,0,1268,0
47086,0,1269,0
47088,0,1261,0
47090,0,1255,0
47092,0,1245,0
47094,0,1242,0
47096,0,1240,0
47098,0,1246,0
47100,0,1255,0
47102,0,1264,0
47104,0,1267,0
47106,0,1267,0
47108,0,1262,0
47110,0,1254,0
47112,0,1247,0
47114,0,1241,0
47116,0,1241,0
47118,0,1246,0
47120,80890,1253,1
47122,0,1262,0
47124,0,1269,0
47126,0,1268,0
47128,0,1264,0
47130,0,1255,0
47132,0,1245,0
47134,0,1241,0
47136,0,1243,0
47138,0,1245,0
47140,0,1255,0
47142,0,1263,0
47144,0,1268,0
47146,0,1267,0
47148,0,1262,0
47150,0,1255,0
47152,0,1245,0
47154,0,1241,0
47156,0,1240,0
47158,0,1247,0
47160,80665,1256,1
47162,0,1263,0
47164,0,1269,0
47166,0,1267,0
47168,0,1263,0
47170,0,1255,0
47172,0,1247,0
47174,0,1240,0
47176,0,1241,0
47178,0,1247,0
47180,0,1255,0
47182,0,1262,0
47184,0,1270,0
47186,0,1268,0
47188,0,1262,0
47190,0,1253,0
47192,0,1248,0
47194,0,1241,0
47196,0,1242,0
47198,0,1248,0
47200,80415,1255,1
47202,0,1264,0
47204,0,1267,0
47206,0,1269,0
47208,0,1263,0
47210,0,1256,0
47212,0,1247,0
47214,0,1242,0
47216,0,1242,0
47218,0,1247,0
47220,0,1256,0
47222,0,1263,0
47224,0,1269,0
47226,0,1269,0
47228,0,1263,0
47230,0,1255,0
47232,0,1246,0
47234,0,1242,0
47236,0,1243,0
47238,0,1245,0
47240,80271,1254,1
47242,0,1263,0
47244,0,1269,0
47246,0,1268,0
47248,0,1263,0
47250,0,1254,0
47252,0,1246,0
47254,0,1242,0
47256,0,1240,0
47258,0,1246,0
47260,0,1256,0
47262,0,1264,0
47264,0,1268,0
47266,0,1269,0
47268,0,1262,0
47270,0,1256,0
47272,0,1248,0
47274,0,1242,0
47276,0,1242,0
47278,0,1246,0
47280,80054,1254,1
47282,0,1264,0
47284,0,1267,0
47286,0,1268,0
47288,0,1262,0
47290,0,1255,0
47292,0,1247,0
47294,0,1243,0
47296,0,1243,0
47298,0,1246,0
47300,0,1256,0
47302,0,1264,0
47304,0,1268,0
47306,0,1270,0
47308,0,1263,0
47310,0,1254,0
47312,0,1247,0
47314,0,1242,0
47316,0,1243,0
47318,0,1248,0
47320,80033,1254,1
47322,0,1262,0
47324,0,1269,0
47326,0,1268,0
47328,0,1262,0
47330,0,1257,0
47332,0,1248,0
47334,0,1241,0
47336,0,1241,0
47338,0,1247,0
47340,0,1254,0
47342,0,1263,0
47344,0,1268,0
47346,0,1268,0
47348,0,1265,0
47350,0,1256,0
47352,0,1246,0
47354,0,1243,0
47356,0,1241,0
47358,0,1247,0
47360,79934,1256,1
47362,0,1265,0
47364,0,1268,0
47366,0,1269,0
47368,0,1263,0
47370,0,1255,0
47372,0,1248,0
47374,0,1242,0
47376,0,1241,0
47378,0,1246,0
47380,0,1255,0
47382,0,1263,0
47384,0,1270,0
47386,0,1269,0
47388,0,1264,0
47390,0,1254,0
47392,0,1248,0
47394,0,1243,0
47396,0,1241,0
47398,0,1248,0
47400,79919,1255,1
47402,0,1263,0
47404,0,1268,0
47406,0,1268,0
47408,0,1265,0
47410,0,1255,0
47412,0,1246,0
47414,0,1243,0
47416,0,1241,0
47418,0,1248,0
47420,0,1256,0
47422,0,1263,0
47424,0,1267,0
47426,0,1270,0
47428,0,1263,0
47430,0,1255,0
47432,0,1248,0
47434,0,1241,0
47436,0,1242,0
47438,0,1248,0
47440,79815,1257,1
47442,0,1263,0
47444,0,1269,0
47446,0,1270,0
47448,0,1263,0
47450,0,1256,0
47452,0,1248,0
47454,0,1243,0
47456,0,1241,0
47458,0,1246,0
47460,0,1256,0
47462,0,1263,0
47464,0,1269,0
47466,0,1268,0
47468,0,1263,0
47470,0,1257,0
47472,0,1247,0
47474,0,1241,0
47476,0,1242,0
47478,0,1248,0
47480,79669,1254,1
47482,0,1263,0
47484,0,1269,0
47486,0,1270,0
47488,0,1262,0
47490,0,1256,0
47492,0,1246,0
47494,0,1243,0
47496,0,1242,0
47498,0,1249,0
47500,0,1257,0
47502,0,1265,0
47504,0,1269,0
47506,0,1268,0
47508,0,1263,0
47510,0,1255,0
47512,0,1249,0
47514,0,1243,0
47516,0,1242,0
47518,0,1246,0
47520,79393,1257,1
47522,0,1265,0
47524,0,1269,0
47526,0,1269,0
47528,0,1264,0
47530,0,1255,0
47532,0,1249,0
47534,0,1242,0
47536,0,1243,0
47538,0,1248,0
47540,0,1257,0
47542,0,1265,0
47544,0,1269,0
47546,0,1270,0
47548,0,1265,0
47550,0,1254,0
47552,0,1247,0
47554,0,1242,0
47556,0,1243,0
47558,0,1247,0
47560,79241,1255,1
47562,0,1264,0
47564,0,1269,0
47566,0,1268,0
47568,0,1263,0
47570,0,1256,0
47572,0,1246,0
47574,0,1241,0
47576,0,1241,0
47578,0,1248,0
47580,0,1256,0
47582,0,1265,0
47584,0,1269,0
47586,0,1268,0
47588,0,1265,0
47590,0,1257,0
47592,0,1247,0
47594,0,1243,0
47596,0,1242,0
47598,0,1247,0
47600,79005,1255,1
47602,0,1265,0
47604,0,1269,0
47606,0,1270,0
47608,0,1265,0
47610,0,1256,0
47612,0,1247,0
47614,0,1242,0
47616,0,1242,0
47618,0,1246,0
47620,0,1255,0
47622,0,1264,0
47624,0,1269,0
47626,0,1268,0
47628,0,1265,0
47630,0,1256,0
47632,0,1248,0
47634,0,1242,0
47636,0,1243,0
47638,0,1247,0
47640,78912,1257,1
47642,0,1264,0
47644,0,1269,0
47646,0,1268,0
47648,0,1265,0
47650,0,1257,0
47652,0,1247,0
47654,0,1242,0
47656,0,1243,0
47658,0,1249,0
47660,0,1257,0
47662,0,1263,0
47664,0,1269,0
47666,0,1270,0
47668,0,1265,0
47670,0,1257,0
47672,0,1248,0
47674,0,1243,0
47676,0,1243,0
47678,0,1249,0
47680,78909,1256,1
47682,0,1265,0
47684,0,1269,0
47686,0,1269,0
47688,0,1264,0
47690,0,1255,0
47692,0,1249,0
47694,0,1243,0
47696,0,1242,0
47698,0,1247,0
47700,0,1257,0
47702,0,1263,0
47704,0,1269,0
47706,0,1269,0
47708,0,1263,0
47710,0,1255,0
47712,0,1248,0
47714,0,1242,0
47716,0,1242,0
47718,0,1247,0
47720,79104,1256,1
47722,0,1263,0
47724,0,1269,0
47726,0,1268,0
47728,0,1265,0
47730,0,1257,0
47732,0,1249,0
47734,0,1241,0
47736,0,1242,0
47738,0,1249,0
47740,0,1255,0
47742,0,1265,0
47744,0,1269,0
47746,0,1269,0
47748,0,1265,0
47750,0,1257,0
47752,0,1247,0
47754,0,1241,0
47756,0,1243,0
47758,0,1248,0
47760,79495,1256,1
47762,0,1264,0
47764,0,1269,0
47766,0,1269,0
47768,0,1265,0
47770,0,1257,0
47772,0,1249,0
47774,0,1241,0
47776,0,1242,0
47778,0,1246,0
47780,0,1255,0
47782,0,1264,0
47784,0,1269,0
47786,0,1270,0
47788,0,1265,0
47790,0,1256,0
47792,0,1248,0
47794,0,1244,0
47796,0,1242,0
47798,0,1249,0
47800,79895,1256,1
47802,0,1265,0
47804,0,1270,0
47806,0,1271,0
47808,0,1265,0
47810,0,1257,0
47812,0,1249,0
47814,0,1243,0
47816,0,1242,0
47818,0,1249,0
47820,0,1255,0
47822,0,1264,0
47824,0,1268,0
47826,0,1270,0
47828,0,1264,0
47830,0,1255,0
47832,0,1247,0
47834,0,1242,0
47836,0,1243,0
47838,0,1247,0
47840,80236,1255,1
47842,0,1265,0
47844,0,1270,0
47846,0,1270,0
47848,0,1264,0
47850,0,1256,0
47852,0,1246,0
47854,0,1242,0
47856,0,1244,0
47858,0,1247,0
47860,0,1256,0
47862,0,1265,0
47864,0,1271,0
47866,0,1268,0
47868,0,1265,0
47870,0,1257,0
47872,0,1247,0
47874,0,1243,0
47876,0,1241,0
47878,0,1249,0
47880,80664,1256,1
47882,0,1264,0
47884,0,1270,0
47886,0,1268,0
47888,0,1263,0
47890,0,1256,0
47892,0,1247,0
47894,0,1242,0
47896,0,1244,0
47898,0,1248,0
47900,0,1256,0
47902,0,1264,0
47904,0,1270,0
47906,0,1268,0
47908,0,1264,0
47910,0,1256,0
47912,0,1248,0
47914,0,1242,0
47916,0,1242,0
47918,0,1249,0
47920,80921,1255,1
47922,0,1265,0
47924,0,1269,0
47926,0,1268,0
47928,0,1263,0
47930,0,1255,0
47932,0,1249,0
47934,0,1241,0
47936,0,1242,0
47938,0,1249,0
47940,0,1256,0
47942,0,1265,0
47944,0,1270,0
47946,0,1268,0
47948,0,1264,0
47950,0,1255,0
47952,0,1247,0
47954,0,1244,0
47956,0,1241,0
47958,0,1247,0
47960,81088,1257,1
47962,0,1266,0
47964,0,1269,0
47966,0,1271,0
47968,0,1264,0
47970,0,1257,0
47972,0,1249,0
47974,0,1243,0
47976,0,1243,0
47978,0,1248,0
47980,0,1256,0
47982,0,1264,0
47984,0,1270,0
47986,0,1268,0
47988,0,1263,0
47990,0,1255,0
47992,0,1247,0
47994,0,1243,0
47996,0,1244,0
47998,0,1248,0
48000,81066,1257,1
48002,0,1264,0
48004,0,1271,0
48006,0,1269,0
48008,0,1264,0
48010,0,1257,0
48012,0,1246,0
48014,0,1243,0
48016,0,1244,0
48018,0,1248,0
48020,0,1256,0
48022,0,1265,0
48024,0,1270,0
48026,0,1270,0
48028,0,1266,0
48030,0,1256,0
48032,0,1249,0
48034,0,1244,0
48036,0,1243,0
48038,0,1247,0
48040,80951,1255,1
48042,0,1264,0
48044,0,1269,0
48046,0,1271,0
48048,0,1265,0
48050,0,1255,0
48052,0,1249,0
48054,0,1243,0
48056,0,1243,0
48058,0,1247,0
48060,0,1257,0
48062,0,1265,0
48064,0,1270,0
48066,0,1270,0
48068,0,1263,0
48070,0,1257,0
48072,0,1248,0
48074,0,1242,0
48076,0,1243,0
48078,0,1249,0
48080,80682,1256,1
48082,0,1265,0
48084,0,1269,0
48086,0,1269,0
48088,0,1265,0
48090,0,1255,0
48092,0,1247,0
48094,0,1243,0
48096,0,1243,0
48098,0,1247,0
48100,0,1257,0
48102,0,1263,0
48104,0,1269,0
48106,0,1269,0
48108,0,1264,0
48110,0,1255,0
48112,0,1246,0
48114,0,1243,0
48116,0,1242,0
48118,0,1249,0
48120,80435,1257,1
48122,0,1263,0
48124,0,1269,0
48126,0,1268,0
48128,0,1265,0
48130,0,1256,0
48132,0,1248,0
48134,0,1242,0
48136,0,1243,0
48138,0,1248,0
48140,0,1257,0
48142,0,1264,0
48144,0,1268,0
48146,0,1270,0
48148,0,1263,0
48150,0,1256,0
48152,0,1246,0
48154,0,1242,0
48156,0,1242,0
48158,0,1249,0
48160,80277,1257,1
48162,0,1265,0
48164,0,1270,0
48166,0,1269,0
48168,0,1264,0
48170,0,1257,0
48172,0,1247,0
48174,0,1243,0
48176,0,1242,0
48178,0,1247,0
48180,0,1255,0
48182,0,1266,0
48184,0,1271,0
48186,0,1269,0
48188,0,1264,0
48190,0,1256,0
48192,0,1248,0
48194,0,1242,0
48196,0,1242,0
48198,0,1248,0
48200,80166,1255,1
48202,0,1264,0
48204,0,1269,0
48206,0,1268,0
48208,0,1265,0
48210,0,1256,0
48212,0,1248,0
48214,0,1243,0
48216,0,1243,0
48218,0,1246,0
48220,0,1256,0
48222,0,1263,0
48224,0,1268,0
48226,0,1270,0
48228,0,1265,0
48230,0,1257,0
48232,0,1248,0
48234,0,1243,0
48236,0,1242,0
48238,0,1246,0
48240,80010,1256,1
48242,0,1263,0
48244,0,1269,0
48246,0,1269,0
48248,0,1264,0
48250,0,1256,0
48252,0,1247,0
48254,0,1243,0
48256,0,1242,0
48258,0,1248,0
48260,0,1256,0
48262,0,1264,0
48264,0,1271,0
48266,0,1268,0
48268,0,1264,0
48270,0,1256,0
48272,0,1249,0
48274,0,1243,0
48276,0,1244,0
48278,0,1247,0
48280,80014,1256,1
48282,0,1264,0
48284,0,1268,0
48286,0,1269,0
48288,0,1265,0
48290,0,1255,0
48292,0,1247,0
48294,0,1242,0
48296,0,1242,0
48298,0,1248,0
48300,0,1254,0
48302,0,1263,0
48304,0,1270,0
48306,0,1270,0
48308,0,1263,0
48310,0,1256,0
48312,0,1246,0
48314,0,1241,0
48316,0,1241,0
48318,0,1247,0
48320,79976,1255,1
48322,0,1266,0
48324,0,1268,0
48326,0,1268,0
48328,0,1263,0
48330,0,1256,0
48332,0,1248,0
48334,0,1244,0
48336,0,1244,0
48338,0,1247,0
48340,0,1256,0
48342,0,1263,0
48344,0,1269,0
48346,0,1270,0
48348,0,1264,0
48350,0,1255,0
48352,0,1248,0
48354,0,1242,0
48356,0,1244,0
48358,0,1248,0
48360,79830,1256,1
48362,0,1265,0
48364,0,1270,0
48366,0,1270,0
48368,0,1263,0
48370,0,1256,0
48372,0,1248,0
48374,0,1242,0
48376,0,1243,0
48378,0,1248,0
48380,0,1256,0
48382,0,1265,0
48384,0,1270,0
48386,0,1270,0
48388,0,1263,0
48390,0,1255,0
48392,0,1247,0
48394,0,1244,0
48396,0,1243,0
48398,0,1249,0
48400,79679,1256,1
48402,0,1265,0
48404,0,1269,0
48406,0,1270,0
48408,0,1265,0
48410,0,1256,0
48412,0,1249,0
48414,0,1244,0
48416,0,1243,0
48418,0,1248,0
48420,0,1255,0
48422,0,1263,0
48424,0,1269,0
48426,0,1269,0
48428,0,1263,0
48430,0,1257,0
48432,0,1249,0
48434,0,1241,0
48436,0,1243,0
48438,0,1247,0
48440,79534,1256,1
48442,0,1265,0
48444,0,1270,0
48446,0,1269,0
48448,0,1264,0
48450,0,1256,0
48452,0,1248,0
48454,0,1242,0
48456,0,1241,0
48458,0,1247,0
48460,0,1255,0
48462,0,1263,0
48464,0,1268,0
48466,0,1268,0
48468,0,1264,0
48470,0,1255,0
48472,0,1248,0
48474,0,1244,0
48476,0,1243,0
48478,0,1249,0
48480,79291,1257,1
48482,0,1263,0
48484,0,1268,0
48486,0,1270,0
48488,0,1264,0
48490,0,1255,0
48492,0,1247,0
48494,0,1244,0
48496,0,1242,0
48498,0,1247,0
48500,0,1257,0
48502,0,1263,0
48504,0,1269,0
48506,0,1268,0
48508,0,1264,0
48510,0,1256,0
48512,0,1247,0
48514,0,1244,0
48516,0,1242,0
48518,0,1246,0
48520,79125,1257,1
48522,0,1264,0
48524,0,1268,0
48526,0,1269,0
48528,0,1265,0
48530,0,1257,0
48532,0,1246,0
48534,0,1241,0
48536,0,1242,0
48538,0,1248,0
48540,0,1257,0
48542,0,1264,0
48544,0,1269,0
48546,0,1268,0
48548,0,1265,0
48550,0,1254,0
48552,0,1248,0
48554,0,1244,0
48556,0,1241,0
48558,0,1246,0
48560,78994,1256,1
48562,0,1265,0
48564,0,1269,0
48566,0,1269,0
48568,0,1264,0
48570,0,1257,0
48572,0,1247,0
48574,0,1241,0
48576,0,1244,0
48578,0,1246,0
48580,0,1257,0
48582,0,1265,0
48584,0,1269,0
48586,0,1269,0
48588,0,1264,0
48590,0,1257,0
48592,0,1247,0
48594,0,1242,0
48596,0,1242,0
48598,0,1248,0
48600,78911,1254,1
48602,0,1265,0
48604,0,1268,0
48606,0,1270,0
48608,0,1263,0
48610,0,1254,0
48612,0,1247,0
48614,0,1243,0
48616,0,1241,0
48618,0,1247,0
48620,0,1254,0
48622,0,1265,0
48624,0,1269,0
48626,0,1268,0
48628,0,1263,0
48630,0,1257,0
48632,0,1247,0
48634,0,1241,0
48636,0,1243,0
48638,0,1247,0
48640,79070,1257,1
48642,0,1263,0
48644,0,1269,0
48646,0,1268,0
48648,0,1265,0
48650,0,1256,0
48652,0,1246,0
48654,0,1242,0
48656,0,1243,0
48658,0,1247,0
48660,0,1256,0
48662,0,1264,0
48664,0,1268,0
48666,0,1269,0
48668,0,1264,0
48670,0,1254,0
48672,0,1247,0
48674,0,1242,0
48676,0,1242,0
48678,0,1248,0
48680,79306,1256,1
48682,0,1262,0
48684,0,1269,0
48686,0,1270,0
48688,0,1265,0
48690,0,1254,0
48692,0,1247,0
48694,0,1243,0
48696,0,1243,0
48698,0,1247,0
48700,0,1255,0
48702,0,1264,0
48704,0,1270,0
48706,0,1269,0
48708,0,1262,0
48710,0,1256,0
48712,0,1248,0
48714,0,1244,0
48716,0,1243,0
48718,0,1246,0
48720,79728,1256,1
48722,0,1263,0
48724,0,1269,0
48726,0,1268,0
48728,0,1264,0
48730,0,1255,0
48732,0,1246,0
48734,0,1242,0
48736,0,1242,0
48738,0,1248,0
48740,0,1256,0
48742,0,1262,0
48744,0,1269,0
48746,0,1269,0
48748,0,1265,0
48750,0,1257,0
48752,0,1247,0
48754,0,1244,0
48756,0,1241,0
48758,0,1246,0
48760,80167,1256,1
48762,0,1265,0
48764,0,1268,0
48766,0,1269,0
48768,0,1264,0
48770,0,1255,0
48772,0,1246,0
48774,0,1241,0
48776,0,1243,0
48778,0,1249,0
48780,0,1256,0
48782,0,1265,0
48784,0,1269,0
48786,0,1269,0
48788,0,1264,0
48790,0,1255,0
48792,0,1246,0
48794,0,1243,0
48796,0,1242,0
48798,0,1246,0
48800,80520,1256,1
48802,0,1263,0
48804,0,1270,0
48806,0,1270,0
48808,0,1263,0
48810,0,1255,0
48812,0,1247,0
48814,0,1243,0
48816,0,1241,0
48818,0,1247,0
48820,0,1257,0
48822,0,1262,0
48824,0,1268,0
48826,0,1268,0
48828,0,1263,0
48830,0,1255,0
48832,0,1247,0
48834,0,1242,0
48836,0,1241,0
48838,0,1247,0
48840,80852,1254,1
48842,0,1263,0
48844,0,1269,0
48846,0,1268,0
48848,0,1264,0
48850,0,1255,0
48852,0,1248,0
48854,0,1243,0
48856,0,1241,0
48858,0,1247,0
48860,0,1255,0
48862,0,1264,0
48864,0,1270,0
48866,0,1269,0
48868,0,1265,0
48870,0,1254,0
48872,0,1247,0
48874,0,1241,0
48876,0,1241,0
48878,0,1246,0
48880,81059,1257,1
48882,0,1263,0
48884,0,1269,0
48886,0,1270,0
48888,0,1263,0
48890,0,1257,0
48892,0,1248,0
48894,0,1243,0
48896,0,1241,0
48898,0,1248,0
48900,0,1257,0
48902,0,1263,0
48904,0,1269,0
48906,0,1270,0
48908,0,1265,0
48910,0,1256,0
48912,0,1248,0
48914,0,1242,0
48916,0,1243,0
48918,0,1247,0
48920,81070,1256,1
48922,0,1264,0
48924,0,1269,0
48926,0,1267,0
48928,0,1264,0
48930,0,1256,0
48932,0,1248,0
48934,0,1241,0
48936,0,1242,0
48938,0,1246,0
48940,0,1254,0
48942,0,1263,0
48944,0,1268,0
48946,0,1269,0
48948,0,1265,0
48950,0,1256,0
48952,0,1247,0
48954,0,1241,0
48956,0,1241,0
48958,0,1246,0
48960,80994,1255,1
48962,0,1262,0
48964,0,1268,0
48966,0,1267,0
48968,0,1264,0
48970,0,1255,0
48972,0,1246,0
48974,0,1243,0
48976,0,1241,0
48978,0,1247,0
48980,0,1255,0
48982,0,1263,0
48984,0,1268,0
48986,0,1268,0
48988,0,1264,0
48990,0,1255,0
48992,0,1248,0
48994,0,1242,0
48996,0,1243,0
48998,0,1247,0
49000,80858,1255,1
49002,0,1263,0
49004,0,1269,0
49006,0,1268,0
49008,0,1264,0
49010,0,1256,0
49012,0,1247,0
49014,0,1241,0
49016,0,1241,0
49018,0,1246,0
49020,0,1256,0
49022,0,1265,0
49024,0,1268,0
49026,0,1269,0
49028,0,1264,0
49030,0,1256,0
49032,0,1246,0
49034,0,1241,0
49036,0,1243,0
49038,0,1248,0
49040,80558,1256,1
49042,0,1265,0
49044,0,1268,0
49046,0,1268,0
49048,0,1263,0
49050,0,1255,0
49052,0,1248,0
49054,0,1243,0
49056,0,1241,0
49058,0,1249,0
49060,0,1255,0
49062,0,1263,0
49064,0,1269,0
49066,0,1270,0
49068,0,1265,0
49070,0,1256,0
49072,0,1247,0
49074,0,1242,0
49076,0,1243,0
49078,0,1247,0
49080,80417,1254,1
49082,0,1263,0
49084,0,1269,0
49086,0,1268,0
49088,0,1264,0
49090,0,1255,0
49092,0,1248,0
49094,0,1243,0
49096,0,1242,0
49098,0,1248,0
49100,0,1256,0
49102,0,1262,0
49104,0,1268,0
49106,0,1270,0
49108,0,1264,0
49110,0,1254,0
49112,0,1246,0
49114,0,1243,0
49116,0,1241,0
49118,0,1247,0
49120,80155,1256,1
49122,0,1262,0
49124,0,1269,0
49126,0,1268,0
49128,0,1265,0
49130,0,1255,0
49132,0,1248,0
49134,0,1242,0
49136,0,1242,0
49138,0,1246,0
49140,0,1256,0
49142,0,1262,0
49144,0,1268,0
49146,0,1269,0
49148,0,1263,0
49150,0,1255,0
49152,0,1247,0
49154,0,1243,0
49156,0,1242,0
49158,0,1247,0
49160,80043,1256,1
49162,0,1264,0
49164,0,1268,0
49166,0,1267,0
49168,0,1263,0
49170,0,1255,0
49172,0,1247,0
49174,0,1242,0
49176,0,1243,0
49178,0,1246,0
49180,0,1255,0
49182,0,1263,0
49184,0,1269,0
49186,0,1268,0
49188,0,1262,0
49190,0,1255,0
49192,0,1247,0
49194,0,1243,0
49196,0,1243,0
49198,0,1248,0
49200,80025,1256,1
49202,0,1263,0
49204,0,1268,0
49206,0,1268,0
49208,0,1264,0
49210,0,1255,0
49212,0,1246,0
49214,0,1241,0
49216,0,1242,0
49218,0,1248,0
49220,0,1256,0
49222,0,1262,0
49224,0,1269,0
49226,0,1267,0
49228,0,1263,0
49230,0,1254,0
49232,0,1248,0
49234,0,1243,0
49236,0,1242,0
49238,0,1248,0
49240,79913,1254,1
49242,0,1264,0
49244,0,1269,0
49246,0,1268,0
49248,0,1262,0
49250,0,1256,0
49252,0,1247,0
49254,0,1242,0
49256,0,1243,0
49258,0,1246,0
49260,0,1255,0
49262,0,1263,0
49264,0,1269,0
49266,0,1269,0
49268,0,1263,0
49270,0,1254,0
49272,0,1246,0
49274,0,1242,0
49276,0,1242,0
49278,0,1247,0
49280,79934,1254,1
49282,0,1265,0
49284,0,1270,0
49286,0,1268,0
49288,0,1262,0
49290,0,1254,0
49292,0,1246,0
49294,0,1241,0
49296,0,1241,0
49298,0,1246,0
49300,0,1256,0
49302,0,1263,0
49304,0,1268,0
49306,0,1269,0
49308,0,1264,0
49310,0,1256,0
49312,0,1246,0
49314,0,1242,0
49316,0,1242,0
49318,0,1247,0
49320,79779,1255,1
49322,0,1263,0
49324,0,1267,0
49326,0,1269,0
49328,0,1264,0
49330,0,1255,0
49332,0,1246,0
49334,0,1240,0
49336,0,1241,0
49338,0,1247,0
49340,0,1255,0
49342,0,1263,0
49344,0,1270,0
49346,0,1267,0
49348,0,1263,0
49350,0,1255,0
49352,0,1247,0
49354,0,1242,0
49356,0,1242,0
49358,0,1246,0
49360,79591,1255,1
49362,0,1262,0
49364,0,1268,0
49366,0,1267,0
49368,0,1265,0
49370,0,1255,0
49372,0,1246,0
49374,0,1241,0
49376,0,1243,0
49378,0,1246,0
49380,0,1256,0
49382,0,1264,0
49384,0,1267,0
49386,0,1270,0
49388,0,1264,0
49390,0,1254,0
49392,0,1247,0
49394,0,1242,0
49396,0,1243,0
49398,0,1248,0
49400,79377,1256,1
49402,0,1262,0
49404,0,1269,0
49406,0,1268,0
49408,0,1262,0
49410,0,1254,0
49412,0,1247,0
49414,0,1242,0
49416,0,1241,0
49418,0,1247,0
49420,0,1255,0
49422,0,1263,0
49424,0,1270,0
49426,0,1269,0
49428,0,1263,0
49430,0,1256,0
49432,0,1246,0
49434,0,1243,0
49436,0,1243,0
49438,0,1247,0
49440,79111,1254,1
49442,0,1262,0
49444,0,1268,0
49446,0,1268,0
49448,0,1264,0
49450,0,1255,0
49452,0,1248,0
49454,0,1243,0
49456,0,1243,0
49458,0,1246,0
49460,0,1254,0
49462,0,1263,0
49464,0,1268,0
49466,0,1270,0
49468,0,1262,0
49470,0,1254,0
49472,0,1248,0
49474,0,1241,0
49476,0,1242,0
49478,0,1248,0
49480,78930,1254,1
49482,0,1263,0
49484,0,1269,0
49486,0,1267,0
49488,0,1262,0
49490,0,1255,0
49492,0,1247,0
49494,0,1240,0
49496,0,1243,0
49498,0,1246,0
49500,0,1255,0
49502,0,1262,0
49504,0,1267,0
49506,0,1267,0
49508,0,1262,0
49510,0,1254,0
49512,0,1248,0
49514,0,1242,0
49516,0,1243,0
49518,0,1248,0
49520,78907,1255,1
49522,0,1262,0
49524,0,1269,0
49526,0,1269,0
49528,0,1263,0
49530,0,1256,0
49532,0,1247,0
49534,0,1242,0
49536,0,1241,0
49538,0,1246,0
49540,0,1254,0
49542,0,1262,0
49544,0,1269,0
49546,0,1268,0
49548,0,1264,0
49550,0,1254,0
49552,0,1246,0
49554,0,1242,0
49556,0,1243,0
49558,0,1247,0
49560,78928,1254,1
49562,0,1264,0
49564,0,1269,0
49566,0,1268,0
49568,0,1263,0
49570,0,1256,0
49572,0,1246,0
49574,0,1243,0
49576,0,1242,0
49578,0,1247,0
49580,0,1253,0
49582,0,1264,0
49584,0,1267,0
49586,0,1268,0
49588,0,1263,0
49590,0,1256,0
49592,0,1246,0
49594,0,1242,0
49596,0,1243,0
49598,0,1246,0
49600,79112,1255,1
49602,0,1263,0
49604,0,1269,0
49606,0,1268,0
49608,0,1264,0
49610,0,1254,0
49612,0,1248,0
49614,0,1241,0
49616,0,1243,0
49618,0,1246,0
49620,0,1255,0
49622,0,1262,0
49624,0,1269,0
49626,0,1267,0
49628,0,1264,0
49630,0,1255,0
49632,0,1246,0
49634,0,1241,0
49636,0,1240,0
49638,0,1247,0
49640,79447,1256,1
49642,0,1263,0
49644,0,1267,0
49646,0,1267,0
49648,0,1262,0
49650,0,1256,0
49652,0,1247,0
49654,0,1241,0
49656,0,1241,0
49658,0,1245,0
49660,0,1256,0
49662,0,1263,0
49664,0,1267,0
49666,0,1269,0
49668,0,1262,0
49670,0,1254,0
49672,0,1247,0
49674,0,1242,0
49676,0,1241,0
49678,0,1245,0
49680,79926,1254,1
49682,0,1264,0
49684,0,1269,0
49686,0,1269,0
49688,0,1264,0
49690,0,1255,0
49692,0,1246,0
49694,0,1241,0
49696,0,1241,0
49698,0,1248,0
49700,0,1254,0
49702,0,1262,0
49704,0,1268,0
49706,0,1267,0
49708,0,1264,0
49710,0,1256,0
49712,0,1246,0
49714,0,1243,0
49716,0,1242,0
49718,0,1247,0
49720,80405,1256,1
49722,0,1262,0
49724,0,1267,0
49726,0,1267,0
49728,0,1263,0
49730,0,1255,0
49732,0,1248,0
49734,0,1242,0
49736,0,1241,0
49738,0,1248,0
49740,0,1254,0
49742,0,1264,0
49744,0,1267,0
49746,0,1269,0
49748,0,1263,0
49750,0,1254,0
49752,0,1248,0
49754,0,1241,0
49756,0,1242,0
49758,0,1247,0
49760,80660,1256,1
49762,0,1263,0
49764,0,1269,0
49766,0,1269,0
49768,0,1262,0
49770,0,1254,0
49772,0,1246,0
49774,0,1241,0
49776,0,1243,0
49778,0,1246,0
49780,0,1255,0
49782,0,1264,0
49784,0,1269,0
49786,0,1267,0
49788,0,1262,0
49790,0,1255,0
49792,0,1247,0
49794,0,1242,0
49796,0,1242,0
49798,0,1245,0
49800,80921,1255,1
49802,0,1262,0
49804,0,1268,0
49806,0,1268,0
49808,0,1263,0
49810,0,1254,0
49812,0,1246,0
49814,0,1240,0
49816,0,1242,0
49818,0,1246,0
49820,0,1255,0
49822,0,1262,0
49824,0,1267,0
49826,0,1269,0
49828,0,1262,0
49830,0,1255,0
49832,0,1246,0
49834,0,1242,0
49836,0,1242,0
49838,0,1245,0
49840,81115,1254,1
49842,0,1264,0
49844,0,1267,0
49846,0,1267,0
49848,0,1264,0
49850,0,1255,0
49852,0,1246,0
49854,0,1241,0
49856,0,1241,0
49858,0,1247,0
49860,0,1255,0
49862,0,1263,0
49864,0,1269,0
49866,0,1269,0
49868,0,1264,0
49870,0,1254,0
49872,0,1247,0
49874,0,1242,0
49876,0,1242,0
49878,0,1246,0
49880,81041,1253,1
49882,0,1264,0
49884,0,1268,0
49886,0,1267,0
49888,0,1262,0
49890,0,1256,0
49892,0,1246,0
49894,0,1243,0
49896,0,1242,0
49898,0,1246,0
49900,0,1254,0
49902,0,1262,0
49904,0,1267,0
49906,0,1268,0
49908,0,1262,0
49910,0,1256,0
49912,0,1247,0
49914,0,1242,0
49916,0,1241,0
49918,0,1245,0
49920,80859,1254,1
49922,0,1262,0
49924,0,1269,0
49926,0,1267,0
49928,0,1263,0
49930,0,1254,0
49932,0,1248,0
49934,0,1240,0
49936,0,1242,0
49938,0,1247,0
49940,0,1254,0
49942,0,1263,0
49944,0,1268,0
49946,0,1268,0
49948,0,1261,0
49950,0,1255,0
49952,0,1246,0
49954,0,1241,0
49956,0,1242,0
49958,0,1247,0
49960,80673,1255,1
49962,0,1263,0
49964,0,1268,0
49966,0,1268,0
49968,0,1261,0
49970,0,1253,0
49972,0,1247,0
49974,0,1241,0
49976,0,1243,0
49978,0,1246,0
49980,0,1254,0
49982,0,1263,0
49984,0,1268,0
49986,0,1267,0
49988,0,1262,0
49990,0,1255,0
49992,0,1246,0
49994,0,1240,0
49996,0,1240,0
49998,0,1246,0
50000,80502,1255,1
50002,0,1262,0
50004,0,1268,0
50006,0,1267,0
50008,0,1264,0
50010,0,1255,0
50012,0,1245,0
50014,0,1242,0
50016,0,1240,0
50018,0,1246,0
50020,0,1254,0
50022,0,1262,0
50024,0,1267,0
50026,0,1267,0
50028,0,1262,0
50030,0,1254,0
50032,0,1248,0
50034,0,1242,0
50036,0,1241,0
50038,0,1246,0
50040,80319,1255,1
50042,0,1262,0
50044,0,1269,0
50046,0,1268,0
50048,0,1262,0
50050,0,1256,0
50052,0,1245,0
50054,0,1240,0
50056,0,1241,0
50058,0,1245,0
50060,0,1254,0
50062,0,1264,0
50064,0,1269,0
50066,0,1269,0
50068,0,1264,0
50070,0,1253,0
50072,0,1246,0
50074,0,1240,0
50076,0,1242,0
50078,0,1246,0
50080,80093,1254,1
50082,0,1261,0
50084,0,1267,0
50086,0,1267,0
50088,0,1263,0
50090,0,1253,0
50092,0,1245,0
50094,0,1243,0
50096,0,1240,0
50098,0,1247,0
50100,0,1254,0
50102,0,1262,0
50104,0,1268,0
50106,0,1267,0
50108,0,1263,0
50110,0,1254,0
50112,0,1246,0
50114,0,1241,0
50116,0,1241,0
50118,0,1246,0
50120,80092,1255,1
50122,0,1262,0
50124,0,1268,0
50126,0,1268,0
50128,0,1261,0
50130,0,1253,0
50132,0,1247,0
50134,0,1242,0
50136,0,1242,0
50138,0,1246,0
50140,0,1253,0
50142,0,1262,0
50144,0,1267,0
50146,0,1267,0
50148,0,1263,0
50150,0,1255,0
50152,0,1246,0
50154,0,1241,0
50156,0,1241,0
50158,0,1246,0
50160,80008,1255,1
50162,0,1263,0
50164,0,1266,0
50166,0,1267,0
50168,0,1262,0
50170,0,1256,0
50172,0,1246,0
50174,0,1240,0
50176,0,1241,0
50178,0,1245,0
50180,0,1253,0
50182,0,1263,0
50184,0,1269,0
50186,0,1267,0
50188,0,1262,0
50190,0,1253,0
50192,0,1245,0
50194,0,1241,0
50196,0,1242,0
50198,0,1247,0
50200,79946,1256,1
50202,0,1262,0
50204,0,1269,0
50206,0,1266,0
50208,0,1261,0
50210,0,1255,0
50212,0,1247,0
50214,0,1241,0
50216,0,1242,0
50218,0,1246,0
50220,0,1253,0
50222,0,1264,0
50224,0,1269,0
50226,0,1266,0
50228,0,1261,0
50230,0,1256,0
50232,0,1245,0
50234,0,1242,0
50236,0,1242,0
50238,0,1246,0
50240,79836,1254,1
50242,0,1263,0
50244,0,1269,0
50246,0,1267,0
50248,0,1264,0
50250,0,1254,0
50252,0,1245,0
50254,0,1241,0
50256,0,1242,0
50258,0,1246,0
50260,0,1254,0
50262,0,1263,0
50264,0,1266,0
50266,0,1267,0
50268,0,1263,0
50270,0,1255,0
50272,0,1247,0
50274,0,1242,0
50276,0,1241,0
50278,0,1247,0
50280,79653,1254,1
50282,0,1263,0
50284,0,1267,0
50286,0,1269,0
50288,0,1264,0
50290,0,1254,0
50292,0,1247,0
50294,0,1240,0
50296,0,1240,0
50298,0,1247,0
50300,0,1255,0
50302,0,1263,0
50304,0,1267,0
50306,0,1269,0
50308,0,1262,0
50310,0,1255,0
50312,0,1245,0
50314,0,1242,0
50316,0,1240,0
50318,0,1247,0
50320,79460,1253,1
50322,0,1262,0
50324,0,1269,0
50326,0,1267,0
50328,0,1261,0
50330,0,1255,0
50332,0,1247,0
50334,0,1242,0
50336,0,1241,0
50338,0,1245,0
50340,0,1253,0
50342,0,1263,0
50344,0,1268,0
50346,0,1266,0
50348,0,1261,0
50350,0,1254,0
50352,0,1246,0
50354,0,1242,0
50356,0,1240,0
50358,0,1247,0
50360,79266,1253,1
50362,0,1262,0
50364,0,1268,0
50366,0,1269,0
50368,0,1261,0
50370,0,1254,0
50372,0,1245,0
50374,0,1242,0
50376,0,1242,0
50378,0,1245,0
50380,0,1253,0
50382,0,1262,0
50384,0,1267,0
50386,0,1267,0
50388,0,1262,0
50390,0,1253,0
50392,0,1247,0
50394,0,1240,0
50396,0,1240,0
50398,0,1247,0
50400,79003,1254,1
50402,0,1264,0
50404,0,1269,0
50406,0,1268,0
50408,0,1262,0
50410,0,1253,0
50412,0,1247,0
50414,0,1241,0
50416,0,1242,0
50418,0,1245,0
50420,0,1253,0
50422,0,1262,0
50424,0,1267,0
50426,0,1267,0
50428,0,1261,0
50430,0,1255,0
50432,0,1246,0
50434,0,1240,0
50436,0,1240,0
50438,0,1245,0
50440,78869,1256,1
50442,0,1261,0
50444,0,1266,0
50446,0,1267,0
50448,0,1261,0
50450,0,1253,0
50452,0,1247,0
50454,0,1241,0
50456,0,1240,0
50458,0,1247,0
50460,0,1254,0
50462,0,1263,0
50464,0,1268,0
50466,0,1268,0
50468,0,1261,0
50470,0,1255,0
50472,0,1245,0
50474,0,1241,0
50476,0,1241,0
50478,0,1246,0
50480,78953,1253,1
50482,0,1264,0
50484,0,1266,0
50486,0,1266,0
50488,0,1262,0
50490,0,1255,0
50492,0,1246,0
50494,0,1241,0
50496,0,1242,0
50498,0,1244,0
50500,0,1254,0
50502,0,1262,0
50504,0,1268,0
50506,0,1268,0
50508,0,1262,0
50510,0,1253,0
50512,0,1244,0
50514,0,1239,0
50516,0,1242,0
50518,0,1247,0
50520,79112,1253,1
50522,0,1261,0
50524,0,1267,0
50526,0,1269,0
50528,0,1263,0
50530,0,1255,0
50532,0,1246,0
50534,0,1242,0
50536,0,1241,0
50538,0,1245,0
50540,0,1255,0
50542,0,1263,0
50544,0,1269,0
50546,0,1268,0
50548,0,1261,0
50550,0,1255,0
50552,0,1245,0
50554,0,1241,0
50556,0,1240,0
50558,0,1245,0
50560,79368,1254,1
50562,0,1262,0
50564,0,1267,0
50566,0,1266,0
50568,0,1261,0
50570,0,1254,0
50572,0,1245,0
50574,0,1240,0
50576,0,1241,0
50578,0,1247,0
50580,0,1253,0
50582,0,1262,0
50584,0,1267,0
50586,0,1266,0
50588,0,1263,0
50590,0,1255,0
50592,0,1245,0
50594,0,1241,0
50596,0,1242,0
50598,0,1245,0
50600,79769,1255,1
50602,0,1263,0
50604,0,1266,0
50606,0,1268,0
50608,0,1262,0
50610,0,1253,0
50612,0,1245,0
50614,0,1242,0
50616,0,1241,0
50618,0,1245,0
50620,0,1253,0
50622,0,1261,0
50624,0,1267,0
50626,0,1268,0
50628,0,1263,0
50630,0,1255,0
50632,0,1245,0
50634,0,1241,0
50636,0,1241,0
50638,0,1245,0
50640,80139,1253,1
50642,0,1263,0
50644,0,1268,0
50646,0,1266,0
50648,0,1261,0
50650,0,1254,0
50652,0,1246,0
50654,0,1242,0
50656,0,1240,0
50658,0,1244,0
50660,0,1253,0
50662,0,1262,0
50664,0,1266,0
50666,0,1267,0
50668,0,1262,0
50670,0,1254,0
50672,0,1245,0
50674,0,1239,0
50676,0,1240,0
50678,0,1246,0
50680,80607,1253,1
50682,0,1261,0
50684,0,1267,0
50686,0,1268,0
50688,0,1262,0
50690,0,1255,0
50692,0,1244,0
50694,0,1239,0
50696,0,1240,0
50698,0,1246,0
50700,0,1254,0
50702,0,1261,0
50704,0,1267,0
50706,0,1266,0
50708,0,1264,0
50710,0,1254,0
50712,0,1245,0
50714,0,1240,0
50716,0,1239,0
50718,0,1246,0
50720,80856,1255,1
50722,0,1263,0
50724,0,1268,0
50726,0,1267,0
50728,0,1263,0
50730,0,1255,0
50732,0,1245,0
50734,0,1242,0
50736,0,1239,0
50738,0,1244,0
50740,0,1253,0
50742,0,1263,0
50744,0,1266,0
50746,0,1269,0
50748,0,1263,0
50750,0,1253,0
50752,0,1245,0
50754,0,1241,0
50756,0,1240,0
50758,0,1245,0
50760,81017,1253,1
50762,0,1263,0
50764,0,1266,0
50766,0,1267,0
50768,0,1263,0
50770,0,1253,0
50772,0,1245,0
50774,0,1239,0
50776,0,1242,0
50778,0,1245,0
50780,0,1252,0
50782,0,1263,0
50784,0,1267,0
50786,0,1266,0
50788,0,1262,0
50790,0,1253,0
50792,0,1245,0
50794,0,1239,0
50796,0,1241,0
50798,0,1246,0
50800,81040,1253,1
50802,0,1263,0
50804,0,1268,0
50806,0,1266,0
50808,0,1263,0
50810,0,1255,0
50812,0,1246,0
50814,0,1239,0
50816,0,1240,0
50818,0,1246,0
50820,0,1255,0
50822,0,1262,0
50824,0,1267,0
50826,0,1268,0
50828,0,1263,0
50830,0,1255,0
50832,0,1244,0
50834,0,1240,0
50836,0,1240,0
50838,0,1247,0
50840,80941,1254,1
50842,0,1262,0
50844,0,1268,0
50846,0,1267,0
50848,0,1262,0
50850,0,1253,0
50852,0,1246,0
50854,0,1240,0
50856,0,1241,0
50858,0,1246,0
50860,0,1255,0
50862,0,1263,0
50864,0,1268,0
50866,0,1266,0
50868,0,1263,0
50870,0,1254,0
50872,0,1246,0
50874,0,1240,0
50876,0,1241,0
50878,0,1245,0
50880,80841,1253,1
50882,0,1261,0
50884,0,1266,0
50886,0,1267,0
50888,0,1262,0
50890,0,1255,0
50892,0,1246,0
50894,0,1241,0
50896,0,1241,0
50898,0,1247,0
50900,0,1253,0
50902,0,1261,0
50904,0,1266,0
50906,0,1267,0
50908,0,1261,0
50910,0,1252,0
50912,0,1244,0
50914,0,1240,0
50916,0,1241,0
50918,0,1245,0
50920,80590,1255,1
50922,0,1261,0
50924,0,1268,0
50926,0,1267,0
50928,0,1261,0
50930,0,1253,0
50932,0,1246,0
50934,0,1239,0
50936,0,1240,0
50938,0,1246,0
50940,0,1252,0
50942,0,1261,0
50944,0,1266,0
50946,0,1267,0
50948,0,1262,0
50950,0,1254,0
50952,0,1246,0
50954,0,1241,0
50956,0,1240,0
50958,0,1245,0
50960,80329,1252,1
50962,0,1261,0
50964,0,1266,0
50966,0,1266,0
50968,0,1262,0
50970,0,1255,0
50972,0,1246,0
50974,0,1241,0
50976,0,1240,0
50978,0,1245,0
50980,0,1252,0
50982,0,1263,0
50984,0,1266,0
50986,0,1267,0
50988,0,1262,0
50990,0,1253,0
50992,0,1244,0
50994,0,1242,0
50996,0,1241,0
50998,0,1246,0
51000,80161,1254,1
51002,0,1261,0
51004,0,1266,0
51006,0,1268,0
51008,0,1262,0
51010,0,1253,0
51012,0,1246,0
51014,0,1239,0
51016,0,1241,0
51018,0,1246,0
51020,0,1254,0
51022,0,1261,0
51024,0,1268,0
51026,0,1266,0
51028,0,1262,0
51030,0,1253,0
51032,0,1246,0
51034,0,1240,0
51036,0,1239,0
51038,0,1246,0
51040,80115,1253,1
51042,0,1263,0
51044,0,1266,0
51046,0,1268,0
51048,0,1261,0
51050,0,1254,0
51052,0,1246,0
51054,0,1241,0
51056,0,1241,0
51058,0,1245,0
51060,0,1252,0
51062,0,1261,0
51064,0,1268,0
51066,0,1267,0
51068,0,1263,0
51070,0,1253,0
51072,0,1245,0
51074,0,1239,0
51076,0,1241,0
51078,0,1244,0
51080,80037,1252,1
51082,0,1262,0
51084,0,1266,0
51086,0,1267,0
51088,0,1263,0
51090,0,1253,0
51092,0,1245,0
51094,0,1239,0
51096,0,1241,0
51098,0,1246,0
51100,0,1252,0
51102,0,1263,0
51104,0,1267,0
51106,0,1268,0
51108,0,1261,0
51110,0,1255,0
51112,0,1246,0
51114,0,1241,0
51116,0,1240,0
51118,0,1246,0
51120,80021,1254,1
51122,0,1262,0
51124,0,1268,0
51126,0,1267,0
51128,0,1261,0
51130,0,1254,0
51132,0,1245,0
51134,0,1242,0
51136,0,1239,0
51138,0,1247,0
51140,0,1255,0
51142,0,1261,0
51144,0,1267,0
51146,0,1267,0
51148,0,1262,0
51150,0,1253,0
51152,0,1244,0
51154,0,1239,0
51156,0,1240,0
51158,0,1246,0
51160,79908,1254,1
51162,0,1261,0
51164,0,1266,0
51166,0,1267,0
51168,0,1263,0
51170,0,1255,0
51172,0,1246,0
51174,0,1241,0
51176,0,1240,0
51178,0,1245,0
51180,0,1253,0
51182,0,1262,0
51184,0,1267,0
51186,0,1267,0
51188,0,1263,0
51190,0,1253,0
51192,0,1244,0
51194,0,1240,0
51196,0,1239,0
51198,0,1246,0
51200,79714,1253,1
51202,0,1260,0
51204,0,1266,0
51206,0,1266,0
51208,0,1262,0
51210,0,1253,0
51212,0,1245,0
51214,0,1241,0
51216,0,1239,0
51218,0,1245,0
51220,0,1255,0
51222,0,1262,0
51224,0,1268,0
51226,0,1266,0
51228,0,1260,0
51230,0,1254,0
51232,0,1245,0
51234,0,1241,0
51236,0,1241,0
51238,0,1246,0
51240,79563,1253,1
51242,0,1263,0
51244,0,1268,0
51246,0,1267,0
51248,0,1261,0
51250,0,1253,0
51252,0,1247,0
51254,0,1241,0
51256,0,1239,0
51258,0,1246,0
51260,0,1254,0
51262,0,1260,0
51264,0,1265,0
51266,0,1266,0
51268,0,1261,0
51270,0,1252,0
51272,0,1244,0
51274,0,1240,0
51276,0,1241,0
51278,0,1244,0
51280,79356,1253,1
51282,0,1262,0
51284,0,1266,0
51286,0,1267,0
51288,0,1260,0
51290,0,1253,0
51292,0,1245,0
51294,0,1240,0
51296,0,1240,0
51298,0,1245,0
51300,0,1254,0
51302,0,1262,0
51304,0,1266,0
51306,0,1266,0
51308,0,1262,0
51310,0,1252,0
51312,0,1246,0
51314,0,1241,0
51316,0,1239,0
51318,0,1245,0
51320,79168,1253,1
51322,0,1263,0
51324,0,1267,0
51326,0,1267,0
51328,0,1262,0
51330,0,1252,0
51332,0,1246,0
51334,0,1241,0
51336,0,1239,0
51338,0,1244,0
51340,0,1253,0
51342,0,1261,0
51344,0,1265,0
51346,0,1265,0
51348,0,1260,0
51350,0,1255,0
51352,0,1244,0
51354,0,1241,0
51356,0,1240,0
51358,0,1244,0
51360,78951,1254,1
51362,0,1260,0
51364,0,1267,0
51366,0,1267,0
51368,0,1260,0
51370,0,1252,0
51372,0,1244,0
51374,0,1239,0
51376,0,1240,0
51378,0,1244,0
51380,0,1253,0
51382,0,1262,0
51384,0,1268,0
51386,0,1266,0
51388,0,1261,0
51390,0,1252,0
51392,0,1245,0
51394,0,1241,0
51396,0,1239,0
51398,0,1244,0
51400,78898,1254,1
51402,0,1260,0
51404,0,1268,0
51406,0,1268,0
51408,0,1260,0
51410,0,1253,0
51412,0,1245,0
51414,0,1240,0
51416,0,1238,0
51418,0,1245,0
51420,0,1252,0
51422,0,1261,0
51424,0,1266,0
51426,0,1265,0
51428,0,1262,0
51430,0,1253,0
51432,0,1246,0
51434,0,1241,0
51436,0,1239,0
51438,0,1246,0
51440,78949,1253,1
51442,0,1260,0
51444,0,1265,0
51446,0,1267,0
51448,0,1262,0
51450,0,1254,0
51452,0,1245,0
51454,0,1238,0
51456,0,1240,0
51458,0,1244,0
51460,0,1252,0
51462,0,1262,0
51464,0,1268,0
51466,0,1266,0
51468,0,1260,0
51470,0,1252,0
51472,0,1244,0
51474,0,1239,0
51476,0,1241,0
51478,0,1246,0
51480,79215,1254,1
51482,0,1262,0
51484,0,1266,0
51486,0,1266,0
51488,0,1261,0
51490,0,1254,0
51492,0,1244,0
51494,0,1241,0
51496,0,1240,0
51498,0,1246,0
51500,0,1253,0
51502,0,1261,0
51504,0,1265,0
51506,0,1266,0
51508,0,1261,0
51510,0,1253,0
51512,0,1245,0
51514,0,1239,0
51516,0,1239,0
51518,0,1246,0
51520,79545,1253,1
51522,0,1261,0
51524,0,1267,0
51526,0,1266,0
51528,0,1262,0
51530,0,1253,0
51532,0,1246,0
51534,0,1241,0
51536,0,1238,0
51538,0,1245,0
51540,0,1253,0
51542,0,1262,0
51544,0,1265,0
51546,0,1266,0
51548,0,1263,0
51550,0,1252,0
51552,0,1246,0
51554,0,1241,0
51556,0,1239,0
51558,0,1246,0
51560,79971,1252,1
51562,0,1262,0
51564,0,1266,0
51566,0,1267,0
51568,0,1262,0
51570,0,1254,0
51572,0,1246,0
51574,0,1239,0
51576,0,1241,0
51578,0,1244,0
51580,0,1252,0
51582,0,1260,0
51584,0,1267,0
51586,0,1266,0
51588,0,1262,0
51590,0,1252,0
51592,0,1245,0
51594,0,1241,0
51596,0,1238,0
51598,0,1246,0
51600,80424,1254,1
51602,0,1262,0
51604,0,1266,0
51606,0,1267,0
51608,0,1262,0
51610,0,1252,0
51612,0,1245,0
51614,0,1240,0
51616,0,1240,0
51618,0,1246,0
51620,0,1254,0
51622,0,1261,0
51624,0,1268,0
51626,0,1265,0
51628,0,1262,0
51630,0,1252,0
51632,0,1245,0
51634,0,1241,0
51636,0,1241,0
51638,0,1245,0
51640,80706,1252,1
51642,0,1262,0
51644,0,1267,0
51646,0,1266,0
51648,0,1261,0
51650,0,1252,0
51652,0,1245,0
51654,0,1240,0
51656,0,1240,0
51658,0,1246,0
51660,0,1253,0
51662,0,1263,0
51664,0,1266,0
51666,0,1266,0
51668,0,1261,0
51670,0,1254,0
51672,0,1245,0
51674,0,1239,0
51676,0,1241,0
51678,0,1246,0
51680,80938,1254,1
51682,0,1261,0
51684,0,1266,0
51686,0,1265,0
51688,0,1263,0
51690,0,1253,0
51692,0,1245,0
51694,0,1240,0
51696,0,1240,0
51698,0,1244,0
51700,0,1252,0
51702,0,1261,0
51704,0,1265,0
51706,0,1267,0
51708,0,1263,0
51710,0,1252,0
51712,0,1244,0
51714,0,1241,0
51716,0,1241,0
51718,0,1245,0
51720,81045,1253,1
51722,0,1262,0
51724,0,1265,0
51726,0,1267,0
51728,0,1260,0
51730,0,1254,0
51732,0,1243,0
51734,0,1239,0
51736,0,1239,0
51738,0,1243,0
51740,0,1253,0
51742,0,1261,0
51744,0,1266,0
51746,0,1267,0
51748,0,1260,0
51750,0,1252,0
51752,0,1244,0
51754,0,1240,0
51756,0,1240,0
51758,0,1246,0
51760,81059,1252,1
51762,0,1260,0
51764,0,1266,0
51766,0,1266,0
51768,0,1261,0
51770,0,1254,0
51772,0,1244,0
51774,0,1240,0
51776,0,1239,0
51778,0,1243,0
51780,0,1253,0
51782,0,1261,0
51784,0,1265,0
51786,0,1265,0
51788,0,1261,0
51790,0,1254,0
51792,0,1244,0
51794,0,1240,0
51796,0,1239,0
51798,0,1244,0
51800,80913,1253,1
51802,0,1261,0
51804,0,1266,0
51806,0,1267,0
51808,0,1262,0
51810,0,1252,0
51812,0,1245,0
51814,0,1241,0
51816,0,1240,0
51818,0,1245,0
51820,0,1252,0
51822,0,1260,0
51824,0,1266,0
51826,0,1265,0
51828,0,1261,0
51830,0,1252,0
51832,0,1246,0
51834,0,1239,0
51836,0,1238,0
51838,0,1245,0
51840,80661,1254,1
51842,0,1261,0
51844,0,1266,0
51846,0,1265,0
51848,0,1260,0
51850,0,1252,0
51852,0,1245,0
51854,0,1239,0
51856,0,1240,0
51858,0,1245,0
51860,0,1253,0
51862,0,1261,0
51864,0,1268,0
51866,0,1265,0
51868,0,1260,0
51870,0,1252,0
51872,0,1245,0
51874,0,1238,0
51876,0,1241,0
51878,0,1244,0
51880,80384,1253,1
51882,0,1261,0
51884,0,1267,0
51886,0,1266,0
51888,0,1261,0
51890,0,1252,0
51892,0,1245,0
51894,0,1240,0
51896,0,1239,0
51898,0,1246,0
51900,0,1254,0
51902,0,1262,0
51904,0,1265,0
51906,0,1267,0
51908,0,1260,0
51910,0,1253,0
51912,0,1244,0
51914,0,1240,0
51916,0,1241,0
51918,0,1245,0
51920,80194,1252,1
51922,0,1262,0
51924,0,1266,0
51926,0,1267,0
51928,0,1262,0
51930,0,1254,0
51932,0,1245,0
51934,0,1240,0
51936,0,1240,0
51938,0,1244,0
51940,0,1253,0
51942,0,1262,0
51944,0,1266,0
51946,0,1267,0
51948,0,1260,0
51950,0,1252,0
51952,0,1245,0
51954,0,1239,0
51956,0,1240,0
51958,0,1244,0
51960,80155,1252,1
51962,0,1262,0
51964,0,1265,0
51966,0,1267,0
51968,0,1262,0
51970,0,1254,0
51972,0,1244,0
51974,0,1240,0
51976,0,1239,0
51978,0,1245,0
51980,0,1254,0
51982,0,1261,0
51984,0,1266,0
51986,0,1267,0
51988,0,1261,0
51990,0,1253,0
51992,0,1243,0
51994,0,1238,0
51996,0,1238,0
51998,0,1243,0
52000,80098,1252,1
52002,0,1260,0
52004,0,1268,0
52006,0,1267,0
52008,0,1261,0
52010,0,1252,0
52012,0,1244,0
52014,0,1241,0
52016,0,1241,0
52018,0,1246,0
52020,0,1252,0
52022,0,1261,0
52024,0,1267,0
52026,0,1265,0
52028,0,1260,0
52030,0,1254,0
52032,0,1243,0
52034,0,1239,0
52036,0,1238,0
52038,0,1245,0
52040,80004,1252,1
52042,0,1262,0
52044,0,1265,0
52046,0,1265,0
52048,0,1261,0
52050,0,1253,0
52052,0,1245,0
52054,0,1240,0
52056,0,1241,0
52058,0,1244,0
52060,0,1251,0
52062,0,1261,0
52064,0,1265,0
52066,0,1265,0
52068,0,1260,0
52070,0,1254,0
52072,0,1243,0
52074,0,1239,0
52076,0,1241,0
52078,0,1246,0
52080,79876,1253,1
52082,0,1262,0
52084,0,1265,0
52086,0,1266,0
52088,0,1260,0
52090,0,1252,0
52092,0,1246,0
52094,0,1240,0
52096,0,1238,0
52098,0,1244,0
52100,0,1254,0
52102,0,1260,0
52104,0,1265,0
52106,0,1266,0
52108,0,1260,0
52110,0,1252,0
52112,0,1244,0
52114,0,1238,0
52116,0,1239,0
52118,0,1243,0
52120,79779,1253,1
52122,0,1260,0
52124,0,1266,0
52126,0,1267,0
52128,0,1261,0
52130,0,1253,0
52132,0,1245,0
52134,0,1240,0
52136,0,1239,0
52138,0,1245,0
52140,0,1253,0
52142,0,1260,0
52144,0,1267,0
52146,0,1266,0
52148,0,1260,0
52150,0,1252,0
52152,0,1244,0
52154,0,1239,0
52156,0,1238,0
52158,0,1245,0
52160,79614,1253,1
52162,0,1261,0
52164,0,1265,0
52166,0,1265,0
52168,0,1261,0
52170,0,1254,0
52172,0,1244,0
52174,0,1239,0
52176,0,1239,0
52178,0,1245,0
52180,0,1254,0
52182,0,1260,0
52184,0,1265,0
52186,0,1266,0
52188,0,1262,0
52190,0,1253,0
52192,0,1245,0
52194,0,1239,0
52196,0,1238,0
52198,0,1244,0
52200,79480,1252,1
52202,0,1260,0
52204,0,1265,0
52206,0,1265,0
52208,0,1260,0
52210,0,1251,0
52212,0,1243,0
52214,0,1239,0
52216,0,1238,0
52218,0,1246,0
52220,0,1253,0
52222,0,1262,0
52224,0,1266,0
52226,0,1265,0
52228,0,1260,0
52230,0,1254,0
52232,0,1244,0
52234,0,1240,0
52236,0,1238,0
52238,0,1243,0
52240,79192,1254,1
52242,0,1261,0
52244,0,1264,0
52246,0,1265,0
52248,0,1261,0
52250,0,1253,0
52252,0,1245,0
52254,0,1239,0
52256,0,1240,0
52258,0,1245,0
52260,0,1254,0
52262,0,1262,0
52264,0,1266,0
52266,0,1265,0
52268,0,1261,0
52270,0,1252,0
52272,0,1243,0
52274,0,1239,0
52276,0,1239,0
52278,0,1243,0
52280,79000,1253,1
52282,0,1261,0
52284,0,1266,0
52286,0,1266,0
52288,0,1262,0
52290,0,1254,0
52292,0,1245,0
52294,0,1239,0
52296,0,1238,0
52298,0,1245,0
52300,0,1252,0
52302,0,1261,0
52304,0,1266,0
52306,0,1266,0
52308,0,1260,0
52310,0,1252,0
52312,0,1243,0
52314,0,1239,0
52316,0,1240,0
52318,0,1243,0
52320,78972,1253,1
52322,0,1260,0
52324,0,1266,0
52326,0,1264,0
52328,0,1262,0
52330,0,1252,0
52332,0,1243,0
52334,0,1240,0
52336,0,1238,0
52338,0,1243,0
52340,0,1254,0
52342,0,1260,0
52344,0,1267,0
52346,0,1265,0
52348,0,1261,0
52350,0,1251,0
52352,0,1245,0
52354,0,1238,0
52356,0,1239,0
52358,0,1243,0
52360,78983,1252,1
52362,0,1261,0
52364,0,1265,0
52366,0,1266,0
52368,0,1259,0
52370,0,1253,0
52372,0,1245,0
52374,0,1238,0
52376,0,1239,0
52378,0,1243,0
52380,0,1251,0
52382,0,1261,0
52384,0,1267,0
52386,0,1267,0
52388,0,1259,0
52390,0,1253,0
52392,0,1244,0
52394,0,1238,0
52396,0,1239,0
52398,0,1243,0
52400,79135,1252,1
52402,0,1262,0
52404,0,1267,0
52406,0,1264,0
52408,0,1262,0
52410,0,1253,0
52412,0,1244,0
52414,0,1238,0
52416,0,1240,0
52418,0,1243,0
52420,0,1251,0
52422,0,1260,0
52424,0,1266,0
52426,0,1266,0
52428,0,1261,0
52430,0,1254,0
52432,0,1244,0
52434,0,1240,0
52436,0,1239,0
52438,0,1245,0
52440,79357,1252,1
52442,0,1259,0
52444,0,1267,0
52446,0,1265,0
52448,0,1260,0
52450,0,1252,0
52452,0,1244,0
52454,0,1239,0
52456,0,1238,0
52458,0,1245,0
52460,0,1253,0
52462,0,1261,0
52464,0,1266,0
52466,0,1267,0
52468,0,1262,0
52470,0,1252,0
52472,0,1245,0
52474,0,1239,0
52476,0,1239,0
52478,0,1243,0
52480,79777,1251,1
52482,0,1260,0
52484,0,1265,0
52486,0,1264,0
52488,0,1260,0
52490,0,1253,0
52492,0,1243,0
52494,0,1238,0
52496,0,1238,0
52498,0,1243,0
52500,0,1253,0
52502,0,1259,0
52504,0,1267,0
52506,0,1265,0
52508,0,1262,0
52510,0,1253,0
52512,0,1243,0
52514,0,1239,0
52516,0,1240,0
52518,0,1243,0
52520,80166,1254,1
52522,0,1259,0
52524,0,1264,0
52526,0,1266,0
52528,0,1261,0
52530,0,1253,0
52532,0,1245,0
52534,0,1238,0
52536,0,1238,0
52538,0,1244,0
52540,0,1254,0
52542,0,1261,0
52544,0,1267,0
52546,0,1266,0
52548,0,1260,0
52550,0,1253,0
52552,0,1245,0
52554,0,1239,0
52556,0,1238,0
52558,0,1244,0
52560,80552,1252,1
52562,0,1260,0
52564,0,1266,0
52566,0,1265,0
52568,0,1261,0
52570,0,1254,0
52572,0,1245,0
52574,0,1240,0
52576,0,1237,0
52578,0,1244,0
52580,0,1253,0
52582,0,1260,0
52584,0,1264,0
52586,0,1267,0
52588,0,1260,0
52590,0,1251,0
52592,0,1244,0
52594,0,1238,0
52596,0,1239,0
52598,0,1244,0
52600,80920,1252,1
52602,0,1262,0
52604,0,1265,0
52606,0,1266,0
52608,0,1261,0
52610,0,1253,0
52612,0,1243,0
52614,0,1239,0
52616,0,1239,0
52618,0,1243,0
52620,0,1252,0
52622,0,1261,0
52624,0,1265,0
52626,0,1266,0
52628,0,1262,0
52630,0,1251,0
52632,0,1244,0
52634,0,1239,0
52636,0,1239,0
52638,0,1243,0
52640,81018,1253,1
52642,0,1260,0
52644,0,1265,0
52646,0,1266,0
52648,0,1260,0
52650,0,1252,0
52652,0,1242,0
52654,0,1238,0
52656,0,1240,0
52658,0,1243,0
52660,0,1252,0
52662,0,1261,0
52664,0,1264,0
52666,0,1264,0
52668,0,1259,0
52670,0,1252,0
52672,0,1245,0
52674,0,1239,0
52676,0,1239,0
52678,0,1243,0
52680,81049,1252,1
52682,0,1261,0
52684,0,1267,0
52686,0,1266,0
52688,0,1260,0
52690,0,1252,0
52692,0,1243,0
52694,0,1239,0
52696,0,1238,0
52698,0,1244,0
52700,0,1252,0
52702,0,1261,0
52704,0,1266,0
52706,0,1266,0
52708,0,1260,0
52710,0,1252,0
52712,0,1243,0
52714,0,1239,0
52716,0,1238,0
52718,0,1244,0
52720,80954,1253,1
52722,0,1260,0
52724,0,1264,0
52726,0,1265,0
52728,0,1260,0
52730,0,1252,0
52732,0,1245,0
52734,0,1238,0
52736,0,1240,0
52738,0,1244,0
52740,0,1253,0
52742,0,1261,0
52744,0,1266,0
52746,0,1264,0
52748,0,1260,0
52750,0,1251,0
52752,0,1243,0
52754,0,1238,0
52756,0,1238,0
52758,0,1245,0
52760,80806,1252,1
52762,0,1261,0
52764,0,1266,0
52766,0,1265,0
52768,0,1259,0
52770,0,1253,0
52772,0,1244,0
52774,0,1239,0
52776,0,1238,0
52778,0,1244,0
52780,0,1253,0
52782,0,1260,0
52784,0,1266,0
52786,0,1265,0
52788,0,1259,0
52790,0,1252,0
52792,0,1245,0
52794,0,1237,0
52796,0,1237,0
52798,0,1244,0
52800,80595,1251,1
52802,0,1260,0
52804,0,1265,0
52806,0,1267,0
52808,0,1260,0
52810,0,1253,0
52812,0,1244,0
52814,0,1238,0
52816,0,1237,0
52818,0,1243,0
52820,0,1253,0
52822,0,1259,0
52824,0,1264,0
52826,0,1266,0
52828,0,1261,0
52830,0,1251,0
52832,0,1244,0
52834,0,1238,0
52836,0,1238,0
52838,0,1242,0
52840,80359,1252,1
52842,0,1260,0
52844,0,1265,0
52846,0,1266,0
52848,0,1261,0
52850,0,1252,0
52852,0,1242,0
52854,0,1237,0
52856,0,1239,0
52858,0,1243,0
52860,0,1253,0
52862,0,1259,0
52864,0,1266,0
52866,0,1265,0
52868,0,1260,0
52870,0,1253,0
52872,0,1244,0
52874,0,1240,0
52876,0,1238,0
52878,0,1245,0
52880,80205,1252,1
52882,0,1260,0
52884,0,1264,0
52886,0,1265,0
52888,0,1260,0
52890,0,1251,0
52892,0,1242,0
52894,0,1240,0
52896,0,1240,0
52898,0,1245,0
52900,0,1252,0
52902,0,1259,0
52904,0,1264,0
52906,0,1266,0
52908,0,1260,0
52910,0,1253,0
52912,0,1245,0
52914,0,1239,0
52916,0,1238,0
52918,0,1244,0
52920,80020,1251,1
52922,0,1261,0
52924,0,1266,0
52926,0,1265,0
52928,0,1260,0
52930,0,1251,0
52932,0,1245,0
52934,0,1240,0
52936,0,1238,0
52938,0,1245,0
52940,0,1252,0
52942,0,1261,0
52944,0,1267,0
52946,0,1265,0
52948,0,1260,0
52950,0,1252,0
52952,0,1244,0
52954,0,1238,0
52956,0,1237,0
52958,0,1243,0
52960,80022,1252,1
52962,0,1260,0
52964,0,1266,0
52966,0,1264,0
52968,0,1260,0
52970,0,1251,0
52972,0,1243,0
52974,0,1240,0
52976,0,1238,0
52978,0,1244,0
52980,0,1252,0
52982,0,1261,0
52984,0,1266,0
52986,0,1265,0
52988,0,1261,0
52990,0,1250,0
52992,0,1244,0
52994,0,1240,0
52996,0,1238,0
52998,0,1242,0
53000,79937,1252,1
53002,0,1261,0
53004,0,1264,0
53006,0,1266,0
53008,0,1259,0
53010,0,1252,0
53012,0,1243,0
53014,0,1239,0
53016,0,1237,0
53018,0,1245,0
53020,0,1251,0
53022,0,1259,0
53024,0,1264,0
53026,0,1264,0
53028,0,1259,0
53030,0,1253,0
53032,0,1244,0
53034,0,1238,0
53036,0,1237,0
53038,0,1244,0
53040,79869,1252,1
53042,0,1259,0
53044,0,1266,0
53046,0,1264,0
53048,0,1259,0
53050,0,1251,0
53052,0,1245,0
53054,0,1239,0
53056,0,1238,0
53058,0,1244,0
53060,0,1253,0
53062,0,1261,0
53064,0,1265,0
53066,0,1266,0
53068,0,1260,0
53070,0,1252,0
53072,0,1243,0
53074,0,1240,0
53076,0,1237,0
53078,0,1243,0
53080,79748,1251,1
53082,0,1260,0
53084,0,1266,0
53086,0,1265,0
53088,0,1260,0
53090,0,1251,0
53092,0,1243,0
53094,0,1240,0
53096,0,1237,0
53098,0,1243,0
53100,0,1251,0
53102,0,1259,0
53104,0,1266,0
53106,0,1264,0
53108,0,1260,0
53110,0,1251,0
53112,0,1242,0
53114,0,1238,0
53116,0,1239,0
53118,0,1244,0
53120,79614,1253,1
53122,0,1259,0
53124,0,1265,0
53126,0,1266,0
53128,0,1261,0
53130,0,1252,0
53132,0,1245,0
53134,0,1238,0
53136,0,1237,0
53138,0,1243,0
53140,0,1252,0
53142,0,1261,0
53144,0,1265,0
53146,0,1266,0
53148,0,1261,0
53150,0,1251,0
53152,0,1243,0
53154,0,1239,0
53156,0,1238,0
53158,0,1244,0
53160,79337,1251,1
53162,0,1259,0
53164,0,1266,0
53166,0,1264,0
53168,0,1261,0
53170,0,1252,0
53172,0,1242,0
53174,0,1237,0
53176,0,1240,0
53178,0,1244,0
53180,0,1250,0
53182,0,1260,0
53184,0,1266,0
53186,0,1266,0
53188,0,1259,0
53190,0,1253,0
53192,0,1242,0
53194,0,1239,0
53196,0,1238,0
53198,0,1244,0
53200,79089,1253,1
53202,0,1261,0
53204,0,1264,0
53206,0,1265,0
53208,0,1260,0
53210,0,1252,0
53212,0,1243,0
53214,0,1237,0
53216,0,1239,0
53218,0,1244,0
53220,0,1251,0
53222,0,1261,0
53224,0,1263,0
53226,0,1265,0
53228,0,1258,0
53230,0,1252,0
53232,0,1243,0
53234,0,1239,0
53236,0,1238,0
53238,0,1243,0
53240,78956,1252,1
53242,0,1260,0
53244,0,1265,0
53246,0,1266,0
53248,0,1260,0
53250,0,1251,0
53252,0,1243,0
53254,0,1239,0
53256,0,1239,0
53258,0,1242,0
53260,0,1251,0
53262,0,1261,0
53264,0,1265,0
53266,0,1264,0
53268,0,1259,0
53270,0,1251,0
53272,0,1244,0
53274,0,1239,0
53276,0,1238,0
53278,0,1244,0
53280,78955,1252,1
53282,0,1259,0
53284,0,1264,0
53286,0,1264,0
53288,0,1261,0
53290,0,1252,0
53292,0,1242,0
53294,0,1239,0
53296,0,1238,0
53298,0,1243,0
53300,0,1252,0
53302,0,1261,0
53304,0,1264,0
53306,0,1264,0
53308,0,1258,0
53310,0,1252,0
53312,0,1243,0
53314,0,1238,0
53316,0,1237,0
53318,0,1242,0
53320,78986,1250,1
53322,0,1259,0
53324,0,1266,0
53326,0,1265,0
53328,0,1261,0
53330,0,1250,0
53332,0,1244,0
53334,0,1238,0
53336,0,1238,0
53338,0,1244,0
53340,0,1252,0
53342,0,1260,0
53344,0,1265,0
53346,0,1265,0
53348,0,1261,0
53350,0,1251,0
53352,0,1243,0
53354,0,1238,0
53356,0,1239,0
53358,0,1243,0
53360,79255,1252,1
53362,0,1259,0
53364,0,1264,0
53366,0,1265,0
53368,0,1259,0
53370,0,1251,0
53372,0,1243,0
53374,0,1237,0
53376,0,1237,0
53378,0,1242,0
53380,0,1251,0
53382,0,1261,0
53384,0,1265,0
53386,0,1266,0
53388,0,1260,0
53390,0,1250,0
53392,0,1242,0
53394,0,1238,0
53396,0,1239,0
53398,0,1244,0
53400,79633,1251,1
53402,0,1258,0
53404,0,1265,0
53406,0,1266,0
53408,0,1261,0
53410,0,1251,0
53412,0,1242,0
53414,0,1238,0
53416,0,1238,0
53418,0,1244,0
53420,0,1251,0
53422,0,1259,0
53424,0,1265,0
53426,0,1265,0
53428,0,1258,0
53430,0,1251,0
53432,0,1243,0
53434,0,1238,0
53436,0,1237,0
53438,0,1244,0
53440,80002,1251,1
53442,0,1259,0
53444,0,1265,0
53446,0,1264,0
53448,0,1259,0
53450,0,1253,0
53452,0,1244,0
53454,0,1237,0
53456,0,1237,0
53458,0,1243,0
53460,0,1250,0
53462,0,1258,0
53464,0,1266,0
53466,0,1265,0
53468,0,1259,0
53470,0,1250,0
53472,0,1243,0
53474,0,1240,0
53476,0,1239,0
53478,0,1243,0
53480,80494,1251,1
53482,0,1260,0
53484,0,1264,0
53486,0,1264,0
53488,0,1259,0
53490,0,1251,0
53492,0,1244,0
53494,0,1238,0
53496,0,1239,0
53498,0,1242,0
53500,0,1253,0
53502,0,1259,0
53504,0,1264,0
53506,0,1264,0
53508,0,1259,0
53510,0,1251,0
53512,0,1243,0
53514,0,1237,0
53516,0,1238,0
53518,0,1243,0
53520,80756,1252,1
53522,0,1259,0
53524,0,1266,0
53526,0,1263,0
53528,0,1260,0
53530,0,1252,0
53532,0,1244,0
53534,0,1238,0
53536,0,1239,0
53538,0,1242,0
53540,0,1253,0
53542,0,1260,0
53544,0,1265,0
53546,0,1264,0
53548,0,1259,0
53550,0,1250,0
53552,0,1242,0
53554,0,1237,0
53556,0,1238,0
53558,0,1243,0
53560,81049,1253,1
53562,0,1258,0
53564,0,1264,0
53566,0,1265,0
53568,0,1260,0
53570,0,1252,0
53572,0,1244,0
53574,0,1238,0
53576,0,1238,0
53578,0,1243,0
53580,0,1250,0
53582,0,1258,0
53584,0,1264,0
53586,0,1264,0
53588,0,1260,0
53590,0,1252,0
53592,0,1243,0
53594,0,1237,0
53596,0,1239,0
53598,0,1244,0
53600,81046,1250,1
53602,0,1258,0
53604,0,1264,0
53606,0,1264,0
53608,0,1258,0
53610,0,1253,0
53612,0,1243,0
53614,0,1237,0
53616,0,1238,0
53618,0,1242,0
53620,0,1252,0
53622,0,1258,0
53624,0,1264,0
53626,0,1264,0
53628,0,1261,0
53630,0,1251,0
53632,0,1242,0
53634,0,1237,0
53636,0,1237,0
53638,0,1243,0
53640,80972,1250,1
53642,0,1260,0
53644,0,1264,0
53646,0,1265,0
53648,0,1258,0
53650,0,1253,0
53652,0,1244,0
53654,0,1237,0
53656,0,1238,0
53658,0,1242,0
53660,0,1250,0
53662,0,1259,0
53664,0,1264,0
53666,0,1264,0
53668,0,1259,0
53670,0,1251,0
53672,0,1243,0
53674,0,1239,0
53676,0,1238,0
53678,0,1244,0
53680,80839,1252,1
53682,0,1258,0
53684,0,1266,0
53686,0,1264,0
53688,0,1259,0
53690,0,1251,0
53692,0,1242,0
53694,0,1239,0
53696,0,1237,0
53698,0,1243,0
53700,0,1252,0
53702,0,1260,0
53704,0,1265,0
53706,0,1265,0
53708,0,1260,0
53710,0,1252,0
53712,0,1243,0
53714,0,1239,0
53716,0,1239,0
53718,0,1244,0
53720,80670,1251,1
53722,0,1259,0
53724,0,1265,0
53726,0,1263,0
53728,0,1258,0
53730,0,1250,0
53732,0,1242,0
53734,0,1239,0
53736,0,1238,0
53738,0,1244,0
53740,0,1252,0
53742,0,1260,0
53744,0,1264,0
53746,0,1263,0
53748,0,1261,0
53750,0,1252,0
53752,0,1244,0
53754,0,1239,0
53756,0,1239,0
53758,0,1242,0
53760,80450,1251,1
53762,0,1261,0
53764,0,1266,0
53766,0,1264,0
53768,0,1258,0
53770,0,1250,0
53772,0,1242,0
53774,0,1237,0
53776,0,1236,0
53778,0,1244,0
53780,0,1250,0
53782,0,1260,0
53784,0,1265,0
53786,0,1265,0
53788,0,1260,0
53790,0,1250,0
53792,0,1243,0
53794,0,1236,0
53796,0,1237,0
53798,0,1242,0
53800,80224,1252,1
53802,0,1259,0
53804,0,1265,0
53806,0,1263,0
53808,0,1259,0
53810,0,1251,0
53812,0,1244,0
53814,0,1237,0
53816,0,1236,0
53818,0,1242,0
53820,0,1251,0
53822,0,1259,0
53824,0,1265,0
53826,0,1265,0
53828,0,1258,0
53830,0,1250,0
53832,0,1243,0
53834,0,1239,0
53836,0,1239,0
53838,0,1244,0
53840,80105,1251,1
53842,0,1260,0
53844,0,1266,0
53846,0,1265,0
53848,0,1259,0
53850,0,1252,0
53852,0,1243,0
53854,0,1237,0
53856,0,1238,0
53858,0,1242,0
53860,0,1251,0
53862,0,1258,0
53864,0,1266,0
53866,0,1266,0
53868,0,1259,0
53870,0,1251,0
53872,0,1243,0
53874,0,1237,0
53876,0,1236,0
53878,0,1244,0
53880,80016,1251,1
53882,0,1259,0
53884,0,1264,0
53886,0,1263,0
53888,0,1259,0
53890,0,1252,0
53892,0,1243,0
53894,0,1236,0
53896,0,1238,0
53898,0,1244,0
53900,0,1251,0
53902,0,1261,0
53904,0,1265,0
53906,0,1264,0
53908,0,1259,0
53910,0,1250,0
53912,0,1241,0
53914,0,1238,0
53916,0,1239,0
53918,0,1242,0
53920,79979,1251,1
53922,0,1259,0
53924,0,1265,0
53926,0,1265,0
53928,0,1260,0
53930,0,1250,0
53932,0,1244,0
53934,0,1237,0
53936,0,1239,0
53938,0,1244,0
53940,0,1252,0
53942,0,1260,0
53944,0,1264,0
53946,0,1264,0
53948,0,1259,0
53950,0,1252,0
53952,0,1242,0
53954,0,1237,0
53956,0,1239,0
53958,0,1242,0
53960,79950,1250,1
53962,0,1260,0
53964,0,1263,0
53966,0,1265,0
53968,0,1258,0
53970,0,1250,0
53972,0,1243,0
53974,0,1238,0
53976,0,1237,0
53978,0,1243,0
53980,0,1250,0
53982,0,1258,0
53984,0,1265,0
53986,0,1264,0
53988,0,1259,0
53990,0,1249,0
53992,0,1242,0
53994,0,1237,0
53996,0,1239,0
53998,0,1244,0
54000,79783,1252,1
54002,0,1259,0
54004,0,1264,0
54006,0,1264,0
54008,0,1259,0
54010,0,1252,0
54012,0,1243,0
54014,0,1237,0
54016,0,1237,0
54018,0,1244,0
54020,0,1252,0
54022,0,1259,0
54024,0,1264,0
54026,0,1263,0
54028,0,1260,0
54030,0,1251,0
54032,0,1244,0
54034,0,1237,0
54036,0,1238,0
54038,0,1241,0
54040,79691,1252,1
54042,0,1260,0
54044,0,1263,0
54046,0,1265,0
54048,0,1260,0
54050,0,1250,0
54052,0,1244,0
54054,0,1237,0
54056,0,1237,0
54058,0,1241,0
54060,0,1251,0
54062,0,1259,0
54064,0,1265,0
54066,0,1265,0
54068,0,1259,0
54070,0,1251,0
54072,0,1244,0
54074,0,1237,0
54076,0,1236,0
54078,0,1242,0
54080,79479,1251,1
54082,0,1259,0
54084,0,1263,0
54086,0,1265,0
54088,0,1259,0
54090,0,1252,0
54092,0,1242,0
54094,0,1237,0
54096,0,1239,0
54098,0,1241,0
54100,0,1251,0
54102,0,1259,0
54104,0,1264,0
54106,0,1265,0
54108,0,1258,0
54110,0,1251,0
54112,0,1242,0
54114,0,1238,0
54116,0,1237,0
54118,0,1242,0
54120,79224,1250,1
54122,0,1260,0
54124,0,1264,0
54126,0,1264,0
54128,0,1258,0
54130,0,1250,0
54132,0,1242,0
54134,0,1237,0
54136,0,1236,0
54138,0,1243,0
54140,0,1250,0
54142,0,1260,0
54144,0,1264,0
54146,0,1265,0
54148,0,1259,0
54150,0,1251,0
54152,0,1243,0
54154,0,1237,0
54156,0,1237,0
54158,0,1243,0
54160,79074,1252,1
54162,0,1258,0
54164,0,1264,0
54166,0,1265,0
54168,0,1258,0
54170,0,1251,0
54172,0,1242,0
54174,0,1238,0
54176,0,1236,0
54178,0,1243,0
54180,0,1250,0
54182,0,1259,0
54184,0,1264,0
54186,0,1264,0
54188,0,1259,0
54190,0,1251,0
54192,0,1242,0
54194,0,1236,0
54196,0,1238,0
54198,0,1241,0
54200,78910,1249,1
54202,0,1258,0
54204,0,1263,0
54206,0,1264,0
54208,0,1259,0
54210,0,1250,0
54212,0,1241,0
54214,0,1237,0
54216,0,1238,0
54218,0,1242,0
54220,0,1249,0
54222,0,1260,0
54224,0,1265,0
54226,0,1263,0
54228,0,1259,0
54230,0,1250,0
54232,0,1241,0
54234,0,1237,0
54236,0,1237,0
54238,0,1242,0
54240,79000,1250,1
54242,0,1258,0
54244,0,1265,0
54246,0,1265,0
54248,0,1260,0
54250,0,1251,0
54252,0,1241,0
54254,0,1239,0
54256,0,1239,0
54258,0,1243,0
54260,0,1252,0
54262,0,1259,0
54264,0,1265,0
54266,0,1264,0
54268,0,1259,0
54270,0,1251,0
54272,0,1243,0
54274,0,1238,0
54276,0,1236,0
54278,0,1241,0
54280,79124,1251,1
54282,0,1258,0
54284,0,1265,0
54286,0,1264,0
54288,0,1258,0
54290,0,1249,0
54292,0,1243,0
54294,0,1236,0
54296,0,1238,0
54298,0,1241,0
54300,0,1249,0
54302,0,1257,0
54304,0,1263,0
54306,0,1264,0
54308,0,1258,0
54310,0,1250,0
54312,0,1242,0
54314,0,1239,0
54316,0,1237,0
54318,0,1242,0
54320,79375,1251,1
54322,0,1258,0
54324,0,1264,0
54326,0,1264,0
54328,0,1259,0
54330,0,1251,0
54332,0,1242,0
54334,0,1237,0
54336,0,1236,0
54338,0,1242,0
54340,0,1249,0
54342,0,1258,0
54344,0,1264,0
54346,0,1265,0
54348,0,1260,0
54350,0,1251,0
54352,0,1244,0
54354,0,1238,0
54356,0,1238,0
54358,0,1244,0
54360,79874,1251,1
54362,0,1260,0
54364,0,1264,0
54366,0,1264,0
54368,0,1260,0
54370,0,1252,0
54372,0,1242,0
54374,0,1237,0
54376,0,1237,0
54378,0,1242,0
54380,0,1250,0
54382,0,1259,0
54384,0,1265,0
54386,0,1264,0
54388,0,1258,0
54390,0,1251,0
54392,0,1241,0
54394,0,1239,0
54396,0,1238,0
54398,0,1242,0
54400,80310,1251,1
54402,0,1260,0
54404,0,1264,0
54406,0,1263,0
54408,0,1258,0
54410,0,1251,0
54412,0,1243,0
54414,0,1237,0
54416,0,1238,0
54418,0,1243,0
54420,0,1251,0
54422,0,1259,0
54424,0,1263,0
54426,0,1262,0
54428,0,1259,0
54430,0,1251,0
54432,0,1243,0
54434,0,1237,0
54436,0,1239,0
54438,0,1243,0
54440,80710,1250,1
54442,0,1259,0
54444,0,1263,0
54446,0,1263,0
54448,0,1259,0
54450,0,1249,0
54452,0,1243,0
54454,0,1238,0
54456,0,1236,0
54458,0,1241,0
54460,0,1250,0
54462,0,1258,0
54464,0,1263,0
54466,0,1265,0
54468,0,1259,0
54470,0,1252,0
54472,0,1242,0
54474,0,1238,0
54476,0,1238,0
54478,0,1242,0
54480,80973,1249,1
54482,0,1260,0
54484,0,1264,0
54486,0,1263,0
54488,0,1259,0
54490,0,1249,0
54492,0,1243,0
54494,0,1238,0
54496,0,1238,0
54498,0,1242,0
54500,0,1249,0
54502,0,1258,0
54504,0,1264,0
54506,0,1263,0
54508,0,1260,0
54510,0,1251,0
54512,0,1242,0
54514,0,1237,0
54516,0,1238,0
54518,0,1243,0
54520,81138,1249,1
54522,0,1258,0
54524,0,1264,0
54526,0,1265,0
54528,0,1259,0
54530,0,1250,0
54532,0,1244,0
54534,0,1237,0
54536,0,1238,0
54538,0,1242,0
54540,0,1249,0
54542,0,1260,0
54544,0,1264,0
54546,0,1263,0
54548,0,1259,0
54550,0,1251,0
54552,0,1242,0
54554,0,1236,0
54556,0,1238,0
54558,0,1241,0
54560,81118,1249,1
54562,0,1259,0
54564,0,1263,0
54566,0,1265,0
54568,0,1259,0
54570,0,1251,0
54572,0,1242,0
54574,0,1238,0
54576,0,1236,0
54578,0,1243,0
54580,0,1250,0
54582,0,1257,0
54584,0,1264,0
54586,0,1264,0
54588,0,1259,0
54590,0,1250,0
54592,0,1243,0
54594,0,1238,0
54596,0,1238,0
54598,0,1243,0
54600,80985,1252,1
54602,0,1257,0
54604,0,1265,0
54606,0,1264,0
54608,0,1258,0
54610,0,1251,0
54612,0,1243,0
54614,0,1238,0
54616,0,1238,0
54618,0,1243,0
54620,0,1250,0
54622,0,1260,0
54624,0,1263,0
54626,0,1265,0
54628,0,1259,0
54630,0,1250,0
54632,0,1241,0
54634,0,1237,0
54636,0,1236,0
54638,0,1242,0
54640,80693,1251,1
54642,0,1257,0
54644,0,1263,0
54646,0,1262,0
54648,0,1258,0
54650,0,1250,0
54652,0,1243,0
54654,0,1238,0
54656,0,1236,0
54658,0,1242,0
54660,0,1251,0
54662,0,1258,0
54664,0,1263,0
54666,0,1263,0
54668,0,1260,0
54670,0,1251,0
54672,0,1242,0
54674,0,1237,0
54676,0,1237,0
54678,0,1241,0
54680,80567,1251,1
54682,0,1258,0
54684,0,1264,0
54686,0,1262,0
54688,0,1260,0
54690,0,1250,0
54692,0,1242,0
54694,0,1236,0
54696,0,1236,0
54698,0,1241,0
54700,0,1252,0
54702,0,1259,0
54704,0,1262,0
54706,0,1264,0
54708,0,1259,0
54710,0,1252,0
54712,0,1241,0
54714,0,1238,0
54716,0,1235,0
54718,0,1242,0
54720,80353,1251,1
54722,0,1257,0
54724,0,1265,0
54726,0,1264,0
54728,0,1258,0
54730,0,1250,0
54732,0,1242,0
54734,0,1237,0
54736,0,1238,0
54738,0,1242,0
54740,0,1250,0
54742,0,1258,0
54744,0,1263,0
54746,0,1264,0
54748,0,1259,0
54750,0,1251,0
54752,0,1243,0
54754,0,1237,0
54756,0,1237,0
54758,0,1241,0
54760,80120,1250,1
54762,0,1259,0
54764,0,1264,0
54766,0,1262,0
54768,0,1259,0
54770,0,1250,0
54772,0,1241,0
54774,0,1237,0
54776,0,1238,0
54778,0,1243,0
54780,0,1249,0
54782,0,1259,0
54784,0,1264,0
54786,0,1263,0
54788,0,1257,0
54790,0,1250,0
54792,0,1242,0
54794,0,1236,0
54796,0,1236,0
54798,0,1242,0
54800,80107,1250,1
54802,0,1257,0
54804,0,1264,0
54806,0,1263,0
54808,0,1260,0
54810,0,1249,0
54812,0,1243,0
54814,0,1236,0
54816,0,1236,0
54818,0,1242,0
54820,0,1251,0
54822,0,1258,0
54824,0,1263,0
54826,0,1264,0
54828,0,1260,0
54830,0,1251,0
54832,0,1242,0
54834,0,1238,0
54836,0,1238,0
54838,0,1241,0
54840,79977,1250,1
54842,0,1258,0
54844,0,1264,0
54846,0,1265,0
54848,0,1258,0
54850,0,1251,0
54852,0,1241,0
54854,0,1235,0
54856,0,1236,0
54858,0,1243,0
54860,0,1249,0
54862,0,1258,0
54864,0,1265,0
54866,0,1263,0
54868,0,1259,0
54870,0,1251,0
54872,0,1241,0
54874,0,1237,0
54876,0,1237,0
54878,0,1243,0
54880,79947,1249,1
54882,0,1258,0
54884,0,1263,0
54886,0,1262,0
54888,0,1259,0
54890,0,1251,0
54892,0,1243,0
54894,0,1236,0
54896,0,1238,0
54898,0,1241,0
54900,0,1251,0
54902,0,1257,0
54904,0,1262,0
54906,0,1264,0
54908,0,1258,0
54910,0,1250,0
54912,0,1242,0
54914,0,1236,0
54916,0,1237,0
54918,0,1241,0
54920,79811,1251,1
54922,0,1257,0
54924,0,1262,0
54926,0,1263,0
54928,0,1260,0
54930,0,1249,0
54932,0,1243,0
54934,0,1236,0
54936,0,1238,0
54938,0,1240,0
54940,0,1251,0
54942,0,1257,0
54944,0,1265,0
54946,0,1262,0
54948,0,1260,0
54950,0,1250,0
54952,0,1243,0
54954,0,1237,0
54956,0,1236,0
54958,0,1243,0
54960,79767,1249,1
54962,0,1258,0
54964,0,1262,0
54966,0,1262,0
54968,0,1260,0
54970,0,1250,0
54972,0,1242,0
54974,0,1236,0
54976,0,1236,0
54978,0,1241,0
54980,0,1251,0
54982,0,1258,0
54984,0,1264,0
54986,0,1264,0
54988,0,1257,0
54990,0,1250,0
54992,0,1242,0
54994,0,1235,0
54996,0,1236,0
54998,0,1241,0
55000,79516,1250,1
55002,0,1259,0
55004,0,1264,0
55006,0,1264,0
55008,0,1258,0
55010,0,1251,0
55012,0,1242,0
55014,0,1235,0
55016,0,1236,0
55018,0,1242,0
55020,0,1249,0
55022,0,1257,0
55024,0,1265,0
55026,0,1263,0
55028,0,1259,0
55030,0,1249,0
55032,0,1242,0
55034,0,1235,0
55036,0,1235,0
55038,0,1242,0
55040,79297,1251,1
55042,0,1259,0
55044,0,1263,0
55046,0,1262,0
55048,0,1259,0
55050,0,1250,0
55052,0,1241,0
55054,0,1236,0
55056,0,1235,0
55058,0,1243,0
55060,0,1250,0
55062,0,1259,0
55064,0,1263,0
55066,0,1263,0
55068,0,1260,0
55070,0,1251,0
55072,0,1243,0
55074,0,1235,0
55076,0,1236,0
55078,0,1242,0
55080,79075,1251,1
55082,0,1258,0
55084,0,1262,0
55086,0,1263,0
55088,0,1258,0
55090,0,1249,0
55092,0,1241,0
55094,0,1236,0
55096,0,1237,0
55098,0,1241,0
55100,0,1250,0
55102,0,1258,0
55104,0,1262,0
55106,0,1262,0
55108,0,1259,0
55110,0,1250,0
55112,0,1242,0
55114,0,1236,0
55116,0,1236,0
55118,0,1243,0
55120,78977,1251,1
55122,0,1258,0
55124,0,1263,0
55126,0,1264,0
55128,0,1259,0
55130,0,1249,0
55132,0,1242,0
55134,0,1236,0
55136,0,1237,0
55138,0,1243,0
55140,0,1249,0
55142,0,1259,0
55144,0,1263,0
55146,0,1264,0
55148,0,1257,0
55150,0,1250,0
55152,0,1241,0
55154,0,1238,0
55156,0,1237,0
55158,0,1241,0
55160,78945,1251,1
55162,0,1259,0
55164,0,1263,0
55166,0,1264,0
55168,0,1257,0
55170,0,1249,0
55172,0,1243,0
55174,0,1236,0
55176,0,1237,0
55178,0,1240,0
55180,0,1249,0
55182,0,1259,0
55184,0,1263,0
55186,0,1264,0
55188,0,1259,0
55190,0,1251,0
55192,0,1243,0
55194,0,1235,0
55196,0,1237,0
55198,0,1241,0
55200,79038,1251,1
55202,0,1258,0
55204,0,1264,0
55206,0,1263,0
55208,0,1257,0
55210,0,1249,0
55212,0,1240,0
55214,0,1235,0
55216,0,1236,0
55218,0,1240,0
55220,0,1250,0
55222,0,1257,0
55224,0,1264,0
55226,0,1262,0
55228,0,1259,0
55230,0,1249,0
55232,0,1241,0
55234,0,1235,0
55236,0,1236,0
55238,0,1243,0
55240,79329,1251,1
55242,0,1257,0
55244,0,1264,0
55246,0,1262,0
55248,0,1259,0
55250,0,1251,0
55252,0,1241,0
55254,0,1237,0
55256,0,1238,0
55258,0,1240,0
55260,0,1249,0
55262,0,1257,0
55264,0,1262,0
55266,0,1265,0
55268,0,1259,0
55270,0,1249,0
55272,0,1243,0
55274,0,1237,0
55276,0,1235,0
55278,0,1242,0
55280,79708,1249,1
55282,0,1258,0
55284,0,1262,0
55286,0,1263,0
55288,0,1257,0
55290,0,1248,0
55292,0,1241,0
55294,0,1238,0
55296,0,1235,0
55298,0,1240,0
55300,0,1250,0
55302,0,1259,0
55304,0,1263,0
55306,0,1264,0
55308,0,1257,0
55310,0,1248,0
55312,0,1241,0
55314,0,1236,0
55316,0,1235,0
55318,0,1243,0
55320,80050,1250,1
55322,0,1258,0
55324,0,1263,0
55326,0,1263,0
55328,0,1258,0
55330,0,1249,0
55332,0,1243,0
55334,0,1236,0
55336,0,1237,0
55338,0,1240,0
55340,0,1250,0
55342,0,1258,0
55344,0,1263,0
55346,0,1264,0
55348,0,1257,0
55350,0,1250,0
55352,0,1242,0
55354,0,1236,0
55356,0,1237,0
55358,0,1240,0
55360,80453,1251,1
55362,0,1258,0
55364,0,1262,0
55366,0,1262,0
55368,0,1259,0
55370,0,1250,0
55372,0,1241,0
55374,0,1235,0
55376,0,1237,0
55378,0,1241,0
55380,0,1250,0
55382,0,1257,0
55384,0,1263,0
55386,0,1262,0
55388,0,1258,0
55390,0,1251,0
55392,0,1241,0
55394,0,1237,0
55396,0,1235,0
55398,0,1242,0
55400,80828,1250,1
55402,0,1258,0
55404,0,1263,0
55406,0,1263,0
55408,0,1257,0
55410,0,1250,0
55412,0,1240,0
55414,0,1236,0
55416,0,1236,0
55418,0,1240,0
55420,0,1249,0
55422,0,1258,0
55424,0,1262,0
55426,0,1263,0
55428,0,1257,0
55430,0,1250,0
55432,0,1241,0
55434,0,1237,0
55436,0,1236,0
55438,0,1241,0
55440,81008,1248,1
55442,0,1259,0
55444,0,1264,0
55446,0,1262,0
55448,0,1257,0
55450,0,1250,0
55452,0,1242,0
55454,0,1236,0
55456,0,1236,0
55458,0,1241,0
55460,0,1248,0
55462,0,1258,0
55464,0,1262,0
55466,0,1263,0
55468,0,1257,0
55470,0,1250,0
55472,0,1242,0
55474,0,1235,0
55476,0,1237,0
55478,0,1240,0
55480,81093,1248,1
55482,0,1257,0
55484,0,1262,0
55486,0,1264,0
55488,0,1258,0
55490,0,1250,0
55492,0,1241,0
55494,0,1235,0
55496,0,1235,0
55498,0,1242,0
55500,0,1250,0
55502,0,1258,0
55504,0,1263,0
55506,0,1262,0
55508,0,1256,0
55510,0,1248,0
55512,0,1240,0
55514,0,1236,0
55516,0,1237,0
55518,0,1241,0
55520,81051,1250,1
55522,0,1258,0
55524,0,1264,0
55526,0,1263,0
55528,0,1256,0
55530,0,1249,0
55532,0,1242,0
55534,0,1236,0
55536,0,1235,0
55538,0,1241,0
55540,0,1250,0
55542,0,1258,0
55544,0,1263,0
55546,0,1263,0
55548,0,1259,0
55550,0,1249,0
55552,0,1242,0
55554,0,1238,0
55556,0,1237,0
55558,0,1243,0
55560,80843,1249,1
55562,0,1258,0
55564,0,1263,0
55566,0,1264,0
55568,0,1257,0
55570,0,1249,0
55572,0,1240,0
55574,0,1236,0
55576,0,1237,0
55578,0,1240,0
55580,0,1251,0
55582,0,1257,0
55584,0,1264,0
55586,0,1262,0
55588,0,1256,0
55590,0,1249,0
55592,0,1241,0
55594,0,1236,0
55596,0,1236,0
55598,0,1241,0
55600,80550,1250,1
55602,0,1257,0
55604,0,1261,0
55606,0,1263,0
55608,0,1259,0
55610,0,1249,0
55612,0,1241,0
55614,0,1236,0
55616,0,1237,0
55618,0,1242,0
55620,0,1251,0
55622,0,1259,0
55624,0,1262,0
55626,0,1264,0
55628,0,1257,0
55630,0,1249,0
55632,0,1242,0
55634,0,1235,0
55636,0,1237,0
55638,0,1242,0
55640,80429,1251,1
55642,0,1257,0
55644,0,1262,0
55646,0,1263,0
55648,0,1258,0
55650,0,1250,0
55652,0,1240,0
55654,0,1236,0
55656,0,1236,0
55658,0,1242,0
55660,0,1250,0
55662,0,1256,0
55664,0,1263,0
55666,0,1263,0
55668,0,1258,0
55670,0,1249,0
55672,0,1240,0
55674,0,1237,0
55676,0,1237,0
55678,0,1240,0
55680,80223,1249,1
55682,0,1257,0
55684,0,1263,0
55686,0,1263,0
55688,0,1258,0
55690,0,1248,0
55692,0,1241,0
55694,0,1235,0
55696,0,1237,0
55698,0,1241,0
55700,0,1249,0
55702,0,1258,0
55704,0,1262,0
55706,0,1263,0
55708,0,1257,0
55710,0,1250,0
55712,0,1242,0
55714,0,1236,0
55716,0,1236,0
55718,0,1241,0
55720,80054,1249,1
55722,0,1258,0
55724,0,1262,0
55726,0,1262,0
55728,0,1256,0
55730,0,1251,0
55732,0,1241,0
55734,0,1235,0
55736,0,1237,0
55738,0,1240,0
55740,0,1249,0
55742,0,1258,0
55744,0,1262,0
55746,0,1262,0
55748,0,1257,0
55750,0,1248,0
55752,0,1242,0
55754,0,1236,0
55756,0,1237,0
55758,0,1242,0
55760,79987,1249,1
55762,0,1258,0
55764,0,1261,0
55766,0,1263,0
55768,0,1257,0
55770,0,1251,0
55772,0,1242,0
55774,0,1235,0
55776,0,1236,0
55778,0,1241,0
55780,0,1250,0
55782,0,1259,0
55784,0,1264,0
55786,0,1262,0
55788,0,1258,0
55790,0,1250,0
55792,0,1242,0
55794,0,1237,0
55796,0,1237,0
55798,0,1242,0
55800,79941,1250,1
55802,0,1258,0
55804,0,1261,0
55806,0,1262,0
55808,0,1259,0
55810,0,1248,0
55812,0,1241,0
55814,0,1237,0
55816,0,1237,0
55818,0,1242,0
55820,0,1251,0
55822,0,1256,0
55824,0,1263,0
55826,0,1264,0
55828,0,1258,0
55830,0,1249,0
55832,0,1241,0
55834,0,1236,0
55836,0,1235,0
55838,0,1242,0
55840,79948,1251,1
55842,0,1258,0
55844,0,1262,0
55846,0,1263,0
55848,0,1259,0
55850,0,1250,0
55852,0,1241,0
55854,0,1236,0
55856,0,1236,0
55858,0,1240,0
55860,0,1248,0
55862,0,1257,0
55864,0,1263,0
55866,0,1263,0
55868,0,1259,0
55870,0,1248,0
55872,0,1242,0
55874,0,1235,0
55876,0,1236,0
55878,0,1240,0
55880,79849,1248,1
55882,0,1259,0
55884,0,1262,0
55886,0,1263,0
55888,0,1257,0
55890,0,1249,0
55892,0,1242,0
55894,0,1236,0
55896,0,1236,0
55898,0,1242,0
55900,0,1248,0
55902,0,1257,0
55904,0,1263,0
55906,0,1264,0
55908,0,1259,0
55910,0,1251,0
55912,0,1241,0
55914,0,1237,0
55916,0,1236,0
55918,0,1242,0
55920,79587,1248,1
55922,0,1257,0
55924,0,1263,0
55926,0,1262,0
55928,0,1258,0
55930,0,1248,0
55932,0,1240,0
55934,0,1237,0
55936,0,1236,0
55938,0,1242,0
55940,0,1249,0
55942,0,1257,0
55944,0,1264,0
55946,0,1264,0
55948,0,1256,0
55950,0,1248,0
55952,0,1241,0
55954,0,1237,0
55956,0,1235,0
55958,0,1240,0
55960,79424,1249,1
55962,0,1256,0
55964,0,1263,0
55966,0,1263,0
55968,0,1259,0
55970,0,1250,0
55972,0,1242,0
55974,0,1237,0
55976,0,1237,0
55978,0,1241,0
55980,0,1249,0
55982,0,1258,0
55984,0,1262,0
55986,0,1263,0
55988,0,1259,0
55990,0,1248,0
55992,0,1242,0
55994,0,1234,0
55996,0,1237,0
55998,0,1240,0
56000,79151,1249,1
56002,0,1257,0
56004,0,1262,0
56006,0,1262,0
56008,0,1258,0
56010,0,1248,0
56012,0,1240,0
56014,0,1237,0
56016,0,1237,0
56018,0,1242,0
56020,0,1250,0
56022,0,1257,0
56024,0,1263,0
56026,0,1261,0
56028,0,1257,0
56030,0,1249,0
56032,0,1240,0
56034,0,1237,0
56036,0,1235,0
56038,0,1242,0
56040,78945,1249,1
56042,0,1257,0
56044,0,1263,0
56046,0,1262,0
56048,0,1258,0
56050,0,1250,0
56052,0,1241,0
56054,0,1235,0
56056,0,1235,0
56058,0,1241,0
56060,0,1249,0
56062,0,1258,0
56064,0,1262,0
56066,0,1262,0
56068,0,1256,0
56070,0,1250,0
56072,0,1241,0
56074,0,1237,0
56076,0,1236,0
56078,0,1242,0
56080,78868,1250,1
56082,0,1256,0
56084,0,1263,0
56086,0,1263,0
56088,0,1256,0
56090,0,1249,0
56092,0,1240,0
56094,0,1237,0
56096,0,1236,0
56098,0,1240,0
56100,0,1250,0
56102,0,1258,0
56104,0,1261,0
56106,0,1261,0
56108,0,1257,0
56110,0,1248,0
56112,0,1242,0
56114,0,1237,0
56116,0,1236,0
56118,0,1241,0
56120,78948,1250,1
56122,0,1258,0
56124,0,1263,0
56126,0,1262,0
56128,0,1257,0
56130,0,1250,0
56132,0,1240,0
56134,0,1237,0
56136,0,1234,0
56138,0,1242,0
56140,0,1250,0
56142,0,1256,0
56144,0,1263,0
56146,0,1263,0
56148,0,1257,0
56150,0,1248,0
56152,0,1241,0
56154,0,1237,0
56156,0,1235,0
56158,0,1242,0
56160,79175,1248,1
56162,0,1258,0
56164,0,1263,0
56166,0,1261,0
56168,0,1257,0
56170,0,1250,0
56172,0,1239,0
56174,0,1235,0
56176,0,1237,0
56178,0,1241,0
56180,0,1248,0
56182,0,1257,0
56184,0,1261,0
56186,0,1263,0
56188,0,1257,0
56190,0,1250,0
56192,0,1240,0
56194,0,1236,0
56196,0,1236,0
56198,0,1239,0
56200,79425,1248,1
56202,0,1257,0
56204,0,1263,0
56206,0,1263,0
56208,0,1258,0
56210,0,1249,0
56212,0,1241,0
56214,0,1235,0
56216,0,1234,0
56218,0,1242,0
56220,0,1249,0
56222,0,1257,0
56224,0,1262,0
56226,0,1261,0
56228,0,1256,0
56230,0,1250,0
56232,0,1241,0
56234,0,1235,0
56236,0,1236,0
56238,0,1241,0
56240,79890,1249,1
56242,0,1257,0
56244,0,1262,0
56246,0,1262,0
56248,0,1258,0
56250,0,1249,0
56252,0,1240,0
56254,0,1235,0
56256,0,1235,0
56258,0,1240,0
56260,0,1248,0
56262,0,1258,0
56264,0,1261,0
56266,0,1262,0
56268,0,1257,0
56270,0,1248,0
56272,0,1240,0
56274,0,1234,0
56276,0,1235,0
56278,0,1242,0
56280,80349,1250,1
56282,0,1257,0
56284,0,1262,0
56286,0,1261,0
56288,0,1257,0
56290,0,1250,0
56292,0,1242,0
56294,0,1236,0
56296,0,1235,0
56298,0,1240,0
56300,0,1248,0
56302,0,1257,0
56304,0,1262,0
56306,0,1262,0
56308,0,1258,0
56310,0,1250,0
56312,0,1240,0
56314,0,1235,0
56316,0,1234,0
56318,0,1240,0
56320,80685,1249,1
56322,0,1256,0
56324,0,1261,0
56326,0,1262,0
56328,0,1257,0
56330,0,1247,0
56332,0,1240,0
56334,0,1236,0
56336,0,1235,0
56338,0,1241,0
56340,0,1250,0
56342,0,1257,0
56344,0,1262,0
56346,0,1263,0
56348,0,1257,0
56350,0,1248,0
56352,0,1242,0
56354,0,1235,0
56356,0,1237,0
56358,0,1242,0
56360,80911,1249,1
56362,0,1257,0
56364,0,1262,0
56366,0,1263,0
56368,0,1256,0
56370,0,1249,0
56372,0,1242,0
56374,0,1236,0
56376,0,1236,0
56378,0,1241,0
56380,0,1250,0
56382,0,1257,0
56384,0,1262,0
56386,0,1262,0
56388,0,1256,0
56390,0,1248,0
56392,0,1240,0
56394,0,1235,0
56396,0,1237,0
56398,0,1242,0
56400,81109,1248,1
56402,0,1258,0
56404,0,1262,0
56406,0,1261,0
56408,0,1257,0
56410,0,1247,0
56412,0,1242,0
56414,0,1234,0
56416,0,1235,0
56418,0,1242,0
56420,0,1250,0
56422,0,1258,0
56424,0,1261,0
56426,0,1261,0
56428,0,1256,0
56430,0,1249,0
56432,0,1242,0
56434,0,1234,0
56436,0,1236,0
56438,0,1239,0
56440,81052,1248,1
56442,0,1258,0
56444,0,1262,0
56446,0,1263,0
56448,0,1258,0
56450,0,1249,0
56452,0,1241,0
56454,0,1236,0
56456,0,1236,0
56458,0,1240,0
56460,0,1247,0
56462,0,1256,0
56464,0,1263,0
56466,0,1263,0
56468,0,1258,0
56470,0,1249,0
56472,0,1240,0
56474,0,1236,0
56476,0,1237,0
56478,0,1241,0
56480,80938,1250,1
56482,0,1256,0
56484,0,1262,0
56486,0,1262,0
56488,0,1257,0
56490,0,1247,0
56492,0,1240,0
56494,0,1237,0
56496,0,1235,0
56498,0,1239,0
56500,0,1247,0
56502,0,1258,0
56504,0,1261,0
56506,0,1263,0
56508,0,1256,0
56510,0,1247,0
56512,0,1240,0
56514,0,1235,0
56516,0,1235,0
56518,0,1242,0
56520,80649,1250,1
56522,0,1257,0
56524,0,1262,0
56526,0,1261,0
56528,0,1257,0
56530,0,1249,0
56532,0,1241,0
56534,0,1236,0
56536,0,1236,0
56538,0,1242,0
56540,0,1247,0
56542,0,1258,0
56544,0,1262,0
56546,0,1261,0
56548,0,1256,0
56550,0,1249,0
56552,0,1241,0
56554,0,1235,0
56556,0,1234,0
56558,0,1239,0
56560,80528,1249,1
56562,0,1258,0
56564,0,1261,0
56566,0,1263,0
56568,0,1256,0
56570,0,1249,0
56572,0,1240,0
56574,0,1234,0
56576,0,1236,0
56578,0,1241,0
56580,0,1248,0
56582,0,1256,0
56584,0,1261,0
56586,0,1261,0
56588,0,1256,0
56590,0,1250,0
56592,0,1242,0
56594,0,1236,0
56596,0,1237,0
56598,0,1241,0
56600,80303,1247,1
56602,0,1256,0
56604,0,1263,0
56606,0,1262,0
56608,0,1256,0
56610,0,1250,0
56612,0,1241,0
56614,0,1235,0
56616,0,1236,0
56618,0,1240,0
56620,0,1247,0
56622,0,1256,0
56624,0,1262,0
56626,0,1263,0
56628,0,1257,0
56630,0,1249,0
56632,0,1240,0
56634,0,1235,0
56636,0,1235,0
56638,0,1241,0
56640,80095,1248,1
56642,0,1258,0
56644,0,1262,0
56646,0,1261,0
56648,0,1258,0
56650,0,1247,0
56652,0,1240,0
56654,0,1234,0
56656,0,1235,0
56658,0,1241,0
56660,0,1249,0
56662,0,1257,0
56664,0,1262,0
56666,0,1262,0
56668,0,1258,0
56670,0,1250,0
56672,0,1240,0
56674,0,1235,0
56676,0,1236,0
56678,0,1239,0
56680,80036,1248,1
56682,0,1258,0
56684,0,1261,0
56686,0,1262,0
56688,0,1255,0
56690,0,1249,0
56692,0,1239,0
56694,0,1235,0
56696,0,1235,0
56698,0,1239,0
56700,0,1250,0
56702,0,1256,0
56704,0,1262,0
56706,0,1261,0
56708,0,1257,0
56710,0,1249,0
56712,0,1241,0
56714,0,1235,0
56716,0,1236,0
56718,0,1240,0
56720,80053,1250,1
56722,0,1256,0
56724,0,1263,0
56726,0,1261,0
56728,0,1258,0
56730,0,1250,0
56732,0,1239,0
56734,0,1235,0
56736,0,1236,0
56738,0,1241,0
56740,0,1249,0
56742,0,1256,0
56744,0,1263,0
56746,0,1261,0
56748,0,1256,0
56750,0,1250,0
56752,0,1242,0
56754,0,1235,0
56756,0,1234,0
56758,0,1240,0
56760,79973,1248,1
56762,0,1258,0
56764,0,1261,0
56766,0,1263,0
56768,0,1256,0
56770,0,1248,0
56772,0,1239,0
56774,0,1234,0
56776,0,1234,0
56778,0,1240,0
56780,0,1248,0
56782,0,1257,0
56784,0,1263,0
56786,0,1262,0
56788,0,1256,0
56790,0,1247,0
56792,0,1241,0
56794,0,1235,0
56796,0,1235,0
56798,0,1240,0
56800,79831,1249,1
56802,0,1258,0
56804,0,1263,0
56806,0,1261,0
56808,0,1257,0
56810,0,1250,0
56812,0,1241,0
56814,0,1236,0
56816,0,1235,0
56818,0,1239,0
56820,0,1247,0
56822,0,1257,0
56824,0,1261,0
56826,0,1261,0
56828,0,1256,0
56830,0,1248,0
56832,0,1240,0
56834,0,1235,0
56836,0,1235,0
56838,0,1239,0
56840,79677,1247,1
56842,0,1256,0
56844,0,1261,0
56846,0,1261,0
56848,0,1257,0
56850,0,1249,0
56852,0,1241,0
56854,0,1235,0
56856,0,1236,0
56858,0,1240,0
56860,0,1248,0
56862,0,1257,0
56864,0,1262,0
56866,0,1260,0
56868,0,1257,0
56870,0,1249,0
56872,0,1241,0
56874,0,1234,0
56876,0,1236,0
56878,0,1240,0
56880,79520,1248,1
56882,0,1257,0
56884,0,1261,0
56886,0,1260,0
56888,0,1257,0
56890,0,1249,0
56892,0,1239,0
56894,0,1234,0
56896,0,1236,0
56898,0,1240,0
56900,0,1247,0
56902,0,1256,0
56904,0,1263,0
56906,0,1261,0
56908,0,1255,0
56910,0,1249,0
56912,0,1241,0
56914,0,1234,0
56916,0,1235,0
56918,0,1239,0
56920,79259,1250,1
56922,0,1257,0
56924,0,1262,0
56926,0,1261,0
56928,0,1256,0
56930,0,1247,0
56932,0,1240,0
56934,0,1236,0
56936,0,1236,0
56938,0,1240,0
56940,0,1249,0
56942,0,1255,0
56944,0,1261,0
56946,0,1261,0
56948,0,1257,0
56950,0,1250,0
56952,0,1239,0
56954,0,1234,0
56956,0,1234,0
56958,0,1239,0
56960,79049,1249,1
56962,0,1257,0
56964,0,1261,0
56966,0,1261,0
56968,0,1258,0
56970,0,1247,0
56972,0,1239,0
56974,0,1235,0
56976,0,1235,0
56978,0,1239,0
56980,0,1247,0
56982,0,1257,0
56984,0,1261,0
56986,0,1263,0
56988,0,1255,0
56990,0,1249,0
56992,0,1240,0
56994,0,1235,0
56996,0,1234,0
56998,0,1238,0
57000,78894,1247,1
57002,0,1258,0
57004,0,1263,0
57006,0,1262,0
57008,0,1256,0
57010,0,1248,0
57012,0,1241,0
57014,0,1234,0
57016,0,1234,0
57018,0,1239,0
57020,0,1249,0
57022,0,1258,0
57024,0,1263,0
57026,0,1262,0
57028,0,1258,0
57030,0,1247,0
57032,0,1239,0
57034,0,1236,0
57036,0,1234,0
57038,0,1240,0
57040,78964,1249,1
57042,0,1256,0
57044,0,1263,0
57046,0,1262,0
57048,0,1257,0
57050,0,1249,0
57052,0,1241,0
57054,0,1235,0
57056,0,1234,0
57058,0,1241,0
57060,0,1247,0
57062,0,1257,0
57064,0,1262,0
57066,0,1261,0
57068,0,1257,0
57070,0,1249,0
57072,0,1241,0
57074,0,1236,0
57076,0,1235,0
57078,0,1239,0
57080,79089,1249,1
57082,0,1257,0
57084,0,1261,0
57086,0,1261,0
57088,0,1256,0
57090,0,1249,0
57092,0,1239,0
57094,0,1234,0
57096,0,1236,0
57098,0,1240,0
57100,0,1247,0
57102,0,1257,0
57104,0,1261,0
57106,0,1260,0
57108,0,1257,0
57110,0,1248,0
57112,0,1241,0
57114,0,1234,0
57116,0,1235,0
57118,0,1239,0
57120,79332,1249,1
57122,0,1256,0
57124,0,1260,0
57126,0,1262,0
57128,0,1256,0
57130,0,1248,0
57132,0,1239,0
57134,0,1235,0
57136,0,1234,0
57138,0,1241,0
57140,0,1248,0
57142,0,1257,0
57144,0,1262,0
57146,0,1261,0
57148,0,1258,0
57150,0,1248,0
57152,0,1240,0
57154,0,1234,0
57156,0,1235,0
57158,0,1240,0
57160,79646,1247,1
57162,0,1257,0
57164,0,1261,0
57166,0,1261,0
57168,0,1256,0
57170,0,1248,0
57172,0,1239,0
57174,0,1234,0
57176,0,1233,0
57178,0,1240,0
57180,0,1248,0
57182,0,1257,0
57184,0,1260,0
57186,0,1260,0
57188,0,1256,0
57190,0,1247,0
57192,0,1240,0
57194,0,1236,0
57196,0,1236,0
57198,0,1239,0
57200,80131,1248,1
57202,0,1258,0
57204,0,1262,0
57206,0,1262,0
57208,0,1256,0
57210,0,1248,0
57212,0,1240,0
57214,0,1235,0
57216,0,1233,0
57218,0,1239,0
57220,0,1247,0
57222,0,1258,0
57224,0,1263,0
57226,0,1263,0
57228,0,1256,0
57230,0,1247,0
57232,0,1241,0
57234,0,1236,0
57236,0,1235,0
57238,0,1239,0
57240,80571,1248,1
57242,0,1255,0
57244,0,1261,0
57246,0,1260,0
57248,0,1257,0
57250,0,1249,0
57252,0,1239,0
57254,0,1234,0
57256,0,1234,0
57258,0,1239,0
57260,0,1247,0
57262,0,1256,0
57264,0,1260,0
57266,0,1262,0
57268,0,1257,0
57270,0,1247,0
57272,0,1240,0
57274,0,1235,0
57276,0,1235,0
57278,0,1238,0
57280,80816,1248,1
57282,0,1257,0
57284,0,1261,0
57286,0,1262,0
57288,0,1257,0
57290,0,1248,0
57292,0,1241,0
57294,0,1235,0
57296,0,1235,0
57298,0,1239,0
57300,0,1249,0
57302,0,1255,0
57304,0,1262,0
57306,0,1260,0
57308,0,1256,0
57310,0,1249,0
57312,0,1240,0
57314,0,1236,0
57316,0,1234,0
57318,0,1239,0
57320,81066,1248,1
57322,0,1255,0
57324,0,1262,0
57326,0,1262,0
57328,0,1255,0
57330,0,1248,0
57332,0,1238,0
57334,0,1234,0
57336,0,1235,0
57338,0,1241,0
57340,0,1248,0
57342,0,1258,0
57344,0,1262,0
57346,0,1261,0
57348,0,1255,0
57350,0,1247,0
57352,0,1239,0
57354,0,1235,0
57356,0,1234,0
57358,0,1241,0
57360,81062,1247,1
57362,0,1256,0
57364,0,1262,0
57366,0,1260,0
57368,0,1257,0
57370,0,1247,0
57372,0,1241,0
57374,0,1235,0
57376,0,1234,0
57378,0,1239,0
57380,0,1247,0
57382,0,1257,0
57384,0,1261,0
57386,0,1261,0
57388,0,1257,0
57390,0,1248,0
57392,0,1240,0
57394,0,1234,0
57396,0,1235,0
57398,0,1240,0
57400,80959,1249,1
57402,0,1257,0
57404,0,1261,0
57406,0,1261,0
57408,0,1255,0
57410,0,1248,0
57412,0,1239,0
57414,0,1235,0
57416,0,1236,0
57418,0,1239,0
57420,0,1249,0
57422,0,1256,0
57424,0,1262,0
57426,0,1262,0
57428,0,1257,0
57430,0,1249,0
57432,0,1240,0
57434,0,1235,0
57436,0,1236,0
57438,0,1240,0
57440,80862,1248,1
57442,0,1257,0
57444,0,1261,0
57446,0,1261,0
57448,0,1255,0
57450,0,1249,0
57452,0,1240,0
57454,0,1235,0
57456,0,1235,0
57458,0,1238,0
57460,0,1249,0
57462,0,1257,0
57464,0,1262,0
57466,0,1262,0
57468,0,1255,0
57470,0,1248,0
57472,0,1240,0
57474,0,1236,0
57476,0,1235,0
57478,0,1239,0
57480,80526,1248,1
57482,0,1257,0
57484,0,1261,0
57486,0,1263,0
57488,0,1255,0
57490,0,1246,0
57492,0,1240,0
57494,0,1236,0
57496,0,1234,0
57498,0,1239,0
57500,0,1249,0
57502,0,1256,0
57504,0,1260,0
57506,0,1261,0
57508,0,1256,0
57510,0,1247,0
57512,0,1239,0
57514,0,1236,0
57516,0,1234,0
57518,0,1240,0
57520,80316,1248,1
57522,0,1255,0
57524,0,1262,0
57526,0,1260,0
57528,0,1256,0
57530,0,1246,0
57532,0,1239,0
57534,0,1235,0
57536,0,1233,0
57538,0,1241,0
57540,0,1248,0
57542,0,1256,0
57544,0,1261,0
57546,0,1262,0
57548,0,1256,0
57550,0,1248,0
57552,0,1240,0
57554,0,1235,0
57556,0,1233,0
57558,0,1240,0
57560,80160,1248,1
57562,0,1256,0
57564,0,1261,0
57566,0,1262,0
57568,0,1257,0
57570,0,1248,0
57572,0,1241,0
57574,0,1234,0
57576,0,1234,0
57578,0,1240,0
57580,0,1248,0
57582,0,1255,0
57584,0,1262,0
57586,0,1261,0
57588,0,1255,0
57590,0,1248,0
57592,0,1239,0
57594,0,1236,0
57596,0,1233,0
57598,0,1240,0
57600,80091,1248,1
57602,0,1257,0
57604,0,1262,0
57606,0,1260,0
57608,0,1257,0
57610,0,1248,0
57612,0,1238,0
57614,0,1235,0
57616,0,1234,0
57618,0,1238,0
57620,0,1247,0
57622,0,1255,0
57624,0,1260,0
57626,0,1262,0
57628,0,1256,0
57630,0,1246,0
57632,0,1239,0
57634,0,1235,0
57636,0,1234,0
57638,0,1239,0
57640,80074,1246,1
57642,0,1255,0
57644,0,1261,0
57646,0,1262,0
57648,0,1257,0
57650,0,1247,0
57652,0,1239,0
57654,0,1233,0
57656,0,1234,0
57658,0,1239,0
57660,0,1248,0
57662,0,1255,0
57664,0,1262,0
57666,0,1262,0
57668,0,1257,0
57670,0,1246,0
57672,0,1240,0
57674,0,1233,0
57676,0,1234,0
57678,0,1240,0
57680,80019,1248,1
57682,0,1256,0
57684,0,1260,0
57686,0,1262,0
57688,0,1257,0
57690,0,1247,0
57692,0,1239,0
57694,0,1235,0
57696,0,1235,0
57698,0,1239,0
57700,0,1247,0
57702,0,1257,0
57704,0,1261,0
57706,0,1261,0
57708,0,1255,0
57710,0,1248,0
57712,0,1239,0
57714,0,1235,0
57716,0,1233,0
57718,0,1239,0
57720,79917,1248,1
57722,0,1256,0
57724,0,1261,0
57726,0,1262,0
57728,0,1256,0
57730,0,1246,0
57732,0,1238,0
57734,0,1236,0
57736,0,1233,0
57738,0,1240,0
57740,0,1246,0
57742,0,1255,0
57744,0,1260,0
57746,0,1262,0
57748,0,1256,0
57750,0,1247,0
57752,0,1238,0
57754,0,1234,0
57756,0,1234,0
57758,0,1240,0
57760,79800,1246,1
57762,0,1257,0
57764,0,1262,0
57766,0,1260,0
57768,0,1255,0
57770,0,1247,0
57772,0,1238,0
57774,0,1233,0
57776,0,1233,0
57778,0,1239,0
57780,0,1247,0
57782,0,1257,0
57784,0,1260,0
57786,0,1261,0
57788,0,1254,0
57790,0,1247,0
57792,0,1240,0
57794,0,1234,0
57796,0,1235,0
57798,0,1239,0
57800,79649,1248,1
57802,0,1255,0
57804,0,1262,0
57806,0,1260,0
57808,0,1255,0
57810,0,1248,0
57812,0,1238,0
57814,0,1234,0
57816,0,1235,0
57818,0,1238,0
57820,0,1246,0
57822,0,1256,0
57824,0,1260,0
57826,0,1261,0
57828,0,1255,0
57830,0,1247,0
57832,0,1239,0
57834,0,1235,0
57836,0,1234,0
57838,0,1240,0
57840,79383,1246,1
57842,0,1256,0
57844,0,1260,0
57846,0,1259,0
57848,0,1256,0
57850,0,1247,0
57852,0,1239,0
57854,0,1233,0
57856,0,1235,0
57858,0,1239,0
57860,0,1247,0
57862,0,1257,0
57864,0,1260,0
57866,0,1262,0
57868,0,1257,0
57870,0,1247,0
57872,0,1241,0
57874,0,1233,0
57876,0,1235,0
57878,0,1239,0
57880,79199,1247,1
57882,0,1256,0
57884,0,1259,0
57886,0,1259,0
57888,0,1255,0
57890,0,1247,0
57892,0,1240,0
57894,0,1234,0
57896,0,1234,0
57898,0,1238,0
57900,0,1247,0
57902,0,1257,0
57904,0,1261,0
57906,0,1261,0
57908,0,1257,0
57910,0,1249,0
57912,0,1239,0
57914,0,1235,0
57916,0,1234,0
57918,0,1238,0
57920,78969,1247,1
57922,0,1255,0
57924,0,1261,0
57926,0,1260,0
57928,0,1254,0
57930,0,1249,0
57932,0,1240,0
57934,0,1235,0
57936,0,1235,0
57938,0,1239,0
57940,0,1247,0
57942,0,1254,0
57944,0,1261,0
57946,0,1260,0
57948,0,1255,0
57950,0,1248,0
57952,0,1238,0
57954,0,1235,0
57956,0,1234,0
57958,0,1239,0
57960,78852,1249,1
57962,0,1256,0
57964,0,1261,0
57966,0,1262,0
57968,0,1256,0
57970,0,1247,0
57972,0,1239,0
57974,0,1234,0
57976,0,1234,0
57978,0,1239,0
57980,0,1247,0
57982,0,1255,0
57984,0,1262,0
57986,0,1262,0
57988,0,1254,0
57990,0,1246,0
57992,0,1239,0
57994,0,1235,0
57996,0,1233,0
57998,0,1240,0
58000,79005,1248,1
58002,0,1255,0
58004,0,1262,0
58006,0,1260,0
58008,0,1256,0
58010,0,1248,0
58012,0,1240,0
58014,0,1235,0
58016,0,1234,0
58018,0,1239,0
58020,0,1248,0
58022,0,1255,0
58024,0,1261,0
58026,0,1260,0
58028,0,1254,0
58030,0,1246,0
58032,0,1239,0
58034,0,1235,0
58036,0,1234,0
58038,0,1238,0
58040,79141,1248,1
58042,0,1256,0
58044,0,1261,0
58046,0,1262,0
58048,0,1254,0
58050,0,1248,0
58052,0,1240,0
58054,0,1235,0
58056,0,1234,0
58058,0,1238,0
58060,0,1246,0
58062,0,1256,0
58064,0,1259,0
58066,0,1261,0
58068,0,1257,0
58070,0,1246,0
58072,0,1240,0
58074,0,1233,0
58076,0,1233,0
58078,0,1238,0
58080,79487,1247,1
58082,0,1256,0
58084,0,1259,0
58086,0,1261,0
58088,0,1256,0
58090,0,1248,0
58092,0,1239,0
58094,0,1233,0
58096,0,1233,0
58098,0,1239,0
58100,0,1248,0
58102,0,1256,0
58104,0,1261,0
58106,0,1259,0
58108,0,1255,0
58110,0,1246,0
58112,0,1238,0
58114,0,1235,0
58116,0,1233,0
58118,0,1240,0
58120,79924,1247,1
58122,0,1255,0
58124,0,1262,0
58126,0,1259,0
58128,0,1256,0
58130,0,1247,0
58132,0,1239,0
58134,0,1234,0
58136,0,1235,0
58138,0,1240,0
58140,0,1247,0
58142,0,1255,0
58144,0,1261,0
58146,0,1259,0
58148,0,1257,0
58150,0,1247,0
58152,0,1239,0
58154,0,1234,0
58156,0,1233,0
58158,0,1239,0
58160,80394,1248,1
58162,0,1255,0
58164,0,1260,0
58166,0,1259,0
58168,0,1254,0
58170,0,1249,0
58172,0,1238,0
58174,0,1232,0
58176,0,1234,0
58178,0,1238,0
58180,0,1247,0
58182,0,1257,0
58184,0,1262,0
58186,0,1261,0
58188,0,1255,0
58190,0,1247,0
58192,0,1238,0
58194,0,1235,0
58196,0,1233,0
58198,0,1240,0
58200,80761,1247,1
58202,0,1254,0
58204,0,1261,0
58206,0,1259,0
58208,0,1256,0
58210,0,1248,0
58212,0,1237,0
58214,0,1233,0
58216,0,1234,0
58218,0,1239,0
58220,0,1247,0
58222,0,1255,0
58224,0,1260,0
58226,0,1261,0
58228,0,1255,0
58230,0,1247,0
58232,0,1240,0
58234,0,1234,0
58236,0,1234,0
58238,0,1240,0
58240,80942,1248,1
58242,0,1254,0
58244,0,1262,0
58246,0,1260,0
58248,0,1256,0
58250,0,1248,0
58252,0,1239,0
58254,0,1235,0
58256,0,1233,0
58258,0,1240,0
58260,0,1246,0
58262,0,1256,0
58264,0,1260,0
58266,0,1260,0
58268,0,1255,0
58270,0,1248,0
58272,0,1238,0
58274,0,1233,0
58276,0,1235,0
58278,0,1240,0
58280,81065,1246,1
58282,0,1254,0
58284,0,1261,0
58286,0,1260,0
58288,0,1256,0
58290,0,1247,0
58292,0,1238,0
58294,0,1233,0
58296,0,1234,0
58298,0,1240,0
58300,0,1246,0
58302,0,1256,0
58304,0,1259,0
58306,0,1262,0
58308,0,1256,0
58310,0,1248,0
58312,0,1239,0
58314,0,1234,0
58316,0,1235,0
58318,0,1240,0
58320,81029,1246,1
58322,0,1254,0
58324,0,1260,0
58326,0,1261,0
58328,0,1256,0
58330,0,1247,0
58332,0,1238,0
58334,0,1233,0
58336,0,1233,0
58338,0,1240,0
58340,0,1247,0
58342,0,1255,0
58344,0,1262,0
58346,0,1259,0
58348,0,1254,0
58350,0,1247,0
58352,0,1239,0
58354,0,1235,0
58356,0,1234,0
58358,0,1238,0
58360,80890,1247,1
58362,0,1255,0
58364,0,1260,0
58366,0,1261,0
58368,0,1256,0
58370,0,1246,0
58372,0,1238,0
58374,0,1235,0
58376,0,1235,0
58378,0,1239,0
58380,0,1246,0
58382,0,1257,0
58384,0,1261,0
58386,0,1260,0
58388,0,1256,0
58390,0,1246,0
58392,0,1240,0
58394,0,1234,0
58396,0,1234,0
58398,0,1238,0
58400,80625,1245,1
58402,0,1256,0
58404,0,1259,0
58406,0,1260,0
58408,0,1256,0
58410,0,1246,0
58412,0,1239,0
58414,0,1233,0
58416,0,1234,0
58418,0,1239,0
58420,0,1246,0
58422,0,1255,0
58424,0,1261,0
58426,0,1261,0
58428,0,1254,0
58430,0,1247,0
58432,0,1237,0
58434,0,1232,0
58436,0,1232,0
58438,0,1239,0
58440,80493,1246,1
58442,0,1256,0
58444,0,1260,0
58446,0,1260,0
58448,0,1254,0
58450,0,1246,0
58452,0,1237,0
58454,0,1235,0
58456,0,1233,0
58458,0,1238,0
58460,0,1248,0
58462,0,1256,0
58464,0,1260,0
58466,0,1262,0
58468,0,1256,0
58470,0,1246,0
58472,0,1240,0
58474,0,1234,0
58476,0,1234,0
58478,0,1238,0
58480,80294,1248,1
58482,0,1255,0
58484,0,1261,0
58486,0,1262,0
58488,0,1254,0
58490,0,1247,0
58492,0,1238,0
58494,0,1233,0
58496,0,1232,0
58498,0,1240,0
58500,0,1246,0
58502,0,1255,0
58504,0,1261,0
58506,0,1259,0
58508,0,1255,0
58510,0,1248,0
58512,0,1239,0
58514,0,1234,0
58516,0,1232,0
58518,0,1239,0
58520,80099,1245,1
58522,0,1254,0
58524,0,1261,0
58526,0,1259,0
58528,0,1254,0
58530,0,1247,0
58532,0,1239,0
58534,0,1234,0
58536,0,1232,0
58538,0,1239,0
58540,0,1248,0
58542,0,1256,0
58544,0,1259,0
58546,0,1261,0
58548,0,1254,0
58550,0,1248,0
58552,0,1239,0
58554,0,1232,0
58556,0,1234,0
58558,0,1238,0
58560,80032,1248,1
58562,0,1254,0
58564,0,1259,0
58566,0,1260,0
58568,0,1255,0
58570,0,1246,0
58572,0,1240,0
58574,0,1234,0
58576,0,1233,0
58578,0,1239,0
58580,0,1246,0
58582,0,1255,0
58584,0,1259,0
58586,0,1261,0
58588,0,1254,0
58590,0,1245,0
58592,0,1237,0
58594,0,1233,0
58596,0,1235,0
58598,0,1238,0
58600,80023,1247,1
58602,0,1255,0
58604,0,1259,0
58606,0,1259,0
58608,0,1254,0
58610,0,1247,0
58612,0,1237,0
58614,0,1234,0
58616,0,1234,0
58618,0,1238,0
58620,0,1247,0
58622,0,1254,0
58624,0,1261,0
58626,0,1261,0
58628,0,1254,0
58630,0,1247,0
58632,0,1239,0
58634,0,1235,0
58636,0,1233,0
58638,0,1238,0
58640,79982,1247,1
58642,0,1255,0
58644,0,1261,0
58646,0,1260,0
58648,0,1254,0
58650,0,1248,0
58652,0,1240,0
58654,0,1232,0
58656,0,1233,0
58658,0,1238,0
58660,0,1245,0
58662,0,1254,0
58664,0,1260,0
58666,0,1261,0
58668,0,1254,0
58670,0,1246,0
58672,0,1240,0
58674,0,1233,0
58676,0,1234,0
58678,0,1238,0
58680,79890,1246,1
58682,0,1254,0
58684,0,1260,0
58686,0,1261,0
58688,0,1256,0
58690,0,1246,0
58692,0,1240,0
58694,0,1234,0
58696,0,1234,0
58698,0,1240,0
58700,0,1246,0
58702,0,1256,0
58704,0,1261,0
58706,0,1259,0
58708,0,1256,0
58710,0,1248,0
58712,0,1239,0
58714,0,1233,0
58716,0,1232,0
58718,0,1239,0
58720,79624,1248,1
58722,0,1254,0
58724,0,1261,0
58726,0,1260,0
58728,0,1255,0
58730,0,1247,0
58732,0,1237,0
58734,0,1232,0
58736,0,1232,0
58738,0,1238,0
58740,0,1248,0
58742,0,1254,0
58744,0,1261,0
58746,0,1260,0
58748,0,1256,0
58750,0,1246,0
58752,0,1238,0
58754,0,1232,0
58756,0,1232,0
58758,0,1238,0
58760,79423,1246,1
58762,0,1254,0
58764,0,1261,0
58766,0,1259,0
58768,0,1254,0
58770,0,1246,0
58772,0,1240,0
58774,0,1232,0
58776,0,1234,0
58778,0,1237,0
58780,0,1247,0
58782,0,1255,0
58784,0,1261,0
58786,0,1260,0
58788,0,1254,0
58790,0,1245,0
58792,0,1240,0
58794,0,1233,0
58796,0,1234,0
58798,0,1239,0
58800,79197,1246,1
58802,0,1256,0
58804,0,1260,0
58806,0,1260,0
58808,0,1254,0
58810,0,1248,0
58812,0,1239,0
58814,0,1234,0
58816,0,1234,0
58818,0,1238,0
58820,0,1246,0
58822,0,1256,0
58824,0,1259,0
58826,0,1259,0
58828,0,1256,0
58830,0,1248,0
58832,0,1238,0
58834,0,1234,0
58836,0,1234,0
58838,0,1238,0
58840,79062,1247,1
58842,0,1256,0
58844,0,1259,0
58846,0,1260,0
58848,0,1254,0
58850,0,1246,0
58852,0,1239,0
58854,0,1235,0
58856,0,1234,0
58858,0,1238,0
58860,0,1246,0
58862,0,1254,0
58864,0,1259,0
58866,0,1259,0
58868,0,1255,0
58870,0,1248,0
58872,0,1238,0
58874,0,1233,0
58876,0,1233,0
58878,0,1238,0
58880,78921,1247,1
58882,0,1255,0
58884,0,1260,0
58886,0,1260,0
58888,0,1254,0
58890,0,1246,0
58892,0,1239,0
58894,0,1234,0
58896,0,1233,0
58898,0,1238,0
58900,0,1245,0
58902,0,1255,0
58904,0,1260,0
58906,0,1260,0
58908,0,1254,0
58910,0,1246,0
58912,0,1239,0
58914,0,1233,0
58916,0,1233,0
58918,0,1239,0
58920,78940,1246,1
58922,0,1255,0
58924,0,1260,0
58926,0,1259,0
58928,0,1255,0
58930,0,1246,0
58932,0,1238,0
58934,0,1233,0
58936,0,1232,0
58938,0,1237,0
58940,0,1247,0
58942,0,1255,0
58944,0,1259,0
58946,0,1259,0
58948,0,1255,0
58950,0,1245,0
58952,0,1237,0
58954,0,1234,0
58956,0,1232,0
58958,0,1238,0
58960,79134,1245,1
58962,0,1254,0
58964,0,1260,0
58966,0,1260,0
58968,0,1255,0
58970,0,1248,0
58972,0,1239,0
58974,0,1234,0
58976,0,1232,0
58978,0,1238,0
58980,0,1248,0
58982,0,1254,0
58984,0,1261,0
58986,0,1260,0
58988,0,1256,0
58990,0,1247,0
58992,0,1239,0
58994,0,1232,0
58996,0,1233,0
58998,0,1238,0
59000,79391,1247,1
59002,0,1254,0
59004,0,1261,0
59006,0,1260,0
59008,0,1254,0
59010,0,1246,0
59012,0,1239,0
59014,0,1234,0
59016,0,1234,0
59018,0,1239,0
59020,0,1245,0
59022,0,1255,0
59024,0,1259,0
59026,0,1261,0
59028,0,1255,0
59030,0,1246,0
59032,0,1237,0
59034,0,1234,0
59036,0,1232,0
59038,0,1238,0
59040,79806,1246,1
59042,0,1255,0
59044,0,1259,0
59046,0,1261,0
59048,0,1254,0
59050,0,1245,0
59052,0,1238,0
59054,0,1234,0
59056,0,1233,0
59058,0,1237,0
59060,0,1246,0
59062,0,1255,0
59064,0,1258,0
59066,0,1261,0
59068,0,1254,0
59070,0,1245,0
59072,0,1238,0
59074,0,1234,0
59076,0,1233,0
59078,0,1240,0
59080,80240,1247,1
59082,0,1255,0
59084,0,1260,0
59086,0,1261,0
59088,0,1254,0
59090,0,1245,0
59092,0,1238,0
59094,0,1233,0
59096,0,1233,0
59098,0,1239,0
59100,0,1246,0
59102,0,1256,0
59104,0,1259,0
59106,0,1260,0
59108,0,1253,0
59110,0,1247,0
59112,0,1238,0
59114,0,1231,0
59116,0,1234,0
59118,0,1239,0
59120,80598,1245,1
59122,0,1256,0
59124,0,1261,0
59126,0,1259,0
59128,0,1253,0
59130,0,1245,0
59132,0,1238,0
59134,0,1232,0
59136,0,1234,0
59138,0,1238,0
59140,0,1247,0
59142,0,1256,0
59144,0,1260,0
59146,0,1259,0
59148,0,1254,0
59150,0,1246,0
59152,0,1238,0
59154,0,1233,0
59156,0,1234,0
59158,0,1237,0
59160,80923,1245,1
59162,0,1256,0
59164,0,1259,0
59166,0,1259,0
59168,0,1256,0
59170,0,1245,0
59172,0,1238,0
59174,0,1234,0
59176,0,1232,0
59178,0,1237,0
59180,0,1247,0
59182,0,1255,0
59184,0,1259,0
59186,0,1259,0
59188,0,1255,0
59190,0,1246,0
59192,0,1238,0
59194,0,1233,0
59196,0,1233,0
59198,0,1237,0
59200,81107,1247,1
59202,0,1256,0
59204,0,1260,0
59206,0,1260,0
59208,0,1255,0
59210,0,1245,0
59212,0,1238,0
59214,0,1232,0
59216,0,1233,0
59218,0,1238,0
59220,0,1245,0
59222,0,1254,0
59224,0,1259,0
59226,0,1259,0
59228,0,1253,0
59230,0,1245,0
59232,0,1237,0
59234,0,1234,0
59236,0,1232,0
59238,0,1239,0
59240,81141,1245,1
59242,0,1254,0
59244,0,1260,0
59246,0,1261,0
59248,0,1254,0
59250,0,1245,0
59252,0,1239,0
59254,0,1232,0
59256,0,1232,0
59258,0,1238,0
59260,0,1247,0
59262,0,1254,0
59264,0,1258,0
59266,0,1259,0
59268,0,1255,0
59270,0,1247,0
59272,0,1239,0
59274,0,1233,0
59276,0,1233,0
59278,0,1237,0
59280,81011,1245,1
59282,0,1253,0
59284,0,1258,0
59286,0,1260,0
59288,0,1255,0
59290,0,1247,0
59292,0,1237,0
59294,0,1234,0
59296,0,1233,0
59298,0,1237,0
59300,0,1245,0
59302,0,1254,0
59304,0,1260,0
59306,0,1260,0
59308,0,1255,0
59310,0,1245,0
59312,0,1239,0
59314,0,1233,0
59316,0,1233,0
59318,0,1237,0
59320,80820,1246,1
59322,0,1253,0
59324,0,1260,0
59326,0,1259,0
59328,0,1254,0
59330,0,1247,0
59332,0,1238,0
59334,0,1234,0
59336,0,1232,0
59338,0,1237,0
59340,0,1245,0
59342,0,1255,0
59344,0,1260,0
59346,0,1259,0
59348,0,1255,0
59350,0,1245,0
59352,0,1239,0
59354,0,1233,0
59356,0,1234,0
59358,0,1238,0
59360,80557,1247,1
59362,0,1255,0
59364,0,1259,0
59366,0,1259,0
59368,0,1254,0
59370,0,1247,0
59372,0,1237,0
59374,0,1233,0
59376,0,1234,0
59378,0,1238,0
59380,0,1245,0
59382,0,1253,0
59384,0,1260,0
59386,0,1260,0
59388,0,1255,0
59390,0,1245,0
59392,0,1236,0
59394,0,1234,0
59396,0,1231,0
59398,0,1239,0
59400,80334,1245,1
59402,0,1254,0
59404,0,1258,0
59406,0,1260,0
59408,0,1255,0
59410,0,1246,0
59412,0,1237,0
59414,0,1232,0
59416,0,1232,0
59418,0,1237,0
59420,0,1246,0
59422,0,1253,0
59424,0,1260,0
59426,0,1261,0
59428,0,1253,0
59430,0,1247,0
59432,0,1239,0
59434,0,1232,0
59436,0,1234,0
59438,0,1237,0
59440,80200,1246,1
59442,0,1254,0
59444,0,1258,0
59446,0,1259,0
59448,0,1255,0
59450,0,1246,0
59452,0,1239,0
59454,0,1233,0
59456,0,1233,0
59458,0,1237,0
59460,0,1246,0
59462,0,1253,0
59464,0,1261,0
59466,0,1260,0
59468,0,1255,0
59470,0,1247,0
59472,0,1238,0
59474,0,1232,0
59476,0,1234,0
59478,0,1239,0
59480,80110,1247,1
59482,0,1254,0
59484,0,1259,0
59486,0,1260,0
59488,0,1253,0
59490,0,1246,0
59492,0,1239,0
59494,0,1234,0
59496,0,1233,0
59498,0,1237,0
59500,0,1245,0
59502,0,1254,0
59504,0,1259,0
59506,0,1258,0
59508,0,1254,0
59510,0,1247,0
59512,0,1237,0
59514,0,1233,0
59516,0,1233,0
59518,0,1239,0
59520,80031,1245,1
59522,0,1255,0
59524,0,1260,0
59526,0,1260,0
59528,0,1253,0
59530,0,1247,0
59532,0,1239,0
59534,0,1232,0
59536,0,1233,0
59538,0,1238,0
59540,0,1247,0
59542,0,1253,0
59544,0,1260,0
59546,0,1260,0
59548,0,1255,0
59550,0,1246,0
59552,0,1238,0
59554,0,1231,0
59556,0,1233,0
59558,0,1236,0
59560,80016,1245,1
59562,0,1255,0
59564,0,1260,0
59566,0,1259,0
59568,0,1254,0
59570,0,1244,0
59572,0,1239,0
59574,0,1232,0
59576,0,1232,0
59578,0,1237,0
59580,0,1244,0
59582,0,1254,0
59584,0,1259,0
59586,0,1258,0
59588,0,1255,0
59590,0,1244,0
59592,0,1237,0
59594,0,1232,0
59596,0,1232,0
59598,0,1237,0
59600,79918,1247,1
59602,0,1253,0
59604,0,1260,0
59606,0,1260,0
59608,0,1254,0
59610,0,1245,0
59612,0,1238,0
59614,0,1233,0
59616,0,1233,0
59618,0,1237,0
59620,0,1246,0
59622,0,1253,0
59624,0,1258,0
59626,0,1259,0
59628,0,1254,0
59630,0,1244,0
59632,0,1239,0
59634,0,1234,0
59636,0,1231,0
59638,0,1239,0
59640,79748,1246,1
59642,0,1253,0
59644,0,1261,0
59646,0,1258,0
59648,0,1253,0
59650,0,1247,0
59652,0,1237,0
59654,0,1232,0
59656,0,1234,0
59658,0,1238,0
59660,0,1246,0
59662,0,1253,0
59664,0,1260,0
59666,0,1258,0
59668,0,1253,0
59670,0,1245,0
59672,0,1238,0
59674,0,1233,0
59676,0,1233,0
59678,0,1237,0
59680,79527,1245,1
59682,0,1253,0
59684,0,1260,0
59686,0,1258,0
59688,0,1254,0
59690,0,1246,0
59692,0,1238,0
59694,0,1234,0
59696,0,1232,0
59698,0,1237,0
59700,0,1247,0
59702,0,1254,0
59704,0,1260,0
59706,0,1259,0
59708,0,1254,0
59710,0,1246,0
59712,0,1236,0
59714,0,1233,0
59716,0,1233,0
59718,0,1237,0
59720,79367,1246,1
59722,0,1255,0
59724,0,1260,0
59726,0,1260,0
59728,0,1253,0
59730,0,1246,0
59732,0,1238,0
59734,0,1232,0
59736,0,1232,0
59738,0,1237,0
59740,0,1246,0
59742,0,1254,0
59744,0,1260,0
59746,0,1258,0
59748,0,1253,0
59750,0,1247,0
59752,0,1239,0
59754,0,1231,0
59756,0,1233,0
59758,0,1237,0
59760,79074,1247,1
59762,0,1255,0
59764,0,1259,0
59766,0,1258,0
59768,0,1253,0
59770,0,1244,0
59772,0,1239,0
59774,0,1232,0
59776,0,1232,0
59778,0,1238,0
59780,0,1245,0
59782,0,1254,0
59784,0,1259,0
59786,0,1259,0
59788,0,1253,0
59790,0,1245,0
59792,0,1238,0
59794,0,1233,0
59796,0,1233,0
59798,0,1237,0
59800,78950,1244,1
59802,0,1255,0
59804,0,1260,0
59806,0,1258,0
59808,0,1254,0
59810,0,1245,0
59812,0,1238,0
59814,0,1233,0
59816,0,1232,0
59818,0,1237,0
59820,0,1246,0
59822,0,1254,0
59824,0,1259,0
59826,0,1259,0
59828,0,1253,0
59830,0,1247,0
59832,0,1237,0
59834,0,1234,0
59836,0,1231,0
59838,0,1237,0
59840,78892,1246,1
59842,0,1254,0
59844,0,1260,0
59846,0,1258,0
59848,0,1254,0
59850,0,1245,0
59852,0,1239,0
59854,0,1232,0
59856,0,1233,0
59858,0,1237,0
59860,0,1246,0
59862,0,1254,0
59864,0,1259,0
59866,0,1260,0
59868,0,1255,0
59870,0,1247,0
59872,0,1239,0
59874,0,1233,0
59876,0,1233,0
59878,0,1238,0
59880,78934,1244,1
59882,0,1254,0
59884,0,1259,0
59886,0,1260,0
59888,0,1253,0
59890,0,1245,0
59892,0,1238,0
59894,0,1231,0
59896,0,1231,0
59898,0,1237,0
59900,0,1246,0
59902,0,1253,0
59904,0,1258,0
59906,0,1259,0
59908,0,1254,0
59910,0,1247,0
59912,0,1237,0
59914,0,1232,0
59916,0,1232,0
59918,0,1239,0
59920,79173,1247,1
59922,0,1253,0
59924,0,1259,0
59926,0,1258,0
59928,0,1253,0
59930,0,1245,0
59932,0,1237,0
59934,0,1233,0
59936,0,1231,0
59938,0,1237,0
59940,0,1246,0
59942,0,1254,0
59944,0,1259,0
59946,0,1260,0
59948,0,1253,0
59950,0,1246,0
59952,0,1238,0
59954,0,1232,0
59956,0,1233,0
59958,0,1237,0
59960,79550,1247,1
59962,0,1253,0
59964,0,1259,0
59966,0,1260,0
59968,0,1254,0
59970,0,1244,0
59972,0,1237,0
59974,0,1231,0
59976,0,1232,0
59978,0,1237,0
59980,0,1245,0
59982,0,1253,0
59984,0,1257,0
59986,0,1260,0
59988,0,1255,0
59990,0,1244,0
59992,0,1237,0
59994,0,1231,0
59996,0,1233,0
59998,0,1236,0
